  0
SECTION
  2
HEADER
  9
$ANGBASE
  50
0.0
  9
$ANGDIR
  70
1
  9
$MEASUREMENT
  70
0
  9
$INSUNITS
  70
1
  0
ENDSEC
  0
SECTION
  2
TABLES
  0
TABLE
  2
LTYPE
  70
4
  0
LTYPE
  5
40F
  2
CONTINUOUS
  70
0
  3
Solid line
  72
65
  73
0
  40
0.0
  0
LTYPE
  5
410
  2
DASHDOT
 70
0
  3
Dash Dot ____ _ ____ _
 72
65
 73
4
 40
2.0
 49
1.25
 49
-0.25
 49
0.25
 49
-0.25
  0
LTYPE
  5
411
  2
DASHED
 70
0
  3
Dashed __ __ __ __ __
 72
65
 73
2
 40
0.75
 49
0.5
 49
-0.25
  0
LTYPE
  5
43B
  2
DOTTED
 70
0
  3
Dotted .  .  .  .
 72
65
 73
2
 40
0.2
 49
0.0
 49
-0.2
  0
ENDTAB
  0
TABLE
  2
STYLE
  70
4
  0
STYLE
  2
KICAD
  70
0
  40
0
  41
1
  42
1
  50
0
  71
0
  3
isocp.shx
  0
STYLE
  2
KICADB
  70
0
  40
0
  41
1
  42
1
  50
0
  71
0
  3
isocp.shx
  0
STYLE
  2
KICADI
  70
0
  40
0
  41
1
  42
1
  50
15
  71
0
  3
isocp.shx
  0
STYLE
  2
KICADBI
  70
0
  40
0
  41
1
  42
1
  50
15
  71
0
  3
isocp.shx
  0
ENDTAB
  0
TABLE
  2
LAYER
  70
1
  0
LAYER
  2
BLACK
  70
0
  62
250
  6
CONTINUOUS
  0
ENDTAB
  0
ENDSEC
  0
SECTION
  2
ENTITIES
0
LINE
8
BLACK
6
CONTINUOUS
10
9.4856805118110241
20
-6.320592913385827
11
9.4928109055118099
21
-6.3235464173228344
0
LINE
8
BLACK
6
CONTINUOUS
10
9.4928109055118099
20
-6.3235464173228344
11
9.4992280708661418
21
-6.327834251968504
0
LINE
8
BLACK
6
CONTINUOUS
10
9.4992280708661418
20
-6.327834251968504
11
9.5046854330708666
21
-6.3332916141732278
0
LINE
8
BLACK
6
CONTINUOUS
10
9.5046854330708666
20
-6.3332916141732278
11
9.5089732677165344
21
-6.3397087795275588
0
LINE
8
BLACK
6
CONTINUOUS
10
9.5089732677165344
20
-6.3397087795275588
11
9.5119267716535436
21
-6.3468391732283465
0
LINE
8
BLACK
6
CONTINUOUS
10
9.5119267716535436
20
-6.3468391732283465
11
9.513432480314961
21
-6.3544087795275592
0
LINE
8
BLACK
6
CONTINUOUS
10
9.513432480314961
20
-6.3544087795275592
11
9.513432480314961
21
-6.3621266535433065
0
LINE
8
BLACK
6
CONTINUOUS
10
9.513432480314961
20
-6.3621266535433065
11
9.5119267716535436
21
-6.3696962598425193
0
LINE
8
BLACK
6
CONTINUOUS
10
9.5119267716535436
20
-6.3696962598425193
11
9.5089732677165344
21
-6.3768266535433069
0
LINE
8
BLACK
6
CONTINUOUS
10
9.5089732677165344
20
-6.3768266535433069
11
9.5046854330708666
21
-6.3832438188976379
0
LINE
8
BLACK
6
CONTINUOUS
10
9.5046854330708666
20
-6.3832438188976379
11
9.4992280708661418
21
-6.3887011811023617
0
LINE
8
BLACK
6
CONTINUOUS
10
9.4992280708661418
20
-6.3887011811023617
11
9.4928109055118099
21
-6.3929890157480314
0
LINE
8
BLACK
6
CONTINUOUS
10
9.4928109055118099
20
-6.3929890157480314
11
9.4856805118110241
21
-6.3959425196850388
0
LINE
8
BLACK
6
CONTINUOUS
10
9.4856805118110241
20
-6.3959425196850388
11
9.4781109055118105
21
-6.3974482283464562
0
LINE
8
BLACK
6
CONTINUOUS
10
9.4781109055118105
20
-6.3974482283464562
11
9.4703930314960623
21
-6.3974482283464562
0
LINE
8
BLACK
6
CONTINUOUS
10
9.4703930314960623
20
-6.3974482283464562
11
9.4628234251968504
21
-6.3959425196850388
0
LINE
8
BLACK
6
CONTINUOUS
10
9.4628234251968504
20
-6.3959425196850388
11
9.4556930314960628
21
-6.3929890157480314
0
LINE
8
BLACK
6
CONTINUOUS
10
9.4556930314960628
20
-6.3929890157480314
11
9.4492758661417326
21
-6.3887011811023617
0
LINE
8
BLACK
6
CONTINUOUS
10
9.4492758661417326
20
-6.3887011811023617
11
9.4438185039370079
21
-6.3832438188976379
0
LINE
8
BLACK
6
CONTINUOUS
10
9.4438185039370079
20
-6.3832438188976379
11
9.4395306692913383
21
-6.3768266535433069
0
LINE
8
BLACK
6
CONTINUOUS
10
9.4395306692913383
20
-6.3768266535433069
11
9.4365771653543309
21
-6.3696962598425193
0
LINE
8
BLACK
6
CONTINUOUS
10
9.4365771653543309
20
-6.3696962598425193
11
9.4350714566929135
21
-6.3621266535433065
0
LINE
8
BLACK
6
CONTINUOUS
10
9.4350714566929135
20
-6.3621266535433065
11
9.4350714566929135
21
-6.3544087795275592
0
LINE
8
BLACK
6
CONTINUOUS
10
9.4350714566929135
20
-6.3544087795275592
11
9.4365771653543309
21
-6.3468391732283465
0
LINE
8
BLACK
6
CONTINUOUS
10
9.4365771653543309
20
-6.3468391732283465
11
9.4395306692913383
21
-6.3397087795275588
0
LINE
8
BLACK
6
CONTINUOUS
10
9.4395306692913383
20
-6.3397087795275588
11
9.4438185039370079
21
-6.3332916141732278
0
LINE
8
BLACK
6
CONTINUOUS
10
9.4438185039370079
20
-6.3332916141732278
11
9.4492758661417326
21
-6.327834251968504
0
LINE
8
BLACK
6
CONTINUOUS
10
9.4492758661417326
20
-6.327834251968504
11
9.4556930314960628
21
-6.3235464173228344
0
LINE
8
BLACK
6
CONTINUOUS
10
9.4556930314960628
20
-6.3235464173228344
11
9.4628234251968504
21
-6.320592913385827
0
LINE
8
BLACK
6
CONTINUOUS
10
9.4628234251968504
20
-6.320592913385827
11
9.4703930314960623
21
-6.3190872047244095
0
LINE
8
BLACK
6
CONTINUOUS
10
9.4703930314960623
20
-6.3190872047244095
11
9.4781109055118105
21
-6.3190872047244095
0
LINE
8
BLACK
6
CONTINUOUS
10
9.4781109055118105
20
-6.3190872047244095
11
9.4856805118110241
21
-6.320592913385827
0
LINE
8
BLACK
6
CONTINUOUS
10
9.7456805118110239
20
-6.320592913385827
11
9.7528109055118115
21
-6.3235464173228344
0
LINE
8
BLACK
6
CONTINUOUS
10
9.7528109055118115
20
-6.3235464173228344
11
9.7592280708661416
21
-6.327834251968504
0
LINE
8
BLACK
6
CONTINUOUS
10
9.7592280708661416
20
-6.327834251968504
11
9.7646854330708663
21
-6.3332916141732278
0
LINE
8
BLACK
6
CONTINUOUS
10
9.7646854330708663
20
-6.3332916141732278
11
9.768973267716536
21
-6.3397087795275588
0
LINE
8
BLACK
6
CONTINUOUS
10
9.768973267716536
20
-6.3397087795275588
11
9.7719267716535434
21
-6.3468391732283465
0
LINE
8
BLACK
6
CONTINUOUS
10
9.7719267716535434
20
-6.3468391732283465
11
9.7734324803149608
21
-6.3544087795275592
0
LINE
8
BLACK
6
CONTINUOUS
10
9.7734324803149608
20
-6.3544087795275592
11
9.7734324803149608
21
-6.3621266535433065
0
LINE
8
BLACK
6
CONTINUOUS
10
9.7734324803149608
20
-6.3621266535433065
11
9.7719267716535434
21
-6.3696962598425193
0
LINE
8
BLACK
6
CONTINUOUS
10
9.7719267716535434
20
-6.3696962598425193
11
9.768973267716536
21
-6.3768266535433069
0
LINE
8
BLACK
6
CONTINUOUS
10
9.768973267716536
20
-6.3768266535433069
11
9.7646854330708663
21
-6.3832438188976379
0
LINE
8
BLACK
6
CONTINUOUS
10
9.7646854330708663
20
-6.3832438188976379
11
9.7592280708661416
21
-6.3887011811023617
0
LINE
8
BLACK
6
CONTINUOUS
10
9.7592280708661416
20
-6.3887011811023617
11
9.7528109055118115
21
-6.3929890157480314
0
LINE
8
BLACK
6
CONTINUOUS
10
9.7528109055118115
20
-6.3929890157480314
11
9.7456805118110239
21
-6.3959425196850388
0
LINE
8
BLACK
6
CONTINUOUS
10
9.7456805118110239
20
-6.3959425196850388
11
9.7381109055118102
21
-6.3974482283464562
0
LINE
8
BLACK
6
CONTINUOUS
10
9.7381109055118102
20
-6.3974482283464562
11
9.7303930314960621
21
-6.3974482283464562
0
LINE
8
BLACK
6
CONTINUOUS
10
9.7303930314960621
20
-6.3974482283464562
11
9.7228234251968502
21
-6.3959425196850388
0
LINE
8
BLACK
6
CONTINUOUS
10
9.7228234251968502
20
-6.3959425196850388
11
9.7156930314960626
21
-6.3929890157480314
0
LINE
8
BLACK
6
CONTINUOUS
10
9.7156930314960626
20
-6.3929890157480314
11
9.7092758661417324
21
-6.3887011811023617
0
LINE
8
BLACK
6
CONTINUOUS
10
9.7092758661417324
20
-6.3887011811023617
11
9.7038185039370077
21
-6.3832438188976379
0
LINE
8
BLACK
6
CONTINUOUS
10
9.7038185039370077
20
-6.3832438188976379
11
9.6995306692913381
21
-6.3768266535433069
0
LINE
8
BLACK
6
CONTINUOUS
10
9.6995306692913381
20
-6.3768266535433069
11
9.6965771653543307
21
-6.3696962598425193
0
LINE
8
BLACK
6
CONTINUOUS
10
9.6965771653543307
20
-6.3696962598425193
11
9.6950714566929133
21
-6.3621266535433065
0
LINE
8
BLACK
6
CONTINUOUS
10
9.6950714566929133
20
-6.3621266535433065
11
9.6950714566929133
21
-6.3544087795275592
0
LINE
8
BLACK
6
CONTINUOUS
10
9.6950714566929133
20
-6.3544087795275592
11
9.6965771653543307
21
-6.3468391732283465
0
LINE
8
BLACK
6
CONTINUOUS
10
9.6965771653543307
20
-6.3468391732283465
11
9.6995306692913381
21
-6.3397087795275588
0
LINE
8
BLACK
6
CONTINUOUS
10
9.6995306692913381
20
-6.3397087795275588
11
9.7038185039370077
21
-6.3332916141732278
0
LINE
8
BLACK
6
CONTINUOUS
10
9.7038185039370077
20
-6.3332916141732278
11
9.7092758661417324
21
-6.327834251968504
0
LINE
8
BLACK
6
CONTINUOUS
10
9.7092758661417324
20
-6.327834251968504
11
9.7156930314960626
21
-6.3235464173228344
0
LINE
8
BLACK
6
CONTINUOUS
10
9.7156930314960626
20
-6.3235464173228344
11
9.7228234251968502
21
-6.320592913385827
0
LINE
8
BLACK
6
CONTINUOUS
10
9.7228234251968502
20
-6.320592913385827
11
9.7303930314960621
21
-6.3190872047244095
0
LINE
8
BLACK
6
CONTINUOUS
10
9.7303930314960621
20
-6.3190872047244095
11
9.7381109055118102
21
-6.3190872047244095
0
LINE
8
BLACK
6
CONTINUOUS
10
9.7381109055118102
20
-6.3190872047244095
11
9.7456805118110239
21
-6.320592913385827
0
LINE
8
BLACK
6
CONTINUOUS
10
9.905680511811024
20
-6.3155929133858271
11
9.9128109055118117
21
-6.3185464173228345
0
LINE
8
BLACK
6
CONTINUOUS
10
9.9128109055118117
20
-6.3185464173228345
11
9.9192280708661418
21
-6.3228342519685041
0
LINE
8
BLACK
6
CONTINUOUS
10
9.9192280708661418
20
-6.3228342519685041
11
9.9246854330708665
21
-6.3282916141732279
0
LINE
8
BLACK
6
CONTINUOUS
10
9.9246854330708665
20
-6.3282916141732279
11
9.9289732677165343
21
-6.334708779527559
0
LINE
8
BLACK
6
CONTINUOUS
10
9.9289732677165343
20
-6.334708779527559
11
9.9319267716535435
21
-6.3418391732283466
0
LINE
8
BLACK
6
CONTINUOUS
10
9.9319267716535435
20
-6.3418391732283466
11
9.933432480314961
21
-6.3494087795275593
0
LINE
8
BLACK
6
CONTINUOUS
10
9.933432480314961
20
-6.3494087795275593
11
9.933432480314961
21
-6.3571266535433066
0
LINE
8
BLACK
6
CONTINUOUS
10
9.933432480314961
20
-6.3571266535433066
11
9.9319267716535435
21
-6.3646962598425194
0
LINE
8
BLACK
6
CONTINUOUS
10
9.9319267716535435
20
-6.3646962598425194
11
9.9289732677165343
21
-6.371826653543307
0
LINE
8
BLACK
6
CONTINUOUS
10
9.9289732677165343
20
-6.371826653543307
11
9.9246854330708665
21
-6.378243818897638
0
LINE
8
BLACK
6
CONTINUOUS
10
9.9246854330708665
20
-6.378243818897638
11
9.9192280708661418
21
-6.3837011811023618
0
LINE
8
BLACK
6
CONTINUOUS
10
9.9192280708661418
20
-6.3837011811023618
11
9.9128109055118117
21
-6.3879890157480315
0
LINE
8
BLACK
6
CONTINUOUS
10
9.9128109055118117
20
-6.3879890157480315
11
9.905680511811024
21
-6.3909425196850389
0
LINE
8
BLACK
6
CONTINUOUS
10
9.905680511811024
20
-6.3909425196850389
11
9.8981109055118104
21
-6.3924482283464563
0
LINE
8
BLACK
6
CONTINUOUS
10
9.8981109055118104
20
-6.3924482283464563
11
9.8903930314960622
21
-6.3924482283464563
0
LINE
8
BLACK
6
CONTINUOUS
10
9.8903930314960622
20
-6.3924482283464563
11
9.8828234251968503
21
-6.3909425196850389
0
LINE
8
BLACK
6
CONTINUOUS
10
9.8828234251968503
20
-6.3909425196850389
11
9.8756930314960627
21
-6.3879890157480315
0
LINE
8
BLACK
6
CONTINUOUS
10
9.8756930314960627
20
-6.3879890157480315
11
9.8692758661417326
21
-6.3837011811023618
0
LINE
8
BLACK
6
CONTINUOUS
10
9.8692758661417326
20
-6.3837011811023618
11
9.8638185039370079
21
-6.378243818897638
0
LINE
8
BLACK
6
CONTINUOUS
10
9.8638185039370079
20
-6.378243818897638
11
9.8595306692913383
21
-6.371826653543307
0
LINE
8
BLACK
6
CONTINUOUS
10
9.8595306692913383
20
-6.371826653543307
11
9.8565771653543308
21
-6.3646962598425194
0
LINE
8
BLACK
6
CONTINUOUS
10
9.8565771653543308
20
-6.3646962598425194
11
9.8550714566929134
21
-6.3571266535433066
0
LINE
8
BLACK
6
CONTINUOUS
10
9.8550714566929134
20
-6.3571266535433066
11
9.8550714566929134
21
-6.3494087795275593
0
LINE
8
BLACK
6
CONTINUOUS
10
9.8550714566929134
20
-6.3494087795275593
11
9.8565771653543308
21
-6.3418391732283466
0
LINE
8
BLACK
6
CONTINUOUS
10
9.8565771653543308
20
-6.3418391732283466
11
9.8595306692913383
21
-6.334708779527559
0
LINE
8
BLACK
6
CONTINUOUS
10
9.8595306692913383
20
-6.334708779527559
11
9.8638185039370079
21
-6.3282916141732279
0
LINE
8
BLACK
6
CONTINUOUS
10
9.8638185039370079
20
-6.3282916141732279
11
9.8692758661417326
21
-6.3228342519685041
0
LINE
8
BLACK
6
CONTINUOUS
10
9.8692758661417326
20
-6.3228342519685041
11
9.8756930314960627
21
-6.3185464173228345
0
LINE
8
BLACK
6
CONTINUOUS
10
9.8756930314960627
20
-6.3185464173228345
11
9.8828234251968503
21
-6.3155929133858271
0
LINE
8
BLACK
6
CONTINUOUS
10
9.8828234251968503
20
-6.3155929133858271
11
9.8903930314960622
21
-6.3140872047244097
0
LINE
8
BLACK
6
CONTINUOUS
10
9.8903930314960622
20
-6.3140872047244097
11
9.8981109055118104
21
-6.3140872047244097
0
LINE
8
BLACK
6
CONTINUOUS
10
9.8981109055118104
20
-6.3140872047244097
11
9.905680511811024
21
-6.3155929133858271
0
LINE
8
BLACK
6
CONTINUOUS
10
10.1462537401574799
20
-6.3003322834645665
11
10.1533841338582675
21
-6.3032857874015749
0
LINE
8
BLACK
6
CONTINUOUS
10
10.1533841338582675
20
-6.3032857874015749
11
10.1598012992125977
21
-6.3075736220472436
0
LINE
8
BLACK
6
CONTINUOUS
10
10.1598012992125977
20
-6.3075736220472436
11
10.1652586614173224
21
-6.3130309842519683
0
LINE
8
BLACK
6
CONTINUOUS
10
10.1652586614173224
20
-6.3130309842519683
11
10.169546496062992
21
-6.3194481496062993
0
LINE
8
BLACK
6
CONTINUOUS
10
10.169546496062992
20
-6.3194481496062993
11
10.1724999999999994
21
-6.3265785433070869
0
LINE
8
BLACK
6
CONTINUOUS
10
10.1724999999999994
20
-6.3265785433070869
11
10.1740057086614168
21
-6.3341481496062988
0
LINE
8
BLACK
6
CONTINUOUS
10
10.1740057086614168
20
-6.3341481496062988
11
10.1740057086614168
21
-6.341866023622047
0
LINE
8
BLACK
6
CONTINUOUS
10
10.1740057086614168
20
-6.341866023622047
11
10.1724999999999994
21
-6.3494356299212598
0
LINE
8
BLACK
6
CONTINUOUS
10
10.1724999999999994
20
-6.3494356299212598
11
10.169546496062992
21
-6.3565660236220474
0
LINE
8
BLACK
6
CONTINUOUS
10
10.169546496062992
20
-6.3565660236220474
11
10.1652586614173224
21
-6.3629831889763775
0
LINE
8
BLACK
6
CONTINUOUS
10
10.1652586614173224
20
-6.3629831889763775
11
10.1598012992125977
21
-6.3684405511811022
0
LINE
8
BLACK
6
CONTINUOUS
10
10.1598012992125977
20
-6.3684405511811022
11
10.1533841338582675
21
-6.3727283858267718
0
LINE
8
BLACK
6
CONTINUOUS
10
10.1533841338582675
20
-6.3727283858267718
11
10.1462537401574799
21
-6.3756818897637793
0
LINE
8
BLACK
6
CONTINUOUS
10
10.1462537401574799
20
-6.3756818897637793
11
10.1386841338582681
21
-6.3771875984251967
0
LINE
8
BLACK
6
CONTINUOUS
10
10.1386841338582681
20
-6.3771875984251967
11
10.1309662598425199
21
-6.3771875984251967
0
LINE
8
BLACK
6
CONTINUOUS
10
10.1309662598425199
20
-6.3771875984251967
11
10.1233966535433062
21
-6.3756818897637793
0
LINE
8
BLACK
6
CONTINUOUS
10
10.1233966535433062
20
-6.3756818897637793
11
10.1162662598425186
21
-6.3727283858267718
0
LINE
8
BLACK
6
CONTINUOUS
10
10.1162662598425186
20
-6.3727283858267718
11
10.1098490944881885
21
-6.3684405511811022
0
LINE
8
BLACK
6
CONTINUOUS
10
10.1098490944881885
20
-6.3684405511811022
11
10.1043917322834638
21
-6.3629831889763775
0
LINE
8
BLACK
6
CONTINUOUS
10
10.1043917322834638
20
-6.3629831889763775
11
10.1001038976377959
21
-6.3565660236220474
0
LINE
8
BLACK
6
CONTINUOUS
10
10.1001038976377959
20
-6.3565660236220474
11
10.0971503937007867
21
-6.3494356299212598
0
LINE
8
BLACK
6
CONTINUOUS
10
10.0971503937007867
20
-6.3494356299212598
11
10.0956446850393693
21
-6.341866023622047
0
LINE
8
BLACK
6
CONTINUOUS
10
10.0956446850393693
20
-6.341866023622047
11
10.0956446850393693
21
-6.3341481496062988
0
LINE
8
BLACK
6
CONTINUOUS
10
10.0956446850393693
20
-6.3341481496062988
11
10.0971503937007867
21
-6.3265785433070869
0
LINE
8
BLACK
6
CONTINUOUS
10
10.0971503937007867
20
-6.3265785433070869
11
10.1001038976377959
21
-6.3194481496062993
0
LINE
8
BLACK
6
CONTINUOUS
10
10.1001038976377959
20
-6.3194481496062993
11
10.1043917322834638
21
-6.3130309842519683
0
LINE
8
BLACK
6
CONTINUOUS
10
10.1043917322834638
20
-6.3130309842519683
11
10.1098490944881885
21
-6.3075736220472436
0
LINE
8
BLACK
6
CONTINUOUS
10
10.1098490944881885
20
-6.3075736220472436
11
10.1162662598425186
21
-6.3032857874015749
0
LINE
8
BLACK
6
CONTINUOUS
10
10.1162662598425186
20
-6.3032857874015749
11
10.1233966535433062
21
-6.3003322834645665
0
LINE
8
BLACK
6
CONTINUOUS
10
10.1233966535433062
20
-6.3003322834645665
11
10.1309662598425199
21
-6.2988265748031491
0
LINE
8
BLACK
6
CONTINUOUS
10
10.1309662598425199
20
-6.2988265748031491
11
10.1386841338582681
21
-6.2988265748031491
0
LINE
8
BLACK
6
CONTINUOUS
10
10.1386841338582681
20
-6.2988265748031491
11
10.1462537401574799
21
-6.3003322834645665
0
LINE
8
BLACK
6
CONTINUOUS
10
5.7852626377952756
20
-6.0243712598425194
11
5.788455787401575
21
-6.0265048425196852
0
LINE
8
BLACK
6
CONTINUOUS
10
5.788455787401575
20
-6.0265048425196852
11
5.7905893700787399
21
-6.0296979921259837
0
LINE
8
BLACK
6
CONTINUOUS
10
5.7905893700787399
20
-6.0296979921259837
11
5.7913385826771648
21
-6.0334645669291334
0
LINE
8
BLACK
6
CONTINUOUS
10
5.7913385826771648
20
-6.0334645669291334
11
5.7913385826771648
21
-6.068897637795275
0
LINE
8
BLACK
6
CONTINUOUS
10
5.7913385826771648
20
-6.068897637795275
11
5.7905893700787399
21
-6.0726642125984247
0
LINE
8
BLACK
6
CONTINUOUS
10
5.7905893700787399
20
-6.0726642125984247
11
5.788455787401575
21
-6.0758573622047241
0
LINE
8
BLACK
6
CONTINUOUS
10
5.788455787401575
20
-6.0758573622047241
11
5.7852626377952756
21
-6.0779909448818898
0
LINE
8
BLACK
6
CONTINUOUS
10
5.7852626377952756
20
-6.0779909448818898
11
5.7814960629921259
21
-6.0787401574803148
0
LINE
8
BLACK
6
CONTINUOUS
10
5.7814960629921259
20
-6.0787401574803148
11
5.7608267716535435
21
-6.0787401574803148
0
LINE
8
BLACK
6
CONTINUOUS
10
5.7608267716535435
20
-6.0787401574803148
11
5.7570601968503938
21
-6.0779909448818898
0
LINE
8
BLACK
6
CONTINUOUS
10
5.7570601968503938
20
-6.0779909448818898
11
5.7538670472440945
21
-6.0758573622047241
0
LINE
8
BLACK
6
CONTINUOUS
10
5.7538670472440945
20
-6.0758573622047241
11
5.7517334645669287
21
-6.0726642125984247
0
LINE
8
BLACK
6
CONTINUOUS
10
5.7517334645669287
20
-6.0726642125984247
11
5.7509842519685037
21
-6.068897637795275
0
LINE
8
BLACK
6
CONTINUOUS
10
5.7509842519685037
20
-6.068897637795275
11
5.7509842519685037
21
-6.0334645669291334
0
LINE
8
BLACK
6
CONTINUOUS
10
5.7509842519685037
20
-6.0334645669291334
11
5.7517334645669287
21
-6.0296979921259837
0
LINE
8
BLACK
6
CONTINUOUS
10
5.7517334645669287
20
-6.0296979921259837
11
5.7538670472440945
21
-6.0265048425196852
0
LINE
8
BLACK
6
CONTINUOUS
10
5.7538670472440945
20
-6.0265048425196852
11
5.7570601968503938
21
-6.0243712598425194
0
LINE
8
BLACK
6
CONTINUOUS
10
5.7570601968503938
20
-6.0243712598425194
11
5.7608267716535435
21
-6.0236220472440944
0
LINE
8
BLACK
6
CONTINUOUS
10
5.7608267716535435
20
-6.0236220472440944
11
5.7814960629921259
21
-6.0236220472440944
0
LINE
8
BLACK
6
CONTINUOUS
10
5.7814960629921259
20
-6.0236220472440944
11
5.7852626377952756
21
-6.0243712598425194
0
LINE
8
BLACK
6
CONTINUOUS
10
5.8571130314960627
20
-6.0243712598425194
11
5.860306181102362
21
-6.0265048425196852
0
LINE
8
BLACK
6
CONTINUOUS
10
5.860306181102362
20
-6.0265048425196852
11
5.8624397637795278
21
-6.0296979921259837
0
LINE
8
BLACK
6
CONTINUOUS
10
5.8624397637795278
20
-6.0296979921259837
11
5.8631889763779528
21
-6.0334645669291334
0
LINE
8
BLACK
6
CONTINUOUS
10
5.8631889763779528
20
-6.0334645669291334
11
5.8631889763779528
21
-6.068897637795275
0
LINE
8
BLACK
6
CONTINUOUS
10
5.8631889763779528
20
-6.068897637795275
11
5.8624397637795278
21
-6.0726642125984247
0
LINE
8
BLACK
6
CONTINUOUS
10
5.8624397637795278
20
-6.0726642125984247
11
5.860306181102362
21
-6.0758573622047241
0
LINE
8
BLACK
6
CONTINUOUS
10
5.860306181102362
20
-6.0758573622047241
11
5.8571130314960627
21
-6.0779909448818898
0
LINE
8
BLACK
6
CONTINUOUS
10
5.8571130314960627
20
-6.0779909448818898
11
5.853346456692913
21
-6.0787401574803148
0
LINE
8
BLACK
6
CONTINUOUS
10
5.853346456692913
20
-6.0787401574803148
11
5.8326771653543306
21
-6.0787401574803148
0
LINE
8
BLACK
6
CONTINUOUS
10
5.8326771653543306
20
-6.0787401574803148
11
5.8289105905511809
21
-6.0779909448818898
0
LINE
8
BLACK
6
CONTINUOUS
10
5.8289105905511809
20
-6.0779909448818898
11
5.8257174409448815
21
-6.0758573622047241
0
LINE
8
BLACK
6
CONTINUOUS
10
5.8257174409448815
20
-6.0758573622047241
11
5.8235838582677166
21
-6.0726642125984247
0
LINE
8
BLACK
6
CONTINUOUS
10
5.8235838582677166
20
-6.0726642125984247
11
5.8228346456692908
21
-6.068897637795275
0
LINE
8
BLACK
6
CONTINUOUS
10
5.8228346456692908
20
-6.068897637795275
11
5.8228346456692908
21
-6.0334645669291334
0
LINE
8
BLACK
6
CONTINUOUS
10
5.8228346456692908
20
-6.0334645669291334
11
5.8235838582677166
21
-6.0296979921259837
0
LINE
8
BLACK
6
CONTINUOUS
10
5.8235838582677166
20
-6.0296979921259837
11
5.8257174409448815
21
-6.0265048425196852
0
LINE
8
BLACK
6
CONTINUOUS
10
5.8257174409448815
20
-6.0265048425196852
11
5.8289105905511809
21
-6.0243712598425194
0
LINE
8
BLACK
6
CONTINUOUS
10
5.8289105905511809
20
-6.0243712598425194
11
5.8326771653543306
21
-6.0236220472440944
0
LINE
8
BLACK
6
CONTINUOUS
10
5.8326771653543306
20
-6.0236220472440944
11
5.853346456692913
21
-6.0236220472440944
0
LINE
8
BLACK
6
CONTINUOUS
10
5.853346456692913
20
-6.0236220472440944
11
5.8571130314960627
21
-6.0243712598425194
0
LINE
8
BLACK
6
CONTINUOUS
10
5.7212560236220469
20
-6.0398196062992122
11
5.7231718897637798
21
-6.0410997637795276
0
LINE
8
BLACK
6
CONTINUOUS
10
5.7231718897637798
20
-6.0410997637795276
11
5.7244520472440943
21
-6.0430156299212596
0
LINE
8
BLACK
6
CONTINUOUS
10
5.7244520472440943
20
-6.0430156299212596
11
5.7249015748031491
21
-6.0452755905511806
0
LINE
8
BLACK
6
CONTINUOUS
10
5.7249015748031491
20
-6.0452755905511806
11
5.7249015748031491
21
-6.0570866141732278
0
LINE
8
BLACK
6
CONTINUOUS
10
5.7249015748031491
20
-6.0570866141732278
11
5.7244520472440943
21
-6.0593465748031496
0
LINE
8
BLACK
6
CONTINUOUS
10
5.7244520472440943
20
-6.0593465748031496
11
5.7231718897637798
21
-6.0612624409448816
0
LINE
8
BLACK
6
CONTINUOUS
10
5.7231718897637798
20
-6.0612624409448816
11
5.7212560236220469
21
-6.062542598425197
0
LINE
8
BLACK
6
CONTINUOUS
10
5.7212560236220469
20
-6.062542598425197
11
5.7189960629921259
21
-6.0629921259842519
0
LINE
8
BLACK
6
CONTINUOUS
10
5.7189960629921259
20
-6.0629921259842519
11
5.6786417322834648
21
-6.0629921259842519
0
LINE
8
BLACK
6
CONTINUOUS
10
5.6786417322834648
20
-6.0629921259842519
11
5.676381771653543
21
-6.062542598425197
0
LINE
8
BLACK
6
CONTINUOUS
10
5.676381771653543
20
-6.062542598425197
11
5.674465905511811
21
-6.0612624409448816
0
LINE
8
BLACK
6
CONTINUOUS
10
5.674465905511811
20
-6.0612624409448816
11
5.6731857480314956
21
-6.0593465748031496
0
LINE
8
BLACK
6
CONTINUOUS
10
5.6731857480314956
20
-6.0593465748031496
11
5.6727362204724407
21
-6.0570866141732278
0
LINE
8
BLACK
6
CONTINUOUS
10
5.6727362204724407
20
-6.0570866141732278
11
5.6727362204724407
21
-6.0452755905511806
0
LINE
8
BLACK
6
CONTINUOUS
10
5.6727362204724407
20
-6.0452755905511806
11
5.6731857480314956
21
-6.0430156299212596
0
LINE
8
BLACK
6
CONTINUOUS
10
5.6731857480314956
20
-6.0430156299212596
11
5.674465905511811
21
-6.0410997637795276
0
LINE
8
BLACK
6
CONTINUOUS
10
5.674465905511811
20
-6.0410997637795276
11
5.676381771653543
21
-6.0398196062992122
0
LINE
8
BLACK
6
CONTINUOUS
10
5.676381771653543
20
-6.0398196062992122
11
5.6786417322834648
21
-6.0393700787401574
0
LINE
8
BLACK
6
CONTINUOUS
10
5.6786417322834648
20
-6.0393700787401574
11
5.7189960629921259
21
-6.0393700787401574
0
LINE
8
BLACK
6
CONTINUOUS
10
5.7189960629921259
20
-6.0393700787401574
11
5.7212560236220469
21
-6.0398196062992122
0
LINE
8
BLACK
6
CONTINUOUS
10
5.6316890944881886
20
-6.0024180314960631
11
5.6336049606299214
21
-6.0036981889763776
0
LINE
8
BLACK
6
CONTINUOUS
10
5.6336049606299214
20
-6.0036981889763776
11
5.634885118110236
21
-6.0056140551181105
0
LINE
8
BLACK
6
CONTINUOUS
10
5.634885118110236
20
-6.0056140551181105
11
5.6353346456692917
21
-6.0078740157480315
0
LINE
8
BLACK
6
CONTINUOUS
10
5.6353346456692917
20
-6.0078740157480315
11
5.6353346456692917
21
-6.0196850393700787
0
LINE
8
BLACK
6
CONTINUOUS
10
5.6353346456692917
20
-6.0196850393700787
11
5.634885118110236
21
-6.0219449999999997
0
LINE
8
BLACK
6
CONTINUOUS
10
5.634885118110236
20
-6.0219449999999997
11
5.6336049606299214
21
-6.0238608661417326
0
LINE
8
BLACK
6
CONTINUOUS
10
5.6336049606299214
20
-6.0238608661417326
11
5.6316890944881886
21
-6.0251410236220471
0
LINE
8
BLACK
6
CONTINUOUS
10
5.6316890944881886
20
-6.0251410236220471
11
5.6294291338582676
21
-6.0255905511811019
0
LINE
8
BLACK
6
CONTINUOUS
10
5.6294291338582676
20
-6.0255905511811019
11
5.5890748031496065
21
-6.0255905511811019
0
LINE
8
BLACK
6
CONTINUOUS
10
5.5890748031496065
20
-6.0255905511811019
11
5.5868148425196846
21
-6.0251410236220471
0
LINE
8
BLACK
6
CONTINUOUS
10
5.5868148425196846
20
-6.0251410236220471
11
5.5848989763779526
21
-6.0238608661417326
0
LINE
8
BLACK
6
CONTINUOUS
10
5.5848989763779526
20
-6.0238608661417326
11
5.5836188188976372
21
-6.0219449999999997
0
LINE
8
BLACK
6
CONTINUOUS
10
5.5836188188976372
20
-6.0219449999999997
11
5.5831692913385824
21
-6.0196850393700787
0
LINE
8
BLACK
6
CONTINUOUS
10
5.5831692913385824
20
-6.0196850393700787
11
5.5831692913385824
21
-6.0078740157480315
0
LINE
8
BLACK
6
CONTINUOUS
10
5.5831692913385824
20
-6.0078740157480315
11
5.5836188188976372
21
-6.0056140551181105
0
LINE
8
BLACK
6
CONTINUOUS
10
5.5836188188976372
20
-6.0056140551181105
11
5.5848989763779526
21
-6.0036981889763776
0
LINE
8
BLACK
6
CONTINUOUS
10
5.5848989763779526
20
-6.0036981889763776
11
5.5868148425196846
21
-6.0024180314960631
0
LINE
8
BLACK
6
CONTINUOUS
10
5.5868148425196846
20
-6.0024180314960631
11
5.5890748031496065
21
-6.0019685039370074
0
LINE
8
BLACK
6
CONTINUOUS
10
5.5890748031496065
20
-6.0019685039370074
11
5.6294291338582676
21
-6.0019685039370074
0
LINE
8
BLACK
6
CONTINUOUS
10
5.6294291338582676
20
-6.0019685039370074
11
5.6316890944881886
21
-6.0024180314960631
0
LINE
8
BLACK
6
CONTINUOUS
10
5.1919291338582676
20
-6.0216535433070861
11
5.1525590551181102
21
-6.0216535433070861
0
LINE
8
BLACK
6
CONTINUOUS
10
5.1525590551181102
20
-6.0216535433070861
11
5.1525590551181102
21
-5.9862204724409445
0
LINE
8
BLACK
6
CONTINUOUS
10
5.1525590551181102
20
-5.9862204724409445
11
5.1919291338582676
21
-5.9862204724409445
0
LINE
8
BLACK
6
CONTINUOUS
10
5.1919291338582676
20
-5.9862204724409445
11
5.1919291338582676
21
-6.0216535433070861
0
LINE
8
BLACK
6
CONTINUOUS
10
5.3359516141732284
20
-5.9554736220472444
11
5.3391447637795277
21
-5.9576072047244093
0
LINE
8
BLACK
6
CONTINUOUS
10
5.3391447637795277
20
-5.9576072047244093
11
5.3412783464566926
21
-5.9608003543307087
0
LINE
8
BLACK
6
CONTINUOUS
10
5.3412783464566926
20
-5.9608003543307087
11
5.3420275590551176
21
-5.9645669291338583
0
LINE
8
BLACK
6
CONTINUOUS
10
5.3420275590551176
20
-5.9645669291338583
11
5.3420275590551176
21
-6.
0
LINE
8
BLACK
6
CONTINUOUS
10
5.3420275590551176
20
-6.
11
5.3412783464566926
21
-6.0037665748031497
0
LINE
8
BLACK
6
CONTINUOUS
10
5.3412783464566926
20
-6.0037665748031497
11
5.3391447637795277
21
-6.006959724409449
0
LINE
8
BLACK
6
CONTINUOUS
10
5.3391447637795277
20
-6.006959724409449
11
5.3359516141732284
21
-6.0090933070866139
0
LINE
8
BLACK
6
CONTINUOUS
10
5.3359516141732284
20
-6.0090933070866139
11
5.3321850393700787
21
-6.0098425196850389
0
LINE
8
BLACK
6
CONTINUOUS
10
5.3321850393700787
20
-6.0098425196850389
11
5.3115157480314963
21
-6.0098425196850389
0
LINE
8
BLACK
6
CONTINUOUS
10
5.3115157480314963
20
-6.0098425196850389
11
5.3077491732283466
21
-6.0090933070866139
0
LINE
8
BLACK
6
CONTINUOUS
10
5.3077491732283466
20
-6.0090933070866139
11
5.3045560236220473
21
-6.006959724409449
0
LINE
8
BLACK
6
CONTINUOUS
10
5.3045560236220473
20
-6.006959724409449
11
5.3024224409448815
21
-6.0037665748031497
0
LINE
8
BLACK
6
CONTINUOUS
10
5.3024224409448815
20
-6.0037665748031497
11
5.3016732283464565
21
-6.
0
LINE
8
BLACK
6
CONTINUOUS
10
5.3016732283464565
20
-6.
11
5.3016732283464565
21
-5.9645669291338583
0
LINE
8
BLACK
6
CONTINUOUS
10
5.3016732283464565
20
-5.9645669291338583
11
5.3024224409448815
21
-5.9608003543307087
0
LINE
8
BLACK
6
CONTINUOUS
10
5.3024224409448815
20
-5.9608003543307087
11
5.3045560236220473
21
-5.9576072047244093
0
LINE
8
BLACK
6
CONTINUOUS
10
5.3045560236220473
20
-5.9576072047244093
11
5.3077491732283466
21
-5.9554736220472444
0
LINE
8
BLACK
6
CONTINUOUS
10
5.3077491732283466
20
-5.9554736220472444
11
5.3115157480314963
21
-5.9547244094488185
0
LINE
8
BLACK
6
CONTINUOUS
10
5.3115157480314963
20
-5.9547244094488185
11
5.3321850393700787
21
-5.9547244094488185
0
LINE
8
BLACK
6
CONTINUOUS
10
5.3321850393700787
20
-5.9547244094488185
11
5.3359516141732284
21
-5.9554736220472444
0
LINE
8
BLACK
6
CONTINUOUS
10
5.4078020078740154
20
-5.9554736220472444
11
5.4109951574803148
21
-5.9576072047244093
0
LINE
8
BLACK
6
CONTINUOUS
10
5.4109951574803148
20
-5.9576072047244093
11
5.4131287401574806
21
-5.9608003543307087
0
LINE
8
BLACK
6
CONTINUOUS
10
5.4131287401574806
20
-5.9608003543307087
11
5.4138779527559056
21
-5.9645669291338583
0
LINE
8
BLACK
6
CONTINUOUS
10
5.4138779527559056
20
-5.9645669291338583
11
5.4138779527559056
21
-6.
0
LINE
8
BLACK
6
CONTINUOUS
10
5.4138779527559056
20
-6.
11
5.4131287401574806
21
-6.0037665748031497
0
LINE
8
BLACK
6
CONTINUOUS
10
5.4131287401574806
20
-6.0037665748031497
11
5.4109951574803148
21
-6.006959724409449
0
LINE
8
BLACK
6
CONTINUOUS
10
5.4109951574803148
20
-6.006959724409449
11
5.4078020078740154
21
-6.0090933070866139
0
LINE
8
BLACK
6
CONTINUOUS
10
5.4078020078740154
20
-6.0090933070866139
11
5.4040354330708658
21
-6.0098425196850389
0
LINE
8
BLACK
6
CONTINUOUS
10
5.4040354330708658
20
-6.0098425196850389
11
5.3833661417322833
21
-6.0098425196850389
0
LINE
8
BLACK
6
CONTINUOUS
10
5.3833661417322833
20
-6.0098425196850389
11
5.3795995669291337
21
-6.0090933070866139
0
LINE
8
BLACK
6
CONTINUOUS
10
5.3795995669291337
20
-6.0090933070866139
11
5.3764064173228343
21
-6.006959724409449
0
LINE
8
BLACK
6
CONTINUOUS
10
5.3764064173228343
20
-6.006959724409449
11
5.3742728346456694
21
-6.0037665748031497
0
LINE
8
BLACK
6
CONTINUOUS
10
5.3742728346456694
20
-6.0037665748031497
11
5.3735236220472435
21
-6.
0
LINE
8
BLACK
6
CONTINUOUS
10
5.3735236220472435
20
-6.
11
5.3735236220472435
21
-5.9645669291338583
0
LINE
8
BLACK
6
CONTINUOUS
10
5.3735236220472435
20
-5.9645669291338583
11
5.3742728346456694
21
-5.9608003543307087
0
LINE
8
BLACK
6
CONTINUOUS
10
5.3742728346456694
20
-5.9608003543307087
11
5.3764064173228343
21
-5.9576072047244093
0
LINE
8
BLACK
6
CONTINUOUS
10
5.3764064173228343
20
-5.9576072047244093
11
5.3795995669291337
21
-5.9554736220472444
0
LINE
8
BLACK
6
CONTINUOUS
10
5.3795995669291337
20
-5.9554736220472444
11
5.3833661417322833
21
-5.9547244094488185
0
LINE
8
BLACK
6
CONTINUOUS
10
5.3833661417322833
20
-5.9547244094488185
11
5.4040354330708658
21
-5.9547244094488185
0
LINE
8
BLACK
6
CONTINUOUS
10
5.4040354330708658
20
-5.9547244094488185
11
5.4078020078740154
21
-5.9554736220472444
0
LINE
8
BLACK
6
CONTINUOUS
10
5.7212560236220469
20
-5.9650164566929131
11
5.7231718897637798
21
-5.9662966141732285
0
LINE
8
BLACK
6
CONTINUOUS
10
5.7231718897637798
20
-5.9662966141732285
11
5.7244520472440943
21
-5.9682124803149605
0
LINE
8
BLACK
6
CONTINUOUS
10
5.7244520472440943
20
-5.9682124803149605
11
5.7249015748031491
21
-5.9704724409448815
0
LINE
8
BLACK
6
CONTINUOUS
10
5.7249015748031491
20
-5.9704724409448815
11
5.7249015748031491
21
-5.9822834645669287
0
LINE
8
BLACK
6
CONTINUOUS
10
5.7249015748031491
20
-5.9822834645669287
11
5.7244520472440943
21
-5.9845434251968506
0
LINE
8
BLACK
6
CONTINUOUS
10
5.7244520472440943
20
-5.9845434251968506
11
5.7231718897637798
21
-5.9864592913385826
0
LINE
8
BLACK
6
CONTINUOUS
10
5.7231718897637798
20
-5.9864592913385826
11
5.7212560236220469
21
-5.9877394488188971
0
LINE
8
BLACK
6
CONTINUOUS
10
5.7212560236220469
20
-5.9877394488188971
11
5.7189960629921259
21
-5.9881889763779528
0
LINE
8
BLACK
6
CONTINUOUS
10
5.7189960629921259
20
-5.9881889763779528
11
5.6786417322834648
21
-5.9881889763779528
0
LINE
8
BLACK
6
CONTINUOUS
10
5.6786417322834648
20
-5.9881889763779528
11
5.676381771653543
21
-5.9877394488188971
0
LINE
8
BLACK
6
CONTINUOUS
10
5.676381771653543
20
-5.9877394488188971
11
5.674465905511811
21
-5.9864592913385826
0
LINE
8
BLACK
6
CONTINUOUS
10
5.674465905511811
20
-5.9864592913385826
11
5.6731857480314956
21
-5.9845434251968506
0
LINE
8
BLACK
6
CONTINUOUS
10
5.6731857480314956
20
-5.9845434251968506
11
5.6727362204724407
21
-5.9822834645669287
0
LINE
8
BLACK
6
CONTINUOUS
10
5.6727362204724407
20
-5.9822834645669287
11
5.6727362204724407
21
-5.9704724409448815
0
LINE
8
BLACK
6
CONTINUOUS
10
5.6727362204724407
20
-5.9704724409448815
11
5.6731857480314956
21
-5.9682124803149605
0
LINE
8
BLACK
6
CONTINUOUS
10
5.6731857480314956
20
-5.9682124803149605
11
5.674465905511811
21
-5.9662966141732285
0
LINE
8
BLACK
6
CONTINUOUS
10
5.674465905511811
20
-5.9662966141732285
11
5.676381771653543
21
-5.9650164566929131
0
LINE
8
BLACK
6
CONTINUOUS
10
5.676381771653543
20
-5.9650164566929131
11
5.6786417322834648
21
-5.9645669291338583
0
LINE
8
BLACK
6
CONTINUOUS
10
5.6786417322834648
20
-5.9645669291338583
11
5.7189960629921259
21
-5.9645669291338583
0
LINE
8
BLACK
6
CONTINUOUS
10
5.7189960629921259
20
-5.9645669291338583
11
5.7212560236220469
21
-5.9650164566929131
0
LINE
8
BLACK
6
CONTINUOUS
10
5.1919291338582676
20
-5.9586614173228343
11
5.1525590551181102
21
-5.9586614173228343
0
LINE
8
BLACK
6
CONTINUOUS
10
5.1525590551181102
20
-5.9586614173228343
11
5.1525590551181102
21
-5.9232283464566926
0
LINE
8
BLACK
6
CONTINUOUS
10
5.1525590551181102
20
-5.9232283464566926
11
5.1919291338582676
21
-5.9232283464566926
0
LINE
8
BLACK
6
CONTINUOUS
10
5.1919291338582676
20
-5.9232283464566926
11
5.1919291338582676
21
-5.9586614173228343
0
LINE
8
BLACK
6
CONTINUOUS
10
5.7163649999999997
20
-5.7684657480314963
11
5.719558149606299
21
-5.7705993307086612
0
LINE
8
BLACK
6
CONTINUOUS
10
5.719558149606299
20
-5.7705993307086612
11
5.7216917322834648
21
-5.7737924803149605
0
LINE
8
BLACK
6
CONTINUOUS
10
5.7216917322834648
20
-5.7737924803149605
11
5.7224409448818898
21
-5.7775590551181102
0
LINE
8
BLACK
6
CONTINUOUS
10
5.7224409448818898
20
-5.7775590551181102
11
5.7224409448818898
21
-5.8129921259842519
0
LINE
8
BLACK
6
CONTINUOUS
10
5.7224409448818898
20
-5.8129921259842519
11
5.7216917322834648
21
-5.8167587007874015
0
LINE
8
BLACK
6
CONTINUOUS
10
5.7216917322834648
20
-5.8167587007874015
11
5.719558149606299
21
-5.8199518503937009
0
LINE
8
BLACK
6
CONTINUOUS
10
5.719558149606299
20
-5.8199518503937009
11
5.7163649999999997
21
-5.8220854330708658
0
LINE
8
BLACK
6
CONTINUOUS
10
5.7163649999999997
20
-5.8220854330708658
11
5.71259842519685
21
-5.8228346456692908
0
LINE
8
BLACK
6
CONTINUOUS
10
5.71259842519685
20
-5.8228346456692908
11
5.6919291338582676
21
-5.8228346456692908
0
LINE
8
BLACK
6
CONTINUOUS
10
5.6919291338582676
20
-5.8228346456692908
11
5.6881625590551179
21
-5.8220854330708658
0
LINE
8
BLACK
6
CONTINUOUS
10
5.6881625590551179
20
-5.8220854330708658
11
5.6849694094488186
21
-5.8199518503937009
0
LINE
8
BLACK
6
CONTINUOUS
10
5.6849694094488186
20
-5.8199518503937009
11
5.6828358267716537
21
-5.8167587007874015
0
LINE
8
BLACK
6
CONTINUOUS
10
5.6828358267716537
20
-5.8167587007874015
11
5.6820866141732278
21
-5.8129921259842519
0
LINE
8
BLACK
6
CONTINUOUS
10
5.6820866141732278
20
-5.8129921259842519
11
5.6820866141732278
21
-5.7775590551181102
0
LINE
8
BLACK
6
CONTINUOUS
10
5.6820866141732278
20
-5.7775590551181102
11
5.6828358267716537
21
-5.7737924803149605
0
LINE
8
BLACK
6
CONTINUOUS
10
5.6828358267716537
20
-5.7737924803149605
11
5.6849694094488186
21
-5.7705993307086612
0
LINE
8
BLACK
6
CONTINUOUS
10
5.6849694094488186
20
-5.7705993307086612
11
5.6881625590551179
21
-5.7684657480314963
0
LINE
8
BLACK
6
CONTINUOUS
10
5.6881625590551179
20
-5.7684657480314963
11
5.6919291338582676
21
-5.7677165354330704
0
LINE
8
BLACK
6
CONTINUOUS
10
5.6919291338582676
20
-5.7677165354330704
11
5.71259842519685
21
-5.7677165354330704
0
LINE
8
BLACK
6
CONTINUOUS
10
5.71259842519685
20
-5.7677165354330704
11
5.7163649999999997
21
-5.7684657480314963
0
LINE
8
BLACK
6
CONTINUOUS
10
5.7882153937007876
20
-5.7684657480314963
11
5.7914085433070861
21
-5.7705993307086612
0
LINE
8
BLACK
6
CONTINUOUS
10
5.7914085433070861
20
-5.7705993307086612
11
5.7935421259842519
21
-5.7737924803149605
0
LINE
8
BLACK
6
CONTINUOUS
10
5.7935421259842519
20
-5.7737924803149605
11
5.7942913385826769
21
-5.7775590551181102
0
LINE
8
BLACK
6
CONTINUOUS
10
5.7942913385826769
20
-5.7775590551181102
11
5.7942913385826769
21
-5.8129921259842519
0
LINE
8
BLACK
6
CONTINUOUS
10
5.7942913385826769
20
-5.8129921259842519
11
5.7935421259842519
21
-5.8167587007874015
0
LINE
8
BLACK
6
CONTINUOUS
10
5.7935421259842519
20
-5.8167587007874015
11
5.7914085433070861
21
-5.8199518503937009
0
LINE
8
BLACK
6
CONTINUOUS
10
5.7914085433070861
20
-5.8199518503937009
11
5.7882153937007876
21
-5.8220854330708658
0
LINE
8
BLACK
6
CONTINUOUS
10
5.7882153937007876
20
-5.8220854330708658
11
5.784448818897638
21
-5.8228346456692908
0
LINE
8
BLACK
6
CONTINUOUS
10
5.784448818897638
20
-5.8228346456692908
11
5.7637795275590546
21
-5.8228346456692908
0
LINE
8
BLACK
6
CONTINUOUS
10
5.7637795275590546
20
-5.8228346456692908
11
5.760012952755905
21
-5.8220854330708658
0
LINE
8
BLACK
6
CONTINUOUS
10
5.760012952755905
20
-5.8220854330708658
11
5.7568198031496065
21
-5.8199518503937009
0
LINE
8
BLACK
6
CONTINUOUS
10
5.7568198031496065
20
-5.8199518503937009
11
5.7546862204724407
21
-5.8167587007874015
0
LINE
8
BLACK
6
CONTINUOUS
10
5.7546862204724407
20
-5.8167587007874015
11
5.7539370078740157
21
-5.8129921259842519
0
LINE
8
BLACK
6
CONTINUOUS
10
5.7539370078740157
20
-5.8129921259842519
11
5.7539370078740157
21
-5.7775590551181102
0
LINE
8
BLACK
6
CONTINUOUS
10
5.7539370078740157
20
-5.7775590551181102
11
5.7546862204724407
21
-5.7737924803149605
0
LINE
8
BLACK
6
CONTINUOUS
10
5.7546862204724407
20
-5.7737924803149605
11
5.7568198031496065
21
-5.7705993307086612
0
LINE
8
BLACK
6
CONTINUOUS
10
5.7568198031496065
20
-5.7705993307086612
11
5.760012952755905
21
-5.7684657480314963
0
LINE
8
BLACK
6
CONTINUOUS
10
5.760012952755905
20
-5.7684657480314963
11
5.7637795275590546
21
-5.7677165354330704
0
LINE
8
BLACK
6
CONTINUOUS
10
5.7637795275590546
20
-5.7677165354330704
11
5.784448818897638
21
-5.7677165354330704
0
LINE
8
BLACK
6
CONTINUOUS
10
5.784448818897638
20
-5.7677165354330704
11
5.7882153937007876
21
-5.7684657480314963
0
LINE
8
BLACK
6
CONTINUOUS
10
5.6479292519685034
20
-5.7858825984251965
11
5.6498451181102363
21
-5.7871627559055119
0
LINE
8
BLACK
6
CONTINUOUS
10
5.6498451181102363
20
-5.7871627559055119
11
5.6511252755905508
21
-5.7890786220472439
0
LINE
8
BLACK
6
CONTINUOUS
10
5.6511252755905508
20
-5.7890786220472439
11
5.6515748031496065
21
-5.7913385826771648
0
LINE
8
BLACK
6
CONTINUOUS
10
5.6515748031496065
20
-5.7913385826771648
11
5.6515748031496065
21
-5.8031496062992121
0
LINE
8
BLACK
6
CONTINUOUS
10
5.6515748031496065
20
-5.8031496062992121
11
5.6511252755905508
21
-5.8054095669291339
0
LINE
8
BLACK
6
CONTINUOUS
10
5.6511252755905508
20
-5.8054095669291339
11
5.6498451181102363
21
-5.8073254330708659
0
LINE
8
BLACK
6
CONTINUOUS
10
5.6498451181102363
20
-5.8073254330708659
11
5.6479292519685034
21
-5.8086055905511813
0
LINE
8
BLACK
6
CONTINUOUS
10
5.6479292519685034
20
-5.8086055905511813
11
5.6456692913385824
21
-5.8090551181102361
0
LINE
8
BLACK
6
CONTINUOUS
10
5.6456692913385824
20
-5.8090551181102361
11
5.6053149606299213
21
-5.8090551181102361
0
LINE
8
BLACK
6
CONTINUOUS
10
5.6053149606299213
20
-5.8090551181102361
11
5.6030549999999995
21
-5.8086055905511813
0
LINE
8
BLACK
6
CONTINUOUS
10
5.6030549999999995
20
-5.8086055905511813
11
5.6011391338582674
21
-5.8073254330708659
0
LINE
8
BLACK
6
CONTINUOUS
10
5.6011391338582674
20
-5.8073254330708659
11
5.5998589763779529
21
-5.8054095669291339
0
LINE
8
BLACK
6
CONTINUOUS
10
5.5998589763779529
20
-5.8054095669291339
11
5.5994094488188972
21
-5.8031496062992121
0
LINE
8
BLACK
6
CONTINUOUS
10
5.5994094488188972
20
-5.8031496062992121
11
5.5994094488188972
21
-5.7913385826771648
0
LINE
8
BLACK
6
CONTINUOUS
10
5.5994094488188972
20
-5.7913385826771648
11
5.5998589763779529
21
-5.7890786220472439
0
LINE
8
BLACK
6
CONTINUOUS
10
5.5998589763779529
20
-5.7890786220472439
11
5.6011391338582674
21
-5.7871627559055119
0
LINE
8
BLACK
6
CONTINUOUS
10
5.6011391338582674
20
-5.7871627559055119
11
5.6030549999999995
21
-5.7858825984251965
0
LINE
8
BLACK
6
CONTINUOUS
10
5.6030549999999995
20
-5.7858825984251965
11
5.6053149606299213
21
-5.7854330708661417
0
LINE
8
BLACK
6
CONTINUOUS
10
5.6053149606299213
20
-5.7854330708661417
11
5.6456692913385824
21
-5.7854330708661417
0
LINE
8
BLACK
6
CONTINUOUS
10
5.6456692913385824
20
-5.7854330708661417
11
5.6479292519685034
21
-5.7858825984251965
0
LINE
8
BLACK
6
CONTINUOUS
10
5.1870078740157481
20
-5.7854330708661417
11
5.1476377952755907
21
-5.7854330708661417
0
LINE
8
BLACK
6
CONTINUOUS
10
5.1476377952755907
20
-5.7854330708661417
11
5.1476377952755907
21
-5.75
0
LINE
8
BLACK
6
CONTINUOUS
10
5.1476377952755907
20
-5.75
11
5.1870078740157481
21
-5.75
0
LINE
8
BLACK
6
CONTINUOUS
10
5.1870078740157481
20
-5.75
11
5.1870078740157481
21
-5.7854330708661417
0
LINE
8
BLACK
6
CONTINUOUS
10
5.3226642125984247
20
-5.719253149606299
11
5.3258573622047241
21
-5.7213867322834648
0
LINE
8
BLACK
6
CONTINUOUS
10
5.3258573622047241
20
-5.7213867322834648
11
5.3279909448818898
21
-5.7245798818897633
0
LINE
8
BLACK
6
CONTINUOUS
10
5.3279909448818898
20
-5.7245798818897633
11
5.3287401574803148
21
-5.728346456692913
0
LINE
8
BLACK
6
CONTINUOUS
10
5.3287401574803148
20
-5.728346456692913
11
5.3287401574803148
21
-5.7637795275590546
0
LINE
8
BLACK
6
CONTINUOUS
10
5.3287401574803148
20
-5.7637795275590546
11
5.3279909448818898
21
-5.7675461023622043
0
LINE
8
BLACK
6
CONTINUOUS
10
5.3279909448818898
20
-5.7675461023622043
11
5.3258573622047241
21
-5.7707392519685037
0
LINE
8
BLACK
6
CONTINUOUS
10
5.3258573622047241
20
-5.7707392519685037
11
5.3226642125984247
21
-5.7728728346456695
0
LINE
8
BLACK
6
CONTINUOUS
10
5.3226642125984247
20
-5.7728728346456695
11
5.3188976377952759
21
-5.7736220472440944
0
LINE
8
BLACK
6
CONTINUOUS
10
5.3188976377952759
20
-5.7736220472440944
11
5.2982283464566926
21
-5.7736220472440944
0
LINE
8
BLACK
6
CONTINUOUS
10
5.2982283464566926
20
-5.7736220472440944
11
5.2944617716535429
21
-5.7728728346456695
0
LINE
8
BLACK
6
CONTINUOUS
10
5.2944617716535429
20
-5.7728728346456695
11
5.2912686220472436
21
-5.7707392519685037
0
LINE
8
BLACK
6
CONTINUOUS
10
5.2912686220472436
20
-5.7707392519685037
11
5.2891350393700787
21
-5.7675461023622043
0
LINE
8
BLACK
6
CONTINUOUS
10
5.2891350393700787
20
-5.7675461023622043
11
5.2883858267716537
21
-5.7637795275590546
0
LINE
8
BLACK
6
CONTINUOUS
10
5.2883858267716537
20
-5.7637795275590546
11
5.2883858267716537
21
-5.728346456692913
0
LINE
8
BLACK
6
CONTINUOUS
10
5.2883858267716537
20
-5.728346456692913
11
5.2891350393700787
21
-5.7245798818897633
0
LINE
8
BLACK
6
CONTINUOUS
10
5.2891350393700787
20
-5.7245798818897633
11
5.2912686220472436
21
-5.7213867322834648
0
LINE
8
BLACK
6
CONTINUOUS
10
5.2912686220472436
20
-5.7213867322834648
11
5.2944617716535429
21
-5.719253149606299
0
LINE
8
BLACK
6
CONTINUOUS
10
5.2944617716535429
20
-5.719253149606299
11
5.2982283464566926
21
-5.7185039370078741
0
LINE
8
BLACK
6
CONTINUOUS
10
5.2982283464566926
20
-5.7185039370078741
11
5.3188976377952759
21
-5.7185039370078741
0
LINE
8
BLACK
6
CONTINUOUS
10
5.3188976377952759
20
-5.7185039370078741
11
5.3226642125984247
21
-5.719253149606299
0
LINE
8
BLACK
6
CONTINUOUS
10
5.3945146062992126
20
-5.719253149606299
11
5.397707755905512
21
-5.7213867322834648
0
LINE
8
BLACK
6
CONTINUOUS
10
5.397707755905512
20
-5.7213867322834648
11
5.3998413385826769
21
-5.7245798818897633
0
LINE
8
BLACK
6
CONTINUOUS
10
5.3998413385826769
20
-5.7245798818897633
11
5.4005905511811019
21
-5.728346456692913
0
LINE
8
BLACK
6
CONTINUOUS
10
5.4005905511811019
20
-5.728346456692913
11
5.4005905511811019
21
-5.7637795275590546
0
LINE
8
BLACK
6
CONTINUOUS
10
5.4005905511811019
20
-5.7637795275590546
11
5.3998413385826769
21
-5.7675461023622043
0
LINE
8
BLACK
6
CONTINUOUS
10
5.3998413385826769
20
-5.7675461023622043
11
5.397707755905512
21
-5.7707392519685037
0
LINE
8
BLACK
6
CONTINUOUS
10
5.397707755905512
20
-5.7707392519685037
11
5.3945146062992126
21
-5.7728728346456695
0
LINE
8
BLACK
6
CONTINUOUS
10
5.3945146062992126
20
-5.7728728346456695
11
5.390748031496063
21
-5.7736220472440944
0
LINE
8
BLACK
6
CONTINUOUS
10
5.390748031496063
20
-5.7736220472440944
11
5.3700787401574805
21
-5.7736220472440944
0
LINE
8
BLACK
6
CONTINUOUS
10
5.3700787401574805
20
-5.7736220472440944
11
5.3663121653543309
21
-5.7728728346456695
0
LINE
8
BLACK
6
CONTINUOUS
10
5.3663121653543309
20
-5.7728728346456695
11
5.3631190157480315
21
-5.7707392519685037
0
LINE
8
BLACK
6
CONTINUOUS
10
5.3631190157480315
20
-5.7707392519685037
11
5.3609854330708657
21
-5.7675461023622043
0
LINE
8
BLACK
6
CONTINUOUS
10
5.3609854330708657
20
-5.7675461023622043
11
5.3602362204724407
21
-5.7637795275590546
0
LINE
8
BLACK
6
CONTINUOUS
10
5.3602362204724407
20
-5.7637795275590546
11
5.3602362204724407
21
-5.728346456692913
0
LINE
8
BLACK
6
CONTINUOUS
10
5.3602362204724407
20
-5.728346456692913
11
5.3609854330708657
21
-5.7245798818897633
0
LINE
8
BLACK
6
CONTINUOUS
10
5.3609854330708657
20
-5.7245798818897633
11
5.3631190157480315
21
-5.7213867322834648
0
LINE
8
BLACK
6
CONTINUOUS
10
5.3631190157480315
20
-5.7213867322834648
11
5.3663121653543309
21
-5.719253149606299
0
LINE
8
BLACK
6
CONTINUOUS
10
5.3663121653543309
20
-5.719253149606299
11
5.3700787401574805
21
-5.7185039370078741
0
LINE
8
BLACK
6
CONTINUOUS
10
5.3700787401574805
20
-5.7185039370078741
11
5.390748031496063
21
-5.7185039370078741
0
LINE
8
BLACK
6
CONTINUOUS
10
5.390748031496063
20
-5.7185039370078741
11
5.3945146062992126
21
-5.719253149606299
0
LINE
8
BLACK
6
CONTINUOUS
10
5.5583623228346459
20
-5.7484810236220474
11
5.5602781889763779
21
-5.7497611811023619
0
LINE
8
BLACK
6
CONTINUOUS
10
5.5602781889763779
20
-5.7497611811023619
11
5.5615583464566924
21
-5.7516770472440948
0
LINE
8
BLACK
6
CONTINUOUS
10
5.5615583464566924
20
-5.7516770472440948
11
5.5620078740157481
21
-5.7539370078740157
0
LINE
8
BLACK
6
CONTINUOUS
10
5.5620078740157481
20
-5.7539370078740157
11
5.5620078740157481
21
-5.765748031496063
0
LINE
8
BLACK
6
CONTINUOUS
10
5.5620078740157481
20
-5.765748031496063
11
5.5615583464566924
21
-5.7680079921259839
0
LINE
8
BLACK
6
CONTINUOUS
10
5.5615583464566924
20
-5.7680079921259839
11
5.5602781889763779
21
-5.7699238582677168
0
LINE
8
BLACK
6
CONTINUOUS
10
5.5602781889763779
20
-5.7699238582677168
11
5.5583623228346459
21
-5.7712040157480313
0
LINE
8
BLACK
6
CONTINUOUS
10
5.5583623228346459
20
-5.7712040157480313
11
5.5561023622047241
21
-5.7716535433070861
0
LINE
8
BLACK
6
CONTINUOUS
10
5.5561023622047241
20
-5.7716535433070861
11
5.515748031496063
21
-5.7716535433070861
0
LINE
8
BLACK
6
CONTINUOUS
10
5.515748031496063
20
-5.7716535433070861
11
5.513488070866142
21
-5.7712040157480313
0
LINE
8
BLACK
6
CONTINUOUS
10
5.513488070866142
20
-5.7712040157480313
11
5.5115722047244091
21
-5.7699238582677168
0
LINE
8
BLACK
6
CONTINUOUS
10
5.5115722047244091
20
-5.7699238582677168
11
5.5102920472440946
21
-5.7680079921259839
0
LINE
8
BLACK
6
CONTINUOUS
10
5.5102920472440946
20
-5.7680079921259839
11
5.5098425196850389
21
-5.765748031496063
0
LINE
8
BLACK
6
CONTINUOUS
10
5.5098425196850389
20
-5.765748031496063
11
5.5098425196850389
21
-5.7539370078740157
0
LINE
8
BLACK
6
CONTINUOUS
10
5.5098425196850389
20
-5.7539370078740157
11
5.5102920472440946
21
-5.7516770472440948
0
LINE
8
BLACK
6
CONTINUOUS
10
5.5102920472440946
20
-5.7516770472440948
11
5.5115722047244091
21
-5.7497611811023619
0
LINE
8
BLACK
6
CONTINUOUS
10
5.5115722047244091
20
-5.7497611811023619
11
5.513488070866142
21
-5.7484810236220474
0
LINE
8
BLACK
6
CONTINUOUS
10
5.513488070866142
20
-5.7484810236220474
11
5.515748031496063
21
-5.7480314960629917
0
LINE
8
BLACK
6
CONTINUOUS
10
5.515748031496063
20
-5.7480314960629917
11
5.5561023622047241
21
-5.7480314960629917
0
LINE
8
BLACK
6
CONTINUOUS
10
5.5561023622047241
20
-5.7480314960629917
11
5.5583623228346459
21
-5.7484810236220474
0
LINE
8
BLACK
6
CONTINUOUS
10
7.1688976377952756
20
-5.7421259842519685
11
7.101968503937008
21
-5.7421259842519685
0
LINE
8
BLACK
6
CONTINUOUS
10
7.101968503937008
20
-5.7421259842519685
11
7.101968503937008
21
-5.6751968503937009
0
LINE
8
BLACK
6
CONTINUOUS
10
7.101968503937008
20
-5.6751968503937009
11
7.1688976377952756
21
-5.6751968503937009
0
LINE
8
BLACK
6
CONTINUOUS
10
7.1688976377952756
20
-5.6751968503937009
11
7.1688976377952756
21
-5.7421259842519685
0
LINE
8
BLACK
6
CONTINUOUS
10
7.2451473228346455
20
-5.6766378346456694
11
7.251208149606299
21
-5.6791483070866144
0
LINE
8
BLACK
6
CONTINUOUS
10
7.251208149606299
20
-5.6791483070866144
11
7.2566627559055119
21
-5.6827929527559053
0
LINE
8
BLACK
6
CONTINUOUS
10
7.2566627559055119
20
-5.6827929527559053
11
7.2613015354330708
21
-5.6874317322834642
0
LINE
8
BLACK
6
CONTINUOUS
10
7.2613015354330708
20
-5.6874317322834642
11
7.2649461811023617
21
-5.6928863385826771
0
LINE
8
BLACK
6
CONTINUOUS
10
7.2649461811023617
20
-5.6928863385826771
11
7.2674566535433067
21
-5.6989471653543307
0
LINE
8
BLACK
6
CONTINUOUS
10
7.2674566535433067
20
-5.6989471653543307
11
7.2687364960629921
21
-5.7053812992125987
0
LINE
8
BLACK
6
CONTINUOUS
10
7.2687364960629921
20
-5.7053812992125987
11
7.2687364960629921
21
-5.7119415354330707
0
LINE
8
BLACK
6
CONTINUOUS
10
7.2687364960629921
20
-5.7119415354330707
11
7.2674566535433067
21
-5.7183756692913388
0
LINE
8
BLACK
6
CONTINUOUS
10
7.2674566535433067
20
-5.7183756692913388
11
7.2649461811023617
21
-5.7244364960629923
0
LINE
8
BLACK
6
CONTINUOUS
10
7.2649461811023617
20
-5.7244364960629923
11
7.2613015354330708
21
-5.7298911023622043
0
LINE
8
BLACK
6
CONTINUOUS
10
7.2613015354330708
20
-5.7298911023622043
11
7.2566627559055119
21
-5.7345298818897641
0
LINE
8
BLACK
6
CONTINUOUS
10
7.2566627559055119
20
-5.7345298818897641
11
7.251208149606299
21
-5.738174527559055
0
LINE
8
BLACK
6
CONTINUOUS
10
7.251208149606299
20
-5.738174527559055
11
7.2451473228346455
21
-5.740685
0
LINE
8
BLACK
6
CONTINUOUS
10
7.2451473228346455
20
-5.740685
11
7.2387131889763774
21
-5.7419648425196845
0
LINE
8
BLACK
6
CONTINUOUS
10
7.2387131889763774
20
-5.7419648425196845
11
7.2321529527559054
21
-5.7419648425196845
0
LINE
8
BLACK
6
CONTINUOUS
10
7.2321529527559054
20
-5.7419648425196845
11
7.2257188188976373
21
-5.740685
0
LINE
8
BLACK
6
CONTINUOUS
10
7.2257188188976373
20
-5.740685
11
7.2196579921259838
21
-5.738174527559055
0
LINE
8
BLACK
6
CONTINUOUS
10
7.2196579921259838
20
-5.738174527559055
11
7.2142033858267718
21
-5.7345298818897641
0
LINE
8
BLACK
6
CONTINUOUS
10
7.2142033858267718
20
-5.7345298818897641
11
7.209564606299212
21
-5.7298911023622043
0
LINE
8
BLACK
6
CONTINUOUS
10
7.209564606299212
20
-5.7298911023622043
11
7.2059199606299211
21
-5.7244364960629923
0
LINE
8
BLACK
6
CONTINUOUS
10
7.2059199606299211
20
-5.7244364960629923
11
7.2034094881889761
21
-5.7183756692913388
0
LINE
8
BLACK
6
CONTINUOUS
10
7.2034094881889761
20
-5.7183756692913388
11
7.2021296456692916
21
-5.7119415354330707
0
LINE
8
BLACK
6
CONTINUOUS
10
7.2021296456692916
20
-5.7119415354330707
11
7.2021296456692916
21
-5.7053812992125987
0
LINE
8
BLACK
6
CONTINUOUS
10
7.2021296456692916
20
-5.7053812992125987
11
7.2034094881889761
21
-5.6989471653543307
0
LINE
8
BLACK
6
CONTINUOUS
10
7.2034094881889761
20
-5.6989471653543307
11
7.2059199606299211
21
-5.6928863385826771
0
LINE
8
BLACK
6
CONTINUOUS
10
7.2059199606299211
20
-5.6928863385826771
11
7.209564606299212
21
-5.6874317322834642
0
LINE
8
BLACK
6
CONTINUOUS
10
7.209564606299212
20
-5.6874317322834642
11
7.2142033858267718
21
-5.6827929527559053
0
LINE
8
BLACK
6
CONTINUOUS
10
7.2142033858267718
20
-5.6827929527559053
11
7.2196579921259838
21
-5.6791483070866144
0
LINE
8
BLACK
6
CONTINUOUS
10
7.2196579921259838
20
-5.6791483070866144
11
7.2257188188976373
21
-5.6766378346456694
0
LINE
8
BLACK
6
CONTINUOUS
10
7.2257188188976373
20
-5.6766378346456694
11
7.2321529527559054
21
-5.675357992125984
0
LINE
8
BLACK
6
CONTINUOUS
10
7.2321529527559054
20
-5.675357992125984
11
7.2387131889763774
21
-5.675357992125984
0
LINE
8
BLACK
6
CONTINUOUS
10
7.2387131889763774
20
-5.675357992125984
11
7.2451473228346455
21
-5.6766378346456694
0
LINE
8
BLACK
6
CONTINUOUS
10
7.3451473228346451
20
-5.6766378346456694
11
7.3512081496062986
21
-5.6791483070866144
0
LINE
8
BLACK
6
CONTINUOUS
10
7.3512081496062986
20
-5.6791483070866144
11
7.3566627559055116
21
-5.6827929527559053
0
LINE
8
BLACK
6
CONTINUOUS
10
7.3566627559055116
20
-5.6827929527559053
11
7.3613015354330704
21
-5.6874317322834642
0
LINE
8
BLACK
6
CONTINUOUS
10
7.3613015354330704
20
-5.6874317322834642
11
7.3649461811023622
21
-5.6928863385826771
0
LINE
8
BLACK
6
CONTINUOUS
10
7.3649461811023622
20
-5.6928863385826771
11
7.3674566535433073
21
-5.6989471653543307
0
LINE
8
BLACK
6
CONTINUOUS
10
7.3674566535433073
20
-5.6989471653543307
11
7.3687364960629917
21
-5.7053812992125987
0
LINE
8
BLACK
6
CONTINUOUS
10
7.3687364960629917
20
-5.7053812992125987
11
7.3687364960629917
21
-5.7119415354330707
0
LINE
8
BLACK
6
CONTINUOUS
10
7.3687364960629917
20
-5.7119415354330707
11
7.3674566535433073
21
-5.7183756692913388
0
LINE
8
BLACK
6
CONTINUOUS
10
7.3674566535433073
20
-5.7183756692913388
11
7.3649461811023622
21
-5.7244364960629923
0
LINE
8
BLACK
6
CONTINUOUS
10
7.3649461811023622
20
-5.7244364960629923
11
7.3613015354330704
21
-5.7298911023622043
0
LINE
8
BLACK
6
CONTINUOUS
10
7.3613015354330704
20
-5.7298911023622043
11
7.3566627559055116
21
-5.7345298818897641
0
LINE
8
BLACK
6
CONTINUOUS
10
7.3566627559055116
20
-5.7345298818897641
11
7.3512081496062986
21
-5.738174527559055
0
LINE
8
BLACK
6
CONTINUOUS
10
7.3512081496062986
20
-5.738174527559055
11
7.3451473228346451
21
-5.740685
0
LINE
8
BLACK
6
CONTINUOUS
10
7.3451473228346451
20
-5.740685
11
7.3387131889763779
21
-5.7419648425196845
0
LINE
8
BLACK
6
CONTINUOUS
10
7.3387131889763779
20
-5.7419648425196845
11
7.3321529527559051
21
-5.7419648425196845
0
LINE
8
BLACK
6
CONTINUOUS
10
7.3321529527559051
20
-5.7419648425196845
11
7.3257188188976379
21
-5.740685
0
LINE
8
BLACK
6
CONTINUOUS
10
7.3257188188976379
20
-5.740685
11
7.3196579921259843
21
-5.738174527559055
0
LINE
8
BLACK
6
CONTINUOUS
10
7.3196579921259843
20
-5.738174527559055
11
7.3142033858267714
21
-5.7345298818897641
0
LINE
8
BLACK
6
CONTINUOUS
10
7.3142033858267714
20
-5.7345298818897641
11
7.3095646062992126
21
-5.7298911023622043
0
LINE
8
BLACK
6
CONTINUOUS
10
7.3095646062992126
20
-5.7298911023622043
11
7.3059199606299208
21
-5.7244364960629923
0
LINE
8
BLACK
6
CONTINUOUS
10
7.3059199606299208
20
-5.7244364960629923
11
7.3034094881889766
21
-5.7183756692913388
0
LINE
8
BLACK
6
CONTINUOUS
10
7.3034094881889766
20
-5.7183756692913388
11
7.3021296456692912
21
-5.7119415354330707
0
LINE
8
BLACK
6
CONTINUOUS
10
7.3021296456692912
20
-5.7119415354330707
11
7.3021296456692912
21
-5.7053812992125987
0
LINE
8
BLACK
6
CONTINUOUS
10
7.3021296456692912
20
-5.7053812992125987
11
7.3034094881889766
21
-5.6989471653543307
0
LINE
8
BLACK
6
CONTINUOUS
10
7.3034094881889766
20
-5.6989471653543307
11
7.3059199606299208
21
-5.6928863385826771
0
LINE
8
BLACK
6
CONTINUOUS
10
7.3059199606299208
20
-5.6928863385826771
11
7.3095646062992126
21
-5.6874317322834642
0
LINE
8
BLACK
6
CONTINUOUS
10
7.3095646062992126
20
-5.6874317322834642
11
7.3142033858267714
21
-5.6827929527559053
0
LINE
8
BLACK
6
CONTINUOUS
10
7.3142033858267714
20
-5.6827929527559053
11
7.3196579921259843
21
-5.6791483070866144
0
LINE
8
BLACK
6
CONTINUOUS
10
7.3196579921259843
20
-5.6791483070866144
11
7.3257188188976379
21
-5.6766378346456694
0
LINE
8
BLACK
6
CONTINUOUS
10
7.3257188188976379
20
-5.6766378346456694
11
7.3321529527559051
21
-5.675357992125984
0
LINE
8
BLACK
6
CONTINUOUS
10
7.3321529527559051
20
-5.675357992125984
11
7.3387131889763779
21
-5.675357992125984
0
LINE
8
BLACK
6
CONTINUOUS
10
7.3387131889763779
20
-5.675357992125984
11
7.3451473228346451
21
-5.6766378346456694
0
LINE
8
BLACK
6
CONTINUOUS
10
5.6479292519685034
20
-5.7110794488188974
11
5.6498451181102363
21
-5.7123596062992128
0
LINE
8
BLACK
6
CONTINUOUS
10
5.6498451181102363
20
-5.7123596062992128
11
5.6511252755905508
21
-5.7142754724409448
0
LINE
8
BLACK
6
CONTINUOUS
10
5.6511252755905508
20
-5.7142754724409448
11
5.6515748031496065
21
-5.7165354330708658
0
LINE
8
BLACK
6
CONTINUOUS
10
5.6515748031496065
20
-5.7165354330708658
11
5.6515748031496065
21
-5.728346456692913
0
LINE
8
BLACK
6
CONTINUOUS
10
5.6515748031496065
20
-5.728346456692913
11
5.6511252755905508
21
-5.7306064173228348
0
LINE
8
BLACK
6
CONTINUOUS
10
5.6511252755905508
20
-5.7306064173228348
11
5.6498451181102363
21
-5.7325222834645668
0
LINE
8
BLACK
6
CONTINUOUS
10
5.6498451181102363
20
-5.7325222834645668
11
5.6479292519685034
21
-5.7338024409448813
0
LINE
8
BLACK
6
CONTINUOUS
10
5.6479292519685034
20
-5.7338024409448813
11
5.6456692913385824
21
-5.734251968503937
0
LINE
8
BLACK
6
CONTINUOUS
10
5.6456692913385824
20
-5.734251968503937
11
5.6053149606299213
21
-5.734251968503937
0
LINE
8
BLACK
6
CONTINUOUS
10
5.6053149606299213
20
-5.734251968503937
11
5.6030549999999995
21
-5.7338024409448813
0
LINE
8
BLACK
6
CONTINUOUS
10
5.6030549999999995
20
-5.7338024409448813
11
5.6011391338582674
21
-5.7325222834645668
0
LINE
8
BLACK
6
CONTINUOUS
10
5.6011391338582674
20
-5.7325222834645668
11
5.5998589763779529
21
-5.7306064173228348
0
LINE
8
BLACK
6
CONTINUOUS
10
5.5998589763779529
20
-5.7306064173228348
11
5.5994094488188972
21
-5.728346456692913
0
LINE
8
BLACK
6
CONTINUOUS
10
5.5994094488188972
20
-5.728346456692913
11
5.5994094488188972
21
-5.7165354330708658
0
LINE
8
BLACK
6
CONTINUOUS
10
5.5994094488188972
20
-5.7165354330708658
11
5.5998589763779529
21
-5.7142754724409448
0
LINE
8
BLACK
6
CONTINUOUS
10
5.5998589763779529
20
-5.7142754724409448
11
5.6011391338582674
21
-5.7123596062992128
0
LINE
8
BLACK
6
CONTINUOUS
10
5.6011391338582674
20
-5.7123596062992128
11
5.6030549999999995
21
-5.7110794488188974
0
LINE
8
BLACK
6
CONTINUOUS
10
5.6030549999999995
20
-5.7110794488188974
11
5.6053149606299213
21
-5.7106299212598426
0
LINE
8
BLACK
6
CONTINUOUS
10
5.6053149606299213
20
-5.7106299212598426
11
5.6456692913385824
21
-5.7106299212598426
0
LINE
8
BLACK
6
CONTINUOUS
10
5.6456692913385824
20
-5.7106299212598426
11
5.6479292519685034
21
-5.7110794488188974
0
LINE
8
BLACK
6
CONTINUOUS
10
5.1870078740157481
20
-5.7224409448818898
11
5.1476377952755907
21
-5.7224409448818898
0
LINE
8
BLACK
6
CONTINUOUS
10
5.1476377952755907
20
-5.7224409448818898
11
5.1476377952755907
21
-5.6870078740157481
0
LINE
8
BLACK
6
CONTINUOUS
10
5.1476377952755907
20
-5.6870078740157481
11
5.1870078740157481
21
-5.6870078740157481
0
LINE
8
BLACK
6
CONTINUOUS
10
5.1870078740157481
20
-5.6870078740157481
11
5.1870078740157481
21
-5.7224409448818898
0
LINE
8
BLACK
6
CONTINUOUS
10
6.1170160629921257
20
-5.5737895275590548
11
6.121021377952756
21
-5.5761020078740158
0
LINE
8
BLACK
6
CONTINUOUS
10
6.121021377952756
20
-5.5761020078740158
11
6.1242916929133857
21
-5.5793723228346455
0
LINE
8
BLACK
6
CONTINUOUS
10
6.1242916929133857
20
-5.5793723228346455
11
6.1266041732283467
21
-5.5833776377952757
0
LINE
8
BLACK
6
CONTINUOUS
10
6.1266041732283467
20
-5.5833776377952757
11
6.1278011811023623
21
-5.5878449999999997
0
LINE
8
BLACK
6
CONTINUOUS
10
6.1278011811023623
20
-5.5878449999999997
11
6.127952755905512
21
-5.5901574803149607
0
LINE
8
BLACK
6
CONTINUOUS
10
6.127952755905512
20
-5.5901574803149607
11
6.127952755905512
21
-5.6059055118110237
0
LINE
8
BLACK
6
CONTINUOUS
10
6.127952755905512
20
-5.6059055118110237
11
6.1278011811023623
21
-5.6082179921259838
0
LINE
8
BLACK
6
CONTINUOUS
10
6.1278011811023623
20
-5.6082179921259838
11
6.1266041732283467
21
-5.6126853543307087
0
LINE
8
BLACK
6
CONTINUOUS
10
6.1266041732283467
20
-5.6126853543307087
11
6.1242916929133857
21
-5.6166906692913381
0
LINE
8
BLACK
6
CONTINUOUS
10
6.1242916929133857
20
-5.6166906692913381
11
6.121021377952756
21
-5.6199609842519687
0
LINE
8
BLACK
6
CONTINUOUS
10
6.121021377952756
20
-5.6199609842519687
11
6.1180898031496058
21
-5.6216535433070867
0
LINE
8
BLACK
6
CONTINUOUS
10
6.1180898031496058
20
-5.6216535433070867
11
6.1377952755905509
21
-5.6216535433070867
0
LINE
8
BLACK
6
CONTINUOUS
10
6.1377952755905509
20
-5.6216535433070867
11
6.1411851968503939
21
-5.6223278346456693
0
LINE
8
BLACK
6
CONTINUOUS
10
6.1411851968503939
20
-5.6223278346456693
11
6.1440590157480317
21
-5.624248070866142
0
LINE
8
BLACK
6
CONTINUOUS
10
6.1440590157480317
20
-5.624248070866142
11
6.1459792519685035
21
-5.6271218897637798
0
LINE
8
BLACK
6
CONTINUOUS
10
6.1459792519685035
20
-5.6271218897637798
11
6.1466535433070861
21
-5.6305118110236219
0
LINE
8
BLACK
6
CONTINUOUS
10
6.1466535433070861
20
-5.6305118110236219
11
6.1466535433070861
21
-5.6482283464566931
0
LINE
8
BLACK
6
CONTINUOUS
10
6.1466535433070861
20
-5.6482283464566931
11
6.1459792519685035
21
-5.6516182677165352
0
LINE
8
BLACK
6
CONTINUOUS
10
6.1459792519685035
20
-5.6516182677165352
11
6.1440590157480317
21
-5.654492086614173
0
LINE
8
BLACK
6
CONTINUOUS
10
6.1440590157480317
20
-5.654492086614173
11
6.1411851968503939
21
-5.6564123228346457
0
LINE
8
BLACK
6
CONTINUOUS
10
6.1411851968503939
20
-5.6564123228346457
11
6.1377952755905509
21
-5.6570866141732283
0
LINE
8
BLACK
6
CONTINUOUS
10
6.1377952755905509
20
-5.6570866141732283
11
6.1043307086614176
21
-5.6570866141732283
0
LINE
8
BLACK
6
CONTINUOUS
10
6.1043307086614176
20
-5.6570866141732283
11
6.1009407874015746
21
-5.6564123228346457
0
LINE
8
BLACK
6
CONTINUOUS
10
6.1009407874015746
20
-5.6564123228346457
11
6.0980669685039368
21
-5.654492086614173
0
LINE
8
BLACK
6
CONTINUOUS
10
6.0980669685039368
20
-5.654492086614173
11
6.0961467322834642
21
-5.6516182677165352
0
LINE
8
BLACK
6
CONTINUOUS
10
6.0961467322834642
20
-5.6516182677165352
11
6.0954724409448815
21
-5.6482283464566931
0
LINE
8
BLACK
6
CONTINUOUS
10
6.0954724409448815
20
-5.6482283464566931
11
6.0954724409448815
21
-5.6305118110236219
0
LINE
8
BLACK
6
CONTINUOUS
10
6.0954724409448815
20
-5.6305118110236219
11
6.0961467322834642
21
-5.6271218897637798
0
LINE
8
BLACK
6
CONTINUOUS
10
6.0961467322834642
20
-5.6271218897637798
11
6.0980669685039368
21
-5.624248070866142
0
LINE
8
BLACK
6
CONTINUOUS
10
6.0980669685039368
20
-5.624248070866142
11
6.1009407874015746
21
-5.6223278346456693
0
LINE
8
BLACK
6
CONTINUOUS
10
6.1009407874015746
20
-5.6223278346456693
11
6.1028818110236216
21
-5.6219417322834646
0
LINE
8
BLACK
6
CONTINUOUS
10
6.1028818110236216
20
-5.6219417322834646
11
6.0994510629921255
21
-5.6199609842519687
0
LINE
8
BLACK
6
CONTINUOUS
10
6.0994510629921255
20
-5.6199609842519687
11
6.0961807480314958
21
-5.6166906692913381
0
LINE
8
BLACK
6
CONTINUOUS
10
6.0961807480314958
20
-5.6166906692913381
11
6.0938682677165357
21
-5.6126853543307087
0
LINE
8
BLACK
6
CONTINUOUS
10
6.0938682677165357
20
-5.6126853543307087
11
6.0926712598425192
21
-5.6082179921259838
0
LINE
8
BLACK
6
CONTINUOUS
10
6.0926712598425192
20
-5.6082179921259838
11
6.0925196850393704
21
-5.6059055118110237
0
LINE
8
BLACK
6
CONTINUOUS
10
6.0925196850393704
20
-5.6059055118110237
11
6.0925196850393704
21
-5.5901574803149607
0
LINE
8
BLACK
6
CONTINUOUS
10
6.0925196850393704
20
-5.5901574803149607
11
6.0926712598425192
21
-5.5878449999999997
0
LINE
8
BLACK
6
CONTINUOUS
10
6.0926712598425192
20
-5.5878449999999997
11
6.0938682677165357
21
-5.5833776377952757
0
LINE
8
BLACK
6
CONTINUOUS
10
6.0938682677165357
20
-5.5833776377952757
11
6.0961807480314958
21
-5.5793723228346455
0
LINE
8
BLACK
6
CONTINUOUS
10
6.0961807480314958
20
-5.5793723228346455
11
6.0994510629921255
21
-5.5761020078740158
0
LINE
8
BLACK
6
CONTINUOUS
10
6.0994510629921255
20
-5.5761020078740158
11
6.1034563779527558
21
-5.5737895275590548
0
LINE
8
BLACK
6
CONTINUOUS
10
6.1034563779527558
20
-5.5737895275590548
11
6.1079237401574797
21
-5.5725925196850392
0
LINE
8
BLACK
6
CONTINUOUS
10
6.1079237401574797
20
-5.5725925196850392
11
6.1125487007874018
21
-5.5725925196850392
0
LINE
8
BLACK
6
CONTINUOUS
10
6.1125487007874018
20
-5.5725925196850392
11
6.1170160629921257
21
-5.5737895275590548
0
LINE
8
BLACK
6
CONTINUOUS
10
6.2843388976377952
20
-5.5737895275590548
11
6.2883442125984255
21
-5.5761020078740158
0
LINE
8
BLACK
6
CONTINUOUS
10
6.2883442125984255
20
-5.5761020078740158
11
6.2916145275590551
21
-5.5793723228346455
0
LINE
8
BLACK
6
CONTINUOUS
10
6.2916145275590551
20
-5.5793723228346455
11
6.2939270078740153
21
-5.5833776377952757
0
LINE
8
BLACK
6
CONTINUOUS
10
6.2939270078740153
20
-5.5833776377952757
11
6.2951240157480317
21
-5.5878449999999997
0
LINE
8
BLACK
6
CONTINUOUS
10
6.2951240157480317
20
-5.5878449999999997
11
6.2952755905511806
21
-5.5901574803149607
0
LINE
8
BLACK
6
CONTINUOUS
10
6.2952755905511806
20
-5.5901574803149607
11
6.2952755905511806
21
-5.6059055118110237
0
LINE
8
BLACK
6
CONTINUOUS
10
6.2952755905511806
20
-5.6059055118110237
11
6.2951240157480317
21
-5.6082179921259838
0
LINE
8
BLACK
6
CONTINUOUS
10
6.2951240157480317
20
-5.6082179921259838
11
6.2939270078740153
21
-5.6126853543307087
0
LINE
8
BLACK
6
CONTINUOUS
10
6.2939270078740153
20
-5.6126853543307087
11
6.2916145275590551
21
-5.6166906692913381
0
LINE
8
BLACK
6
CONTINUOUS
10
6.2916145275590551
20
-5.6166906692913381
11
6.2883442125984255
21
-5.6199609842519687
0
LINE
8
BLACK
6
CONTINUOUS
10
6.2883442125984255
20
-5.6199609842519687
11
6.2849134251968506
21
-5.6219417322834646
0
LINE
8
BLACK
6
CONTINUOUS
10
6.2849134251968506
20
-5.6219417322834646
11
6.2868544881889763
21
-5.6223278346456693
0
LINE
8
BLACK
6
CONTINUOUS
10
6.2868544881889763
20
-5.6223278346456693
11
6.2897283070866141
21
-5.624248070866142
0
LINE
8
BLACK
6
CONTINUOUS
10
6.2897283070866141
20
-5.624248070866142
11
6.2916485433070868
21
-5.6271218897637798
0
LINE
8
BLACK
6
CONTINUOUS
10
6.2916485433070868
20
-5.6271218897637798
11
6.2923228346456694
21
-5.6305118110236219
0
LINE
8
BLACK
6
CONTINUOUS
10
6.2923228346456694
20
-5.6305118110236219
11
6.2923228346456694
21
-5.6482283464566931
0
LINE
8
BLACK
6
CONTINUOUS
10
6.2923228346456694
20
-5.6482283464566931
11
6.2916485433070868
21
-5.6516182677165352
0
LINE
8
BLACK
6
CONTINUOUS
10
6.2916485433070868
20
-5.6516182677165352
11
6.2897283070866141
21
-5.654492086614173
0
LINE
8
BLACK
6
CONTINUOUS
10
6.2897283070866141
20
-5.654492086614173
11
6.2868544881889763
21
-5.6564123228346457
0
LINE
8
BLACK
6
CONTINUOUS
10
6.2868544881889763
20
-5.6564123228346457
11
6.2834645669291334
21
-5.6570866141732283
0
LINE
8
BLACK
6
CONTINUOUS
10
6.2834645669291334
20
-5.6570866141732283
11
6.25
21
-5.6570866141732283
0
LINE
8
BLACK
6
CONTINUOUS
10
6.25
20
-5.6570866141732283
11
6.2466100787401571
21
-5.6564123228346457
0
LINE
8
BLACK
6
CONTINUOUS
10
6.2466100787401571
20
-5.6564123228346457
11
6.2437362598425192
21
-5.654492086614173
0
LINE
8
BLACK
6
CONTINUOUS
10
6.2437362598425192
20
-5.654492086614173
11
6.2418160236220475
21
-5.6516182677165352
0
LINE
8
BLACK
6
CONTINUOUS
10
6.2418160236220475
20
-5.6516182677165352
11
6.2411417322834648
21
-5.6482283464566931
0
LINE
8
BLACK
6
CONTINUOUS
10
6.2411417322834648
20
-5.6482283464566931
11
6.2411417322834648
21
-5.6305118110236219
0
LINE
8
BLACK
6
CONTINUOUS
10
6.2411417322834648
20
-5.6305118110236219
11
6.2418160236220475
21
-5.6271218897637798
0
LINE
8
BLACK
6
CONTINUOUS
10
6.2418160236220475
20
-5.6271218897637798
11
6.2437362598425192
21
-5.624248070866142
0
LINE
8
BLACK
6
CONTINUOUS
10
6.2437362598425192
20
-5.624248070866142
11
6.2466100787401571
21
-5.6223278346456693
0
LINE
8
BLACK
6
CONTINUOUS
10
6.2466100787401571
20
-5.6223278346456693
11
6.25
21
-5.6216535433070867
0
LINE
8
BLACK
6
CONTINUOUS
10
6.25
20
-5.6216535433070867
11
6.2697054724409451
21
-5.6216535433070867
0
LINE
8
BLACK
6
CONTINUOUS
10
6.2697054724409451
20
-5.6216535433070867
11
6.2667738976377949
21
-5.6199609842519687
0
LINE
8
BLACK
6
CONTINUOUS
10
6.2667738976377949
20
-5.6199609842519687
11
6.2635035826771652
21
-5.6166906692913381
0
LINE
8
BLACK
6
CONTINUOUS
10
6.2635035826771652
20
-5.6166906692913381
11
6.2611911023622042
21
-5.6126853543307087
0
LINE
8
BLACK
6
CONTINUOUS
10
6.2611911023622042
20
-5.6126853543307087
11
6.2599940944881887
21
-5.6082179921259838
0
LINE
8
BLACK
6
CONTINUOUS
10
6.2599940944881887
20
-5.6082179921259838
11
6.2598425196850389
21
-5.6059055118110237
0
LINE
8
BLACK
6
CONTINUOUS
10
6.2598425196850389
20
-5.6059055118110237
11
6.2598425196850389
21
-5.5901574803149607
0
LINE
8
BLACK
6
CONTINUOUS
10
6.2598425196850389
20
-5.5901574803149607
11
6.2599940944881887
21
-5.5878449999999997
0
LINE
8
BLACK
6
CONTINUOUS
10
6.2599940944881887
20
-5.5878449999999997
11
6.2611911023622042
21
-5.5833776377952757
0
LINE
8
BLACK
6
CONTINUOUS
10
6.2611911023622042
20
-5.5833776377952757
11
6.2635035826771652
21
-5.5793723228346455
0
LINE
8
BLACK
6
CONTINUOUS
10
6.2635035826771652
20
-5.5793723228346455
11
6.2667738976377949
21
-5.5761020078740158
0
LINE
8
BLACK
6
CONTINUOUS
10
6.2667738976377949
20
-5.5761020078740158
11
6.2707792125984252
21
-5.5737895275590548
0
LINE
8
BLACK
6
CONTINUOUS
10
6.2707792125984252
20
-5.5737895275590548
11
6.2752465748031492
21
-5.5725925196850392
0
LINE
8
BLACK
6
CONTINUOUS
10
6.2752465748031492
20
-5.5725925196850392
11
6.2798715354330703
21
-5.5725925196850392
0
LINE
8
BLACK
6
CONTINUOUS
10
6.2798715354330703
20
-5.5725925196850392
11
6.2843388976377952
21
-5.5737895275590548
0
LINE
8
BLACK
6
CONTINUOUS
10
7.1451473228346458
20
-5.5766378346456689
11
7.1512081496062994
21
-5.5791483070866139
0
LINE
8
BLACK
6
CONTINUOUS
10
7.1512081496062994
20
-5.5791483070866139
11
7.1566627559055114
21
-5.5827929527559057
0
LINE
8
BLACK
6
CONTINUOUS
10
7.1566627559055114
20
-5.5827929527559057
11
7.1613015354330711
21
-5.5874317322834646
0
LINE
8
BLACK
6
CONTINUOUS
10
7.1613015354330711
20
-5.5874317322834646
11
7.164946181102362
21
-5.5928863385826775
0
LINE
8
BLACK
6
CONTINUOUS
10
7.164946181102362
20
-5.5928863385826775
11
7.1674566535433071
21
-5.598947165354331
0
LINE
8
BLACK
6
CONTINUOUS
10
7.1674566535433071
20
-5.598947165354331
11
7.1687364960629916
21
-5.6053812992125982
0
LINE
8
BLACK
6
CONTINUOUS
10
7.1687364960629916
20
-5.6053812992125982
11
7.1687364960629916
21
-5.6119415354330711
0
LINE
8
BLACK
6
CONTINUOUS
10
7.1687364960629916
20
-5.6119415354330711
11
7.1674566535433071
21
-5.6183756692913382
0
LINE
8
BLACK
6
CONTINUOUS
10
7.1674566535433071
20
-5.6183756692913382
11
7.164946181102362
21
-5.6244364960629918
0
LINE
8
BLACK
6
CONTINUOUS
10
7.164946181102362
20
-5.6244364960629918
11
7.1613015354330711
21
-5.6298911023622047
0
LINE
8
BLACK
6
CONTINUOUS
10
7.1613015354330711
20
-5.6298911023622047
11
7.1566627559055114
21
-5.6345298818897636
0
LINE
8
BLACK
6
CONTINUOUS
10
7.1566627559055114
20
-5.6345298818897636
11
7.1512081496062994
21
-5.6381745275590553
0
LINE
8
BLACK
6
CONTINUOUS
10
7.1512081496062994
20
-5.6381745275590553
11
7.1451473228346458
21
-5.6406849999999995
0
LINE
8
BLACK
6
CONTINUOUS
10
7.1451473228346458
20
-5.6406849999999995
11
7.1387131889763777
21
-5.6419648425196849
0
LINE
8
BLACK
6
CONTINUOUS
10
7.1387131889763777
20
-5.6419648425196849
11
7.1321529527559058
21
-5.6419648425196849
0
LINE
8
BLACK
6
CONTINUOUS
10
7.1321529527559058
20
-5.6419648425196849
11
7.1257188188976377
21
-5.6406849999999995
0
LINE
8
BLACK
6
CONTINUOUS
10
7.1257188188976377
20
-5.6406849999999995
11
7.1196579921259842
21
-5.6381745275590553
0
LINE
8
BLACK
6
CONTINUOUS
10
7.1196579921259842
20
-5.6381745275590553
11
7.1142033858267713
21
-5.6345298818897636
0
LINE
8
BLACK
6
CONTINUOUS
10
7.1142033858267713
20
-5.6345298818897636
11
7.1095646062992124
21
-5.6298911023622047
0
LINE
8
BLACK
6
CONTINUOUS
10
7.1095646062992124
20
-5.6298911023622047
11
7.1059199606299215
21
-5.6244364960629918
0
LINE
8
BLACK
6
CONTINUOUS
10
7.1059199606299215
20
-5.6244364960629918
11
7.1034094881889764
21
-5.6183756692913382
0
LINE
8
BLACK
6
CONTINUOUS
10
7.1034094881889764
20
-5.6183756692913382
11
7.1021296456692911
21
-5.6119415354330711
0
LINE
8
BLACK
6
CONTINUOUS
10
7.1021296456692911
20
-5.6119415354330711
11
7.1021296456692911
21
-5.6053812992125982
0
LINE
8
BLACK
6
CONTINUOUS
10
7.1021296456692911
20
-5.6053812992125982
11
7.1034094881889764
21
-5.598947165354331
0
LINE
8
BLACK
6
CONTINUOUS
10
7.1034094881889764
20
-5.598947165354331
11
7.1059199606299215
21
-5.5928863385826775
0
LINE
8
BLACK
6
CONTINUOUS
10
7.1059199606299215
20
-5.5928863385826775
11
7.1095646062992124
21
-5.5874317322834646
0
LINE
8
BLACK
6
CONTINUOUS
10
7.1095646062992124
20
-5.5874317322834646
11
7.1142033858267713
21
-5.5827929527559057
0
LINE
8
BLACK
6
CONTINUOUS
10
7.1142033858267713
20
-5.5827929527559057
11
7.1196579921259842
21
-5.5791483070866139
0
LINE
8
BLACK
6
CONTINUOUS
10
7.1196579921259842
20
-5.5791483070866139
11
7.1257188188976377
21
-5.5766378346456689
0
LINE
8
BLACK
6
CONTINUOUS
10
7.1257188188976377
20
-5.5766378346456689
11
7.1321529527559058
21
-5.5753579921259844
0
LINE
8
BLACK
6
CONTINUOUS
10
7.1321529527559058
20
-5.5753579921259844
11
7.1387131889763777
21
-5.5753579921259844
0
LINE
8
BLACK
6
CONTINUOUS
10
7.1387131889763777
20
-5.5753579921259844
11
7.1451473228346458
21
-5.5766378346456689
0
LINE
8
BLACK
6
CONTINUOUS
10
7.2451473228346455
20
-5.5766378346456689
11
7.251208149606299
21
-5.5791483070866139
0
LINE
8
BLACK
6
CONTINUOUS
10
7.251208149606299
20
-5.5791483070866139
11
7.2566627559055119
21
-5.5827929527559057
0
LINE
8
BLACK
6
CONTINUOUS
10
7.2566627559055119
20
-5.5827929527559057
11
7.2613015354330708
21
-5.5874317322834646
0
LINE
8
BLACK
6
CONTINUOUS
10
7.2613015354330708
20
-5.5874317322834646
11
7.2649461811023617
21
-5.5928863385826775
0
LINE
8
BLACK
6
CONTINUOUS
10
7.2649461811023617
20
-5.5928863385826775
11
7.2674566535433067
21
-5.598947165354331
0
LINE
8
BLACK
6
CONTINUOUS
10
7.2674566535433067
20
-5.598947165354331
11
7.2687364960629921
21
-5.6053812992125982
0
LINE
8
BLACK
6
CONTINUOUS
10
7.2687364960629921
20
-5.6053812992125982
11
7.2687364960629921
21
-5.6119415354330711
0
LINE
8
BLACK
6
CONTINUOUS
10
7.2687364960629921
20
-5.6119415354330711
11
7.2674566535433067
21
-5.6183756692913382
0
LINE
8
BLACK
6
CONTINUOUS
10
7.2674566535433067
20
-5.6183756692913382
11
7.2649461811023617
21
-5.6244364960629918
0
LINE
8
BLACK
6
CONTINUOUS
10
7.2649461811023617
20
-5.6244364960629918
11
7.2613015354330708
21
-5.6298911023622047
0
LINE
8
BLACK
6
CONTINUOUS
10
7.2613015354330708
20
-5.6298911023622047
11
7.2566627559055119
21
-5.6345298818897636
0
LINE
8
BLACK
6
CONTINUOUS
10
7.2566627559055119
20
-5.6345298818897636
11
7.251208149606299
21
-5.6381745275590553
0
LINE
8
BLACK
6
CONTINUOUS
10
7.251208149606299
20
-5.6381745275590553
11
7.2451473228346455
21
-5.6406849999999995
0
LINE
8
BLACK
6
CONTINUOUS
10
7.2451473228346455
20
-5.6406849999999995
11
7.2387131889763774
21
-5.6419648425196849
0
LINE
8
BLACK
6
CONTINUOUS
10
7.2387131889763774
20
-5.6419648425196849
11
7.2321529527559054
21
-5.6419648425196849
0
LINE
8
BLACK
6
CONTINUOUS
10
7.2321529527559054
20
-5.6419648425196849
11
7.2257188188976373
21
-5.6406849999999995
0
LINE
8
BLACK
6
CONTINUOUS
10
7.2257188188976373
20
-5.6406849999999995
11
7.2196579921259838
21
-5.6381745275590553
0
LINE
8
BLACK
6
CONTINUOUS
10
7.2196579921259838
20
-5.6381745275590553
11
7.2142033858267718
21
-5.6345298818897636
0
LINE
8
BLACK
6
CONTINUOUS
10
7.2142033858267718
20
-5.6345298818897636
11
7.209564606299212
21
-5.6298911023622047
0
LINE
8
BLACK
6
CONTINUOUS
10
7.209564606299212
20
-5.6298911023622047
11
7.2059199606299211
21
-5.6244364960629918
0
LINE
8
BLACK
6
CONTINUOUS
10
7.2059199606299211
20
-5.6244364960629918
11
7.2034094881889761
21
-5.6183756692913382
0
LINE
8
BLACK
6
CONTINUOUS
10
7.2034094881889761
20
-5.6183756692913382
11
7.2021296456692916
21
-5.6119415354330711
0
LINE
8
BLACK
6
CONTINUOUS
10
7.2021296456692916
20
-5.6119415354330711
11
7.2021296456692916
21
-5.6053812992125982
0
LINE
8
BLACK
6
CONTINUOUS
10
7.2021296456692916
20
-5.6053812992125982
11
7.2034094881889761
21
-5.598947165354331
0
LINE
8
BLACK
6
CONTINUOUS
10
7.2034094881889761
20
-5.598947165354331
11
7.2059199606299211
21
-5.5928863385826775
0
LINE
8
BLACK
6
CONTINUOUS
10
7.2059199606299211
20
-5.5928863385826775
11
7.209564606299212
21
-5.5874317322834646
0
LINE
8
BLACK
6
CONTINUOUS
10
7.209564606299212
20
-5.5874317322834646
11
7.2142033858267718
21
-5.5827929527559057
0
LINE
8
BLACK
6
CONTINUOUS
10
7.2142033858267718
20
-5.5827929527559057
11
7.2196579921259838
21
-5.5791483070866139
0
LINE
8
BLACK
6
CONTINUOUS
10
7.2196579921259838
20
-5.5791483070866139
11
7.2257188188976373
21
-5.5766378346456689
0
LINE
8
BLACK
6
CONTINUOUS
10
7.2257188188976373
20
-5.5766378346456689
11
7.2321529527559054
21
-5.5753579921259844
0
LINE
8
BLACK
6
CONTINUOUS
10
7.2321529527559054
20
-5.5753579921259844
11
7.2387131889763774
21
-5.5753579921259844
0
LINE
8
BLACK
6
CONTINUOUS
10
7.2387131889763774
20
-5.5753579921259844
11
7.2451473228346455
21
-5.5766378346456689
0
LINE
8
BLACK
6
CONTINUOUS
10
7.3451473228346451
20
-5.5766378346456689
11
7.3512081496062986
21
-5.5791483070866139
0
LINE
8
BLACK
6
CONTINUOUS
10
7.3512081496062986
20
-5.5791483070866139
11
7.3566627559055116
21
-5.5827929527559057
0
LINE
8
BLACK
6
CONTINUOUS
10
7.3566627559055116
20
-5.5827929527559057
11
7.3613015354330704
21
-5.5874317322834646
0
LINE
8
BLACK
6
CONTINUOUS
10
7.3613015354330704
20
-5.5874317322834646
11
7.3649461811023622
21
-5.5928863385826775
0
LINE
8
BLACK
6
CONTINUOUS
10
7.3649461811023622
20
-5.5928863385826775
11
7.3674566535433073
21
-5.598947165354331
0
LINE
8
BLACK
6
CONTINUOUS
10
7.3674566535433073
20
-5.598947165354331
11
7.3687364960629917
21
-5.6053812992125982
0
LINE
8
BLACK
6
CONTINUOUS
10
7.3687364960629917
20
-5.6053812992125982
11
7.3687364960629917
21
-5.6119415354330711
0
LINE
8
BLACK
6
CONTINUOUS
10
7.3687364960629917
20
-5.6119415354330711
11
7.3674566535433073
21
-5.6183756692913382
0
LINE
8
BLACK
6
CONTINUOUS
10
7.3674566535433073
20
-5.6183756692913382
11
7.3649461811023622
21
-5.6244364960629918
0
LINE
8
BLACK
6
CONTINUOUS
10
7.3649461811023622
20
-5.6244364960629918
11
7.3613015354330704
21
-5.6298911023622047
0
LINE
8
BLACK
6
CONTINUOUS
10
7.3613015354330704
20
-5.6298911023622047
11
7.3566627559055116
21
-5.6345298818897636
0
LINE
8
BLACK
6
CONTINUOUS
10
7.3566627559055116
20
-5.6345298818897636
11
7.3512081496062986
21
-5.6381745275590553
0
LINE
8
BLACK
6
CONTINUOUS
10
7.3512081496062986
20
-5.6381745275590553
11
7.3451473228346451
21
-5.6406849999999995
0
LINE
8
BLACK
6
CONTINUOUS
10
7.3451473228346451
20
-5.6406849999999995
11
7.3387131889763779
21
-5.6419648425196849
0
LINE
8
BLACK
6
CONTINUOUS
10
7.3387131889763779
20
-5.6419648425196849
11
7.3321529527559051
21
-5.6419648425196849
0
LINE
8
BLACK
6
CONTINUOUS
10
7.3321529527559051
20
-5.6419648425196849
11
7.3257188188976379
21
-5.6406849999999995
0
LINE
8
BLACK
6
CONTINUOUS
10
7.3257188188976379
20
-5.6406849999999995
11
7.3196579921259843
21
-5.6381745275590553
0
LINE
8
BLACK
6
CONTINUOUS
10
7.3196579921259843
20
-5.6381745275590553
11
7.3142033858267714
21
-5.6345298818897636
0
LINE
8
BLACK
6
CONTINUOUS
10
7.3142033858267714
20
-5.6345298818897636
11
7.3095646062992126
21
-5.6298911023622047
0
LINE
8
BLACK
6
CONTINUOUS
10
7.3095646062992126
20
-5.6298911023622047
11
7.3059199606299208
21
-5.6244364960629918
0
LINE
8
BLACK
6
CONTINUOUS
10
7.3059199606299208
20
-5.6244364960629918
11
7.3034094881889766
21
-5.6183756692913382
0
LINE
8
BLACK
6
CONTINUOUS
10
7.3034094881889766
20
-5.6183756692913382
11
7.3021296456692912
21
-5.6119415354330711
0
LINE
8
BLACK
6
CONTINUOUS
10
7.3021296456692912
20
-5.6119415354330711
11
7.3021296456692912
21
-5.6053812992125982
0
LINE
8
BLACK
6
CONTINUOUS
10
7.3021296456692912
20
-5.6053812992125982
11
7.3034094881889766
21
-5.598947165354331
0
LINE
8
BLACK
6
CONTINUOUS
10
7.3034094881889766
20
-5.598947165354331
11
7.3059199606299208
21
-5.5928863385826775
0
LINE
8
BLACK
6
CONTINUOUS
10
7.3059199606299208
20
-5.5928863385826775
11
7.3095646062992126
21
-5.5874317322834646
0
LINE
8
BLACK
6
CONTINUOUS
10
7.3095646062992126
20
-5.5874317322834646
11
7.3142033858267714
21
-5.5827929527559057
0
LINE
8
BLACK
6
CONTINUOUS
10
7.3142033858267714
20
-5.5827929527559057
11
7.3196579921259843
21
-5.5791483070866139
0
LINE
8
BLACK
6
CONTINUOUS
10
7.3196579921259843
20
-5.5791483070866139
11
7.3257188188976379
21
-5.5766378346456689
0
LINE
8
BLACK
6
CONTINUOUS
10
7.3257188188976379
20
-5.5766378346456689
11
7.3321529527559051
21
-5.5753579921259844
0
LINE
8
BLACK
6
CONTINUOUS
10
7.3321529527559051
20
-5.5753579921259844
11
7.3387131889763779
21
-5.5753579921259844
0
LINE
8
BLACK
6
CONTINUOUS
10
7.3387131889763779
20
-5.5753579921259844
11
7.3451473228346451
21
-5.5766378346456689
0
LINE
8
BLACK
6
CONTINUOUS
10
6.8669291338582674
20
-5.6240157480314963
11
6.7999999999999998
21
-5.6240157480314963
0
LINE
8
BLACK
6
CONTINUOUS
10
6.7999999999999998
20
-5.6240157480314963
11
6.7999999999999998
21
-5.5570866141732278
0
LINE
8
BLACK
6
CONTINUOUS
10
6.7999999999999998
20
-5.5570866141732278
11
6.8669291338582674
21
-5.5570866141732278
0
LINE
8
BLACK
6
CONTINUOUS
10
6.8669291338582674
20
-5.5570866141732278
11
6.8669291338582674
21
-5.6240157480314963
0
LINE
8
BLACK
6
CONTINUOUS
10
6.5431788188976379
20
-5.5585275984251963
11
6.5492396456692914
21
-5.5610380708661413
0
LINE
8
BLACK
6
CONTINUOUS
10
6.5492396456692914
20
-5.5610380708661413
11
6.5546942519685034
21
-5.5646827165354331
0
LINE
8
BLACK
6
CONTINUOUS
10
6.5546942519685034
20
-5.5646827165354331
11
6.5593330314960632
21
-5.569321496062992
0
LINE
8
BLACK
6
CONTINUOUS
10
6.5593330314960632
20
-5.569321496062992
11
6.5629776771653541
21
-5.5747761023622049
0
LINE
8
BLACK
6
CONTINUOUS
10
6.5629776771653541
20
-5.5747761023622049
11
6.5654881496062991
21
-5.5808369291338584
0
LINE
8
BLACK
6
CONTINUOUS
10
6.5654881496062991
20
-5.5808369291338584
11
6.5667679921259845
21
-5.5872710629921256
0
LINE
8
BLACK
6
CONTINUOUS
10
6.5667679921259845
20
-5.5872710629921256
11
6.5667679921259845
21
-5.5938312992125985
0
LINE
8
BLACK
6
CONTINUOUS
10
6.5667679921259845
20
-5.5938312992125985
11
6.5654881496062991
21
-5.6002654330708657
0
LINE
8
BLACK
6
CONTINUOUS
10
6.5654881496062991
20
-5.6002654330708657
11
6.5629776771653541
21
-5.6063262598425192
0
LINE
8
BLACK
6
CONTINUOUS
10
6.5629776771653541
20
-5.6063262598425192
11
6.5593330314960632
21
-5.6117808661417321
0
LINE
8
BLACK
6
CONTINUOUS
10
6.5593330314960632
20
-5.6117808661417321
11
6.5546942519685034
21
-5.616419645669291
0
LINE
8
BLACK
6
CONTINUOUS
10
6.5546942519685034
20
-5.616419645669291
11
6.5492396456692914
21
-5.6200642913385828
0
LINE
8
BLACK
6
CONTINUOUS
10
6.5492396456692914
20
-5.6200642913385828
11
6.5431788188976379
21
-5.6225747637795278
0
LINE
8
BLACK
6
CONTINUOUS
10
6.5431788188976379
20
-5.6225747637795278
11
6.5367446850393698
21
-5.6238546062992123
0
LINE
8
BLACK
6
CONTINUOUS
10
6.5367446850393698
20
-5.6238546062992123
11
6.5301844488188978
21
-5.6238546062992123
0
LINE
8
BLACK
6
CONTINUOUS
10
6.5301844488188978
20
-5.6238546062992123
11
6.5237503149606297
21
-5.6225747637795278
0
LINE
8
BLACK
6
CONTINUOUS
10
6.5237503149606297
20
-5.6225747637795278
11
6.5176894881889762
21
-5.6200642913385828
0
LINE
8
BLACK
6
CONTINUOUS
10
6.5176894881889762
20
-5.6200642913385828
11
6.5122348818897633
21
-5.616419645669291
0
LINE
8
BLACK
6
CONTINUOUS
10
6.5122348818897633
20
-5.616419645669291
11
6.5075961023622044
21
-5.6117808661417321
0
LINE
8
BLACK
6
CONTINUOUS
10
6.5075961023622044
20
-5.6117808661417321
11
6.5039514566929135
21
-5.6063262598425192
0
LINE
8
BLACK
6
CONTINUOUS
10
6.5039514566929135
20
-5.6063262598425192
11
6.5014409842519685
21
-5.6002654330708657
0
LINE
8
BLACK
6
CONTINUOUS
10
6.5014409842519685
20
-5.6002654330708657
11
6.5001611417322831
21
-5.5938312992125985
0
LINE
8
BLACK
6
CONTINUOUS
10
6.5001611417322831
20
-5.5938312992125985
11
6.5001611417322831
21
-5.5872710629921256
0
LINE
8
BLACK
6
CONTINUOUS
10
6.5001611417322831
20
-5.5872710629921256
11
6.5014409842519685
21
-5.5808369291338584
0
LINE
8
BLACK
6
CONTINUOUS
10
6.5014409842519685
20
-5.5808369291338584
11
6.5039514566929135
21
-5.5747761023622049
0
LINE
8
BLACK
6
CONTINUOUS
10
6.5039514566929135
20
-5.5747761023622049
11
6.5075961023622044
21
-5.569321496062992
0
LINE
8
BLACK
6
CONTINUOUS
10
6.5075961023622044
20
-5.569321496062992
11
6.5122348818897633
21
-5.5646827165354331
0
LINE
8
BLACK
6
CONTINUOUS
10
6.5122348818897633
20
-5.5646827165354331
11
6.5176894881889762
21
-5.5610380708661413
0
LINE
8
BLACK
6
CONTINUOUS
10
6.5176894881889762
20
-5.5610380708661413
11
6.5237503149606297
21
-5.5585275984251963
0
LINE
8
BLACK
6
CONTINUOUS
10
6.5237503149606297
20
-5.5585275984251963
11
6.5301844488188978
21
-5.5572477559055118
0
LINE
8
BLACK
6
CONTINUOUS
10
6.5301844488188978
20
-5.5572477559055118
11
6.5367446850393698
21
-5.5572477559055118
0
LINE
8
BLACK
6
CONTINUOUS
10
6.5367446850393698
20
-5.5572477559055118
11
6.5431788188976379
21
-5.5585275984251963
0
LINE
8
BLACK
6
CONTINUOUS
10
6.6431788188976375
20
-5.5585275984251963
11
6.649239645669291
21
-5.5610380708661413
0
LINE
8
BLACK
6
CONTINUOUS
10
6.649239645669291
20
-5.5610380708661413
11
6.6546942519685039
21
-5.5646827165354331
0
LINE
8
BLACK
6
CONTINUOUS
10
6.6546942519685039
20
-5.5646827165354331
11
6.6593330314960628
21
-5.569321496062992
0
LINE
8
BLACK
6
CONTINUOUS
10
6.6593330314960628
20
-5.569321496062992
11
6.6629776771653546
21
-5.5747761023622049
0
LINE
8
BLACK
6
CONTINUOUS
10
6.6629776771653546
20
-5.5747761023622049
11
6.6654881496062988
21
-5.5808369291338584
0
LINE
8
BLACK
6
CONTINUOUS
10
6.6654881496062988
20
-5.5808369291338584
11
6.6667679921259841
21
-5.5872710629921256
0
LINE
8
BLACK
6
CONTINUOUS
10
6.6667679921259841
20
-5.5872710629921256
11
6.6667679921259841
21
-5.5938312992125985
0
LINE
8
BLACK
6
CONTINUOUS
10
6.6667679921259841
20
-5.5938312992125985
11
6.6654881496062988
21
-5.6002654330708657
0
LINE
8
BLACK
6
CONTINUOUS
10
6.6654881496062988
20
-5.6002654330708657
11
6.6629776771653546
21
-5.6063262598425192
0
LINE
8
BLACK
6
CONTINUOUS
10
6.6629776771653546
20
-5.6063262598425192
11
6.6593330314960628
21
-5.6117808661417321
0
LINE
8
BLACK
6
CONTINUOUS
10
6.6593330314960628
20
-5.6117808661417321
11
6.6546942519685039
21
-5.616419645669291
0
LINE
8
BLACK
6
CONTINUOUS
10
6.6546942519685039
20
-5.616419645669291
11
6.649239645669291
21
-5.6200642913385828
0
LINE
8
BLACK
6
CONTINUOUS
10
6.649239645669291
20
-5.6200642913385828
11
6.6431788188976375
21
-5.6225747637795278
0
LINE
8
BLACK
6
CONTINUOUS
10
6.6431788188976375
20
-5.6225747637795278
11
6.6367446850393703
21
-5.6238546062992123
0
LINE
8
BLACK
6
CONTINUOUS
10
6.6367446850393703
20
-5.6238546062992123
11
6.6301844488188975
21
-5.6238546062992123
0
LINE
8
BLACK
6
CONTINUOUS
10
6.6301844488188975
20
-5.6238546062992123
11
6.6237503149606294
21
-5.6225747637795278
0
LINE
8
BLACK
6
CONTINUOUS
10
6.6237503149606294
20
-5.6225747637795278
11
6.6176894881889758
21
-5.6200642913385828
0
LINE
8
BLACK
6
CONTINUOUS
10
6.6176894881889758
20
-5.6200642913385828
11
6.6122348818897638
21
-5.616419645669291
0
LINE
8
BLACK
6
CONTINUOUS
10
6.6122348818897638
20
-5.616419645669291
11
6.607596102362205
21
-5.6117808661417321
0
LINE
8
BLACK
6
CONTINUOUS
10
6.607596102362205
20
-5.6117808661417321
11
6.6039514566929132
21
-5.6063262598425192
0
LINE
8
BLACK
6
CONTINUOUS
10
6.6039514566929132
20
-5.6063262598425192
11
6.6014409842519681
21
-5.6002654330708657
0
LINE
8
BLACK
6
CONTINUOUS
10
6.6014409842519681
20
-5.6002654330708657
11
6.6001611417322836
21
-5.5938312992125985
0
LINE
8
BLACK
6
CONTINUOUS
10
6.6001611417322836
20
-5.5938312992125985
11
6.6001611417322836
21
-5.5872710629921256
0
LINE
8
BLACK
6
CONTINUOUS
10
6.6001611417322836
20
-5.5872710629921256
11
6.6014409842519681
21
-5.5808369291338584
0
LINE
8
BLACK
6
CONTINUOUS
10
6.6014409842519681
20
-5.5808369291338584
11
6.6039514566929132
21
-5.5747761023622049
0
LINE
8
BLACK
6
CONTINUOUS
10
6.6039514566929132
20
-5.5747761023622049
11
6.607596102362205
21
-5.569321496062992
0
LINE
8
BLACK
6
CONTINUOUS
10
6.607596102362205
20
-5.569321496062992
11
6.6122348818897638
21
-5.5646827165354331
0
LINE
8
BLACK
6
CONTINUOUS
10
6.6122348818897638
20
-5.5646827165354331
11
6.6176894881889758
21
-5.5610380708661413
0
LINE
8
BLACK
6
CONTINUOUS
10
6.6176894881889758
20
-5.5610380708661413
11
6.6237503149606294
21
-5.5585275984251963
0
LINE
8
BLACK
6
CONTINUOUS
10
6.6237503149606294
20
-5.5585275984251963
11
6.6301844488188975
21
-5.5572477559055118
0
LINE
8
BLACK
6
CONTINUOUS
10
6.6301844488188975
20
-5.5572477559055118
11
6.6367446850393703
21
-5.5572477559055118
0
LINE
8
BLACK
6
CONTINUOUS
10
6.6367446850393703
20
-5.5572477559055118
11
6.6431788188976375
21
-5.5585275984251963
0
LINE
8
BLACK
6
CONTINUOUS
10
6.743178818897638
20
-5.5585275984251963
11
6.7492396456692916
21
-5.5610380708661413
0
LINE
8
BLACK
6
CONTINUOUS
10
6.7492396456692916
20
-5.5610380708661413
11
6.7546942519685036
21
-5.5646827165354331
0
LINE
8
BLACK
6
CONTINUOUS
10
6.7546942519685036
20
-5.5646827165354331
11
6.7593330314960625
21
-5.569321496062992
0
LINE
8
BLACK
6
CONTINUOUS
10
6.7593330314960625
20
-5.569321496062992
11
6.7629776771653543
21
-5.5747761023622049
0
LINE
8
BLACK
6
CONTINUOUS
10
6.7629776771653543
20
-5.5747761023622049
11
6.7654881496062993
21
-5.5808369291338584
0
LINE
8
BLACK
6
CONTINUOUS
10
6.7654881496062993
20
-5.5808369291338584
11
6.7667679921259838
21
-5.5872710629921256
0
LINE
8
BLACK
6
CONTINUOUS
10
6.7667679921259838
20
-5.5872710629921256
11
6.7667679921259838
21
-5.5938312992125985
0
LINE
8
BLACK
6
CONTINUOUS
10
6.7667679921259838
20
-5.5938312992125985
11
6.7654881496062993
21
-5.6002654330708657
0
LINE
8
BLACK
6
CONTINUOUS
10
6.7654881496062993
20
-5.6002654330708657
11
6.7629776771653543
21
-5.6063262598425192
0
LINE
8
BLACK
6
CONTINUOUS
10
6.7629776771653543
20
-5.6063262598425192
11
6.7593330314960625
21
-5.6117808661417321
0
LINE
8
BLACK
6
CONTINUOUS
10
6.7593330314960625
20
-5.6117808661417321
11
6.7546942519685036
21
-5.616419645669291
0
LINE
8
BLACK
6
CONTINUOUS
10
6.7546942519685036
20
-5.616419645669291
11
6.7492396456692916
21
-5.6200642913385828
0
LINE
8
BLACK
6
CONTINUOUS
10
6.7492396456692916
20
-5.6200642913385828
11
6.743178818897638
21
-5.6225747637795278
0
LINE
8
BLACK
6
CONTINUOUS
10
6.743178818897638
20
-5.6225747637795278
11
6.73674468503937
21
-5.6238546062992123
0
LINE
8
BLACK
6
CONTINUOUS
10
6.73674468503937
20
-5.6238546062992123
11
6.7301844488188971
21
-5.6238546062992123
0
LINE
8
BLACK
6
CONTINUOUS
10
6.7301844488188971
20
-5.6238546062992123
11
6.7237503149606299
21
-5.6225747637795278
0
LINE
8
BLACK
6
CONTINUOUS
10
6.7237503149606299
20
-5.6225747637795278
11
6.7176894881889764
21
-5.6200642913385828
0
LINE
8
BLACK
6
CONTINUOUS
10
6.7176894881889764
20
-5.6200642913385828
11
6.7122348818897635
21
-5.616419645669291
0
LINE
8
BLACK
6
CONTINUOUS
10
6.7122348818897635
20
-5.616419645669291
11
6.7075961023622046
21
-5.6117808661417321
0
LINE
8
BLACK
6
CONTINUOUS
10
6.7075961023622046
20
-5.6117808661417321
11
6.7039514566929128
21
-5.6063262598425192
0
LINE
8
BLACK
6
CONTINUOUS
10
6.7039514566929128
20
-5.6063262598425192
11
6.7014409842519687
21
-5.6002654330708657
0
LINE
8
BLACK
6
CONTINUOUS
10
6.7014409842519687
20
-5.6002654330708657
11
6.7001611417322833
21
-5.5938312992125985
0
LINE
8
BLACK
6
CONTINUOUS
10
6.7001611417322833
20
-5.5938312992125985
11
6.7001611417322833
21
-5.5872710629921256
0
LINE
8
BLACK
6
CONTINUOUS
10
6.7001611417322833
20
-5.5872710629921256
11
6.7014409842519687
21
-5.5808369291338584
0
LINE
8
BLACK
6
CONTINUOUS
10
6.7014409842519687
20
-5.5808369291338584
11
6.7039514566929128
21
-5.5747761023622049
0
LINE
8
BLACK
6
CONTINUOUS
10
6.7039514566929128
20
-5.5747761023622049
11
6.7075961023622046
21
-5.569321496062992
0
LINE
8
BLACK
6
CONTINUOUS
10
6.7075961023622046
20
-5.569321496062992
11
6.7122348818897635
21
-5.5646827165354331
0
LINE
8
BLACK
6
CONTINUOUS
10
6.7122348818897635
20
-5.5646827165354331
11
6.7176894881889764
21
-5.5610380708661413
0
LINE
8
BLACK
6
CONTINUOUS
10
6.7176894881889764
20
-5.5610380708661413
11
6.7237503149606299
21
-5.5585275984251963
0
LINE
8
BLACK
6
CONTINUOUS
10
6.7237503149606299
20
-5.5585275984251963
11
6.7301844488188971
21
-5.5572477559055118
0
LINE
8
BLACK
6
CONTINUOUS
10
6.7301844488188971
20
-5.5572477559055118
11
6.73674468503937
21
-5.5572477559055118
0
LINE
8
BLACK
6
CONTINUOUS
10
6.73674468503937
20
-5.5572477559055118
11
6.743178818897638
21
-5.5585275984251963
0
LINE
8
BLACK
6
CONTINUOUS
10
6.1558761023622042
20
-5.527727283464567
11
6.1582709842519687
21
-5.5293274409448818
0
LINE
8
BLACK
6
CONTINUOUS
10
6.1582709842519687
20
-5.5293274409448818
11
6.1598711417322836
21
-5.5317223228346455
0
LINE
8
BLACK
6
CONTINUOUS
10
6.1598711417322836
20
-5.5317223228346455
11
6.1604330708661417
21
-5.5345472440944885
0
LINE
8
BLACK
6
CONTINUOUS
10
6.1604330708661417
20
-5.5345472440944885
11
6.1604330708661417
21
-5.5906496062992126
0
LINE
8
BLACK
6
CONTINUOUS
10
6.1604330708661417
20
-5.5906496062992126
11
6.1598711417322836
21
-5.5934745275590547
0
LINE
8
BLACK
6
CONTINUOUS
10
6.1598711417322836
20
-5.5934745275590547
11
6.1582709842519687
21
-5.5958694094488184
0
LINE
8
BLACK
6
CONTINUOUS
10
6.1582709842519687
20
-5.5958694094488184
11
6.1558761023622042
21
-5.5974695669291341
0
LINE
8
BLACK
6
CONTINUOUS
10
6.1558761023622042
20
-5.5974695669291341
11
6.153051181102362
21
-5.5980314960629922
0
LINE
8
BLACK
6
CONTINUOUS
10
6.153051181102362
20
-5.5980314960629922
11
6.1382874015748028
21
-5.5980314960629922
0
LINE
8
BLACK
6
CONTINUOUS
10
6.1382874015748028
20
-5.5980314960629922
11
6.1354624803149607
21
-5.5974695669291341
0
LINE
8
BLACK
6
CONTINUOUS
10
6.1354624803149607
20
-5.5974695669291341
11
6.133067598425197
21
-5.5958694094488184
0
LINE
8
BLACK
6
CONTINUOUS
10
6.133067598425197
20
-5.5958694094488184
11
6.1314674409448822
21
-5.5934745275590547
0
LINE
8
BLACK
6
CONTINUOUS
10
6.1314674409448822
20
-5.5934745275590547
11
6.1309055118110232
21
-5.5906496062992126
0
LINE
8
BLACK
6
CONTINUOUS
10
6.1309055118110232
20
-5.5906496062992126
11
6.1309055118110232
21
-5.5345472440944885
0
LINE
8
BLACK
6
CONTINUOUS
10
6.1309055118110232
20
-5.5345472440944885
11
6.1314674409448822
21
-5.5317223228346455
0
LINE
8
BLACK
6
CONTINUOUS
10
6.1314674409448822
20
-5.5317223228346455
11
6.133067598425197
21
-5.5293274409448818
0
LINE
8
BLACK
6
CONTINUOUS
10
6.133067598425197
20
-5.5293274409448818
11
6.1354624803149607
21
-5.527727283464567
0
LINE
8
BLACK
6
CONTINUOUS
10
6.1354624803149607
20
-5.527727283464567
11
6.1382874015748028
21
-5.5271653543307089
0
LINE
8
BLACK
6
CONTINUOUS
10
6.1382874015748028
20
-5.5271653543307089
11
6.153051181102362
21
-5.5271653543307089
0
LINE
8
BLACK
6
CONTINUOUS
10
6.153051181102362
20
-5.5271653543307089
11
6.1558761023622042
21
-5.527727283464567
0
LINE
8
BLACK
6
CONTINUOUS
10
6.20206311023622
20
-5.5276148818897637
11
6.2039789763779529
21
-5.5288950393700782
0
LINE
8
BLACK
6
CONTINUOUS
10
6.2039789763779529
20
-5.5288950393700782
11
6.2052591338582674
21
-5.5308109055118111
0
LINE
8
BLACK
6
CONTINUOUS
10
6.2052591338582674
20
-5.5308109055118111
11
6.2057086614173231
21
-5.533070866141732
0
LINE
8
BLACK
6
CONTINUOUS
10
6.2057086614173231
20
-5.533070866141732
11
6.2057086614173231
21
-5.5921259842519682
0
LINE
8
BLACK
6
CONTINUOUS
10
6.2057086614173231
20
-5.5921259842519682
11
6.2052591338582674
21
-5.59438594488189
0
LINE
8
BLACK
6
CONTINUOUS
10
6.2052591338582674
20
-5.59438594488189
11
6.2039789763779529
21
-5.596301811023622
0
LINE
8
BLACK
6
CONTINUOUS
10
6.2039789763779529
20
-5.596301811023622
11
6.20206311023622
21
-5.5975819685039365
0
LINE
8
BLACK
6
CONTINUOUS
10
6.20206311023622
20
-5.5975819685039365
11
6.1998031496062991
21
-5.5980314960629922
0
LINE
8
BLACK
6
CONTINUOUS
10
6.1998031496062991
20
-5.5980314960629922
11
6.1879921259842519
21
-5.5980314960629922
0
LINE
8
BLACK
6
CONTINUOUS
10
6.1879921259842519
20
-5.5980314960629922
11
6.1857321653543309
21
-5.5975819685039365
0
LINE
8
BLACK
6
CONTINUOUS
10
6.1857321653543309
20
-5.5975819685039365
11
6.183816299212598
21
-5.596301811023622
0
LINE
8
BLACK
6
CONTINUOUS
10
6.183816299212598
20
-5.596301811023622
11
6.1825361417322835
21
-5.59438594488189
0
LINE
8
BLACK
6
CONTINUOUS
10
6.1825361417322835
20
-5.59438594488189
11
6.1820866141732278
21
-5.5921259842519682
0
LINE
8
BLACK
6
CONTINUOUS
10
6.1820866141732278
20
-5.5921259842519682
11
6.1820866141732278
21
-5.533070866141732
0
LINE
8
BLACK
6
CONTINUOUS
10
6.1820866141732278
20
-5.533070866141732
11
6.1825361417322835
21
-5.5308109055118111
0
LINE
8
BLACK
6
CONTINUOUS
10
6.1825361417322835
20
-5.5308109055118111
11
6.183816299212598
21
-5.5288950393700782
0
LINE
8
BLACK
6
CONTINUOUS
10
6.183816299212598
20
-5.5288950393700782
11
6.1857321653543309
21
-5.5276148818897637
0
LINE
8
BLACK
6
CONTINUOUS
10
6.1857321653543309
20
-5.5276148818897637
11
6.1879921259842519
21
-5.5271653543307089
0
LINE
8
BLACK
6
CONTINUOUS
10
6.1879921259842519
20
-5.5271653543307089
11
6.1998031496062991
21
-5.5271653543307089
0
LINE
8
BLACK
6
CONTINUOUS
10
6.1998031496062991
20
-5.5271653543307089
11
6.20206311023622
21
-5.5276148818897637
0
LINE
8
BLACK
6
CONTINUOUS
10
6.2523327952755903
20
-5.527727283464567
11
6.2547276771653539
21
-5.5293274409448818
0
LINE
8
BLACK
6
CONTINUOUS
10
6.2547276771653539
20
-5.5293274409448818
11
6.2563278346456688
21
-5.5317223228346455
0
LINE
8
BLACK
6
CONTINUOUS
10
6.2563278346456688
20
-5.5317223228346455
11
6.2568897637795278
21
-5.5345472440944885
0
LINE
8
BLACK
6
CONTINUOUS
10
6.2568897637795278
20
-5.5345472440944885
11
6.2568897637795278
21
-5.5906496062992126
0
LINE
8
BLACK
6
CONTINUOUS
10
6.2568897637795278
20
-5.5906496062992126
11
6.2563278346456688
21
-5.5934745275590547
0
LINE
8
BLACK
6
CONTINUOUS
10
6.2563278346456688
20
-5.5934745275590547
11
6.2547276771653539
21
-5.5958694094488184
0
LINE
8
BLACK
6
CONTINUOUS
10
6.2547276771653539
20
-5.5958694094488184
11
6.2523327952755903
21
-5.5974695669291341
0
LINE
8
BLACK
6
CONTINUOUS
10
6.2523327952755903
20
-5.5974695669291341
11
6.2495078740157481
21
-5.5980314960629922
0
LINE
8
BLACK
6
CONTINUOUS
10
6.2495078740157481
20
-5.5980314960629922
11
6.2347440944881889
21
-5.5980314960629922
0
LINE
8
BLACK
6
CONTINUOUS
10
6.2347440944881889
20
-5.5980314960629922
11
6.2319191732283459
21
-5.5974695669291341
0
LINE
8
BLACK
6
CONTINUOUS
10
6.2319191732283459
20
-5.5974695669291341
11
6.2295242913385822
21
-5.5958694094488184
0
LINE
8
BLACK
6
CONTINUOUS
10
6.2295242913385822
20
-5.5958694094488184
11
6.2279241338582674
21
-5.5934745275590547
0
LINE
8
BLACK
6
CONTINUOUS
10
6.2279241338582674
20
-5.5934745275590547
11
6.2273622047244093
21
-5.5906496062992126
0
LINE
8
BLACK
6
CONTINUOUS
10
6.2273622047244093
20
-5.5906496062992126
11
6.2273622047244093
21
-5.5345472440944885
0
LINE
8
BLACK
6
CONTINUOUS
10
6.2273622047244093
20
-5.5345472440944885
11
6.2279241338582674
21
-5.5317223228346455
0
LINE
8
BLACK
6
CONTINUOUS
10
6.2279241338582674
20
-5.5317223228346455
11
6.2295242913385822
21
-5.5293274409448818
0
LINE
8
BLACK
6
CONTINUOUS
10
6.2295242913385822
20
-5.5293274409448818
11
6.2319191732283459
21
-5.527727283464567
0
LINE
8
BLACK
6
CONTINUOUS
10
6.2319191732283459
20
-5.527727283464567
11
6.2347440944881889
21
-5.5271653543307089
0
LINE
8
BLACK
6
CONTINUOUS
10
6.2347440944881889
20
-5.5271653543307089
11
6.2495078740157481
21
-5.5271653543307089
0
LINE
8
BLACK
6
CONTINUOUS
10
6.2495078740157481
20
-5.5271653543307089
11
6.2523327952755903
21
-5.527727283464567
0
LINE
8
BLACK
6
CONTINUOUS
10
6.6533728740157478
20
-5.4298830708661416
11
6.6565660236220472
21
-5.4320166535433065
0
LINE
8
BLACK
6
CONTINUOUS
10
6.6565660236220472
20
-5.4320166535433065
11
6.6586996062992121
21
-5.4352098031496059
0
LINE
8
BLACK
6
CONTINUOUS
10
6.6586996062992121
20
-5.4352098031496059
11
6.659448818897638
21
-5.4389763779527556
0
LINE
8
BLACK
6
CONTINUOUS
10
6.659448818897638
20
-5.4389763779527556
11
6.659448818897638
21
-5.4596456692913389
0
LINE
8
BLACK
6
CONTINUOUS
10
6.659448818897638
20
-5.4596456692913389
11
6.6586996062992121
21
-5.4634122440944877
0
LINE
8
BLACK
6
CONTINUOUS
10
6.6586996062992121
20
-5.4634122440944877
11
6.6565660236220472
21
-5.466605393700787
0
LINE
8
BLACK
6
CONTINUOUS
10
6.6565660236220472
20
-5.466605393700787
11
6.6533728740157478
21
-5.4687389763779528
0
LINE
8
BLACK
6
CONTINUOUS
10
6.6533728740157478
20
-5.4687389763779528
11
6.6496062992125982
21
-5.4694881889763778
0
LINE
8
BLACK
6
CONTINUOUS
10
6.6496062992125982
20
-5.4694881889763778
11
6.6141732283464565
21
-5.4694881889763778
0
LINE
8
BLACK
6
CONTINUOUS
10
6.6141732283464565
20
-5.4694881889763778
11
6.6104066535433068
21
-5.4687389763779528
0
LINE
8
BLACK
6
CONTINUOUS
10
6.6104066535433068
20
-5.4687389763779528
11
6.6072135039370075
21
-5.466605393700787
0
LINE
8
BLACK
6
CONTINUOUS
10
6.6072135039370075
20
-5.466605393700787
11
6.6050799212598426
21
-5.4634122440944877
0
LINE
8
BLACK
6
CONTINUOUS
10
6.6050799212598426
20
-5.4634122440944877
11
6.6043307086614176
21
-5.4596456692913389
0
LINE
8
BLACK
6
CONTINUOUS
10
6.6043307086614176
20
-5.4596456692913389
11
6.6043307086614176
21
-5.4389763779527556
0
LINE
8
BLACK
6
CONTINUOUS
10
6.6043307086614176
20
-5.4389763779527556
11
6.6050799212598426
21
-5.4352098031496059
0
LINE
8
BLACK
6
CONTINUOUS
10
6.6050799212598426
20
-5.4352098031496059
11
6.6072135039370075
21
-5.4320166535433065
0
LINE
8
BLACK
6
CONTINUOUS
10
6.6072135039370075
20
-5.4320166535433065
11
6.6104066535433068
21
-5.4298830708661416
0
LINE
8
BLACK
6
CONTINUOUS
10
6.6104066535433068
20
-5.4298830708661416
11
6.6141732283464565
21
-5.4291338582677167
0
LINE
8
BLACK
6
CONTINUOUS
10
6.6141732283464565
20
-5.4291338582677167
11
6.6496062992125982
21
-5.4291338582677167
0
LINE
8
BLACK
6
CONTINUOUS
10
6.6496062992125982
20
-5.4291338582677167
11
6.6533728740157478
21
-5.4298830708661416
0
LINE
8
BLACK
6
CONTINUOUS
10
6.7553413779527558
20
-5.4298830708661416
11
6.7585345275590551
21
-5.4320166535433065
0
LINE
8
BLACK
6
CONTINUOUS
10
6.7585345275590551
20
-5.4320166535433065
11
6.7606681102362201
21
-5.4352098031496059
0
LINE
8
BLACK
6
CONTINUOUS
10
6.7606681102362201
20
-5.4352098031496059
11
6.7614173228346459
21
-5.4389763779527556
0
LINE
8
BLACK
6
CONTINUOUS
10
6.7614173228346459
20
-5.4389763779527556
11
6.7614173228346459
21
-5.4596456692913389
0
LINE
8
BLACK
6
CONTINUOUS
10
6.7614173228346459
20
-5.4596456692913389
11
6.7606681102362201
21
-5.4634122440944877
0
LINE
8
BLACK
6
CONTINUOUS
10
6.7606681102362201
20
-5.4634122440944877
11
6.7585345275590551
21
-5.466605393700787
0
LINE
8
BLACK
6
CONTINUOUS
10
6.7585345275590551
20
-5.466605393700787
11
6.7553413779527558
21
-5.4687389763779528
0
LINE
8
BLACK
6
CONTINUOUS
10
6.7553413779527558
20
-5.4687389763779528
11
6.7515748031496061
21
-5.4694881889763778
0
LINE
8
BLACK
6
CONTINUOUS
10
6.7515748031496061
20
-5.4694881889763778
11
6.7161417322834644
21
-5.4694881889763778
0
LINE
8
BLACK
6
CONTINUOUS
10
6.7161417322834644
20
-5.4694881889763778
11
6.7123751574803148
21
-5.4687389763779528
0
LINE
8
BLACK
6
CONTINUOUS
10
6.7123751574803148
20
-5.4687389763779528
11
6.7091820078740154
21
-5.466605393700787
0
LINE
8
BLACK
6
CONTINUOUS
10
6.7091820078740154
20
-5.466605393700787
11
6.7070484251968505
21
-5.4634122440944877
0
LINE
8
BLACK
6
CONTINUOUS
10
6.7070484251968505
20
-5.4634122440944877
11
6.7062992125984247
21
-5.4596456692913389
0
LINE
8
BLACK
6
CONTINUOUS
10
6.7062992125984247
20
-5.4596456692913389
11
6.7062992125984247
21
-5.4389763779527556
0
LINE
8
BLACK
6
CONTINUOUS
10
6.7062992125984247
20
-5.4389763779527556
11
6.7070484251968505
21
-5.4352098031496059
0
LINE
8
BLACK
6
CONTINUOUS
10
6.7070484251968505
20
-5.4352098031496059
11
6.7091820078740154
21
-5.4320166535433065
0
LINE
8
BLACK
6
CONTINUOUS
10
6.7091820078740154
20
-5.4320166535433065
11
6.7123751574803148
21
-5.4298830708661416
0
LINE
8
BLACK
6
CONTINUOUS
10
6.7123751574803148
20
-5.4298830708661416
11
6.7161417322834644
21
-5.4291338582677167
0
LINE
8
BLACK
6
CONTINUOUS
10
6.7161417322834644
20
-5.4291338582677167
11
6.7515748031496061
21
-5.4291338582677167
0
LINE
8
BLACK
6
CONTINUOUS
10
6.7515748031496061
20
-5.4291338582677167
11
6.7553413779527558
21
-5.4298830708661416
0
LINE
8
BLACK
6
CONTINUOUS
10
5.2390027952755904
20
-5.4062610236220472
11
5.2421959448818898
21
-5.4083946062992121
0
LINE
8
BLACK
6
CONTINUOUS
10
5.2421959448818898
20
-5.4083946062992121
11
5.2443295275590547
21
-5.4115877559055114
0
LINE
8
BLACK
6
CONTINUOUS
10
5.2443295275590547
20
-5.4115877559055114
11
5.2450787401574805
21
-5.4153543307086611
0
LINE
8
BLACK
6
CONTINUOUS
10
5.2450787401574805
20
-5.4153543307086611
11
5.2450787401574805
21
-5.4507874015748028
0
LINE
8
BLACK
6
CONTINUOUS
10
5.2450787401574805
20
-5.4507874015748028
11
5.2443295275590547
21
-5.4545539763779525
0
LINE
8
BLACK
6
CONTINUOUS
10
5.2443295275590547
20
-5.4545539763779525
11
5.2421959448818898
21
-5.4577471259842518
0
LINE
8
BLACK
6
CONTINUOUS
10
5.2421959448818898
20
-5.4577471259842518
11
5.2390027952755904
21
-5.4598807086614176
0
LINE
8
BLACK
6
CONTINUOUS
10
5.2390027952755904
20
-5.4598807086614176
11
5.2352362204724407
21
-5.4606299212598426
0
LINE
8
BLACK
6
CONTINUOUS
10
5.2352362204724407
20
-5.4606299212598426
11
5.2145669291338583
21
-5.4606299212598426
0
LINE
8
BLACK
6
CONTINUOUS
10
5.2145669291338583
20
-5.4606299212598426
11
5.2108003543307087
21
-5.4598807086614176
0
LINE
8
BLACK
6
CONTINUOUS
10
5.2108003543307087
20
-5.4598807086614176
11
5.2076072047244093
21
-5.4577471259842518
0
LINE
8
BLACK
6
CONTINUOUS
10
5.2076072047244093
20
-5.4577471259842518
11
5.2054736220472444
21
-5.4545539763779525
0
LINE
8
BLACK
6
CONTINUOUS
10
5.2054736220472444
20
-5.4545539763779525
11
5.2047244094488185
21
-5.4507874015748028
0
LINE
8
BLACK
6
CONTINUOUS
10
5.2047244094488185
20
-5.4507874015748028
11
5.2047244094488185
21
-5.4153543307086611
0
LINE
8
BLACK
6
CONTINUOUS
10
5.2047244094488185
20
-5.4153543307086611
11
5.2054736220472444
21
-5.4115877559055114
0
LINE
8
BLACK
6
CONTINUOUS
10
5.2054736220472444
20
-5.4115877559055114
11
5.2076072047244093
21
-5.4083946062992121
0
LINE
8
BLACK
6
CONTINUOUS
10
5.2076072047244093
20
-5.4083946062992121
11
5.2108003543307087
21
-5.4062610236220472
0
LINE
8
BLACK
6
CONTINUOUS
10
5.2108003543307087
20
-5.4062610236220472
11
5.2145669291338583
21
-5.4055118110236222
0
LINE
8
BLACK
6
CONTINUOUS
10
5.2145669291338583
20
-5.4055118110236222
11
5.2352362204724407
21
-5.4055118110236222
0
LINE
8
BLACK
6
CONTINUOUS
10
5.2352362204724407
20
-5.4055118110236222
11
5.2390027952755904
21
-5.4062610236220472
0
LINE
8
BLACK
6
CONTINUOUS
10
5.3108531889763775
20
-5.4062610236220472
11
5.3140463385826768
21
-5.4083946062992121
0
LINE
8
BLACK
6
CONTINUOUS
10
5.3140463385826768
20
-5.4083946062992121
11
5.3161799212598426
21
-5.4115877559055114
0
LINE
8
BLACK
6
CONTINUOUS
10
5.3161799212598426
20
-5.4115877559055114
11
5.3169291338582676
21
-5.4153543307086611
0
LINE
8
BLACK
6
CONTINUOUS
10
5.3169291338582676
20
-5.4153543307086611
11
5.3169291338582676
21
-5.4507874015748028
0
LINE
8
BLACK
6
CONTINUOUS
10
5.3169291338582676
20
-5.4507874015748028
11
5.3161799212598426
21
-5.4545539763779525
0
LINE
8
BLACK
6
CONTINUOUS
10
5.3161799212598426
20
-5.4545539763779525
11
5.3140463385826768
21
-5.4577471259842518
0
LINE
8
BLACK
6
CONTINUOUS
10
5.3140463385826768
20
-5.4577471259842518
11
5.3108531889763775
21
-5.4598807086614176
0
LINE
8
BLACK
6
CONTINUOUS
10
5.3108531889763775
20
-5.4598807086614176
11
5.3070866141732278
21
-5.4606299212598426
0
LINE
8
BLACK
6
CONTINUOUS
10
5.3070866141732278
20
-5.4606299212598426
11
5.2864173228346454
21
-5.4606299212598426
0
LINE
8
BLACK
6
CONTINUOUS
10
5.2864173228346454
20
-5.4606299212598426
11
5.2826507480314957
21
-5.4598807086614176
0
LINE
8
BLACK
6
CONTINUOUS
10
5.2826507480314957
20
-5.4598807086614176
11
5.2794575984251964
21
-5.4577471259842518
0
LINE
8
BLACK
6
CONTINUOUS
10
5.2794575984251964
20
-5.4577471259842518
11
5.2773240157480314
21
-5.4545539763779525
0
LINE
8
BLACK
6
CONTINUOUS
10
5.2773240157480314
20
-5.4545539763779525
11
5.2765748031496065
21
-5.4507874015748028
0
LINE
8
BLACK
6
CONTINUOUS
10
5.2765748031496065
20
-5.4507874015748028
11
5.2765748031496065
21
-5.4153543307086611
0
LINE
8
BLACK
6
CONTINUOUS
10
5.2765748031496065
20
-5.4153543307086611
11
5.2773240157480314
21
-5.4115877559055114
0
LINE
8
BLACK
6
CONTINUOUS
10
5.2773240157480314
20
-5.4115877559055114
11
5.2794575984251964
21
-5.4083946062992121
0
LINE
8
BLACK
6
CONTINUOUS
10
5.2794575984251964
20
-5.4083946062992121
11
5.2826507480314957
21
-5.4062610236220472
0
LINE
8
BLACK
6
CONTINUOUS
10
5.2826507480314957
20
-5.4062610236220472
11
5.2864173228346454
21
-5.4055118110236222
0
LINE
8
BLACK
6
CONTINUOUS
10
5.2864173228346454
20
-5.4055118110236222
11
5.3070866141732278
21
-5.4055118110236222
0
LINE
8
BLACK
6
CONTINUOUS
10
5.3070866141732278
20
-5.4055118110236222
11
5.3108531889763775
21
-5.4062610236220472
0
LINE
8
BLACK
6
CONTINUOUS
10
5.1820866141732278
20
-5.4547244094488185
11
5.1427165354330704
21
-5.4547244094488185
0
LINE
8
BLACK
6
CONTINUOUS
10
5.1427165354330704
20
-5.4547244094488185
11
5.1427165354330704
21
-5.4192913385826769
0
LINE
8
BLACK
6
CONTINUOUS
10
5.1427165354330704
20
-5.4192913385826769
11
5.1820866141732278
21
-5.4192913385826769
0
LINE
8
BLACK
6
CONTINUOUS
10
5.1820866141732278
20
-5.4192913385826769
11
5.1820866141732278
21
-5.4547244094488185
0
LINE
8
BLACK
6
CONTINUOUS
10
6.6533728740157478
20
-5.3580326771653546
11
6.6565660236220472
21
-5.3601662598425195
0
LINE
8
BLACK
6
CONTINUOUS
10
6.6565660236220472
20
-5.3601662598425195
11
6.6586996062992121
21
-5.3633594094488188
0
LINE
8
BLACK
6
CONTINUOUS
10
6.6586996062992121
20
-5.3633594094488188
11
6.659448818897638
21
-5.3671259842519685
0
LINE
8
BLACK
6
CONTINUOUS
10
6.659448818897638
20
-5.3671259842519685
11
6.659448818897638
21
-5.3877952755905509
0
LINE
8
BLACK
6
CONTINUOUS
10
6.659448818897638
20
-5.3877952755905509
11
6.6586996062992121
21
-5.3915618503937006
0
LINE
8
BLACK
6
CONTINUOUS
10
6.6586996062992121
20
-5.3915618503937006
11
6.6565660236220472
21
-5.394755
0
LINE
8
BLACK
6
CONTINUOUS
10
6.6565660236220472
20
-5.394755
11
6.6533728740157478
21
-5.3968885826771649
0
LINE
8
BLACK
6
CONTINUOUS
10
6.6533728740157478
20
-5.3968885826771649
11
6.6496062992125982
21
-5.3976377952755907
0
LINE
8
BLACK
6
CONTINUOUS
10
6.6496062992125982
20
-5.3976377952755907
11
6.6141732283464565
21
-5.3976377952755907
0
LINE
8
BLACK
6
CONTINUOUS
10
6.6141732283464565
20
-5.3976377952755907
11
6.6104066535433068
21
-5.3968885826771649
0
LINE
8
BLACK
6
CONTINUOUS
10
6.6104066535433068
20
-5.3968885826771649
11
6.6072135039370075
21
-5.394755
0
LINE
8
BLACK
6
CONTINUOUS
10
6.6072135039370075
20
-5.394755
11
6.6050799212598426
21
-5.3915618503937006
0
LINE
8
BLACK
6
CONTINUOUS
10
6.6050799212598426
20
-5.3915618503937006
11
6.6043307086614176
21
-5.3877952755905509
0
LINE
8
BLACK
6
CONTINUOUS
10
6.6043307086614176
20
-5.3877952755905509
11
6.6043307086614176
21
-5.3671259842519685
0
LINE
8
BLACK
6
CONTINUOUS
10
6.6043307086614176
20
-5.3671259842519685
11
6.6050799212598426
21
-5.3633594094488188
0
LINE
8
BLACK
6
CONTINUOUS
10
6.6050799212598426
20
-5.3633594094488188
11
6.6072135039370075
21
-5.3601662598425195
0
LINE
8
BLACK
6
CONTINUOUS
10
6.6072135039370075
20
-5.3601662598425195
11
6.6104066535433068
21
-5.3580326771653546
0
LINE
8
BLACK
6
CONTINUOUS
10
6.6104066535433068
20
-5.3580326771653546
11
6.6141732283464565
21
-5.3572834645669287
0
LINE
8
BLACK
6
CONTINUOUS
10
6.6141732283464565
20
-5.3572834645669287
11
6.6496062992125982
21
-5.3572834645669287
0
LINE
8
BLACK
6
CONTINUOUS
10
6.6496062992125982
20
-5.3572834645669287
11
6.6533728740157478
21
-5.3580326771653546
0
LINE
8
BLACK
6
CONTINUOUS
10
6.7553413779527558
20
-5.3580326771653546
11
6.7585345275590551
21
-5.3601662598425195
0
LINE
8
BLACK
6
CONTINUOUS
10
6.7585345275590551
20
-5.3601662598425195
11
6.7606681102362201
21
-5.3633594094488188
0
LINE
8
BLACK
6
CONTINUOUS
10
6.7606681102362201
20
-5.3633594094488188
11
6.7614173228346459
21
-5.3671259842519685
0
LINE
8
BLACK
6
CONTINUOUS
10
6.7614173228346459
20
-5.3671259842519685
11
6.7614173228346459
21
-5.3877952755905509
0
LINE
8
BLACK
6
CONTINUOUS
10
6.7614173228346459
20
-5.3877952755905509
11
6.7606681102362201
21
-5.3915618503937006
0
LINE
8
BLACK
6
CONTINUOUS
10
6.7606681102362201
20
-5.3915618503937006
11
6.7585345275590551
21
-5.394755
0
LINE
8
BLACK
6
CONTINUOUS
10
6.7585345275590551
20
-5.394755
11
6.7553413779527558
21
-5.3968885826771649
0
LINE
8
BLACK
6
CONTINUOUS
10
6.7553413779527558
20
-5.3968885826771649
11
6.7515748031496061
21
-5.3976377952755907
0
LINE
8
BLACK
6
CONTINUOUS
10
6.7515748031496061
20
-5.3976377952755907
11
6.7161417322834644
21
-5.3976377952755907
0
LINE
8
BLACK
6
CONTINUOUS
10
6.7161417322834644
20
-5.3976377952755907
11
6.7123751574803148
21
-5.3968885826771649
0
LINE
8
BLACK
6
CONTINUOUS
10
6.7123751574803148
20
-5.3968885826771649
11
6.7091820078740154
21
-5.394755
0
LINE
8
BLACK
6
CONTINUOUS
10
6.7091820078740154
20
-5.394755
11
6.7070484251968505
21
-5.3915618503937006
0
LINE
8
BLACK
6
CONTINUOUS
10
6.7070484251968505
20
-5.3915618503937006
11
6.7062992125984247
21
-5.3877952755905509
0
LINE
8
BLACK
6
CONTINUOUS
10
6.7062992125984247
20
-5.3877952755905509
11
6.7062992125984247
21
-5.3671259842519685
0
LINE
8
BLACK
6
CONTINUOUS
10
6.7062992125984247
20
-5.3671259842519685
11
6.7070484251968505
21
-5.3633594094488188
0
LINE
8
BLACK
6
CONTINUOUS
10
6.7070484251968505
20
-5.3633594094488188
11
6.7091820078740154
21
-5.3601662598425195
0
LINE
8
BLACK
6
CONTINUOUS
10
6.7091820078740154
20
-5.3601662598425195
11
6.7123751574803148
21
-5.3580326771653546
0
LINE
8
BLACK
6
CONTINUOUS
10
6.7123751574803148
20
-5.3580326771653546
11
6.7161417322834644
21
-5.3572834645669287
0
LINE
8
BLACK
6
CONTINUOUS
10
6.7161417322834644
20
-5.3572834645669287
11
6.7515748031496061
21
-5.3572834645669287
0
LINE
8
BLACK
6
CONTINUOUS
10
6.7515748031496061
20
-5.3572834645669287
11
6.7553413779527558
21
-5.3580326771653546
0
LINE
8
BLACK
6
CONTINUOUS
10
5.1820866141732278
20
-5.3917322834645667
11
5.1427165354330704
21
-5.3917322834645667
0
LINE
8
BLACK
6
CONTINUOUS
10
5.1427165354330704
20
-5.3917322834645667
11
5.1427165354330704
21
-5.356299212598425
0
LINE
8
BLACK
6
CONTINUOUS
10
5.1427165354330704
20
-5.356299212598425
11
5.1820866141732278
21
-5.356299212598425
0
LINE
8
BLACK
6
CONTINUOUS
10
5.1820866141732278
20
-5.356299212598425
11
5.1820866141732278
21
-5.3917322834645667
0
LINE
8
BLACK
6
CONTINUOUS
10
5.2390027952755904
20
-5.2979933070866139
11
5.2421959448818898
21
-5.3001268897637797
0
LINE
8
BLACK
6
CONTINUOUS
10
5.2421959448818898
20
-5.3001268897637797
11
5.2443295275590547
21
-5.303320039370079
0
LINE
8
BLACK
6
CONTINUOUS
10
5.2443295275590547
20
-5.303320039370079
11
5.2450787401574805
21
-5.3070866141732278
0
LINE
8
BLACK
6
CONTINUOUS
10
5.2450787401574805
20
-5.3070866141732278
11
5.2450787401574805
21
-5.3425196850393704
0
LINE
8
BLACK
6
CONTINUOUS
10
5.2450787401574805
20
-5.3425196850393704
11
5.2443295275590547
21
-5.3462862598425192
0
LINE
8
BLACK
6
CONTINUOUS
10
5.2443295275590547
20
-5.3462862598425192
11
5.2421959448818898
21
-5.3494794094488185
0
LINE
8
BLACK
6
CONTINUOUS
10
5.2421959448818898
20
-5.3494794094488185
11
5.2390027952755904
21
-5.3516129921259843
0
LINE
8
BLACK
6
CONTINUOUS
10
5.2390027952755904
20
-5.3516129921259843
11
5.2352362204724407
21
-5.3523622047244093
0
LINE
8
BLACK
6
CONTINUOUS
10
5.2352362204724407
20
-5.3523622047244093
11
5.2145669291338583
21
-5.3523622047244093
0
LINE
8
BLACK
6
CONTINUOUS
10
5.2145669291338583
20
-5.3523622047244093
11
5.2108003543307087
21
-5.3516129921259843
0
LINE
8
BLACK
6
CONTINUOUS
10
5.2108003543307087
20
-5.3516129921259843
11
5.2076072047244093
21
-5.3494794094488185
0
LINE
8
BLACK
6
CONTINUOUS
10
5.2076072047244093
20
-5.3494794094488185
11
5.2054736220472444
21
-5.3462862598425192
0
LINE
8
BLACK
6
CONTINUOUS
10
5.2054736220472444
20
-5.3462862598425192
11
5.2047244094488185
21
-5.3425196850393704
0
LINE
8
BLACK
6
CONTINUOUS
10
5.2047244094488185
20
-5.3425196850393704
11
5.2047244094488185
21
-5.3070866141732278
0
LINE
8
BLACK
6
CONTINUOUS
10
5.2047244094488185
20
-5.3070866141732278
11
5.2054736220472444
21
-5.303320039370079
0
LINE
8
BLACK
6
CONTINUOUS
10
5.2054736220472444
20
-5.303320039370079
11
5.2076072047244093
21
-5.3001268897637797
0
LINE
8
BLACK
6
CONTINUOUS
10
5.2076072047244093
20
-5.3001268897637797
11
5.2108003543307087
21
-5.2979933070866139
0
LINE
8
BLACK
6
CONTINUOUS
10
5.2108003543307087
20
-5.2979933070866139
11
5.2145669291338583
21
-5.2972440944881889
0
LINE
8
BLACK
6
CONTINUOUS
10
5.2145669291338583
20
-5.2972440944881889
11
5.2352362204724407
21
-5.2972440944881889
0
LINE
8
BLACK
6
CONTINUOUS
10
5.2352362204724407
20
-5.2972440944881889
11
5.2390027952755904
21
-5.2979933070866139
0
LINE
8
BLACK
6
CONTINUOUS
10
5.3108531889763775
20
-5.2979933070866139
11
5.3140463385826768
21
-5.3001268897637797
0
LINE
8
BLACK
6
CONTINUOUS
10
5.3140463385826768
20
-5.3001268897637797
11
5.3161799212598426
21
-5.303320039370079
0
LINE
8
BLACK
6
CONTINUOUS
10
5.3161799212598426
20
-5.303320039370079
11
5.3169291338582676
21
-5.3070866141732278
0
LINE
8
BLACK
6
CONTINUOUS
10
5.3169291338582676
20
-5.3070866141732278
11
5.3169291338582676
21
-5.3425196850393704
0
LINE
8
BLACK
6
CONTINUOUS
10
5.3169291338582676
20
-5.3425196850393704
11
5.3161799212598426
21
-5.3462862598425192
0
LINE
8
BLACK
6
CONTINUOUS
10
5.3161799212598426
20
-5.3462862598425192
11
5.3140463385826768
21
-5.3494794094488185
0
LINE
8
BLACK
6
CONTINUOUS
10
5.3140463385826768
20
-5.3494794094488185
11
5.3108531889763775
21
-5.3516129921259843
0
LINE
8
BLACK
6
CONTINUOUS
10
5.3108531889763775
20
-5.3516129921259843
11
5.3070866141732278
21
-5.3523622047244093
0
LINE
8
BLACK
6
CONTINUOUS
10
5.3070866141732278
20
-5.3523622047244093
11
5.2864173228346454
21
-5.3523622047244093
0
LINE
8
BLACK
6
CONTINUOUS
10
5.2864173228346454
20
-5.3523622047244093
11
5.2826507480314957
21
-5.3516129921259843
0
LINE
8
BLACK
6
CONTINUOUS
10
5.2826507480314957
20
-5.3516129921259843
11
5.2794575984251964
21
-5.3494794094488185
0
LINE
8
BLACK
6
CONTINUOUS
10
5.2794575984251964
20
-5.3494794094488185
11
5.2773240157480314
21
-5.3462862598425192
0
LINE
8
BLACK
6
CONTINUOUS
10
5.2773240157480314
20
-5.3462862598425192
11
5.2765748031496065
21
-5.3425196850393704
0
LINE
8
BLACK
6
CONTINUOUS
10
5.2765748031496065
20
-5.3425196850393704
11
5.2765748031496065
21
-5.3070866141732278
0
LINE
8
BLACK
6
CONTINUOUS
10
5.2765748031496065
20
-5.3070866141732278
11
5.2773240157480314
21
-5.303320039370079
0
LINE
8
BLACK
6
CONTINUOUS
10
5.2773240157480314
20
-5.303320039370079
11
5.2794575984251964
21
-5.3001268897637797
0
LINE
8
BLACK
6
CONTINUOUS
10
5.2794575984251964
20
-5.3001268897637797
11
5.2826507480314957
21
-5.2979933070866139
0
LINE
8
BLACK
6
CONTINUOUS
10
5.2826507480314957
20
-5.2979933070866139
11
5.2864173228346454
21
-5.2972440944881889
0
LINE
8
BLACK
6
CONTINUOUS
10
5.2864173228346454
20
-5.2972440944881889
11
5.3070866141732278
21
-5.2972440944881889
0
LINE
8
BLACK
6
CONTINUOUS
10
5.3070866141732278
20
-5.2972440944881889
11
5.3108531889763775
21
-5.2979933070866139
0
LINE
8
BLACK
6
CONTINUOUS
10
5.1820866141732278
20
-5.3464566929133861
11
5.1427165354330704
21
-5.3464566929133861
0
LINE
8
BLACK
6
CONTINUOUS
10
5.1427165354330704
20
-5.3464566929133861
11
5.1427165354330704
21
-5.3110236220472435
0
LINE
8
BLACK
6
CONTINUOUS
10
5.1427165354330704
20
-5.3110236220472435
11
5.1820866141732278
21
-5.3110236220472435
0
LINE
8
BLACK
6
CONTINUOUS
10
5.1820866141732278
20
-5.3110236220472435
11
5.1820866141732278
21
-5.3464566929133861
0
LINE
8
BLACK
6
CONTINUOUS
10
5.1820866141732278
20
-5.2834645669291334
11
5.1427165354330704
21
-5.2834645669291334
0
LINE
8
BLACK
6
CONTINUOUS
10
5.1427165354330704
20
-5.2834645669291334
11
5.1427165354330704
21
-5.2480314960629917
0
LINE
8
BLACK
6
CONTINUOUS
10
5.1427165354330704
20
-5.2480314960629917
11
5.1820866141732278
21
-5.2480314960629917
0
LINE
8
BLACK
6
CONTINUOUS
10
5.1820866141732278
20
-5.2480314960629917
11
5.1820866141732278
21
-5.2834645669291334
0
LINE
8
BLACK
6
CONTINUOUS
10
5.2390027952755904
20
-5.1897255905511805
11
5.2421959448818898
21
-5.1918591732283463
0
LINE
8
BLACK
6
CONTINUOUS
10
5.2421959448818898
20
-5.1918591732283463
11
5.2443295275590547
21
-5.1950523228346457
0
LINE
8
BLACK
6
CONTINUOUS
10
5.2443295275590547
20
-5.1950523228346457
11
5.2450787401574805
21
-5.1988188976377954
0
LINE
8
BLACK
6
CONTINUOUS
10
5.2450787401574805
20
-5.1988188976377954
11
5.2450787401574805
21
-5.234251968503937
0
LINE
8
BLACK
6
CONTINUOUS
10
5.2450787401574805
20
-5.234251968503937
11
5.2443295275590547
21
-5.2380185433070867
0
LINE
8
BLACK
6
CONTINUOUS
10
5.2443295275590547
20
-5.2380185433070867
11
5.2421959448818898
21
-5.2412116929133861
0
LINE
8
BLACK
6
CONTINUOUS
10
5.2421959448818898
20
-5.2412116929133861
11
5.2390027952755904
21
-5.243345275590551
0
LINE
8
BLACK
6
CONTINUOUS
10
5.2390027952755904
20
-5.243345275590551
11
5.2352362204724407
21
-5.2440944881889759
0
LINE
8
BLACK
6
CONTINUOUS
10
5.2352362204724407
20
-5.2440944881889759
11
5.2145669291338583
21
-5.2440944881889759
0
LINE
8
BLACK
6
CONTINUOUS
10
5.2145669291338583
20
-5.2440944881889759
11
5.2108003543307087
21
-5.243345275590551
0
LINE
8
BLACK
6
CONTINUOUS
10
5.2108003543307087
20
-5.243345275590551
11
5.2076072047244093
21
-5.2412116929133861
0
LINE
8
BLACK
6
CONTINUOUS
10
5.2076072047244093
20
-5.2412116929133861
11
5.2054736220472444
21
-5.2380185433070867
0
LINE
8
BLACK
6
CONTINUOUS
10
5.2054736220472444
20
-5.2380185433070867
11
5.2047244094488185
21
-5.234251968503937
0
LINE
8
BLACK
6
CONTINUOUS
10
5.2047244094488185
20
-5.234251968503937
11
5.2047244094488185
21
-5.1988188976377954
0
LINE
8
BLACK
6
CONTINUOUS
10
5.2047244094488185
20
-5.1988188976377954
11
5.2054736220472444
21
-5.1950523228346457
0
LINE
8
BLACK
6
CONTINUOUS
10
5.2054736220472444
20
-5.1950523228346457
11
5.2076072047244093
21
-5.1918591732283463
0
LINE
8
BLACK
6
CONTINUOUS
10
5.2076072047244093
20
-5.1918591732283463
11
5.2108003543307087
21
-5.1897255905511805
0
LINE
8
BLACK
6
CONTINUOUS
10
5.2108003543307087
20
-5.1897255905511805
11
5.2145669291338583
21
-5.1889763779527556
0
LINE
8
BLACK
6
CONTINUOUS
10
5.2145669291338583
20
-5.1889763779527556
11
5.2352362204724407
21
-5.1889763779527556
0
LINE
8
BLACK
6
CONTINUOUS
10
5.2352362204724407
20
-5.1889763779527556
11
5.2390027952755904
21
-5.1897255905511805
0
LINE
8
BLACK
6
CONTINUOUS
10
5.3108531889763775
20
-5.1897255905511805
11
5.3140463385826768
21
-5.1918591732283463
0
LINE
8
BLACK
6
CONTINUOUS
10
5.3140463385826768
20
-5.1918591732283463
11
5.3161799212598426
21
-5.1950523228346457
0
LINE
8
BLACK
6
CONTINUOUS
10
5.3161799212598426
20
-5.1950523228346457
11
5.3169291338582676
21
-5.1988188976377954
0
LINE
8
BLACK
6
CONTINUOUS
10
5.3169291338582676
20
-5.1988188976377954
11
5.3169291338582676
21
-5.234251968503937
0
LINE
8
BLACK
6
CONTINUOUS
10
5.3169291338582676
20
-5.234251968503937
11
5.3161799212598426
21
-5.2380185433070867
0
LINE
8
BLACK
6
CONTINUOUS
10
5.3161799212598426
20
-5.2380185433070867
11
5.3140463385826768
21
-5.2412116929133861
0
LINE
8
BLACK
6
CONTINUOUS
10
5.3140463385826768
20
-5.2412116929133861
11
5.3108531889763775
21
-5.243345275590551
0
LINE
8
BLACK
6
CONTINUOUS
10
5.3108531889763775
20
-5.243345275590551
11
5.3070866141732278
21
-5.2440944881889759
0
LINE
8
BLACK
6
CONTINUOUS
10
5.3070866141732278
20
-5.2440944881889759
11
5.2864173228346454
21
-5.2440944881889759
0
LINE
8
BLACK
6
CONTINUOUS
10
5.2864173228346454
20
-5.2440944881889759
11
5.2826507480314957
21
-5.243345275590551
0
LINE
8
BLACK
6
CONTINUOUS
10
5.2826507480314957
20
-5.243345275590551
11
5.2794575984251964
21
-5.2412116929133861
0
LINE
8
BLACK
6
CONTINUOUS
10
5.2794575984251964
20
-5.2412116929133861
11
5.2773240157480314
21
-5.2380185433070867
0
LINE
8
BLACK
6
CONTINUOUS
10
5.2773240157480314
20
-5.2380185433070867
11
5.2765748031496065
21
-5.234251968503937
0
LINE
8
BLACK
6
CONTINUOUS
10
5.2765748031496065
20
-5.234251968503937
11
5.2765748031496065
21
-5.1988188976377954
0
LINE
8
BLACK
6
CONTINUOUS
10
5.2765748031496065
20
-5.1988188976377954
11
5.2773240157480314
21
-5.1950523228346457
0
LINE
8
BLACK
6
CONTINUOUS
10
5.2773240157480314
20
-5.1950523228346457
11
5.2794575984251964
21
-5.1918591732283463
0
LINE
8
BLACK
6
CONTINUOUS
10
5.2794575984251964
20
-5.1918591732283463
11
5.2826507480314957
21
-5.1897255905511805
0
LINE
8
BLACK
6
CONTINUOUS
10
5.2826507480314957
20
-5.1897255905511805
11
5.2864173228346454
21
-5.1889763779527556
0
LINE
8
BLACK
6
CONTINUOUS
10
5.2864173228346454
20
-5.1889763779527556
11
5.3070866141732278
21
-5.1889763779527556
0
LINE
8
BLACK
6
CONTINUOUS
10
5.3070866141732278
20
-5.1889763779527556
11
5.3108531889763775
21
-5.1897255905511805
0
LINE
8
BLACK
6
CONTINUOUS
10
5.1820866141732278
20
-5.2381889763779528
11
5.1427165354330704
21
-5.2381889763779528
0
LINE
8
BLACK
6
CONTINUOUS
10
5.1427165354330704
20
-5.2381889763779528
11
5.1427165354330704
21
-5.2027559055118111
0
LINE
8
BLACK
6
CONTINUOUS
10
5.1427165354330704
20
-5.2027559055118111
11
5.1820866141732278
21
-5.2027559055118111
0
LINE
8
BLACK
6
CONTINUOUS
10
5.1820866141732278
20
-5.2027559055118111
11
5.1820866141732278
21
-5.2381889763779528
0
LINE
8
BLACK
6
CONTINUOUS
10
5.1820866141732278
20
-5.1751968503937009
11
5.1427165354330704
21
-5.1751968503937009
0
LINE
8
BLACK
6
CONTINUOUS
10
5.1427165354330704
20
-5.1751968503937009
11
5.1427165354330704
21
-5.1397637795275593
0
LINE
8
BLACK
6
CONTINUOUS
10
5.1427165354330704
20
-5.1397637795275593
11
5.1820866141732278
21
-5.1397637795275593
0
LINE
8
BLACK
6
CONTINUOUS
10
5.1820866141732278
20
-5.1397637795275593
11
5.1820866141732278
21
-5.1751968503937009
0
LINE
8
BLACK
6
CONTINUOUS
10
5.2390027952755904
20
-5.0814578740157481
11
5.2421959448818898
21
-5.083591456692913
0
LINE
8
BLACK
6
CONTINUOUS
10
5.2421959448818898
20
-5.083591456692913
11
5.2443295275590547
21
-5.0867846062992124
0
LINE
8
BLACK
6
CONTINUOUS
10
5.2443295275590547
20
-5.0867846062992124
11
5.2450787401574805
21
-5.090551181102362
0
LINE
8
BLACK
6
CONTINUOUS
10
5.2450787401574805
20
-5.090551181102362
11
5.2450787401574805
21
-5.1259842519685037
0
LINE
8
BLACK
6
CONTINUOUS
10
5.2450787401574805
20
-5.1259842519685037
11
5.2443295275590547
21
-5.1297508267716534
0
LINE
8
BLACK
6
CONTINUOUS
10
5.2443295275590547
20
-5.1297508267716534
11
5.2421959448818898
21
-5.1329439763779527
0
LINE
8
BLACK
6
CONTINUOUS
10
5.2421959448818898
20
-5.1329439763779527
11
5.2390027952755904
21
-5.1350775590551176
0
LINE
8
BLACK
6
CONTINUOUS
10
5.2390027952755904
20
-5.1350775590551176
11
5.2352362204724407
21
-5.1358267716535435
0
LINE
8
BLACK
6
CONTINUOUS
10
5.2352362204724407
20
-5.1358267716535435
11
5.2145669291338583
21
-5.1358267716535435
0
LINE
8
BLACK
6
CONTINUOUS
10
5.2145669291338583
20
-5.1358267716535435
11
5.2108003543307087
21
-5.1350775590551176
0
LINE
8
BLACK
6
CONTINUOUS
10
5.2108003543307087
20
-5.1350775590551176
11
5.2076072047244093
21
-5.1329439763779527
0
LINE
8
BLACK
6
CONTINUOUS
10
5.2076072047244093
20
-5.1329439763779527
11
5.2054736220472444
21
-5.1297508267716534
0
LINE
8
BLACK
6
CONTINUOUS
10
5.2054736220472444
20
-5.1297508267716534
11
5.2047244094488185
21
-5.1259842519685037
0
LINE
8
BLACK
6
CONTINUOUS
10
5.2047244094488185
20
-5.1259842519685037
11
5.2047244094488185
21
-5.090551181102362
0
LINE
8
BLACK
6
CONTINUOUS
10
5.2047244094488185
20
-5.090551181102362
11
5.2054736220472444
21
-5.0867846062992124
0
LINE
8
BLACK
6
CONTINUOUS
10
5.2054736220472444
20
-5.0867846062992124
11
5.2076072047244093
21
-5.083591456692913
0
LINE
8
BLACK
6
CONTINUOUS
10
5.2076072047244093
20
-5.083591456692913
11
5.2108003543307087
21
-5.0814578740157481
0
LINE
8
BLACK
6
CONTINUOUS
10
5.2108003543307087
20
-5.0814578740157481
11
5.2145669291338583
21
-5.0807086614173231
0
LINE
8
BLACK
6
CONTINUOUS
10
5.2145669291338583
20
-5.0807086614173231
11
5.2352362204724407
21
-5.0807086614173231
0
LINE
8
BLACK
6
CONTINUOUS
10
5.2352362204724407
20
-5.0807086614173231
11
5.2390027952755904
21
-5.0814578740157481
0
LINE
8
BLACK
6
CONTINUOUS
10
5.3108531889763775
20
-5.0814578740157481
11
5.3140463385826768
21
-5.083591456692913
0
LINE
8
BLACK
6
CONTINUOUS
10
5.3140463385826768
20
-5.083591456692913
11
5.3161799212598426
21
-5.0867846062992124
0
LINE
8
BLACK
6
CONTINUOUS
10
5.3161799212598426
20
-5.0867846062992124
11
5.3169291338582676
21
-5.090551181102362
0
LINE
8
BLACK
6
CONTINUOUS
10
5.3169291338582676
20
-5.090551181102362
11
5.3169291338582676
21
-5.1259842519685037
0
LINE
8
BLACK
6
CONTINUOUS
10
5.3169291338582676
20
-5.1259842519685037
11
5.3161799212598426
21
-5.1297508267716534
0
LINE
8
BLACK
6
CONTINUOUS
10
5.3161799212598426
20
-5.1297508267716534
11
5.3140463385826768
21
-5.1329439763779527
0
LINE
8
BLACK
6
CONTINUOUS
10
5.3140463385826768
20
-5.1329439763779527
11
5.3108531889763775
21
-5.1350775590551176
0
LINE
8
BLACK
6
CONTINUOUS
10
5.3108531889763775
20
-5.1350775590551176
11
5.3070866141732278
21
-5.1358267716535435
0
LINE
8
BLACK
6
CONTINUOUS
10
5.3070866141732278
20
-5.1358267716535435
11
5.2864173228346454
21
-5.1358267716535435
0
LINE
8
BLACK
6
CONTINUOUS
10
5.2864173228346454
20
-5.1358267716535435
11
5.2826507480314957
21
-5.1350775590551176
0
LINE
8
BLACK
6
CONTINUOUS
10
5.2826507480314957
20
-5.1350775590551176
11
5.2794575984251964
21
-5.1329439763779527
0
LINE
8
BLACK
6
CONTINUOUS
10
5.2794575984251964
20
-5.1329439763779527
11
5.2773240157480314
21
-5.1297508267716534
0
LINE
8
BLACK
6
CONTINUOUS
10
5.2773240157480314
20
-5.1297508267716534
11
5.2765748031496065
21
-5.1259842519685037
0
LINE
8
BLACK
6
CONTINUOUS
10
5.2765748031496065
20
-5.1259842519685037
11
5.2765748031496065
21
-5.090551181102362
0
LINE
8
BLACK
6
CONTINUOUS
10
5.2765748031496065
20
-5.090551181102362
11
5.2773240157480314
21
-5.0867846062992124
0
LINE
8
BLACK
6
CONTINUOUS
10
5.2773240157480314
20
-5.0867846062992124
11
5.2794575984251964
21
-5.083591456692913
0
LINE
8
BLACK
6
CONTINUOUS
10
5.2794575984251964
20
-5.083591456692913
11
5.2826507480314957
21
-5.0814578740157481
0
LINE
8
BLACK
6
CONTINUOUS
10
5.2826507480314957
20
-5.0814578740157481
11
5.2864173228346454
21
-5.0807086614173231
0
LINE
8
BLACK
6
CONTINUOUS
10
5.2864173228346454
20
-5.0807086614173231
11
5.3070866141732278
21
-5.0807086614173231
0
LINE
8
BLACK
6
CONTINUOUS
10
5.3070866141732278
20
-5.0807086614173231
11
5.3108531889763775
21
-5.0814578740157481
0
LINE
8
BLACK
6
CONTINUOUS
10
5.1820866141732278
20
-5.1299212598425195
11
5.1427165354330704
21
-5.1299212598425195
0
LINE
8
BLACK
6
CONTINUOUS
10
5.1427165354330704
20
-5.1299212598425195
11
5.1427165354330704
21
-5.0944881889763778
0
LINE
8
BLACK
6
CONTINUOUS
10
5.1427165354330704
20
-5.0944881889763778
11
5.1820866141732278
21
-5.0944881889763778
0
LINE
8
BLACK
6
CONTINUOUS
10
5.1820866141732278
20
-5.0944881889763778
11
5.1820866141732278
21
-5.1299212598425195
0
LINE
8
BLACK
6
CONTINUOUS
10
5.1820866141732278
20
-5.0669291338582676
11
5.1427165354330704
21
-5.0669291338582676
0
LINE
8
BLACK
6
CONTINUOUS
10
5.1427165354330704
20
-5.0669291338582676
11
5.1427165354330704
21
-5.0314960629921259
0
LINE
8
BLACK
6
CONTINUOUS
10
5.1427165354330704
20
-5.0314960629921259
11
5.1820866141732278
21
-5.0314960629921259
0
LINE
8
BLACK
6
CONTINUOUS
10
5.1820866141732278
20
-5.0314960629921259
11
5.1820866141732278
21
-5.0669291338582676
0
LINE
8
BLACK
6
CONTINUOUS
10
5.2424476771653543
20
-4.9771271653543305
11
5.2456408267716537
21
-4.9792607480314963
0
LINE
8
BLACK
6
CONTINUOUS
10
5.2456408267716537
20
-4.9792607480314963
11
5.2477744094488186
21
-4.9824538976377948
0
LINE
8
BLACK
6
CONTINUOUS
10
5.2477744094488186
20
-4.9824538976377948
11
5.2485236220472435
21
-4.9862204724409445
0
LINE
8
BLACK
6
CONTINUOUS
10
5.2485236220472435
20
-4.9862204724409445
11
5.2485236220472435
21
-5.0216535433070861
0
LINE
8
BLACK
6
CONTINUOUS
10
5.2485236220472435
20
-5.0216535433070861
11
5.2477744094488186
21
-5.0254201181102358
0
LINE
8
BLACK
6
CONTINUOUS
10
5.2477744094488186
20
-5.0254201181102358
11
5.2456408267716537
21
-5.0286132677165352
0
LINE
8
BLACK
6
CONTINUOUS
10
5.2456408267716537
20
-5.0286132677165352
11
5.2424476771653543
21
-5.030746850393701
0
LINE
8
BLACK
6
CONTINUOUS
10
5.2424476771653543
20
-5.030746850393701
11
5.2386811023622046
21
-5.0314960629921259
0
LINE
8
BLACK
6
CONTINUOUS
10
5.2386811023622046
20
-5.0314960629921259
11
5.2180118110236222
21
-5.0314960629921259
0
LINE
8
BLACK
6
CONTINUOUS
10
5.2180118110236222
20
-5.0314960629921259
11
5.2142452362204725
21
-5.030746850393701
0
LINE
8
BLACK
6
CONTINUOUS
10
5.2142452362204725
20
-5.030746850393701
11
5.2110520866141732
21
-5.0286132677165352
0
LINE
8
BLACK
6
CONTINUOUS
10
5.2110520866141732
20
-5.0286132677165352
11
5.2089185039370074
21
-5.0254201181102358
0
LINE
8
BLACK
6
CONTINUOUS
10
5.2089185039370074
20
-5.0254201181102358
11
5.2081692913385824
21
-5.0216535433070861
0
LINE
8
BLACK
6
CONTINUOUS
10
5.2081692913385824
20
-5.0216535433070861
11
5.2081692913385824
21
-4.9862204724409445
0
LINE
8
BLACK
6
CONTINUOUS
10
5.2081692913385824
20
-4.9862204724409445
11
5.2089185039370074
21
-4.9824538976377948
0
LINE
8
BLACK
6
CONTINUOUS
10
5.2089185039370074
20
-4.9824538976377948
11
5.2110520866141732
21
-4.9792607480314963
0
LINE
8
BLACK
6
CONTINUOUS
10
5.2110520866141732
20
-4.9792607480314963
11
5.2142452362204725
21
-4.9771271653543305
0
LINE
8
BLACK
6
CONTINUOUS
10
5.2142452362204725
20
-4.9771271653543305
11
5.2180118110236222
21
-4.9763779527559056
0
LINE
8
BLACK
6
CONTINUOUS
10
5.2180118110236222
20
-4.9763779527559056
11
5.2386811023622046
21
-4.9763779527559056
0
LINE
8
BLACK
6
CONTINUOUS
10
5.2386811023622046
20
-4.9763779527559056
11
5.2424476771653543
21
-4.9771271653543305
0
LINE
8
BLACK
6
CONTINUOUS
10
5.3142980708661414
20
-4.9771271653543305
11
5.3174912204724407
21
-4.9792607480314963
0
LINE
8
BLACK
6
CONTINUOUS
10
5.3174912204724407
20
-4.9792607480314963
11
5.3196248031496065
21
-4.9824538976377948
0
LINE
8
BLACK
6
CONTINUOUS
10
5.3196248031496065
20
-4.9824538976377948
11
5.3203740157480315
21
-4.9862204724409445
0
LINE
8
BLACK
6
CONTINUOUS
10
5.3203740157480315
20
-4.9862204724409445
11
5.3203740157480315
21
-5.0216535433070861
0
LINE
8
BLACK
6
CONTINUOUS
10
5.3203740157480315
20
-5.0216535433070861
11
5.3196248031496065
21
-5.0254201181102358
0
LINE
8
BLACK
6
CONTINUOUS
10
5.3196248031496065
20
-5.0254201181102358
11
5.3174912204724407
21
-5.0286132677165352
0
LINE
8
BLACK
6
CONTINUOUS
10
5.3174912204724407
20
-5.0286132677165352
11
5.3142980708661414
21
-5.030746850393701
0
LINE
8
BLACK
6
CONTINUOUS
10
5.3142980708661414
20
-5.030746850393701
11
5.3105314960629917
21
-5.0314960629921259
0
LINE
8
BLACK
6
CONTINUOUS
10
5.3105314960629917
20
-5.0314960629921259
11
5.2898622047244093
21
-5.0314960629921259
0
LINE
8
BLACK
6
CONTINUOUS
10
5.2898622047244093
20
-5.0314960629921259
11
5.2860956299212596
21
-5.030746850393701
0
LINE
8
BLACK
6
CONTINUOUS
10
5.2860956299212596
20
-5.030746850393701
11
5.2829024803149602
21
-5.0286132677165352
0
LINE
8
BLACK
6
CONTINUOUS
10
5.2829024803149602
20
-5.0286132677165352
11
5.2807688976377953
21
-5.0254201181102358
0
LINE
8
BLACK
6
CONTINUOUS
10
5.2807688976377953
20
-5.0254201181102358
11
5.2800196850393704
21
-5.0216535433070861
0
LINE
8
BLACK
6
CONTINUOUS
10
5.2800196850393704
20
-5.0216535433070861
11
5.2800196850393704
21
-4.9862204724409445
0
LINE
8
BLACK
6
CONTINUOUS
10
5.2800196850393704
20
-4.9862204724409445
11
5.2807688976377953
21
-4.9824538976377948
0
LINE
8
BLACK
6
CONTINUOUS
10
5.2807688976377953
20
-4.9824538976377948
11
5.2829024803149602
21
-4.9792607480314963
0
LINE
8
BLACK
6
CONTINUOUS
10
5.2829024803149602
20
-4.9792607480314963
11
5.2860956299212596
21
-4.9771271653543305
0
LINE
8
BLACK
6
CONTINUOUS
10
5.2860956299212596
20
-4.9771271653543305
11
5.2898622047244093
21
-4.9763779527559056
0
LINE
8
BLACK
6
CONTINUOUS
10
5.2898622047244093
20
-4.9763779527559056
11
5.3105314960629917
21
-4.9763779527559056
0
LINE
8
BLACK
6
CONTINUOUS
10
5.3105314960629917
20
-4.9763779527559056
11
5.3142980708661414
21
-4.9771271653543305
0
LINE
8
BLACK
6
CONTINUOUS
10
5.1820866141732278
20
-5.0216535433070861
11
5.1427165354330704
21
-5.0216535433070861
0
LINE
8
BLACK
6
CONTINUOUS
10
5.1427165354330704
20
-5.0216535433070861
11
5.1427165354330704
21
-4.9862204724409445
0
LINE
8
BLACK
6
CONTINUOUS
10
5.1427165354330704
20
-4.9862204724409445
11
5.1820866141732278
21
-4.9862204724409445
0
LINE
8
BLACK
6
CONTINUOUS
10
5.1820866141732278
20
-4.9862204724409445
11
5.1820866141732278
21
-5.0216535433070861
0
LINE
8
BLACK
6
CONTINUOUS
10
5.1820866141732278
20
-4.9586614173228343
11
5.1427165354330704
21
-4.9586614173228343
0
LINE
8
BLACK
6
CONTINUOUS
10
5.1427165354330704
20
-4.9586614173228343
11
5.1427165354330704
21
-4.9232283464566926
0
LINE
8
BLACK
6
CONTINUOUS
10
5.1427165354330704
20
-4.9232283464566926
11
5.1820866141732278
21
-4.9232283464566926
0
LINE
8
BLACK
6
CONTINUOUS
10
5.1820866141732278
20
-4.9232283464566926
11
5.1820866141732278
21
-4.9586614173228343
0
LINE
8
BLACK
6
CONTINUOUS
10
5.2454004330708663
20
-4.8649224409448815
11
5.2485935826771648
21
-4.8670560236220473
0
LINE
8
BLACK
6
CONTINUOUS
10
5.2485935826771648
20
-4.8670560236220473
11
5.2507271653543306
21
-4.8702491732283466
0
LINE
8
BLACK
6
CONTINUOUS
10
5.2507271653543306
20
-4.8702491732283466
11
5.2514763779527556
21
-4.8740157480314963
0
LINE
8
BLACK
6
CONTINUOUS
10
5.2514763779527556
20
-4.8740157480314963
11
5.2514763779527556
21
-4.909448818897638
0
LINE
8
BLACK
6
CONTINUOUS
10
5.2514763779527556
20
-4.909448818897638
11
5.2507271653543306
21
-4.9132153937007876
0
LINE
8
BLACK
6
CONTINUOUS
10
5.2507271653543306
20
-4.9132153937007876
11
5.2485935826771648
21
-4.9164085433070861
0
LINE
8
BLACK
6
CONTINUOUS
10
5.2485935826771648
20
-4.9164085433070861
11
5.2454004330708663
21
-4.9185421259842519
0
LINE
8
BLACK
6
CONTINUOUS
10
5.2454004330708663
20
-4.9185421259842519
11
5.2416338582677167
21
-4.9192913385826769
0
LINE
8
BLACK
6
CONTINUOUS
10
5.2416338582677167
20
-4.9192913385826769
11
5.2209645669291334
21
-4.9192913385826769
0
LINE
8
BLACK
6
CONTINUOUS
10
5.2209645669291334
20
-4.9192913385826769
11
5.2171979921259846
21
-4.9185421259842519
0
LINE
8
BLACK
6
CONTINUOUS
10
5.2171979921259846
20
-4.9185421259842519
11
5.2140048425196852
21
-4.9164085433070861
0
LINE
8
BLACK
6
CONTINUOUS
10
5.2140048425196852
20
-4.9164085433070861
11
5.2118712598425194
21
-4.9132153937007876
0
LINE
8
BLACK
6
CONTINUOUS
10
5.2118712598425194
20
-4.9132153937007876
11
5.2111220472440944
21
-4.909448818897638
0
LINE
8
BLACK
6
CONTINUOUS
10
5.2111220472440944
20
-4.909448818897638
11
5.2111220472440944
21
-4.8740157480314963
0
LINE
8
BLACK
6
CONTINUOUS
10
5.2111220472440944
20
-4.8740157480314963
11
5.2118712598425194
21
-4.8702491732283466
0
LINE
8
BLACK
6
CONTINUOUS
10
5.2118712598425194
20
-4.8702491732283466
11
5.2140048425196852
21
-4.8670560236220473
0
LINE
8
BLACK
6
CONTINUOUS
10
5.2140048425196852
20
-4.8670560236220473
11
5.2171979921259846
21
-4.8649224409448815
0
LINE
8
BLACK
6
CONTINUOUS
10
5.2171979921259846
20
-4.8649224409448815
11
5.2209645669291334
21
-4.8641732283464565
0
LINE
8
BLACK
6
CONTINUOUS
10
5.2209645669291334
20
-4.8641732283464565
11
5.2416338582677167
21
-4.8641732283464565
0
LINE
8
BLACK
6
CONTINUOUS
10
5.2416338582677167
20
-4.8641732283464565
11
5.2454004330708663
21
-4.8649224409448815
0
LINE
8
BLACK
6
CONTINUOUS
10
5.3172508267716534
20
-4.8649224409448815
11
5.3204439763779527
21
-4.8670560236220473
0
LINE
8
BLACK
6
CONTINUOUS
10
5.3204439763779527
20
-4.8670560236220473
11
5.3225775590551176
21
-4.8702491732283466
0
LINE
8
BLACK
6
CONTINUOUS
10
5.3225775590551176
20
-4.8702491732283466
11
5.3233267716535435
21
-4.8740157480314963
0
LINE
8
BLACK
6
CONTINUOUS
10
5.3233267716535435
20
-4.8740157480314963
11
5.3233267716535435
21
-4.909448818897638
0
LINE
8
BLACK
6
CONTINUOUS
10
5.3233267716535435
20
-4.909448818897638
11
5.3225775590551176
21
-4.9132153937007876
0
LINE
8
BLACK
6
CONTINUOUS
10
5.3225775590551176
20
-4.9132153937007876
11
5.3204439763779527
21
-4.9164085433070861
0
LINE
8
BLACK
6
CONTINUOUS
10
5.3204439763779527
20
-4.9164085433070861
11
5.3172508267716534
21
-4.9185421259842519
0
LINE
8
BLACK
6
CONTINUOUS
10
5.3172508267716534
20
-4.9185421259842519
11
5.3134842519685037
21
-4.9192913385826769
0
LINE
8
BLACK
6
CONTINUOUS
10
5.3134842519685037
20
-4.9192913385826769
11
5.2928149606299213
21
-4.9192913385826769
0
LINE
8
BLACK
6
CONTINUOUS
10
5.2928149606299213
20
-4.9192913385826769
11
5.2890483858267716
21
-4.9185421259842519
0
LINE
8
BLACK
6
CONTINUOUS
10
5.2890483858267716
20
-4.9185421259842519
11
5.2858552362204723
21
-4.9164085433070861
0
LINE
8
BLACK
6
CONTINUOUS
10
5.2858552362204723
20
-4.9164085433070861
11
5.2837216535433074
21
-4.9132153937007876
0
LINE
8
BLACK
6
CONTINUOUS
10
5.2837216535433074
20
-4.9132153937007876
11
5.2829724409448815
21
-4.909448818897638
0
LINE
8
BLACK
6
CONTINUOUS
10
5.2829724409448815
20
-4.909448818897638
11
5.2829724409448815
21
-4.8740157480314963
0
LINE
8
BLACK
6
CONTINUOUS
10
5.2829724409448815
20
-4.8740157480314963
11
5.2837216535433074
21
-4.8702491732283466
0
LINE
8
BLACK
6
CONTINUOUS
10
5.2837216535433074
20
-4.8702491732283466
11
5.2858552362204723
21
-4.8670560236220473
0
LINE
8
BLACK
6
CONTINUOUS
10
5.2858552362204723
20
-4.8670560236220473
11
5.2890483858267716
21
-4.8649224409448815
0
LINE
8
BLACK
6
CONTINUOUS
10
5.2890483858267716
20
-4.8649224409448815
11
5.2928149606299213
21
-4.8641732283464565
0
LINE
8
BLACK
6
CONTINUOUS
10
5.2928149606299213
20
-4.8641732283464565
11
5.3134842519685037
21
-4.8641732283464565
0
LINE
8
BLACK
6
CONTINUOUS
10
5.3134842519685037
20
-4.8641732283464565
11
5.3172508267716534
21
-4.8649224409448815
0
LINE
8
BLACK
6
CONTINUOUS
10
5.1820866141732278
20
-4.9133858267716537
11
5.1427165354330704
21
-4.9133858267716537
0
LINE
8
BLACK
6
CONTINUOUS
10
5.1427165354330704
20
-4.9133858267716537
11
5.1427165354330704
21
-4.877952755905512
0
LINE
8
BLACK
6
CONTINUOUS
10
5.1427165354330704
20
-4.877952755905512
11
5.1820866141732278
21
-4.877952755905512
0
LINE
8
BLACK
6
CONTINUOUS
10
5.1820866141732278
20
-4.877952755905512
11
5.1820866141732278
21
-4.9133858267716537
0
LINE
8
BLACK
6
CONTINUOUS
10
5.1820866141732278
20
-4.7372047244094491
11
5.1948818897637796
21
-4.7372047244094491
0
LINE
8
BLACK
6
CONTINUOUS
10
5.1948818897637796
20
-4.7372047244094491
11
5.1948818897637796
21
-4.7726377952755907
0
LINE
8
BLACK
6
CONTINUOUS
10
5.1948818897637796
20
-4.7726377952755907
11
5.1820866141732278
21
-4.7726377952755907
0
LINE
8
BLACK
6
CONTINUOUS
10
5.1820866141732278
20
-4.7726377952755907
11
5.1820866141732278
21
-4.8001968503937009
0
LINE
8
BLACK
6
CONTINUOUS
10
5.1820866141732278
20
-4.8001968503937009
11
5.1948818897637796
21
-4.8001968503937009
0
LINE
8
BLACK
6
CONTINUOUS
10
5.1948818897637796
20
-4.8001968503937009
11
5.1948818897637796
21
-4.8356299212598426
0
LINE
8
BLACK
6
CONTINUOUS
10
5.1948818897637796
20
-4.8356299212598426
11
5.1820866141732278
21
-4.8356299212598426
0
LINE
8
BLACK
6
CONTINUOUS
10
5.1820866141732278
20
-4.8356299212598426
11
5.1820866141732278
21
-4.8503937007874018
0
LINE
8
BLACK
6
CONTINUOUS
10
5.1820866141732278
20
-4.8503937007874018
11
5.1427165354330704
21
-4.8503937007874018
0
LINE
8
BLACK
6
CONTINUOUS
10
5.1427165354330704
20
-4.8503937007874018
11
5.1427165354330704
21
-4.8149606299212602
0
LINE
8
BLACK
6
CONTINUOUS
10
5.1427165354330704
20
-4.8149606299212602
11
5.1555118110236222
21
-4.8149606299212602
0
LINE
8
BLACK
6
CONTINUOUS
10
5.1555118110236222
20
-4.8149606299212602
11
5.1555118110236222
21
-4.8051181102362204
0
LINE
8
BLACK
6
CONTINUOUS
10
5.1555118110236222
20
-4.8051181102362204
11
5.1427165354330704
21
-4.8051181102362204
0
LINE
8
BLACK
6
CONTINUOUS
10
5.1427165354330704
20
-4.8051181102362204
11
5.1427165354330704
21
-4.7696850393700787
0
LINE
8
BLACK
6
CONTINUOUS
10
5.1427165354330704
20
-4.7696850393700787
11
5.1555118110236222
21
-4.7696850393700787
0
LINE
8
BLACK
6
CONTINUOUS
10
5.1555118110236222
20
-4.7696850393700787
11
5.1555118110236222
21
-4.7421259842519685
0
LINE
8
BLACK
6
CONTINUOUS
10
5.1555118110236222
20
-4.7421259842519685
11
5.1427165354330704
21
-4.7421259842519685
0
LINE
8
BLACK
6
CONTINUOUS
10
5.1427165354330704
20
-4.7421259842519685
11
5.1427165354330704
21
-4.7066929133858268
0
LINE
8
BLACK
6
CONTINUOUS
10
5.1427165354330704
20
-4.7066929133858268
11
5.1820866141732278
21
-4.7066929133858268
0
LINE
8
BLACK
6
CONTINUOUS
10
5.1820866141732278
20
-4.7066929133858268
11
5.1820866141732278
21
-4.7372047244094491
0
LINE
8
BLACK
6
CONTINUOUS
10
5.2390027952755904
20
-4.756654724409449
11
5.2421959448818898
21
-4.7587883070866139
0
LINE
8
BLACK
6
CONTINUOUS
10
5.2421959448818898
20
-4.7587883070866139
11
5.2443295275590547
21
-4.7619814566929133
0
LINE
8
BLACK
6
CONTINUOUS
10
5.2443295275590547
20
-4.7619814566929133
11
5.2450787401574805
21
-4.765748031496063
0
LINE
8
BLACK
6
CONTINUOUS
10
5.2450787401574805
20
-4.765748031496063
11
5.2450787401574805
21
-4.8011811023622046
0
LINE
8
BLACK
6
CONTINUOUS
10
5.2450787401574805
20
-4.8011811023622046
11
5.2443295275590547
21
-4.8049476771653543
0
LINE
8
BLACK
6
CONTINUOUS
10
5.2443295275590547
20
-4.8049476771653543
11
5.2421959448818898
21
-4.8081408267716537
0
LINE
8
BLACK
6
CONTINUOUS
10
5.2421959448818898
20
-4.8081408267716537
11
5.2390027952755904
21
-4.8102744094488186
0
LINE
8
BLACK
6
CONTINUOUS
10
5.2390027952755904
20
-4.8102744094488186
11
5.2352362204724407
21
-4.8110236220472435
0
LINE
8
BLACK
6
CONTINUOUS
10
5.2352362204724407
20
-4.8110236220472435
11
5.2145669291338583
21
-4.8110236220472435
0
LINE
8
BLACK
6
CONTINUOUS
10
5.2145669291338583
20
-4.8110236220472435
11
5.2108003543307087
21
-4.8102744094488186
0
LINE
8
BLACK
6
CONTINUOUS
10
5.2108003543307087
20
-4.8102744094488186
11
5.2076072047244093
21
-4.8081408267716537
0
LINE
8
BLACK
6
CONTINUOUS
10
5.2076072047244093
20
-4.8081408267716537
11
5.2054736220472444
21
-4.8049476771653543
0
LINE
8
BLACK
6
CONTINUOUS
10
5.2054736220472444
20
-4.8049476771653543
11
5.2047244094488185
21
-4.8011811023622046
0
LINE
8
BLACK
6
CONTINUOUS
10
5.2047244094488185
20
-4.8011811023622046
11
5.2047244094488185
21
-4.765748031496063
0
LINE
8
BLACK
6
CONTINUOUS
10
5.2047244094488185
20
-4.765748031496063
11
5.2054736220472444
21
-4.7619814566929133
0
LINE
8
BLACK
6
CONTINUOUS
10
5.2054736220472444
20
-4.7619814566929133
11
5.2076072047244093
21
-4.7587883070866139
0
LINE
8
BLACK
6
CONTINUOUS
10
5.2076072047244093
20
-4.7587883070866139
11
5.2108003543307087
21
-4.756654724409449
0
LINE
8
BLACK
6
CONTINUOUS
10
5.2108003543307087
20
-4.756654724409449
11
5.2145669291338583
21
-4.7559055118110232
0
LINE
8
BLACK
6
CONTINUOUS
10
5.2145669291338583
20
-4.7559055118110232
11
5.2352362204724407
21
-4.7559055118110232
0
LINE
8
BLACK
6
CONTINUOUS
10
5.2352362204724407
20
-4.7559055118110232
11
5.2390027952755904
21
-4.756654724409449
0
LINE
8
BLACK
6
CONTINUOUS
10
5.3108531889763775
20
-4.756654724409449
11
5.3140463385826768
21
-4.7587883070866139
0
LINE
8
BLACK
6
CONTINUOUS
10
5.3140463385826768
20
-4.7587883070866139
11
5.3161799212598426
21
-4.7619814566929133
0
LINE
8
BLACK
6
CONTINUOUS
10
5.3161799212598426
20
-4.7619814566929133
11
5.3169291338582676
21
-4.765748031496063
0
LINE
8
BLACK
6
CONTINUOUS
10
5.3169291338582676
20
-4.765748031496063
11
5.3169291338582676
21
-4.8011811023622046
0
LINE
8
BLACK
6
CONTINUOUS
10
5.3169291338582676
20
-4.8011811023622046
11
5.3161799212598426
21
-4.8049476771653543
0
LINE
8
BLACK
6
CONTINUOUS
10
5.3161799212598426
20
-4.8049476771653543
11
5.3140463385826768
21
-4.8081408267716537
0
LINE
8
BLACK
6
CONTINUOUS
10
5.3140463385826768
20
-4.8081408267716537
11
5.3108531889763775
21
-4.8102744094488186
0
LINE
8
BLACK
6
CONTINUOUS
10
5.3108531889763775
20
-4.8102744094488186
11
5.3070866141732278
21
-4.8110236220472435
0
LINE
8
BLACK
6
CONTINUOUS
10
5.3070866141732278
20
-4.8110236220472435
11
5.2864173228346454
21
-4.8110236220472435
0
LINE
8
BLACK
6
CONTINUOUS
10
5.2864173228346454
20
-4.8110236220472435
11
5.2826507480314957
21
-4.8102744094488186
0
LINE
8
BLACK
6
CONTINUOUS
10
5.2826507480314957
20
-4.8102744094488186
11
5.2794575984251964
21
-4.8081408267716537
0
LINE
8
BLACK
6
CONTINUOUS
10
5.2794575984251964
20
-4.8081408267716537
11
5.2773240157480314
21
-4.8049476771653543
0
LINE
8
BLACK
6
CONTINUOUS
10
5.2773240157480314
20
-4.8049476771653543
11
5.2765748031496065
21
-4.8011811023622046
0
LINE
8
BLACK
6
CONTINUOUS
10
5.2765748031496065
20
-4.8011811023622046
11
5.2765748031496065
21
-4.765748031496063
0
LINE
8
BLACK
6
CONTINUOUS
10
5.2765748031496065
20
-4.765748031496063
11
5.2773240157480314
21
-4.7619814566929133
0
LINE
8
BLACK
6
CONTINUOUS
10
5.2773240157480314
20
-4.7619814566929133
11
5.2794575984251964
21
-4.7587883070866139
0
LINE
8
BLACK
6
CONTINUOUS
10
5.2794575984251964
20
-4.7587883070866139
11
5.2826507480314957
21
-4.756654724409449
0
LINE
8
BLACK
6
CONTINUOUS
10
5.2826507480314957
20
-4.756654724409449
11
5.2864173228346454
21
-4.7559055118110232
0
LINE
8
BLACK
6
CONTINUOUS
10
5.2864173228346454
20
-4.7559055118110232
11
5.3070866141732278
21
-4.7559055118110232
0
LINE
8
BLACK
6
CONTINUOUS
10
5.3070866141732278
20
-4.7559055118110232
11
5.3108531889763775
21
-4.756654724409449
0
LINE
8
BLACK
6
CONTINUOUS
10
5.2390027952755904
20
-4.6523240157480314
11
5.2421959448818898
21
-4.6544575984251964
0
LINE
8
BLACK
6
CONTINUOUS
10
5.2421959448818898
20
-4.6544575984251964
11
5.2443295275590547
21
-4.6576507480314957
0
LINE
8
BLACK
6
CONTINUOUS
10
5.2443295275590547
20
-4.6576507480314957
11
5.2450787401574805
21
-4.6614173228346454
0
LINE
8
BLACK
6
CONTINUOUS
10
5.2450787401574805
20
-4.6614173228346454
11
5.2450787401574805
21
-4.6968503937007871
0
LINE
8
BLACK
6
CONTINUOUS
10
5.2450787401574805
20
-4.6968503937007871
11
5.2443295275590547
21
-4.7006169685039367
0
LINE
8
BLACK
6
CONTINUOUS
10
5.2443295275590547
20
-4.7006169685039367
11
5.2421959448818898
21
-4.7038101181102361
0
LINE
8
BLACK
6
CONTINUOUS
10
5.2421959448818898
20
-4.7038101181102361
11
5.2390027952755904
21
-4.7059437007874019
0
LINE
8
BLACK
6
CONTINUOUS
10
5.2390027952755904
20
-4.7059437007874019
11
5.2352362204724407
21
-4.7066929133858268
0
LINE
8
BLACK
6
CONTINUOUS
10
5.2352362204724407
20
-4.7066929133858268
11
5.2145669291338583
21
-4.7066929133858268
0
LINE
8
BLACK
6
CONTINUOUS
10
5.2145669291338583
20
-4.7066929133858268
11
5.2108003543307087
21
-4.7059437007874019
0
LINE
8
BLACK
6
CONTINUOUS
10
5.2108003543307087
20
-4.7059437007874019
11
5.2076072047244093
21
-4.7038101181102361
0
LINE
8
BLACK
6
CONTINUOUS
10
5.2076072047244093
20
-4.7038101181102361
11
5.2054736220472444
21
-4.7006169685039367
0
LINE
8
BLACK
6
CONTINUOUS
10
5.2054736220472444
20
-4.7006169685039367
11
5.2047244094488185
21
-4.6968503937007871
0
LINE
8
BLACK
6
CONTINUOUS
10
5.2047244094488185
20
-4.6968503937007871
11
5.2047244094488185
21
-4.6614173228346454
0
LINE
8
BLACK
6
CONTINUOUS
10
5.2047244094488185
20
-4.6614173228346454
11
5.2054736220472444
21
-4.6576507480314957
0
LINE
8
BLACK
6
CONTINUOUS
10
5.2054736220472444
20
-4.6576507480314957
11
5.2076072047244093
21
-4.6544575984251964
0
LINE
8
BLACK
6
CONTINUOUS
10
5.2076072047244093
20
-4.6544575984251964
11
5.2108003543307087
21
-4.6523240157480314
0
LINE
8
BLACK
6
CONTINUOUS
10
5.2108003543307087
20
-4.6523240157480314
11
5.2145669291338583
21
-4.6515748031496065
0
LINE
8
BLACK
6
CONTINUOUS
10
5.2145669291338583
20
-4.6515748031496065
11
5.2352362204724407
21
-4.6515748031496065
0
LINE
8
BLACK
6
CONTINUOUS
10
5.2352362204724407
20
-4.6515748031496065
11
5.2390027952755904
21
-4.6523240157480314
0
LINE
8
BLACK
6
CONTINUOUS
10
5.3108531889763775
20
-4.6523240157480314
11
5.3140463385826768
21
-4.6544575984251964
0
LINE
8
BLACK
6
CONTINUOUS
10
5.3140463385826768
20
-4.6544575984251964
11
5.3161799212598426
21
-4.6576507480314957
0
LINE
8
BLACK
6
CONTINUOUS
10
5.3161799212598426
20
-4.6576507480314957
11
5.3169291338582676
21
-4.6614173228346454
0
LINE
8
BLACK
6
CONTINUOUS
10
5.3169291338582676
20
-4.6614173228346454
11
5.3169291338582676
21
-4.6968503937007871
0
LINE
8
BLACK
6
CONTINUOUS
10
5.3169291338582676
20
-4.6968503937007871
11
5.3161799212598426
21
-4.7006169685039367
0
LINE
8
BLACK
6
CONTINUOUS
10
5.3161799212598426
20
-4.7006169685039367
11
5.3140463385826768
21
-4.7038101181102361
0
LINE
8
BLACK
6
CONTINUOUS
10
5.3140463385826768
20
-4.7038101181102361
11
5.3108531889763775
21
-4.7059437007874019
0
LINE
8
BLACK
6
CONTINUOUS
10
5.3108531889763775
20
-4.7059437007874019
11
5.3070866141732278
21
-4.7066929133858268
0
LINE
8
BLACK
6
CONTINUOUS
10
5.3070866141732278
20
-4.7066929133858268
11
5.2864173228346454
21
-4.7066929133858268
0
LINE
8
BLACK
6
CONTINUOUS
10
5.2864173228346454
20
-4.7066929133858268
11
5.2826507480314957
21
-4.7059437007874019
0
LINE
8
BLACK
6
CONTINUOUS
10
5.2826507480314957
20
-4.7059437007874019
11
5.2794575984251964
21
-4.7038101181102361
0
LINE
8
BLACK
6
CONTINUOUS
10
5.2794575984251964
20
-4.7038101181102361
11
5.2773240157480314
21
-4.7006169685039367
0
LINE
8
BLACK
6
CONTINUOUS
10
5.2773240157480314
20
-4.7006169685039367
11
5.2765748031496065
21
-4.6968503937007871
0
LINE
8
BLACK
6
CONTINUOUS
10
5.2765748031496065
20
-4.6968503937007871
11
5.2765748031496065
21
-4.6614173228346454
0
LINE
8
BLACK
6
CONTINUOUS
10
5.2765748031496065
20
-4.6614173228346454
11
5.2773240157480314
21
-4.6576507480314957
0
LINE
8
BLACK
6
CONTINUOUS
10
5.2773240157480314
20
-4.6576507480314957
11
5.2794575984251964
21
-4.6544575984251964
0
LINE
8
BLACK
6
CONTINUOUS
10
5.2794575984251964
20
-4.6544575984251964
11
5.2826507480314957
21
-4.6523240157480314
0
LINE
8
BLACK
6
CONTINUOUS
10
5.2826507480314957
20
-4.6523240157480314
11
5.2864173228346454
21
-4.6515748031496065
0
LINE
8
BLACK
6
CONTINUOUS
10
5.2864173228346454
20
-4.6515748031496065
11
5.3070866141732278
21
-4.6515748031496065
0
LINE
8
BLACK
6
CONTINUOUS
10
5.3070866141732278
20
-4.6515748031496065
11
5.3108531889763775
21
-4.6523240157480314
0
LINE
8
BLACK
6
CONTINUOUS
10
5.5849023228346457
20
-3.4299364960629921
11
5.5978152362204723
21
-3.4328837795275589
0
LINE
8
BLACK
6
CONTINUOUS
10
5.5978152362204723
20
-3.4328837795275589
11
5.6103169291338579
21
-3.4372583070866143
0
LINE
8
BLACK
6
CONTINUOUS
10
5.6103169291338579
20
-3.4372583070866143
11
5.6222502755905515
21
-3.4430051181102361
0
LINE
8
BLACK
6
CONTINUOUS
10
5.6222502755905515
20
-3.4430051181102361
11
5.6334651181102364
21
-3.4500518503937005
0
LINE
8
BLACK
6
CONTINUOUS
10
5.6334651181102364
20
-3.4500518503937005
11
5.6438204724409449
21
-3.45831
0
LINE
8
BLACK
6
CONTINUOUS
10
5.6438204724409449
20
-3.45831
11
5.653186062992126
21
-3.4676755905511811
0
LINE
8
BLACK
6
CONTINUOUS
10
5.653186062992126
20
-3.4676755905511811
11
5.6614442125984255
21
-3.4780309448818896
0
LINE
8
BLACK
6
CONTINUOUS
10
5.6614442125984255
20
-3.4780309448818896
11
5.6684909448818894
21
-3.4892457874015745
0
LINE
8
BLACK
6
CONTINUOUS
10
5.6684909448818894
20
-3.4892457874015745
11
5.6742377559055113
21
-3.5011791338582676
0
LINE
8
BLACK
6
CONTINUOUS
10
5.6742377559055113
20
-3.5011791338582676
11
5.6786122834645667
21
-3.5136808267716533
0
LINE
8
BLACK
6
CONTINUOUS
10
5.6786122834645667
20
-3.5136808267716533
11
5.6815595669291339
21
-3.5265937401574803
0
LINE
8
BLACK
6
CONTINUOUS
10
5.6815595669291339
20
-3.5265937401574803
11
5.6830425196850394
21
-3.539755472440945
0
LINE
8
BLACK
6
CONTINUOUS
10
5.6830425196850394
20
-3.539755472440945
11
5.6830425196850394
21
-3.5530004330708662
0
LINE
8
BLACK
6
CONTINUOUS
10
5.6830425196850394
20
-3.5530004330708662
11
5.6815595669291339
21
-3.5661621653543305
0
LINE
8
BLACK
6
CONTINUOUS
10
5.6815595669291339
20
-3.5661621653543305
11
5.6786122834645667
21
-3.5790750787401575
0
LINE
8
BLACK
6
CONTINUOUS
10
5.6786122834645667
20
-3.5790750787401575
11
5.6742377559055113
21
-3.5915767716535432
0
LINE
8
BLACK
6
CONTINUOUS
10
5.6742377559055113
20
-3.5915767716535432
11
5.6684909448818894
21
-3.6035101181102362
0
LINE
8
BLACK
6
CONTINUOUS
10
5.6684909448818894
20
-3.6035101181102362
11
5.6614442125984255
21
-3.6147249606299212
0
LINE
8
BLACK
6
CONTINUOUS
10
5.6614442125984255
20
-3.6147249606299212
11
5.653186062992126
21
-3.6250803149606297
0
LINE
8
BLACK
6
CONTINUOUS
10
5.653186062992126
20
-3.6250803149606297
11
5.6438204724409449
21
-3.6344459055118108
0
LINE
8
BLACK
6
CONTINUOUS
10
5.6438204724409449
20
-3.6344459055118108
11
5.6334651181102364
21
-3.6427040551181102
0
LINE
8
BLACK
6
CONTINUOUS
10
5.6334651181102364
20
-3.6427040551181102
11
5.6222502755905515
21
-3.6497507874015747
0
LINE
8
BLACK
6
CONTINUOUS
10
5.6222502755905515
20
-3.6497507874015747
11
5.6103169291338579
21
-3.6554975984251969
0
LINE
8
BLACK
6
CONTINUOUS
10
5.6103169291338579
20
-3.6554975984251969
11
5.5978152362204723
21
-3.6598721259842519
0
LINE
8
BLACK
6
CONTINUOUS
10
5.5978152362204723
20
-3.6598721259842519
11
5.5849023228346457
21
-3.6628194094488187
0
LINE
8
BLACK
6
CONTINUOUS
10
5.5849023228346457
20
-3.6628194094488187
11
5.5717405905511805
21
-3.6643023622047242
0
LINE
8
BLACK
6
CONTINUOUS
10
5.5717405905511805
20
-3.6643023622047242
11
5.5584956299212598
21
-3.6643023622047242
0
LINE
8
BLACK
6
CONTINUOUS
10
5.5584956299212598
20
-3.6643023622047242
11
5.5453338976377955
21
-3.6628194094488187
0
LINE
8
BLACK
6
CONTINUOUS
10
5.5453338976377955
20
-3.6628194094488187
11
5.532420984251968
21
-3.6598721259842519
0
LINE
8
BLACK
6
CONTINUOUS
10
5.532420984251968
20
-3.6598721259842519
11
5.5199192913385824
21
-3.6554975984251969
0
LINE
8
BLACK
6
CONTINUOUS
10
5.5199192913385824
20
-3.6554975984251969
11
5.5079859448818898
21
-3.6497507874015747
0
LINE
8
BLACK
6
CONTINUOUS
10
5.5079859448818898
20
-3.6497507874015747
11
5.4967711023622048
21
-3.6427040551181102
0
LINE
8
BLACK
6
CONTINUOUS
10
5.4967711023622048
20
-3.6427040551181102
11
5.4864157480314963
21
-3.6344459055118108
0
LINE
8
BLACK
6
CONTINUOUS
10
5.4864157480314963
20
-3.6344459055118108
11
5.4770501574803152
21
-3.6250803149606297
0
LINE
8
BLACK
6
CONTINUOUS
10
5.4770501574803152
20
-3.6250803149606297
11
5.4687920078740158
21
-3.6147249606299212
0
LINE
8
BLACK
6
CONTINUOUS
10
5.4687920078740158
20
-3.6147249606299212
11
5.4617452755905509
21
-3.6035101181102362
0
LINE
8
BLACK
6
CONTINUOUS
10
5.4617452755905509
20
-3.6035101181102362
11
5.4559984645669291
21
-3.5915767716535432
0
LINE
8
BLACK
6
CONTINUOUS
10
5.4559984645669291
20
-3.5915767716535432
11
5.4516239370078736
21
-3.5790750787401575
0
LINE
8
BLACK
6
CONTINUOUS
10
5.4516239370078736
20
-3.5790750787401575
11
5.4486766535433073
21
-3.5661621653543305
0
LINE
8
BLACK
6
CONTINUOUS
10
5.4486766535433073
20
-3.5661621653543305
11
5.4471937007874018
21
-3.5530004330708662
0
LINE
8
BLACK
6
CONTINUOUS
10
5.4471937007874018
20
-3.5530004330708662
11
5.4471937007874018
21
-3.539755472440945
0
LINE
8
BLACK
6
CONTINUOUS
10
5.4471937007874018
20
-3.539755472440945
11
5.4486766535433073
21
-3.5265937401574803
0
LINE
8
BLACK
6
CONTINUOUS
10
5.4486766535433073
20
-3.5265937401574803
11
5.4516239370078736
21
-3.5136808267716533
0
LINE
8
BLACK
6
CONTINUOUS
10
5.4516239370078736
20
-3.5136808267716533
11
5.4559984645669291
21
-3.5011791338582676
0
LINE
8
BLACK
6
CONTINUOUS
10
5.4559984645669291
20
-3.5011791338582676
11
5.4617452755905509
21
-3.4892457874015745
0
LINE
8
BLACK
6
CONTINUOUS
10
5.4617452755905509
20
-3.4892457874015745
11
5.4687920078740158
21
-3.4780309448818896
0
LINE
8
BLACK
6
CONTINUOUS
10
5.4687920078740158
20
-3.4780309448818896
11
5.4770501574803152
21
-3.4676755905511811
0
LINE
8
BLACK
6
CONTINUOUS
10
5.4770501574803152
20
-3.4676755905511811
11
5.4864157480314963
21
-3.45831
0
LINE
8
BLACK
6
CONTINUOUS
10
5.4864157480314963
20
-3.45831
11
5.4967711023622048
21
-3.4500518503937005
0
LINE
8
BLACK
6
CONTINUOUS
10
5.4967711023622048
20
-3.4500518503937005
11
5.5079859448818898
21
-3.4430051181102361
0
LINE
8
BLACK
6
CONTINUOUS
10
5.5079859448818898
20
-3.4430051181102361
11
5.5199192913385824
21
-3.4372583070866143
0
LINE
8
BLACK
6
CONTINUOUS
10
5.5199192913385824
20
-3.4372583070866143
11
5.532420984251968
21
-3.4328837795275589
0
LINE
8
BLACK
6
CONTINUOUS
10
5.532420984251968
20
-3.4328837795275589
11
5.5453338976377955
21
-3.4299364960629921
0
LINE
8
BLACK
6
CONTINUOUS
10
5.5453338976377955
20
-3.4299364960629921
11
5.5584956299212598
21
-3.4284535433070866
0
LINE
8
BLACK
6
CONTINUOUS
10
5.5584956299212598
20
-3.4284535433070866
11
5.5717405905511805
21
-3.4284535433070866
0
LINE
8
BLACK
6
CONTINUOUS
10
5.5717405905511805
20
-3.4284535433070866
11
5.5849023228346457
21
-3.4299364960629921
0
LINE
8
BLACK
6
CONTINUOUS
10
9.1675794881889754
20
-3.3905664173228347
11
9.1804924015748028
21
-3.3935137007874014
0
LINE
8
BLACK
6
CONTINUOUS
10
9.1804924015748028
20
-3.3935137007874014
11
9.1929940944881885
21
-3.3978882283464564
0
LINE
8
BLACK
6
CONTINUOUS
10
9.1929940944881885
20
-3.3978882283464564
11
9.204927440944882
21
-3.4036350393700787
0
LINE
8
BLACK
6
CONTINUOUS
10
9.204927440944882
20
-3.4036350393700787
11
9.216142283464567
21
-3.4106817716535431
0
LINE
8
BLACK
6
CONTINUOUS
10
9.216142283464567
20
-3.4106817716535431
11
9.2264976377952745
21
-3.4189399212598426
0
LINE
8
BLACK
6
CONTINUOUS
10
9.2264976377952745
20
-3.4189399212598426
11
9.2358632283464566
21
-3.4283055118110237
0
LINE
8
BLACK
6
CONTINUOUS
10
9.2358632283464566
20
-3.4283055118110237
11
9.2441213779527551
21
-3.4386608661417322
0
LINE
8
BLACK
6
CONTINUOUS
10
9.2441213779527551
20
-3.4386608661417322
11
9.25116811023622
21
-3.4498757086614171
0
LINE
8
BLACK
6
CONTINUOUS
10
9.25116811023622
20
-3.4498757086614171
11
9.2569149212598418
21
-3.4618090551181102
0
LINE
8
BLACK
6
CONTINUOUS
10
9.2569149212598418
20
-3.4618090551181102
11
9.2612894488188982
21
-3.4743107480314959
0
LINE
8
BLACK
6
CONTINUOUS
10
9.2612894488188982
20
-3.4743107480314959
11
9.2642367322834644
21
-3.4872236614173229
0
LINE
8
BLACK
6
CONTINUOUS
10
9.2642367322834644
20
-3.4872236614173229
11
9.2657196850393699
21
-3.5003853937007872
0
LINE
8
BLACK
6
CONTINUOUS
10
9.2657196850393699
20
-3.5003853937007872
11
9.2657196850393699
21
-3.5136303543307084
0
LINE
8
BLACK
6
CONTINUOUS
10
9.2657196850393699
20
-3.5136303543307084
11
9.2642367322834644
21
-3.5267920866141731
0
LINE
8
BLACK
6
CONTINUOUS
10
9.2642367322834644
20
-3.5267920866141731
11
9.2612894488188982
21
-3.5397050000000001
0
LINE
8
BLACK
6
CONTINUOUS
10
9.2612894488188982
20
-3.5397050000000001
11
9.2569149212598418
21
-3.5522066929133858
0
LINE
8
BLACK
6
CONTINUOUS
10
9.2569149212598418
20
-3.5522066929133858
11
9.25116811023622
21
-3.5641400393700788
0
LINE
8
BLACK
6
CONTINUOUS
10
9.25116811023622
20
-3.5641400393700788
11
9.2441213779527551
21
-3.5753548818897638
0
LINE
8
BLACK
6
CONTINUOUS
10
9.2441213779527551
20
-3.5753548818897638
11
9.2358632283464566
21
-3.5857102362204722
0
LINE
8
BLACK
6
CONTINUOUS
10
9.2358632283464566
20
-3.5857102362204722
11
9.2264976377952745
21
-3.5950758267716534
0
LINE
8
BLACK
6
CONTINUOUS
10
9.2264976377952745
20
-3.5950758267716534
11
9.216142283464567
21
-3.6033339763779528
0
LINE
8
BLACK
6
CONTINUOUS
10
9.216142283464567
20
-3.6033339763779528
11
9.204927440944882
21
-3.6103807086614172
0
LINE
8
BLACK
6
CONTINUOUS
10
9.204927440944882
20
-3.6103807086614172
11
9.1929940944881885
21
-3.6161275196850391
0
LINE
8
BLACK
6
CONTINUOUS
10
9.1929940944881885
20
-3.6161275196850391
11
9.1804924015748028
21
-3.6205020472440945
0
LINE
8
BLACK
6
CONTINUOUS
10
9.1804924015748028
20
-3.6205020472440945
11
9.1675794881889754
21
-3.6234493307086613
0
LINE
8
BLACK
6
CONTINUOUS
10
9.1675794881889754
20
-3.6234493307086613
11
9.1544177559055111
21
-3.6249322834645668
0
LINE
8
BLACK
6
CONTINUOUS
10
9.1544177559055111
20
-3.6249322834645668
11
9.1411727952755903
21
-3.6249322834645668
0
LINE
8
BLACK
6
CONTINUOUS
10
9.1411727952755903
20
-3.6249322834645668
11
9.1280110629921261
21
-3.6234493307086613
0
LINE
8
BLACK
6
CONTINUOUS
10
9.1280110629921261
20
-3.6234493307086613
11
9.1150981496062986
21
-3.6205020472440945
0
LINE
8
BLACK
6
CONTINUOUS
10
9.1150981496062986
20
-3.6205020472440945
11
9.102596456692913
21
-3.6161275196850391
0
LINE
8
BLACK
6
CONTINUOUS
10
9.102596456692913
20
-3.6161275196850391
11
9.0906631102362194
21
-3.6103807086614172
0
LINE
8
BLACK
6
CONTINUOUS
10
9.0906631102362194
20
-3.6103807086614172
11
9.0794482677165345
21
-3.6033339763779528
0
LINE
8
BLACK
6
CONTINUOUS
10
9.0794482677165345
20
-3.6033339763779528
11
9.0690929133858269
21
-3.5950758267716534
0
LINE
8
BLACK
6
CONTINUOUS
10
9.0690929133858269
20
-3.5950758267716534
11
9.0597273228346449
21
-3.5857102362204722
0
LINE
8
BLACK
6
CONTINUOUS
10
9.0597273228346449
20
-3.5857102362204722
11
9.0514691732283463
21
-3.5753548818897638
0
LINE
8
BLACK
6
CONTINUOUS
10
9.0514691732283463
20
-3.5753548818897638
11
9.0444224409448815
21
-3.5641400393700788
0
LINE
8
BLACK
6
CONTINUOUS
10
9.0444224409448815
20
-3.5641400393700788
11
9.0386756299212596
21
-3.5522066929133858
0
LINE
8
BLACK
6
CONTINUOUS
10
9.0386756299212596
20
-3.5522066929133858
11
9.0343011023622051
21
-3.5397050000000001
0
LINE
8
BLACK
6
CONTINUOUS
10
9.0343011023622051
20
-3.5397050000000001
11
9.031353818897637
21
-3.5267920866141731
0
LINE
8
BLACK
6
CONTINUOUS
10
9.031353818897637
20
-3.5267920866141731
11
9.0298708661417315
21
-3.5136303543307084
0
LINE
8
BLACK
6
CONTINUOUS
10
9.0298708661417315
20
-3.5136303543307084
11
9.0298708661417315
21
-3.5003853937007872
0
LINE
8
BLACK
6
CONTINUOUS
10
9.0298708661417315
20
-3.5003853937007872
11
9.031353818897637
21
-3.4872236614173229
0
LINE
8
BLACK
6
CONTINUOUS
10
9.031353818897637
20
-3.4872236614173229
11
9.0343011023622051
21
-3.4743107480314959
0
LINE
8
BLACK
6
CONTINUOUS
10
9.0343011023622051
20
-3.4743107480314959
11
9.0386756299212596
21
-3.4618090551181102
0
LINE
8
BLACK
6
CONTINUOUS
10
9.0386756299212596
20
-3.4618090551181102
11
9.0444224409448815
21
-3.4498757086614171
0
LINE
8
BLACK
6
CONTINUOUS
10
9.0444224409448815
20
-3.4498757086614171
11
9.0514691732283463
21
-3.4386608661417322
0
LINE
8
BLACK
6
CONTINUOUS
10
9.0514691732283463
20
-3.4386608661417322
11
9.0597273228346449
21
-3.4283055118110237
0
LINE
8
BLACK
6
CONTINUOUS
10
9.0597273228346449
20
-3.4283055118110237
11
9.0690929133858269
21
-3.4189399212598426
0
LINE
8
BLACK
6
CONTINUOUS
10
9.0690929133858269
20
-3.4189399212598426
11
9.0794482677165345
21
-3.4106817716535431
0
LINE
8
BLACK
6
CONTINUOUS
10
9.0794482677165345
20
-3.4106817716535431
11
9.0906631102362194
21
-3.4036350393700787
0
LINE
8
BLACK
6
CONTINUOUS
10
9.0906631102362194
20
-3.4036350393700787
11
9.102596456692913
21
-3.3978882283464564
0
LINE
8
BLACK
6
CONTINUOUS
10
9.102596456692913
20
-3.3978882283464564
11
9.1150981496062986
21
-3.3935137007874014
0
LINE
8
BLACK
6
CONTINUOUS
10
9.1150981496062986
20
-3.3935137007874014
11
9.1280110629921261
21
-3.3905664173228347
0
LINE
8
BLACK
6
CONTINUOUS
10
9.1280110629921261
20
-3.3905664173228347
11
9.1411727952755903
21
-3.3890834645669292
0
LINE
8
BLACK
6
CONTINUOUS
10
9.1411727952755903
20
-3.3890834645669292
11
9.1544177559055111
21
-3.3890834645669292
0
LINE
8
BLACK
6
CONTINUOUS
10
9.1544177559055111
20
-3.3890834645669292
11
9.1675794881889754
21
-3.3905664173228347
0
LINE
8
BLACK
6
CONTINUOUS
10
5.9649606299212596
20
-2.9350393700787403
11
5.80748031496063
21
-2.9350393700787403
0
LINE
8
BLACK
6
CONTINUOUS
10
5.80748031496063
20
-2.9350393700787403
11
5.80748031496063
21
-2.7775590551181102
0
LINE
8
BLACK
6
CONTINUOUS
10
5.80748031496063
20
-2.7775590551181102
11
5.9649606299212596
21
-2.7775590551181102
0
LINE
8
BLACK
6
CONTINUOUS
10
5.9649606299212596
20
-2.7775590551181102
11
5.9649606299212596
21
-2.9350393700787403
0
LINE
8
BLACK
6
CONTINUOUS
10
8.823228346456693
20
-2.9350393700787403
11
8.6657480314960633
21
-2.9350393700787403
0
LINE
8
BLACK
6
CONTINUOUS
10
8.6657480314960633
20
-2.9350393700787403
11
8.6657480314960633
21
-2.7775590551181102
0
LINE
8
BLACK
6
CONTINUOUS
10
8.6657480314960633
20
-2.7775590551181102
11
8.823228346456693
21
-2.7775590551181102
0
LINE
8
BLACK
6
CONTINUOUS
10
8.823228346456693
20
-2.7775590551181102
11
8.823228346456693
21
-2.9350393700787403
0
LINE
8
BLACK
6
CONTINUOUS
10
6.2351776771653542
20
-2.795047559055118
11
6.2445784645669287
21
-2.7981020866141733
0
LINE
8
BLACK
6
CONTINUOUS
10
6.2445784645669287
20
-2.7981020866141733
11
6.253385748031496
21
-2.8025896062992124
0
LINE
8
BLACK
6
CONTINUOUS
10
6.253385748031496
20
-2.8025896062992124
11
6.261382559055118
21
-2.8083996062992127
0
LINE
8
BLACK
6
CONTINUOUS
10
6.261382559055118
20
-2.8083996062992127
11
6.2683720472440942
21
-2.815389094488189
0
LINE
8
BLACK
6
CONTINUOUS
10
6.2683720472440942
20
-2.815389094488189
11
6.2741820472440946
21
-2.8233859055118109
0
LINE
8
BLACK
6
CONTINUOUS
10
6.2741820472440946
20
-2.8233859055118109
11
6.2786695669291337
21
-2.8321931889763778
0
LINE
8
BLACK
6
CONTINUOUS
10
6.2786695669291337
20
-2.8321931889763778
11
6.2817240944881885
21
-2.8415939763779527
0
LINE
8
BLACK
6
CONTINUOUS
10
6.2817240944881885
20
-2.8415939763779527
11
6.2832703937007874
21
-2.8513568897637795
0
LINE
8
BLACK
6
CONTINUOUS
10
6.2832703937007874
20
-2.8513568897637795
11
6.2832703937007874
21
-2.8612415354330709
0
LINE
8
BLACK
6
CONTINUOUS
10
6.2832703937007874
20
-2.8612415354330709
11
6.2817240944881885
21
-2.8710044488188977
0
LINE
8
BLACK
6
CONTINUOUS
10
6.2817240944881885
20
-2.8710044488188977
11
6.2786695669291337
21
-2.8804052362204722
0
LINE
8
BLACK
6
CONTINUOUS
10
6.2786695669291337
20
-2.8804052362204722
11
6.2741820472440946
21
-2.8892125196850391
0
LINE
8
BLACK
6
CONTINUOUS
10
6.2741820472440946
20
-2.8892125196850391
11
6.2683720472440942
21
-2.8972093307086615
0
LINE
8
BLACK
6
CONTINUOUS
10
6.2683720472440942
20
-2.8972093307086615
11
6.261382559055118
21
-2.9041988188976378
0
LINE
8
BLACK
6
CONTINUOUS
10
6.261382559055118
20
-2.9041988188976378
11
6.253385748031496
21
-2.9100088188976376
0
LINE
8
BLACK
6
CONTINUOUS
10
6.253385748031496
20
-2.9100088188976376
11
6.2445784645669287
21
-2.9144963385826772
0
LINE
8
BLACK
6
CONTINUOUS
10
6.2445784645669287
20
-2.9144963385826772
11
6.2351776771653542
21
-2.9175508661417324
0
LINE
8
BLACK
6
CONTINUOUS
10
6.2351776771653542
20
-2.9175508661417324
11
6.2254147637795274
21
-2.9190971653543305
0
LINE
8
BLACK
6
CONTINUOUS
10
6.2254147637795274
20
-2.9190971653543305
11
6.2155301181102365
21
-2.9190971653543305
0
LINE
8
BLACK
6
CONTINUOUS
10
6.2155301181102365
20
-2.9190971653543305
11
6.2057672047244097
21
-2.9175508661417324
0
LINE
8
BLACK
6
CONTINUOUS
10
6.2057672047244097
20
-2.9175508661417324
11
6.1963664173228343
21
-2.9144963385826772
0
LINE
8
BLACK
6
CONTINUOUS
10
6.1963664173228343
20
-2.9144963385826772
11
6.1875591338582678
21
-2.9100088188976376
0
LINE
8
BLACK
6
CONTINUOUS
10
6.1875591338582678
20
-2.9100088188976376
11
6.1795623228346459
21
-2.9041988188976378
0
LINE
8
BLACK
6
CONTINUOUS
10
6.1795623228346459
20
-2.9041988188976378
11
6.1725728346456687
21
-2.8972093307086615
0
LINE
8
BLACK
6
CONTINUOUS
10
6.1725728346456687
20
-2.8972093307086615
11
6.1667628346456693
21
-2.8892125196850391
0
LINE
8
BLACK
6
CONTINUOUS
10
6.1667628346456693
20
-2.8892125196850391
11
6.1622753149606302
21
-2.8804052362204722
0
LINE
8
BLACK
6
CONTINUOUS
10
6.1622753149606302
20
-2.8804052362204722
11
6.1592207874015745
21
-2.8710044488188977
0
LINE
8
BLACK
6
CONTINUOUS
10
6.1592207874015745
20
-2.8710044488188977
11
6.1576744881889764
21
-2.8612415354330709
0
LINE
8
BLACK
6
CONTINUOUS
10
6.1576744881889764
20
-2.8612415354330709
11
6.1576744881889764
21
-2.8513568897637795
0
LINE
8
BLACK
6
CONTINUOUS
10
6.1576744881889764
20
-2.8513568897637795
11
6.1592207874015745
21
-2.8415939763779527
0
LINE
8
BLACK
6
CONTINUOUS
10
6.1592207874015745
20
-2.8415939763779527
11
6.1622753149606302
21
-2.8321931889763778
0
LINE
8
BLACK
6
CONTINUOUS
10
6.1622753149606302
20
-2.8321931889763778
11
6.1667628346456693
21
-2.8233859055118109
0
LINE
8
BLACK
6
CONTINUOUS
10
6.1667628346456693
20
-2.8233859055118109
11
6.1725728346456687
21
-2.815389094488189
0
LINE
8
BLACK
6
CONTINUOUS
10
6.1725728346456687
20
-2.815389094488189
11
6.1795623228346459
21
-2.8083996062992127
0
LINE
8
BLACK
6
CONTINUOUS
10
6.1795623228346459
20
-2.8083996062992127
11
6.1875591338582678
21
-2.8025896062992124
0
LINE
8
BLACK
6
CONTINUOUS
10
6.1875591338582678
20
-2.8025896062992124
11
6.1963664173228343
21
-2.7981020866141733
0
LINE
8
BLACK
6
CONTINUOUS
10
6.1963664173228343
20
-2.7981020866141733
11
6.2057672047244097
21
-2.795047559055118
0
LINE
8
BLACK
6
CONTINUOUS
10
6.2057672047244097
20
-2.795047559055118
11
6.2155301181102365
21
-2.7935012598425195
0
LINE
8
BLACK
6
CONTINUOUS
10
6.2155301181102365
20
-2.7935012598425195
11
6.2254147637795274
21
-2.7935012598425195
0
LINE
8
BLACK
6
CONTINUOUS
10
6.2254147637795274
20
-2.7935012598425195
11
6.2351776771653542
21
-2.795047559055118
0
LINE
8
BLACK
6
CONTINUOUS
10
8.4249414566929133
20
-2.795047559055118
11
8.4343422440944877
21
-2.7981020866141733
0
LINE
8
BLACK
6
CONTINUOUS
10
8.4343422440944877
20
-2.7981020866141733
11
8.4431495275590542
21
-2.8025896062992124
0
LINE
8
BLACK
6
CONTINUOUS
10
8.4431495275590542
20
-2.8025896062992124
11
8.4511463385826762
21
-2.8083996062992127
0
LINE
8
BLACK
6
CONTINUOUS
10
8.4511463385826762
20
-2.8083996062992127
11
8.4581358267716542
21
-2.815389094488189
0
LINE
8
BLACK
6
CONTINUOUS
10
8.4581358267716542
20
-2.815389094488189
11
8.4639458267716527
21
-2.8233859055118109
0
LINE
8
BLACK
6
CONTINUOUS
10
8.4639458267716527
20
-2.8233859055118109
11
8.4684333464566919
21
-2.8321931889763778
0
LINE
8
BLACK
6
CONTINUOUS
10
8.4684333464566919
20
-2.8321931889763778
11
8.4714878740157484
21
-2.8415939763779527
0
LINE
8
BLACK
6
CONTINUOUS
10
8.4714878740157484
20
-2.8415939763779527
11
8.4730341732283456
21
-2.8513568897637795
0
LINE
8
BLACK
6
CONTINUOUS
10
8.4730341732283456
20
-2.8513568897637795
11
8.4730341732283456
21
-2.8612415354330709
0
LINE
8
BLACK
6
CONTINUOUS
10
8.4730341732283456
20
-2.8612415354330709
11
8.4714878740157484
21
-2.8710044488188977
0
LINE
8
BLACK
6
CONTINUOUS
10
8.4714878740157484
20
-2.8710044488188977
11
8.4684333464566919
21
-2.8804052362204722
0
LINE
8
BLACK
6
CONTINUOUS
10
8.4684333464566919
20
-2.8804052362204722
11
8.4639458267716527
21
-2.8892125196850391
0
LINE
8
BLACK
6
CONTINUOUS
10
8.4639458267716527
20
-2.8892125196850391
11
8.4581358267716542
21
-2.8972093307086615
0
LINE
8
BLACK
6
CONTINUOUS
10
8.4581358267716542
20
-2.8972093307086615
11
8.4511463385826762
21
-2.9041988188976378
0
LINE
8
BLACK
6
CONTINUOUS
10
8.4511463385826762
20
-2.9041988188976378
11
8.4431495275590542
21
-2.9100088188976376
0
LINE
8
BLACK
6
CONTINUOUS
10
8.4431495275590542
20
-2.9100088188976376
11
8.4343422440944877
21
-2.9144963385826772
0
LINE
8
BLACK
6
CONTINUOUS
10
8.4343422440944877
20
-2.9144963385826772
11
8.4249414566929133
21
-2.9175508661417324
0
LINE
8
BLACK
6
CONTINUOUS
10
8.4249414566929133
20
-2.9175508661417324
11
8.4151785433070856
21
-2.9190971653543305
0
LINE
8
BLACK
6
CONTINUOUS
10
8.4151785433070856
20
-2.9190971653543305
11
8.4052938976377956
21
-2.9190971653543305
0
LINE
8
BLACK
6
CONTINUOUS
10
8.4052938976377956
20
-2.9190971653543305
11
8.3955309842519679
21
-2.9175508661417324
0
LINE
8
BLACK
6
CONTINUOUS
10
8.3955309842519679
20
-2.9175508661417324
11
8.3861301968503934
21
-2.9144963385826772
0
LINE
8
BLACK
6
CONTINUOUS
10
8.3861301968503934
20
-2.9144963385826772
11
8.3773229133858269
21
-2.9100088188976376
0
LINE
8
BLACK
6
CONTINUOUS
10
8.3773229133858269
20
-2.9100088188976376
11
8.369326102362205
21
-2.9041988188976378
0
LINE
8
BLACK
6
CONTINUOUS
10
8.369326102362205
20
-2.9041988188976378
11
8.3623366141732287
21
-2.8972093307086615
0
LINE
8
BLACK
6
CONTINUOUS
10
8.3623366141732287
20
-2.8972093307086615
11
8.3565266141732284
21
-2.8892125196850391
0
LINE
8
BLACK
6
CONTINUOUS
10
8.3565266141732284
20
-2.8892125196850391
11
8.3520390944881893
21
-2.8804052362204722
0
LINE
8
BLACK
6
CONTINUOUS
10
8.3520390944881893
20
-2.8804052362204722
11
8.3489845669291345
21
-2.8710044488188977
0
LINE
8
BLACK
6
CONTINUOUS
10
8.3489845669291345
20
-2.8710044488188977
11
8.3474382677165355
21
-2.8612415354330709
0
LINE
8
BLACK
6
CONTINUOUS
10
8.3474382677165355
20
-2.8612415354330709
11
8.3474382677165355
21
-2.8513568897637795
0
LINE
8
BLACK
6
CONTINUOUS
10
8.3474382677165355
20
-2.8513568897637795
11
8.3489845669291345
21
-2.8415939763779527
0
LINE
8
BLACK
6
CONTINUOUS
10
8.3489845669291345
20
-2.8415939763779527
11
8.3520390944881893
21
-2.8321931889763778
0
LINE
8
BLACK
6
CONTINUOUS
10
8.3520390944881893
20
-2.8321931889763778
11
8.3565266141732284
21
-2.8233859055118109
0
LINE
8
BLACK
6
CONTINUOUS
10
8.3565266141732284
20
-2.8233859055118109
11
8.3623366141732287
21
-2.815389094488189
0
LINE
8
BLACK
6
CONTINUOUS
10
8.3623366141732287
20
-2.815389094488189
11
8.369326102362205
21
-2.8083996062992127
0
LINE
8
BLACK
6
CONTINUOUS
10
8.369326102362205
20
-2.8083996062992127
11
8.3773229133858269
21
-2.8025896062992124
0
LINE
8
BLACK
6
CONTINUOUS
10
8.3773229133858269
20
-2.8025896062992124
11
8.3861301968503934
21
-2.7981020866141733
0
LINE
8
BLACK
6
CONTINUOUS
10
8.3861301968503934
20
-2.7981020866141733
11
8.3955309842519679
21
-2.795047559055118
0
LINE
8
BLACK
6
CONTINUOUS
10
8.3955309842519679
20
-2.795047559055118
11
8.4052938976377956
21
-2.7935012598425195
0
LINE
8
BLACK
6
CONTINUOUS
10
8.4052938976377956
20
-2.7935012598425195
11
8.4151785433070856
21
-2.7935012598425195
0
LINE
8
BLACK
6
CONTINUOUS
10
8.4151785433070856
20
-2.7935012598425195
11
8.4249414566929133
21
-2.795047559055118
0
LINE
8
BLACK
6
CONTINUOUS
10
9.3554144094488194
20
-2.3207673622047245
11
9.3606263385826765
21
-2.3221638976377954
0
LINE
8
BLACK
6
CONTINUOUS
10
9.3606263385826765
20
-2.3221638976377954
11
9.3652992125984245
21
-2.3248617716535431
0
LINE
8
BLACK
6
CONTINUOUS
10
9.3652992125984245
20
-2.3248617716535431
11
9.3691146062992132
21
-2.3286771653543306
0
LINE
8
BLACK
6
CONTINUOUS
10
9.3691146062992132
20
-2.3286771653543306
11
9.3718124803149596
21
-2.3333500393700786
0
LINE
8
BLACK
6
CONTINUOUS
10
9.3718124803149596
20
-2.3333500393700786
11
9.3732090157480314
21
-2.3385619685039369
0
LINE
8
BLACK
6
CONTINUOUS
10
9.3732090157480314
20
-2.3385619685039369
11
9.3732090157480314
21
-2.3439577165354328
0
LINE
8
BLACK
6
CONTINUOUS
10
9.3732090157480314
20
-2.3439577165354328
11
9.3718124803149596
21
-2.3491696456692912
0
LINE
8
BLACK
6
CONTINUOUS
10
9.3718124803149596
20
-2.3491696456692912
11
9.3691146062992132
21
-2.3538425196850392
0
LINE
8
BLACK
6
CONTINUOUS
10
9.3691146062992132
20
-2.3538425196850392
11
9.3652992125984245
21
-2.3576579133858266
0
LINE
8
BLACK
6
CONTINUOUS
10
9.3652992125984245
20
-2.3576579133858266
11
9.3606263385826765
21
-2.3603557874015748
0
LINE
8
BLACK
6
CONTINUOUS
10
9.3606263385826765
20
-2.3603557874015748
11
9.3554144094488194
21
-2.3617523228346458
0
LINE
8
BLACK
6
CONTINUOUS
10
9.3554144094488194
20
-2.3617523228346458
11
9.3527165354330712
21
-2.3619291338582675
0
LINE
8
BLACK
6
CONTINUOUS
10
9.3527165354330712
20
-2.3619291338582675
11
9.3113779527559046
21
-2.3619291338582675
0
LINE
8
BLACK
6
CONTINUOUS
10
9.3113779527559046
20
-2.3619291338582675
11
9.3086800787401565
21
-2.3617523228346458
0
LINE
8
BLACK
6
CONTINUOUS
10
9.3086800787401565
20
-2.3617523228346458
11
9.3034681496062994
21
-2.3603557874015748
0
LINE
8
BLACK
6
CONTINUOUS
10
9.3034681496062994
20
-2.3603557874015748
11
9.2987952755905514
21
-2.3576579133858266
0
LINE
8
BLACK
6
CONTINUOUS
10
9.2987952755905514
20
-2.3576579133858266
11
9.2949798818897644
21
-2.3538425196850392
0
LINE
8
BLACK
6
CONTINUOUS
10
9.2949798818897644
20
-2.3538425196850392
11
9.2922820078740163
21
-2.3491696456692912
0
LINE
8
BLACK
6
CONTINUOUS
10
9.2922820078740163
20
-2.3491696456692912
11
9.2908854724409444
21
-2.3439577165354328
0
LINE
8
BLACK
6
CONTINUOUS
10
9.2908854724409444
20
-2.3439577165354328
11
9.2908854724409444
21
-2.3385619685039369
0
LINE
8
BLACK
6
CONTINUOUS
10
9.2908854724409444
20
-2.3385619685039369
11
9.2922820078740163
21
-2.3333500393700786
0
LINE
8
BLACK
6
CONTINUOUS
10
9.2922820078740163
20
-2.3333500393700786
11
9.2949798818897644
21
-2.3286771653543306
0
LINE
8
BLACK
6
CONTINUOUS
10
9.2949798818897644
20
-2.3286771653543306
11
9.2987952755905514
21
-2.3248617716535431
0
LINE
8
BLACK
6
CONTINUOUS
10
9.2987952755905514
20
-2.3248617716535431
11
9.3034681496062994
21
-2.3221638976377954
0
LINE
8
BLACK
6
CONTINUOUS
10
9.3034681496062994
20
-2.3221638976377954
11
9.3086800787401565
21
-2.3207673622047245
0
LINE
8
BLACK
6
CONTINUOUS
10
9.3086800787401565
20
-2.3207673622047245
11
9.3113779527559046
21
-2.3205905511811022
0
LINE
8
BLACK
6
CONTINUOUS
10
9.3113779527559046
20
-2.3205905511811022
11
9.3527165354330712
21
-2.3205905511811022
0
LINE
8
BLACK
6
CONTINUOUS
10
9.3527165354330712
20
-2.3205905511811022
11
9.3554144094488194
21
-2.3207673622047245
0
LINE
8
BLACK
6
CONTINUOUS
10
9.1897347637795281
20
-2.3217432283464565
11
9.1946985039370084
21
-2.3230732283464568
0
LINE
8
BLACK
6
CONTINUOUS
10
9.1946985039370084
20
-2.3230732283464568
11
9.1991488582677157
21
-2.3256426377952755
0
LINE
8
BLACK
6
CONTINUOUS
10
9.1991488582677157
20
-2.3256426377952755
11
9.2027825590551178
21
-2.3292763385826771
0
LINE
8
BLACK
6
CONTINUOUS
10
9.2027825590551178
20
-2.3292763385826771
11
9.2053519685039369
21
-2.3337266929133857
0
LINE
8
BLACK
6
CONTINUOUS
10
9.2053519685039369
20
-2.3337266929133857
11
9.2066819685039363
21
-2.338690433070866
0
LINE
8
BLACK
6
CONTINUOUS
10
9.2066819685039363
20
-2.338690433070866
11
9.2066819685039363
21
-2.3438292519685038
0
LINE
8
BLACK
6
CONTINUOUS
10
9.2066819685039363
20
-2.3438292519685038
11
9.2053519685039369
21
-2.348792992125984
0
LINE
8
BLACK
6
CONTINUOUS
10
9.2053519685039369
20
-2.348792992125984
11
9.2027825590551178
21
-2.3532433464566926
0
LINE
8
BLACK
6
CONTINUOUS
10
9.2027825590551178
20
-2.3532433464566926
11
9.1991488582677157
21
-2.3568770472440943
0
LINE
8
BLACK
6
CONTINUOUS
10
9.1991488582677157
20
-2.3568770472440943
11
9.1946985039370084
21
-2.3594464566929134
0
LINE
8
BLACK
6
CONTINUOUS
10
9.1946985039370084
20
-2.3594464566929134
11
9.1897347637795281
21
-2.3607764566929132
0
LINE
8
BLACK
6
CONTINUOUS
10
9.1897347637795281
20
-2.3607764566929132
11
9.187165354330709
21
-2.3609448818897638
0
LINE
8
BLACK
6
CONTINUOUS
10
9.187165354330709
20
-2.3609448818897638
11
9.1477952755905516
21
-2.3609448818897638
0
LINE
8
BLACK
6
CONTINUOUS
10
9.1477952755905516
20
-2.3609448818897638
11
9.1452258661417325
21
-2.3607764566929132
0
LINE
8
BLACK
6
CONTINUOUS
10
9.1452258661417325
20
-2.3607764566929132
11
9.1402621259842523
21
-2.3594464566929134
0
LINE
8
BLACK
6
CONTINUOUS
10
9.1402621259842523
20
-2.3594464566929134
11
9.1358117716535432
21
-2.3568770472440943
0
LINE
8
BLACK
6
CONTINUOUS
10
9.1358117716535432
20
-2.3568770472440943
11
9.1321780708661411
21
-2.3532433464566926
0
LINE
8
BLACK
6
CONTINUOUS
10
9.1321780708661411
20
-2.3532433464566926
11
9.129608661417322
21
-2.348792992125984
0
LINE
8
BLACK
6
CONTINUOUS
10
9.129608661417322
20
-2.348792992125984
11
9.1282786614173226
21
-2.3438292519685038
0
LINE
8
BLACK
6
CONTINUOUS
10
9.1282786614173226
20
-2.3438292519685038
11
9.1282786614173226
21
-2.338690433070866
0
LINE
8
BLACK
6
CONTINUOUS
10
9.1282786614173226
20
-2.338690433070866
11
9.129608661417322
21
-2.3337266929133857
0
LINE
8
BLACK
6
CONTINUOUS
10
9.129608661417322
20
-2.3337266929133857
11
9.1321780708661411
21
-2.3292763385826771
0
LINE
8
BLACK
6
CONTINUOUS
10
9.1321780708661411
20
-2.3292763385826771
11
9.1358117716535432
21
-2.3256426377952755
0
LINE
8
BLACK
6
CONTINUOUS
10
9.1358117716535432
20
-2.3256426377952755
11
9.1402621259842523
21
-2.3230732283464568
0
LINE
8
BLACK
6
CONTINUOUS
10
9.1402621259842523
20
-2.3230732283464568
11
9.1452258661417325
21
-2.3217432283464565
0
LINE
8
BLACK
6
CONTINUOUS
10
9.1452258661417325
20
-2.3217432283464565
11
9.1477952755905516
21
-2.3215748031496064
0
LINE
8
BLACK
6
CONTINUOUS
10
9.1477952755905516
20
-2.3215748031496064
11
9.187165354330709
21
-2.3215748031496064
0
LINE
8
BLACK
6
CONTINUOUS
10
9.187165354330709
20
-2.3215748031496064
11
9.1897347637795281
21
-2.3217432283464565
0
LINE
8
BLACK
6
CONTINUOUS
10
9.3172587401574809
20
-2.2731393307086614
11
9.3201514566929138
21
-2.2748094488188975
0
LINE
8
BLACK
6
CONTINUOUS
10
9.3201514566929138
20
-2.2748094488188975
11
9.3225133858267721
21
-2.2771713779527558
0
LINE
8
BLACK
6
CONTINUOUS
10
9.3225133858267721
20
-2.2771713779527558
11
9.3241835039370073
21
-2.2800640944881891
0
LINE
8
BLACK
6
CONTINUOUS
10
9.3241835039370073
20
-2.2800640944881891
11
9.3250480314960633
21
-2.2832905118110234
0
LINE
8
BLACK
6
CONTINUOUS
10
9.3250480314960633
20
-2.2832905118110234
11
9.3250480314960633
21
-2.286630748031496
0
LINE
8
BLACK
6
CONTINUOUS
10
9.3250480314960633
20
-2.286630748031496
11
9.3241835039370073
21
-2.2898571653543307
0
LINE
8
BLACK
6
CONTINUOUS
10
9.3241835039370073
20
-2.2898571653543307
11
9.3225133858267721
21
-2.2927498818897636
0
LINE
8
BLACK
6
CONTINUOUS
10
9.3225133858267721
20
-2.2927498818897636
11
9.3201514566929138
21
-2.2951118110236219
0
LINE
8
BLACK
6
CONTINUOUS
10
9.3201514566929138
20
-2.2951118110236219
11
9.3172587401574809
21
-2.296781929133858
0
LINE
8
BLACK
6
CONTINUOUS
10
9.3172587401574809
20
-2.296781929133858
11
9.3140323228346453
21
-2.2976464566929131
0
LINE
8
BLACK
6
CONTINUOUS
10
9.3140323228346453
20
-2.2976464566929131
11
9.3106920866141731
21
-2.2976464566929131
0
LINE
8
BLACK
6
CONTINUOUS
10
9.3106920866141731
20
-2.2976464566929131
11
9.3074656692913376
21
-2.296781929133858
0
LINE
8
BLACK
6
CONTINUOUS
10
9.3074656692913376
20
-2.296781929133858
11
9.3045729527559047
21
-2.2951118110236219
0
LINE
8
BLACK
6
CONTINUOUS
10
9.3045729527559047
20
-2.2951118110236219
11
9.3022110236220463
21
-2.2927498818897636
0
LINE
8
BLACK
6
CONTINUOUS
10
9.3022110236220463
20
-2.2927498818897636
11
9.3005409055118111
21
-2.2898571653543307
0
LINE
8
BLACK
6
CONTINUOUS
10
9.3005409055118111
20
-2.2898571653543307
11
9.2996763779527551
21
-2.286630748031496
0
LINE
8
BLACK
6
CONTINUOUS
10
9.2996763779527551
20
-2.286630748031496
11
9.2996763779527551
21
-2.2832905118110234
0
LINE
8
BLACK
6
CONTINUOUS
10
9.2996763779527551
20
-2.2832905118110234
11
9.3005409055118111
21
-2.2800640944881891
0
LINE
8
BLACK
6
CONTINUOUS
10
9.3005409055118111
20
-2.2800640944881891
11
9.3022110236220463
21
-2.2771713779527558
0
LINE
8
BLACK
6
CONTINUOUS
10
9.3022110236220463
20
-2.2771713779527558
11
9.3045729527559047
21
-2.2748094488188975
0
LINE
8
BLACK
6
CONTINUOUS
10
9.3045729527559047
20
-2.2748094488188975
11
9.3074656692913376
21
-2.2731393307086614
0
LINE
8
BLACK
6
CONTINUOUS
10
9.3074656692913376
20
-2.2731393307086614
11
9.3106920866141731
21
-2.2722748031496063
0
LINE
8
BLACK
6
CONTINUOUS
10
9.3106920866141731
20
-2.2722748031496063
11
9.3140323228346453
21
-2.2722748031496063
0
LINE
8
BLACK
6
CONTINUOUS
10
9.3140323228346453
20
-2.2722748031496063
11
9.3172587401574809
21
-2.2731393307086614
0
LINE
8
BLACK
6
CONTINUOUS
10
5.9649606299212596
20
-2.1751968503937009
11
5.80748031496063
21
-2.1751968503937009
0
LINE
8
BLACK
6
CONTINUOUS
10
5.80748031496063
20
-2.1751968503937009
11
5.80748031496063
21
-2.0177165354330708
0
LINE
8
BLACK
6
CONTINUOUS
10
5.80748031496063
20
-2.0177165354330708
11
5.9649606299212596
21
-2.0177165354330708
0
LINE
8
BLACK
6
CONTINUOUS
10
5.9649606299212596
20
-2.0177165354330708
11
5.9649606299212596
21
-2.1751968503937009
0
LINE
8
BLACK
6
CONTINUOUS
10
8.823228346456693
20
-2.1751968503937009
11
8.6657480314960633
21
-2.1751968503937009
0
LINE
8
BLACK
6
CONTINUOUS
10
8.6657480314960633
20
-2.1751968503937009
11
8.6657480314960633
21
-2.0177165354330708
0
LINE
8
BLACK
6
CONTINUOUS
10
8.6657480314960633
20
-2.0177165354330708
11
8.823228346456693
21
-2.0177165354330708
0
LINE
8
BLACK
6
CONTINUOUS
10
8.823228346456693
20
-2.0177165354330708
11
8.823228346456693
21
-2.1751968503937009
0
LINE
8
BLACK
6
CONTINUOUS
10
6.2351776771653542
20
-2.0352050393700787
11
6.2445784645669287
21
-2.0382595669291339
0
LINE
8
BLACK
6
CONTINUOUS
10
6.2445784645669287
20
-2.0382595669291339
11
6.253385748031496
21
-2.042747086614173
0
LINE
8
BLACK
6
CONTINUOUS
10
6.253385748031496
20
-2.042747086614173
11
6.261382559055118
21
-2.0485570866141734
0
LINE
8
BLACK
6
CONTINUOUS
10
6.261382559055118
20
-2.0485570866141734
11
6.2683720472440942
21
-2.0555465748031496
0
LINE
8
BLACK
6
CONTINUOUS
10
6.2683720472440942
20
-2.0555465748031496
11
6.2741820472440946
21
-2.0635433858267715
0
LINE
8
BLACK
6
CONTINUOUS
10
6.2741820472440946
20
-2.0635433858267715
11
6.2786695669291337
21
-2.0723506692913385
0
LINE
8
BLACK
6
CONTINUOUS
10
6.2786695669291337
20
-2.0723506692913385
11
6.2817240944881885
21
-2.0817514566929134
0
LINE
8
BLACK
6
CONTINUOUS
10
6.2817240944881885
20
-2.0817514566929134
11
6.2832703937007874
21
-2.0915143700787402
0
LINE
8
BLACK
6
CONTINUOUS
10
6.2832703937007874
20
-2.0915143700787402
11
6.2832703937007874
21
-2.1013990157480316
0
LINE
8
BLACK
6
CONTINUOUS
10
6.2832703937007874
20
-2.1013990157480316
11
6.2817240944881885
21
-2.1111619291338584
0
LINE
8
BLACK
6
CONTINUOUS
10
6.2817240944881885
20
-2.1111619291338584
11
6.2786695669291337
21
-2.1205627165354328
0
LINE
8
BLACK
6
CONTINUOUS
10
6.2786695669291337
20
-2.1205627165354328
11
6.2741820472440946
21
-2.1293699999999998
0
LINE
8
BLACK
6
CONTINUOUS
10
6.2741820472440946
20
-2.1293699999999998
11
6.2683720472440942
21
-2.1373668110236221
0
LINE
8
BLACK
6
CONTINUOUS
10
6.2683720472440942
20
-2.1373668110236221
11
6.261382559055118
21
-2.1443562992125984
0
LINE
8
BLACK
6
CONTINUOUS
10
6.261382559055118
20
-2.1443562992125984
11
6.253385748031496
21
-2.1501662992125983
0
LINE
8
BLACK
6
CONTINUOUS
10
6.253385748031496
20
-2.1501662992125983
11
6.2445784645669287
21
-2.1546538188976379
0
LINE
8
BLACK
6
CONTINUOUS
10
6.2445784645669287
20
-2.1546538188976379
11
6.2351776771653542
21
-2.1577083464566931
0
LINE
8
BLACK
6
CONTINUOUS
10
6.2351776771653542
20
-2.1577083464566931
11
6.2254147637795274
21
-2.1592546456692912
0
LINE
8
BLACK
6
CONTINUOUS
10
6.2254147637795274
20
-2.1592546456692912
11
6.2155301181102365
21
-2.1592546456692912
0
LINE
8
BLACK
6
CONTINUOUS
10
6.2155301181102365
20
-2.1592546456692912
11
6.2057672047244097
21
-2.1577083464566931
0
LINE
8
BLACK
6
CONTINUOUS
10
6.2057672047244097
20
-2.1577083464566931
11
6.1963664173228343
21
-2.1546538188976379
0
LINE
8
BLACK
6
CONTINUOUS
10
6.1963664173228343
20
-2.1546538188976379
11
6.1875591338582678
21
-2.1501662992125983
0
LINE
8
BLACK
6
CONTINUOUS
10
6.1875591338582678
20
-2.1501662992125983
11
6.1795623228346459
21
-2.1443562992125984
0
LINE
8
BLACK
6
CONTINUOUS
10
6.1795623228346459
20
-2.1443562992125984
11
6.1725728346456687
21
-2.1373668110236221
0
LINE
8
BLACK
6
CONTINUOUS
10
6.1725728346456687
20
-2.1373668110236221
11
6.1667628346456693
21
-2.1293699999999998
0
LINE
8
BLACK
6
CONTINUOUS
10
6.1667628346456693
20
-2.1293699999999998
11
6.1622753149606302
21
-2.1205627165354328
0
LINE
8
BLACK
6
CONTINUOUS
10
6.1622753149606302
20
-2.1205627165354328
11
6.1592207874015745
21
-2.1111619291338584
0
LINE
8
BLACK
6
CONTINUOUS
10
6.1592207874015745
20
-2.1111619291338584
11
6.1576744881889764
21
-2.1013990157480316
0
LINE
8
BLACK
6
CONTINUOUS
10
6.1576744881889764
20
-2.1013990157480316
11
6.1576744881889764
21
-2.0915143700787402
0
LINE
8
BLACK
6
CONTINUOUS
10
6.1576744881889764
20
-2.0915143700787402
11
6.1592207874015745
21
-2.0817514566929134
0
LINE
8
BLACK
6
CONTINUOUS
10
6.1592207874015745
20
-2.0817514566929134
11
6.1622753149606302
21
-2.0723506692913385
0
LINE
8
BLACK
6
CONTINUOUS
10
6.1622753149606302
20
-2.0723506692913385
11
6.1667628346456693
21
-2.0635433858267715
0
LINE
8
BLACK
6
CONTINUOUS
10
6.1667628346456693
20
-2.0635433858267715
11
6.1725728346456687
21
-2.0555465748031496
0
LINE
8
BLACK
6
CONTINUOUS
10
6.1725728346456687
20
-2.0555465748031496
11
6.1795623228346459
21
-2.0485570866141734
0
LINE
8
BLACK
6
CONTINUOUS
10
6.1795623228346459
20
-2.0485570866141734
11
6.1875591338582678
21
-2.042747086614173
0
LINE
8
BLACK
6
CONTINUOUS
10
6.1875591338582678
20
-2.042747086614173
11
6.1963664173228343
21
-2.0382595669291339
0
LINE
8
BLACK
6
CONTINUOUS
10
6.1963664173228343
20
-2.0382595669291339
11
6.2057672047244097
21
-2.0352050393700787
0
LINE
8
BLACK
6
CONTINUOUS
10
6.2057672047244097
20
-2.0352050393700787
11
6.2155301181102365
21
-2.0336587401574802
0
LINE
8
BLACK
6
CONTINUOUS
10
6.2155301181102365
20
-2.0336587401574802
11
6.2254147637795274
21
-2.0336587401574802
0
LINE
8
BLACK
6
CONTINUOUS
10
6.2254147637795274
20
-2.0336587401574802
11
6.2351776771653542
21
-2.0352050393700787
0
LINE
8
BLACK
6
CONTINUOUS
10
8.4249414566929133
20
-2.0352050393700787
11
8.4343422440944877
21
-2.0382595669291339
0
LINE
8
BLACK
6
CONTINUOUS
10
8.4343422440944877
20
-2.0382595669291339
11
8.4431495275590542
21
-2.042747086614173
0
LINE
8
BLACK
6
CONTINUOUS
10
8.4431495275590542
20
-2.042747086614173
11
8.4511463385826762
21
-2.0485570866141734
0
LINE
8
BLACK
6
CONTINUOUS
10
8.4511463385826762
20
-2.0485570866141734
11
8.4581358267716542
21
-2.0555465748031496
0
LINE
8
BLACK
6
CONTINUOUS
10
8.4581358267716542
20
-2.0555465748031496
11
8.4639458267716527
21
-2.0635433858267715
0
LINE
8
BLACK
6
CONTINUOUS
10
8.4639458267716527
20
-2.0635433858267715
11
8.4684333464566919
21
-2.0723506692913385
0
LINE
8
BLACK
6
CONTINUOUS
10
8.4684333464566919
20
-2.0723506692913385
11
8.4714878740157484
21
-2.0817514566929134
0
LINE
8
BLACK
6
CONTINUOUS
10
8.4714878740157484
20
-2.0817514566929134
11
8.4730341732283456
21
-2.0915143700787402
0
LINE
8
BLACK
6
CONTINUOUS
10
8.4730341732283456
20
-2.0915143700787402
11
8.4730341732283456
21
-2.1013990157480316
0
LINE
8
BLACK
6
CONTINUOUS
10
8.4730341732283456
20
-2.1013990157480316
11
8.4714878740157484
21
-2.1111619291338584
0
LINE
8
BLACK
6
CONTINUOUS
10
8.4714878740157484
20
-2.1111619291338584
11
8.4684333464566919
21
-2.1205627165354328
0
LINE
8
BLACK
6
CONTINUOUS
10
8.4684333464566919
20
-2.1205627165354328
11
8.4639458267716527
21
-2.1293699999999998
0
LINE
8
BLACK
6
CONTINUOUS
10
8.4639458267716527
20
-2.1293699999999998
11
8.4581358267716542
21
-2.1373668110236221
0
LINE
8
BLACK
6
CONTINUOUS
10
8.4581358267716542
20
-2.1373668110236221
11
8.4511463385826762
21
-2.1443562992125984
0
LINE
8
BLACK
6
CONTINUOUS
10
8.4511463385826762
20
-2.1443562992125984
11
8.4431495275590542
21
-2.1501662992125983
0
LINE
8
BLACK
6
CONTINUOUS
10
8.4431495275590542
20
-2.1501662992125983
11
8.4343422440944877
21
-2.1546538188976379
0
LINE
8
BLACK
6
CONTINUOUS
10
8.4343422440944877
20
-2.1546538188976379
11
8.4249414566929133
21
-2.1577083464566931
0
LINE
8
BLACK
6
CONTINUOUS
10
8.4249414566929133
20
-2.1577083464566931
11
8.4151785433070856
21
-2.1592546456692912
0
LINE
8
BLACK
6
CONTINUOUS
10
8.4151785433070856
20
-2.1592546456692912
11
8.4052938976377956
21
-2.1592546456692912
0
LINE
8
BLACK
6
CONTINUOUS
10
8.4052938976377956
20
-2.1592546456692912
11
8.3955309842519679
21
-2.1577083464566931
0
LINE
8
BLACK
6
CONTINUOUS
10
8.3955309842519679
20
-2.1577083464566931
11
8.3861301968503934
21
-2.1546538188976379
0
LINE
8
BLACK
6
CONTINUOUS
10
8.3861301968503934
20
-2.1546538188976379
11
8.3773229133858269
21
-2.1501662992125983
0
LINE
8
BLACK
6
CONTINUOUS
10
8.3773229133858269
20
-2.1501662992125983
11
8.369326102362205
21
-2.1443562992125984
0
LINE
8
BLACK
6
CONTINUOUS
10
8.369326102362205
20
-2.1443562992125984
11
8.3623366141732287
21
-2.1373668110236221
0
LINE
8
BLACK
6
CONTINUOUS
10
8.3623366141732287
20
-2.1373668110236221
11
8.3565266141732284
21
-2.1293699999999998
0
LINE
8
BLACK
6
CONTINUOUS
10
8.3565266141732284
20
-2.1293699999999998
11
8.3520390944881893
21
-2.1205627165354328
0
LINE
8
BLACK
6
CONTINUOUS
10
8.3520390944881893
20
-2.1205627165354328
11
8.3489845669291345
21
-2.1111619291338584
0
LINE
8
BLACK
6
CONTINUOUS
10
8.3489845669291345
20
-2.1111619291338584
11
8.3474382677165355
21
-2.1013990157480316
0
LINE
8
BLACK
6
CONTINUOUS
10
8.3474382677165355
20
-2.1013990157480316
11
8.3474382677165355
21
-2.0915143700787402
0
LINE
8
BLACK
6
CONTINUOUS
10
8.3474382677165355
20
-2.0915143700787402
11
8.3489845669291345
21
-2.0817514566929134
0
LINE
8
BLACK
6
CONTINUOUS
10
8.3489845669291345
20
-2.0817514566929134
11
8.3520390944881893
21
-2.0723506692913385
0
LINE
8
BLACK
6
CONTINUOUS
10
8.3520390944881893
20
-2.0723506692913385
11
8.3565266141732284
21
-2.0635433858267715
0
LINE
8
BLACK
6
CONTINUOUS
10
8.3565266141732284
20
-2.0635433858267715
11
8.3623366141732287
21
-2.0555465748031496
0
LINE
8
BLACK
6
CONTINUOUS
10
8.3623366141732287
20
-2.0555465748031496
11
8.369326102362205
21
-2.0485570866141734
0
LINE
8
BLACK
6
CONTINUOUS
10
8.369326102362205
20
-2.0485570866141734
11
8.3773229133858269
21
-2.042747086614173
0
LINE
8
BLACK
6
CONTINUOUS
10
8.3773229133858269
20
-2.042747086614173
11
8.3861301968503934
21
-2.0382595669291339
0
LINE
8
BLACK
6
CONTINUOUS
10
8.3861301968503934
20
-2.0382595669291339
11
8.3955309842519679
21
-2.0352050393700787
0
LINE
8
BLACK
6
CONTINUOUS
10
8.3955309842519679
20
-2.0352050393700787
11
8.4052938976377956
21
-2.0336587401574802
0
LINE
8
BLACK
6
CONTINUOUS
10
8.4052938976377956
20
-2.0336587401574802
11
8.4151785433070856
21
-2.0336587401574802
0
LINE
8
BLACK
6
CONTINUOUS
10
8.4151785433070856
20
-2.0336587401574802
11
8.4249414566929133
21
-2.0352050393700787
0
LINE
8
BLACK
6
CONTINUOUS
10
9.3172587401574809
20
-2.045580275590551
11
9.3201514566929138
21
-2.0472503937007875
0
LINE
8
BLACK
6
CONTINUOUS
10
9.3201514566929138
20
-2.0472503937007875
11
9.3225133858267721
21
-2.0496123228346455
0
LINE
8
BLACK
6
CONTINUOUS
10
9.3225133858267721
20
-2.0496123228346455
11
9.3241835039370073
21
-2.0525050393700788
0
LINE
8
BLACK
6
CONTINUOUS
10
9.3241835039370073
20
-2.0525050393700788
11
9.3250480314960633
21
-2.0557314566929135
0
LINE
8
BLACK
6
CONTINUOUS
10
9.3250480314960633
20
-2.0557314566929135
11
9.3250480314960633
21
-2.0590716929133857
0
LINE
8
BLACK
6
CONTINUOUS
10
9.3250480314960633
20
-2.0590716929133857
11
9.3241835039370073
21
-2.0622981102362203
0
LINE
8
BLACK
6
CONTINUOUS
10
9.3241835039370073
20
-2.0622981102362203
11
9.3225133858267721
21
-2.0651908267716537
0
LINE
8
BLACK
6
CONTINUOUS
10
9.3225133858267721
20
-2.0651908267716537
11
9.3201514566929138
21
-2.0675527559055116
0
LINE
8
BLACK
6
CONTINUOUS
10
9.3201514566929138
20
-2.0675527559055116
11
9.3172587401574809
21
-2.0692228740157481
0
LINE
8
BLACK
6
CONTINUOUS
10
9.3172587401574809
20
-2.0692228740157481
11
9.3140323228346453
21
-2.0700874015748032
0
LINE
8
BLACK
6
CONTINUOUS
10
9.3140323228346453
20
-2.0700874015748032
11
9.3106920866141731
21
-2.0700874015748032
0
LINE
8
BLACK
6
CONTINUOUS
10
9.3106920866141731
20
-2.0700874015748032
11
9.3074656692913376
21
-2.0692228740157481
0
LINE
8
BLACK
6
CONTINUOUS
10
9.3074656692913376
20
-2.0692228740157481
11
9.3045729527559047
21
-2.0675527559055116
0
LINE
8
BLACK
6
CONTINUOUS
10
9.3045729527559047
20
-2.0675527559055116
11
9.3022110236220463
21
-2.0651908267716537
0
LINE
8
BLACK
6
CONTINUOUS
10
9.3022110236220463
20
-2.0651908267716537
11
9.3005409055118111
21
-2.0622981102362203
0
LINE
8
BLACK
6
CONTINUOUS
10
9.3005409055118111
20
-2.0622981102362203
11
9.2996763779527551
21
-2.0590716929133857
0
LINE
8
BLACK
6
CONTINUOUS
10
9.2996763779527551
20
-2.0590716929133857
11
9.2996763779527551
21
-2.0557314566929135
0
LINE
8
BLACK
6
CONTINUOUS
10
9.2996763779527551
20
-2.0557314566929135
11
9.3005409055118111
21
-2.0525050393700788
0
LINE
8
BLACK
6
CONTINUOUS
10
9.3005409055118111
20
-2.0525050393700788
11
9.3022110236220463
21
-2.0496123228346455
0
LINE
8
BLACK
6
CONTINUOUS
10
9.3022110236220463
20
-2.0496123228346455
11
9.3045729527559047
21
-2.0472503937007875
0
LINE
8
BLACK
6
CONTINUOUS
10
9.3045729527559047
20
-2.0472503937007875
11
9.3074656692913376
21
-2.045580275590551
0
LINE
8
BLACK
6
CONTINUOUS
10
9.3074656692913376
20
-2.045580275590551
11
9.3106920866141731
21
-2.0447157480314959
0
LINE
8
BLACK
6
CONTINUOUS
10
9.3106920866141731
20
-2.0447157480314959
11
9.3140323228346453
21
-2.0447157480314959
0
LINE
8
BLACK
6
CONTINUOUS
10
9.3140323228346453
20
-2.0447157480314959
11
9.3172587401574809
21
-2.045580275590551
0
LINE
8
BLACK
6
CONTINUOUS
10
9.3554144094488194
20
-1.9806098818897637
11
9.3606263385826765
21
-1.9820064173228347
0
LINE
8
BLACK
6
CONTINUOUS
10
9.3606263385826765
20
-1.9820064173228347
11
9.3652992125984245
21
-1.9847042913385826
0
LINE
8
BLACK
6
CONTINUOUS
10
9.3652992125984245
20
-1.9847042913385826
11
9.3691146062992132
21
-1.98851968503937
0
LINE
8
BLACK
6
CONTINUOUS
10
9.3691146062992132
20
-1.98851968503937
11
9.3718124803149596
21
-1.9931925590551181
0
LINE
8
BLACK
6
CONTINUOUS
10
9.3718124803149596
20
-1.9931925590551181
11
9.3732090157480314
21
-1.9984044881889764
0
LINE
8
BLACK
6
CONTINUOUS
10
9.3732090157480314
20
-1.9984044881889764
11
9.3732090157480314
21
-2.0038002362204725
0
LINE
8
BLACK
6
CONTINUOUS
10
9.3732090157480314
20
-2.0038002362204725
11
9.3718124803149596
21
-2.0090121653543305
0
LINE
8
BLACK
6
CONTINUOUS
10
9.3718124803149596
20
-2.0090121653543305
11
9.3691146062992132
21
-2.0136850393700785
0
LINE
8
BLACK
6
CONTINUOUS
10
9.3691146062992132
20
-2.0136850393700785
11
9.3652992125984245
21
-2.0175004330708659
0
LINE
8
BLACK
6
CONTINUOUS
10
9.3652992125984245
20
-2.0175004330708659
11
9.3606263385826765
21
-2.0201983070866141
0
LINE
8
BLACK
6
CONTINUOUS
10
9.3606263385826765
20
-2.0201983070866141
11
9.3554144094488194
21
-2.021594842519685
0
LINE
8
BLACK
6
CONTINUOUS
10
9.3554144094488194
20
-2.021594842519685
11
9.3527165354330712
21
-2.0217716535433072
0
LINE
8
BLACK
6
CONTINUOUS
10
9.3527165354330712
20
-2.0217716535433072
11
9.3113779527559046
21
-2.0217716535433072
0
LINE
8
BLACK
6
CONTINUOUS
10
9.3113779527559046
20
-2.0217716535433072
11
9.3086800787401565
21
-2.021594842519685
0
LINE
8
BLACK
6
CONTINUOUS
10
9.3086800787401565
20
-2.021594842519685
11
9.3034681496062994
21
-2.0201983070866141
0
LINE
8
BLACK
6
CONTINUOUS
10
9.3034681496062994
20
-2.0201983070866141
11
9.2987952755905514
21
-2.0175004330708659
0
LINE
8
BLACK
6
CONTINUOUS
10
9.2987952755905514
20
-2.0175004330708659
11
9.2949798818897644
21
-2.0136850393700785
0
LINE
8
BLACK
6
CONTINUOUS
10
9.2949798818897644
20
-2.0136850393700785
11
9.2922820078740163
21
-2.0090121653543305
0
LINE
8
BLACK
6
CONTINUOUS
10
9.2922820078740163
20
-2.0090121653543305
11
9.2908854724409444
21
-2.0038002362204725
0
LINE
8
BLACK
6
CONTINUOUS
10
9.2908854724409444
20
-2.0038002362204725
11
9.2908854724409444
21
-1.9984044881889764
0
LINE
8
BLACK
6
CONTINUOUS
10
9.2908854724409444
20
-1.9984044881889764
11
9.2922820078740163
21
-1.9931925590551181
0
LINE
8
BLACK
6
CONTINUOUS
10
9.2922820078740163
20
-1.9931925590551181
11
9.2949798818897644
21
-1.98851968503937
0
LINE
8
BLACK
6
CONTINUOUS
10
9.2949798818897644
20
-1.98851968503937
11
9.2987952755905514
21
-1.9847042913385826
0
LINE
8
BLACK
6
CONTINUOUS
10
9.2987952755905514
20
-1.9847042913385826
11
9.3034681496062994
21
-1.9820064173228347
0
LINE
8
BLACK
6
CONTINUOUS
10
9.3034681496062994
20
-1.9820064173228347
11
9.3086800787401565
21
-1.9806098818897637
0
LINE
8
BLACK
6
CONTINUOUS
10
9.3086800787401565
20
-1.9806098818897637
11
9.3113779527559046
21
-1.9804330708661417
0
LINE
8
BLACK
6
CONTINUOUS
10
9.3113779527559046
20
-1.9804330708661417
11
9.3527165354330712
21
-1.9804330708661417
0
LINE
8
BLACK
6
CONTINUOUS
10
9.3527165354330712
20
-1.9804330708661417
11
9.3554144094488194
21
-1.9806098818897637
0
LINE
8
BLACK
6
CONTINUOUS
10
9.1897347637795281
20
-1.981585748031496
11
9.1946985039370084
21
-1.9829157480314961
0
LINE
8
BLACK
6
CONTINUOUS
10
9.1946985039370084
20
-1.9829157480314961
11
9.1991488582677157
21
-1.985485157480315
0
LINE
8
BLACK
6
CONTINUOUS
10
9.1991488582677157
20
-1.985485157480315
11
9.2027825590551178
21
-1.9891188582677164
0
LINE
8
BLACK
6
CONTINUOUS
10
9.2027825590551178
20
-1.9891188582677164
11
9.2053519685039369
21
-1.9935692125984252
0
LINE
8
BLACK
6
CONTINUOUS
10
9.2053519685039369
20
-1.9935692125984252
11
9.2066819685039363
21
-1.9985329527559055
0
LINE
8
BLACK
6
CONTINUOUS
10
9.2066819685039363
20
-1.9985329527559055
11
9.2066819685039363
21
-2.003671771653543
0
LINE
8
BLACK
6
CONTINUOUS
10
9.2066819685039363
20
-2.003671771653543
11
9.2053519685039369
21
-2.0086355118110237
0
LINE
8
BLACK
6
CONTINUOUS
10
9.2053519685039369
20
-2.0086355118110237
11
9.2027825590551178
21
-2.0130858661417323
0
LINE
8
BLACK
6
CONTINUOUS
10
9.2027825590551178
20
-2.0130858661417323
11
9.1991488582677157
21
-2.016719566929134
0
LINE
8
BLACK
6
CONTINUOUS
10
9.1991488582677157
20
-2.016719566929134
11
9.1946985039370084
21
-2.0192889763779527
0
LINE
8
BLACK
6
CONTINUOUS
10
9.1946985039370084
20
-2.0192889763779527
11
9.1897347637795281
21
-2.0206189763779525
0
LINE
8
BLACK
6
CONTINUOUS
10
9.1897347637795281
20
-2.0206189763779525
11
9.187165354330709
21
-2.0207874015748031
0
LINE
8
BLACK
6
CONTINUOUS
10
9.187165354330709
20
-2.0207874015748031
11
9.1477952755905516
21
-2.0207874015748031
0
LINE
8
BLACK
6
CONTINUOUS
10
9.1477952755905516
20
-2.0207874015748031
11
9.1452258661417325
21
-2.0206189763779525
0
LINE
8
BLACK
6
CONTINUOUS
10
9.1452258661417325
20
-2.0206189763779525
11
9.1402621259842523
21
-2.0192889763779527
0
LINE
8
BLACK
6
CONTINUOUS
10
9.1402621259842523
20
-2.0192889763779527
11
9.1358117716535432
21
-2.016719566929134
0
LINE
8
BLACK
6
CONTINUOUS
10
9.1358117716535432
20
-2.016719566929134
11
9.1321780708661411
21
-2.0130858661417323
0
LINE
8
BLACK
6
CONTINUOUS
10
9.1321780708661411
20
-2.0130858661417323
11
9.129608661417322
21
-2.0086355118110237
0
LINE
8
BLACK
6
CONTINUOUS
10
9.129608661417322
20
-2.0086355118110237
11
9.1282786614173226
21
-2.003671771653543
0
LINE
8
BLACK
6
CONTINUOUS
10
9.1282786614173226
20
-2.003671771653543
11
9.1282786614173226
21
-1.9985329527559055
0
LINE
8
BLACK
6
CONTINUOUS
10
9.1282786614173226
20
-1.9985329527559055
11
9.129608661417322
21
-1.9935692125984252
0
LINE
8
BLACK
6
CONTINUOUS
10
9.129608661417322
20
-1.9935692125984252
11
9.1321780708661411
21
-1.9891188582677164
0
LINE
8
BLACK
6
CONTINUOUS
10
9.1321780708661411
20
-1.9891188582677164
11
9.1358117716535432
21
-1.985485157480315
0
LINE
8
BLACK
6
CONTINUOUS
10
9.1358117716535432
20
-1.985485157480315
11
9.1402621259842523
21
-1.9829157480314961
0
LINE
8
BLACK
6
CONTINUOUS
10
9.1402621259842523
20
-1.9829157480314961
11
9.1452258661417325
21
-1.981585748031496
0
LINE
8
BLACK
6
CONTINUOUS
10
9.1452258661417325
20
-1.981585748031496
11
9.1477952755905516
21
-1.9814173228346457
0
LINE
8
BLACK
6
CONTINUOUS
10
9.1477952755905516
20
-1.9814173228346457
11
9.187165354330709
21
-1.9814173228346457
0
LINE
8
BLACK
6
CONTINUOUS
10
9.187165354330709
20
-1.9814173228346457
11
9.1897347637795281
21
-1.981585748031496
0
LINE
8
BLACK
6
CONTINUOUS
10
5.5258472047244096
20
-1.3531648425196849
11
5.5387601181102362
21
-1.3561121259842519
0
LINE
8
BLACK
6
CONTINUOUS
10
5.5387601181102362
20
-1.3561121259842519
11
5.5512618110236218
21
-1.3604866535433071
0
LINE
8
BLACK
6
CONTINUOUS
10
5.5512618110236218
20
-1.3604866535433071
11
5.5631951574803145
21
-1.3662334645669292
0
LINE
8
BLACK
6
CONTINUOUS
10
5.5631951574803145
20
-1.3662334645669292
11
5.5744100000000003
21
-1.3732801968503936
0
LINE
8
BLACK
6
CONTINUOUS
10
5.5744100000000003
20
-1.3732801968503936
11
5.5847653543307088
21
-1.3815383464566928
0
LINE
8
BLACK
6
CONTINUOUS
10
5.5847653543307088
20
-1.3815383464566928
11
5.5941309448818899
21
-1.390903937007874
0
LINE
8
BLACK
6
CONTINUOUS
10
5.5941309448818899
20
-1.390903937007874
11
5.6023890944881884
21
-1.4012592913385826
0
LINE
8
BLACK
6
CONTINUOUS
10
5.6023890944881884
20
-1.4012592913385826
11
5.6094358267716533
21
-1.4124741338582676
0
LINE
8
BLACK
6
CONTINUOUS
10
5.6094358267716533
20
-1.4124741338582676
11
5.6151826377952752
21
-1.4244074803149607
0
LINE
8
BLACK
6
CONTINUOUS
10
5.6151826377952752
20
-1.4244074803149607
11
5.6195571653543306
21
-1.4369091732283463
0
LINE
8
BLACK
6
CONTINUOUS
10
5.6195571653543306
20
-1.4369091732283463
11
5.6225044488188978
21
-1.4498220866141731
0
LINE
8
BLACK
6
CONTINUOUS
10
5.6225044488188978
20
-1.4498220866141731
11
5.6239874015748033
21
-1.4629838188976378
0
LINE
8
BLACK
6
CONTINUOUS
10
5.6239874015748033
20
-1.4629838188976378
11
5.6239874015748033
21
-1.476228779527559
0
LINE
8
BLACK
6
CONTINUOUS
10
5.6239874015748033
20
-1.476228779527559
11
5.6225044488188978
21
-1.4893905118110236
0
LINE
8
BLACK
6
CONTINUOUS
10
5.6225044488188978
20
-1.4893905118110236
11
5.6195571653543306
21
-1.5023034251968503
0
LINE
8
BLACK
6
CONTINUOUS
10
5.6195571653543306
20
-1.5023034251968503
11
5.6151826377952752
21
-1.5148051181102362
0
LINE
8
BLACK
6
CONTINUOUS
10
5.6151826377952752
20
-1.5148051181102362
11
5.6094358267716533
21
-1.5267384645669291
0
LINE
8
BLACK
6
CONTINUOUS
10
5.6094358267716533
20
-1.5267384645669291
11
5.6023890944881884
21
-1.537953307086614
0
LINE
8
BLACK
6
CONTINUOUS
10
5.6023890944881884
20
-1.537953307086614
11
5.5941309448818899
21
-1.5483086614173227
0
LINE
8
BLACK
6
CONTINUOUS
10
5.5941309448818899
20
-1.5483086614173227
11
5.5847653543307088
21
-1.5576742519685038
0
LINE
8
BLACK
6
CONTINUOUS
10
5.5847653543307088
20
-1.5576742519685038
11
5.5744100000000003
21
-1.5659324015748031
0
LINE
8
BLACK
6
CONTINUOUS
10
5.5744100000000003
20
-1.5659324015748031
11
5.5631951574803145
21
-1.5729791338582677
0
LINE
8
BLACK
6
CONTINUOUS
10
5.5631951574803145
20
-1.5729791338582677
11
5.5512618110236218
21
-1.5787259448818898
0
LINE
8
BLACK
6
CONTINUOUS
10
5.5512618110236218
20
-1.5787259448818898
11
5.5387601181102362
21
-1.5831004724409448
0
LINE
8
BLACK
6
CONTINUOUS
10
5.5387601181102362
20
-1.5831004724409448
11
5.5258472047244096
21
-1.5860477559055117
0
LINE
8
BLACK
6
CONTINUOUS
10
5.5258472047244096
20
-1.5860477559055117
11
5.5126854724409444
21
-1.5875307086614172
0
LINE
8
BLACK
6
CONTINUOUS
10
5.5126854724409444
20
-1.5875307086614172
11
5.4994405118110237
21
-1.5875307086614172
0
LINE
8
BLACK
6
CONTINUOUS
10
5.4994405118110237
20
-1.5875307086614172
11
5.4862787795275585
21
-1.5860477559055117
0
LINE
8
BLACK
6
CONTINUOUS
10
5.4862787795275585
20
-1.5860477559055117
11
5.4733658661417319
21
-1.5831004724409448
0
LINE
8
BLACK
6
CONTINUOUS
10
5.4733658661417319
20
-1.5831004724409448
11
5.4608641732283463
21
-1.5787259448818898
0
LINE
8
BLACK
6
CONTINUOUS
10
5.4608641732283463
20
-1.5787259448818898
11
5.4489308267716536
21
-1.5729791338582677
0
LINE
8
BLACK
6
CONTINUOUS
10
5.4489308267716536
20
-1.5729791338582677
11
5.4377159842519687
21
-1.5659324015748031
0
LINE
8
BLACK
6
CONTINUOUS
10
5.4377159842519687
20
-1.5659324015748031
11
5.4273606299212593
21
-1.5576742519685038
0
LINE
8
BLACK
6
CONTINUOUS
10
5.4273606299212593
20
-1.5576742519685038
11
5.4179950393700782
21
-1.5483086614173227
0
LINE
8
BLACK
6
CONTINUOUS
10
5.4179950393700782
20
-1.5483086614173227
11
5.4097368897637796
21
-1.537953307086614
0
LINE
8
BLACK
6
CONTINUOUS
10
5.4097368897637796
20
-1.537953307086614
11
5.4026901574803148
21
-1.5267384645669291
0
LINE
8
BLACK
6
CONTINUOUS
10
5.4026901574803148
20
-1.5267384645669291
11
5.3969433464566929
21
-1.5148051181102362
0
LINE
8
BLACK
6
CONTINUOUS
10
5.3969433464566929
20
-1.5148051181102362
11
5.3925688188976375
21
-1.5023034251968503
0
LINE
8
BLACK
6
CONTINUOUS
10
5.3925688188976375
20
-1.5023034251968503
11
5.3896215354330703
21
-1.4893905118110236
0
LINE
8
BLACK
6
CONTINUOUS
10
5.3896215354330703
20
-1.4893905118110236
11
5.3881385826771648
21
-1.476228779527559
0
LINE
8
BLACK
6
CONTINUOUS
10
5.3881385826771648
20
-1.476228779527559
11
5.3881385826771648
21
-1.4629838188976378
0
LINE
8
BLACK
6
CONTINUOUS
10
5.3881385826771648
20
-1.4629838188976378
11
5.3896215354330703
21
-1.4498220866141731
0
LINE
8
BLACK
6
CONTINUOUS
10
5.3896215354330703
20
-1.4498220866141731
11
5.3925688188976375
21
-1.4369091732283463
0
LINE
8
BLACK
6
CONTINUOUS
10
5.3925688188976375
20
-1.4369091732283463
11
5.3969433464566929
21
-1.4244074803149607
0
LINE
8
BLACK
6
CONTINUOUS
10
5.3969433464566929
20
-1.4244074803149607
11
5.4026901574803148
21
-1.4124741338582676
0
LINE
8
BLACK
6
CONTINUOUS
10
5.4026901574803148
20
-1.4124741338582676
11
5.4097368897637796
21
-1.4012592913385826
0
LINE
8
BLACK
6
CONTINUOUS
10
5.4097368897637796
20
-1.4012592913385826
11
5.4179950393700782
21
-1.390903937007874
0
LINE
8
BLACK
6
CONTINUOUS
10
5.4179950393700782
20
-1.390903937007874
11
5.4273606299212593
21
-1.3815383464566928
0
LINE
8
BLACK
6
CONTINUOUS
10
5.4273606299212593
20
-1.3815383464566928
11
5.4377159842519687
21
-1.3732801968503936
0
LINE
8
BLACK
6
CONTINUOUS
10
5.4377159842519687
20
-1.3732801968503936
11
5.4489308267716536
21
-1.3662334645669292
0
LINE
8
BLACK
6
CONTINUOUS
10
5.4489308267716536
20
-1.3662334645669292
11
5.4608641732283463
21
-1.3604866535433071
0
LINE
8
BLACK
6
CONTINUOUS
10
5.4608641732283463
20
-1.3604866535433071
11
5.4733658661417319
21
-1.3561121259842519
0
LINE
8
BLACK
6
CONTINUOUS
10
5.4733658661417319
20
-1.3561121259842519
11
5.4862787795275585
21
-1.3531648425196849
0
LINE
8
BLACK
6
CONTINUOUS
10
5.4862787795275585
20
-1.3531648425196849
11
5.4994405118110237
21
-1.3516818897637795
0
LINE
8
BLACK
6
CONTINUOUS
10
5.4994405118110237
20
-1.3516818897637795
11
5.5126854724409444
21
-1.3516818897637795
0
LINE
8
BLACK
6
CONTINUOUS
10
5.5126854724409444
20
-1.3516818897637795
11
5.5258472047244096
21
-1.3531648425196849
0
LINE
8
BLACK
6
CONTINUOUS
10
9.1774220078740161
20
-1.3531648425196849
11
9.1903349212598417
21
-1.3561121259842519
0
LINE
8
BLACK
6
CONTINUOUS
10
9.1903349212598417
20
-1.3561121259842519
11
9.2028366141732274
21
-1.3604866535433071
0
LINE
8
BLACK
6
CONTINUOUS
10
9.2028366141732274
20
-1.3604866535433071
11
9.2147699606299209
21
-1.3662334645669292
0
LINE
8
BLACK
6
CONTINUOUS
10
9.2147699606299209
20
-1.3662334645669292
11
9.2259848031496059
21
-1.3732801968503936
0
LINE
8
BLACK
6
CONTINUOUS
10
9.2259848031496059
20
-1.3732801968503936
11
9.2363401574803152
21
-1.3815383464566928
0
LINE
8
BLACK
6
CONTINUOUS
10
9.2363401574803152
20
-1.3815383464566928
11
9.2457057480314955
21
-1.390903937007874
0
LINE
8
BLACK
6
CONTINUOUS
10
9.2457057480314955
20
-1.390903937007874
11
9.2539638976377958
21
-1.4012592913385826
0
LINE
8
BLACK
6
CONTINUOUS
10
9.2539638976377958
20
-1.4012592913385826
11
9.2610106299212589
21
-1.4124741338582676
0
LINE
8
BLACK
6
CONTINUOUS
10
9.2610106299212589
20
-1.4124741338582676
11
9.2667574409448825
21
-1.4244074803149607
0
LINE
8
BLACK
6
CONTINUOUS
10
9.2667574409448825
20
-1.4244074803149607
11
9.2711319685039371
21
-1.4369091732283463
0
LINE
8
BLACK
6
CONTINUOUS
10
9.2711319685039371
20
-1.4369091732283463
11
9.2740792519685034
21
-1.4498220866141731
0
LINE
8
BLACK
6
CONTINUOUS
10
9.2740792519685034
20
-1.4498220866141731
11
9.2755622047244088
21
-1.4629838188976378
0
LINE
8
BLACK
6
CONTINUOUS
10
9.2755622047244088
20
-1.4629838188976378
11
9.2755622047244088
21
-1.476228779527559
0
LINE
8
BLACK
6
CONTINUOUS
10
9.2755622047244088
20
-1.476228779527559
11
9.2740792519685034
21
-1.4893905118110236
0
LINE
8
BLACK
6
CONTINUOUS
10
9.2740792519685034
20
-1.4893905118110236
11
9.2711319685039371
21
-1.5023034251968503
0
LINE
8
BLACK
6
CONTINUOUS
10
9.2711319685039371
20
-1.5023034251968503
11
9.2667574409448825
21
-1.5148051181102362
0
LINE
8
BLACK
6
CONTINUOUS
10
9.2667574409448825
20
-1.5148051181102362
11
9.2610106299212589
21
-1.5267384645669291
0
LINE
8
BLACK
6
CONTINUOUS
10
9.2610106299212589
20
-1.5267384645669291
11
9.2539638976377958
21
-1.537953307086614
0
LINE
8
BLACK
6
CONTINUOUS
10
9.2539638976377958
20
-1.537953307086614
11
9.2457057480314955
21
-1.5483086614173227
0
LINE
8
BLACK
6
CONTINUOUS
10
9.2457057480314955
20
-1.5483086614173227
11
9.2363401574803152
21
-1.5576742519685038
0
LINE
8
BLACK
6
CONTINUOUS
10
9.2363401574803152
20
-1.5576742519685038
11
9.2259848031496059
21
-1.5659324015748031
0
LINE
8
BLACK
6
CONTINUOUS
10
9.2259848031496059
20
-1.5659324015748031
11
9.2147699606299209
21
-1.5729791338582677
0
LINE
8
BLACK
6
CONTINUOUS
10
9.2147699606299209
20
-1.5729791338582677
11
9.2028366141732274
21
-1.5787259448818898
0
LINE
8
BLACK
6
CONTINUOUS
10
9.2028366141732274
20
-1.5787259448818898
11
9.1903349212598417
21
-1.5831004724409448
0
LINE
8
BLACK
6
CONTINUOUS
10
9.1903349212598417
20
-1.5831004724409448
11
9.1774220078740161
21
-1.5860477559055117
0
LINE
8
BLACK
6
CONTINUOUS
10
9.1774220078740161
20
-1.5860477559055117
11
9.1642602755905518
21
-1.5875307086614172
0
LINE
8
BLACK
6
CONTINUOUS
10
9.1642602755905518
20
-1.5875307086614172
11
9.1510153149606293
21
-1.5875307086614172
0
LINE
8
BLACK
6
CONTINUOUS
10
9.1510153149606293
20
-1.5875307086614172
11
9.137853582677165
21
-1.5860477559055117
0
LINE
8
BLACK
6
CONTINUOUS
10
9.137853582677165
20
-1.5860477559055117
11
9.1249406692913375
21
-1.5831004724409448
0
LINE
8
BLACK
6
CONTINUOUS
10
9.1249406692913375
20
-1.5831004724409448
11
9.1124389763779519
21
-1.5787259448818898
0
LINE
8
BLACK
6
CONTINUOUS
10
9.1124389763779519
20
-1.5787259448818898
11
9.1005056299212601
21
-1.5729791338582677
0
LINE
8
BLACK
6
CONTINUOUS
10
9.1005056299212601
20
-1.5729791338582677
11
9.0892907874015751
21
-1.5659324015748031
0
LINE
8
BLACK
6
CONTINUOUS
10
9.0892907874015751
20
-1.5659324015748031
11
9.0789354330708658
21
-1.5576742519685038
0
LINE
8
BLACK
6
CONTINUOUS
10
9.0789354330708658
20
-1.5576742519685038
11
9.0695698425196856
21
-1.5483086614173227
0
LINE
8
BLACK
6
CONTINUOUS
10
9.0695698425196856
20
-1.5483086614173227
11
9.0613116929133852
21
-1.537953307086614
0
LINE
8
BLACK
6
CONTINUOUS
10
9.0613116929133852
20
-1.537953307086614
11
9.0542649606299204
21
-1.5267384645669291
0
LINE
8
BLACK
6
CONTINUOUS
10
9.0542649606299204
20
-1.5267384645669291
11
9.0485181496062985
21
-1.5148051181102362
0
LINE
8
BLACK
6
CONTINUOUS
10
9.0485181496062985
20
-1.5148051181102362
11
9.044143622047244
21
-1.5023034251968503
0
LINE
8
BLACK
6
CONTINUOUS
10
9.044143622047244
20
-1.5023034251968503
11
9.0411963385826777
21
-1.4893905118110236
0
LINE
8
BLACK
6
CONTINUOUS
10
9.0411963385826777
20
-1.4893905118110236
11
9.0397133858267722
21
-1.476228779527559
0
LINE
8
BLACK
6
CONTINUOUS
10
9.0397133858267722
20
-1.476228779527559
11
9.0397133858267722
21
-1.4629838188976378
0
LINE
8
BLACK
6
CONTINUOUS
10
9.0397133858267722
20
-1.4629838188976378
11
9.0411963385826777
21
-1.4498220866141731
0
LINE
8
BLACK
6
CONTINUOUS
10
9.0411963385826777
20
-1.4498220866141731
11
9.044143622047244
21
-1.4369091732283463
0
LINE
8
BLACK
6
CONTINUOUS
10
9.044143622047244
20
-1.4369091732283463
11
9.0485181496062985
21
-1.4244074803149607
0
LINE
8
BLACK
6
CONTINUOUS
10
9.0485181496062985
20
-1.4244074803149607
11
9.0542649606299204
21
-1.4124741338582676
0
LINE
8
BLACK
6
CONTINUOUS
10
9.0542649606299204
20
-1.4124741338582676
11
9.0613116929133852
21
-1.4012592913385826
0
LINE
8
BLACK
6
CONTINUOUS
10
9.0613116929133852
20
-1.4012592913385826
11
9.0695698425196856
21
-1.390903937007874
0
LINE
8
BLACK
6
CONTINUOUS
10
9.0695698425196856
20
-1.390903937007874
11
9.0789354330708658
21
-1.3815383464566928
0
LINE
8
BLACK
6
CONTINUOUS
10
9.0789354330708658
20
-1.3815383464566928
11
9.0892907874015751
21
-1.3732801968503936
0
LINE
8
BLACK
6
CONTINUOUS
10
9.0892907874015751
20
-1.3732801968503936
11
9.1005056299212601
21
-1.3662334645669292
0
LINE
8
BLACK
6
CONTINUOUS
10
9.1005056299212601
20
-1.3662334645669292
11
9.1124389763779519
21
-1.3604866535433071
0
LINE
8
BLACK
6
CONTINUOUS
10
9.1124389763779519
20
-1.3604866535433071
11
9.1249406692913375
21
-1.3561121259842519
0
LINE
8
BLACK
6
CONTINUOUS
10
9.1249406692913375
20
-1.3561121259842519
11
9.137853582677165
21
-1.3531648425196849
0
LINE
8
BLACK
6
CONTINUOUS
10
9.137853582677165
20
-1.3531648425196849
11
9.1510153149606293
21
-1.3516818897637795
0
LINE
8
BLACK
6
CONTINUOUS
10
9.1510153149606293
20
-1.3516818897637795
11
9.1642602755905518
21
-1.3516818897637795
0
LINE
8
BLACK
6
CONTINUOUS
10
9.1642602755905518
20
-1.3516818897637795
11
9.1774220078740161
21
-1.3531648425196849
0
LINE
8
BLACK
6
CONTINUOUS
10
6.0925196850393704
20
-5.5901574803149607
11
6.0925196850393704
21
-5.6059055118110237
0
ARC
8
BLACK
10
6.1102362204724407
20
-5.6059055118110237
40
0.0177165354330709
50
-180.00000000
51
0.00000000
0
LINE
8
BLACK
6
CONTINUOUS
10
6.127952755905512
20
-5.6059055118110237
11
6.127952755905512
21
-5.5901574803149607
0
ARC
8
BLACK
10
6.1102362204724407
20
-5.5901574803149607
40
0.0177165354330709
50
0.00000000
51
180.00000000
0
LINE
8
BLACK
6
CONTINUOUS
10
6.2598425196850389
20
-5.5901574803149607
11
6.2598425196850389
21
-5.6059055118110237
0
ARC
8
BLACK
10
6.2775590551181102
20
-5.6059055118110237
40
0.0177165354330709
50
-180.00000000
51
0.00000000
0
LINE
8
BLACK
6
CONTINUOUS
10
6.2952755905511806
20
-5.6059055118110237
11
6.2952755905511806
21
-5.5901574803149607
0
ARC
8
BLACK
10
6.2775590551181102
20
-5.5901574803149607
40
0.0177165354330709
50
0.00000000
51
180.00000000
0
CIRCLE
8
BLACK
10
5.5651181102362202
20
-3.5463779527559054
40
0.0068897637795276
0
CIRCLE
8
BLACK
10
5.506062992125984
20
-1.4696062992125984
40
0.0068897637795276
0
CIRCLE
8
BLACK
10
9.1477952755905516
20
-3.507007874015748
40
0.0068897637795276
0
CIRCLE
8
BLACK
10
7.1354330708661413
20
-5.7086614173228343
40
0.0068897637795276
0
CIRCLE
8
BLACK
10
7.1354330708661413
20
-5.6086614173228346
40
0.0068897637795276
0
CIRCLE
8
BLACK
10
7.2354330708661418
20
-5.7086614173228343
40
0.0068897637795276
0
CIRCLE
8
BLACK
10
7.2354330708661418
20
-5.6086614173228346
40
0.0068897637795276
0
CIRCLE
8
BLACK
10
7.3354330708661415
20
-5.7086614173228343
40
0.0068897637795276
0
CIRCLE
8
BLACK
10
7.3354330708661415
20
-5.6086614173228346
40
0.0068897637795276
0
CIRCLE
8
BLACK
10
9.1576377952755905
20
-1.4696062992125984
40
0.0068897637795276
0
CIRCLE
8
BLACK
10
6.2204724409448815
20
-2.0964566929133857
40
0.0068897637795276
0
CIRCLE
8
BLACK
10
6.2204724409448815
20
-2.856299212598425
40
0.0068897637795276
0
CIRCLE
8
BLACK
10
8.4102362204724415
20
-2.0964566929133857
40
0.0068897637795276
0
CIRCLE
8
BLACK
10
8.4102362204724415
20
-2.856299212598425
40
0.0068897637795276
0
CIRCLE
8
BLACK
10
5.8862204724409448
20
-2.0964566929133857
40
0.0068897637795276
0
CIRCLE
8
BLACK
10
8.7444881889763781
20
-2.0964566929133857
40
0.0068897637795276
0
CIRCLE
8
BLACK
10
5.8862204724409448
20
-2.856299212598425
40
0.0068897637795276
0
CIRCLE
8
BLACK
10
8.7444881889763781
20
-2.856299212598425
40
0.0068897637795276
0
CIRCLE
8
BLACK
10
6.8334645669291341
20
-5.590551181102362
40
0.0068897637795276
0
CIRCLE
8
BLACK
10
6.7334645669291335
20
-5.590551181102362
40
0.0068897637795276
0
CIRCLE
8
BLACK
10
6.6334645669291339
20
-5.590551181102362
40
0.0068897637795276
0
CIRCLE
8
BLACK
10
6.5334645669291334
20
-5.590551181102362
40
0.0068897637795276
0
CIRCLE
8
BLACK
10
9.3123622047244101
20
-2.2849606299212599
40
0.0068897637795276
0
CIRCLE
8
BLACK
10
9.3123622047244101
20
-2.0574015748031496
40
0.0068897637795276
0
LINE
8
BLACK
6
CONTINUOUS
10
9.1477952755905516
20
-2.3609448818897638
11
9.187165354330709
21
-2.3609448818897638
0
ARC
8
BLACK
10
9.187165354330709
20
-2.3412598425196851
40
0.0196850393700787
50
-90.00000000
51
90.00000000
0
LINE
8
BLACK
6
CONTINUOUS
10
9.187165354330709
20
-2.3215748031496064
11
9.1477952755905516
21
-2.3215748031496064
0
ARC
8
BLACK
10
9.1477952755905516
20
-2.3412598425196851
40
0.0196850393700787
50
90.00000000
51
270.00000000
0
LINE
8
BLACK
6
CONTINUOUS
10
9.1477952755905516
20
-2.0207874015748031
11
9.187165354330709
21
-2.0207874015748031
0
ARC
8
BLACK
10
9.187165354330709
20
-2.0011023622047244
40
0.0196850393700787
50
-90.00000000
51
90.00000000
0
LINE
8
BLACK
6
CONTINUOUS
10
9.187165354330709
20
-1.9814173228346457
11
9.1477952755905516
21
-1.9814173228346457
0
ARC
8
BLACK
10
9.1477952755905516
20
-2.0011023622047244
40
0.0196850393700787
50
90.00000000
51
270.00000000
0
LINE
8
BLACK
6
CONTINUOUS
10
9.3113779527559046
20
-2.3619291338582675
11
9.3527165354330712
21
-2.3619291338582675
0
ARC
8
BLACK
10
9.3527165354330712
20
-2.3412598425196851
40
0.0206692913385827
50
-90.00000000
51
90.00000000
0
LINE
8
BLACK
6
CONTINUOUS
10
9.3527165354330712
20
-2.3205905511811022
11
9.3113779527559046
21
-2.3205905511811022
0
ARC
8
BLACK
10
9.3113779527559046
20
-2.3412598425196851
40
0.0206692913385827
50
90.00000000
51
270.00000000
0
LINE
8
BLACK
6
CONTINUOUS
10
9.3113779527559046
20
-2.0217716535433072
11
9.3527165354330712
21
-2.0217716535433072
0
ARC
8
BLACK
10
9.3527165354330712
20
-2.0011023622047244
40
0.0206692913385827
50
-90.00000000
51
90.00000000
0
LINE
8
BLACK
6
CONTINUOUS
10
9.3527165354330712
20
-1.9804330708661417
11
9.3113779527559046
21
-1.9804330708661417
0
ARC
8
BLACK
10
9.3113779527559046
20
-2.0011023622047244
40
0.0206692913385827
50
90.00000000
51
270.00000000
0
LINE
8
WHITE
6
CONTINUOUS
10
6.1003937007874018
20
-5.5901574803149607
11
6.1003937007874018
21
-5.6059055118110237
0
ARC
8
WHITE
10
6.1102362204724407
20
-5.6059055118110237
40
0.0098425196850394
50
-180.00000000
51
0.00000000
0
LINE
8
WHITE
6
CONTINUOUS
10
6.1200787401574805
20
-5.6059055118110237
11
6.1200787401574805
21
-5.5901574803149607
0
ARC
8
WHITE
10
6.1102362204724407
20
-5.5901574803149607
40
0.0098425196850394
50
0.00000000
51
180.00000000
0
LINE
8
WHITE
6
CONTINUOUS
10
6.2677165354330704
20
-5.5901574803149607
11
6.2677165354330704
21
-5.6059055118110237
0
ARC
8
WHITE
10
6.2775590551181102
20
-5.6059055118110237
40
0.0098425196850394
50
-180.00000000
51
0.00000000
0
LINE
8
WHITE
6
CONTINUOUS
10
6.2874015748031491
20
-5.6059055118110237
11
6.2874015748031491
21
-5.5901574803149607
0
ARC
8
WHITE
10
6.2775590551181102
20
-5.5901574803149607
40
0.0098425196850394
50
0.00000000
51
180.00000000
0
CIRCLE
8
WHITE
10
5.5651181102362202
20
-3.5463779527559054
40
0.0068897637795276
0
CIRCLE
8
WHITE
10
5.506062992125984
20
-1.4696062992125984
40
0.0068897637795276
0
CIRCLE
8
WHITE
10
9.1477952755905516
20
-3.507007874015748
40
0.0068897637795276
0
CIRCLE
8
WHITE
10
7.1354330708661413
20
-5.7086614173228343
40
0.0068897637795276
0
CIRCLE
8
WHITE
10
7.1354330708661413
20
-5.6086614173228346
40
0.0068897637795276
0
CIRCLE
8
WHITE
10
7.2354330708661418
20
-5.7086614173228343
40
0.0068897637795276
0
CIRCLE
8
WHITE
10
7.2354330708661418
20
-5.6086614173228346
40
0.0068897637795276
0
CIRCLE
8
WHITE
10
7.3354330708661415
20
-5.7086614173228343
40
0.0068897637795276
0
CIRCLE
8
WHITE
10
7.3354330708661415
20
-5.6086614173228346
40
0.0068897637795276
0
CIRCLE
8
WHITE
10
9.1576377952755905
20
-1.4696062992125984
40
0.0068897637795276
0
CIRCLE
8
BLACK
10
6.2204724409448815
20
-2.0964566929133857
40
0.0068897637795276
0
CIRCLE
8
BLACK
10
6.2204724409448815
20
-2.856299212598425
40
0.0068897637795276
0
CIRCLE
8
BLACK
10
8.4102362204724415
20
-2.0964566929133857
40
0.0068897637795276
0
CIRCLE
8
BLACK
10
8.4102362204724415
20
-2.856299212598425
40
0.0068897637795276
0
CIRCLE
8
WHITE
10
5.8862204724409448
20
-2.0964566929133857
40
0.0068897637795276
0
CIRCLE
8
WHITE
10
8.7444881889763781
20
-2.0964566929133857
40
0.0068897637795276
0
CIRCLE
8
WHITE
10
5.8862204724409448
20
-2.856299212598425
40
0.0068897637795276
0
CIRCLE
8
WHITE
10
8.7444881889763781
20
-2.856299212598425
40
0.0068897637795276
0
CIRCLE
8
WHITE
10
6.8334645669291341
20
-5.590551181102362
40
0.0068897637795276
0
CIRCLE
8
WHITE
10
6.7334645669291335
20
-5.590551181102362
40
0.0068897637795276
0
CIRCLE
8
WHITE
10
6.6334645669291339
20
-5.590551181102362
40
0.0068897637795276
0
CIRCLE
8
WHITE
10
6.5334645669291334
20
-5.590551181102362
40
0.0068897637795276
0
CIRCLE
8
BLACK
10
9.3123622047244101
20
-2.2849606299212599
40
0.0068897637795276
0
CIRCLE
8
BLACK
10
9.3123622047244101
20
-2.0574015748031496
40
0.0068897637795276
0
LINE
8
WHITE
6
CONTINUOUS
10
9.1517322834645665
20
-2.3530708661417323
11
9.1832283464566924
21
-2.3530708661417323
0
ARC
8
WHITE
10
9.1832283464566924
20
-2.3412598425196851
40
0.0118110236220472
50
-90.00000000
51
90.00000000
0
LINE
8
WHITE
6
CONTINUOUS
10
9.1832283464566924
20
-2.3294488188976379
11
9.1517322834645665
21
-2.3294488188976379
0
ARC
8
WHITE
10
9.1517322834645665
20
-2.3412598425196851
40
0.0118110236220472
50
90.00000000
51
270.00000000
0
LINE
8
WHITE
6
CONTINUOUS
10
9.1517322834645665
20
-2.0129133858267716
11
9.1832283464566924
21
-2.0129133858267716
0
ARC
8
WHITE
10
9.1832283464566924
20
-2.0011023622047244
40
0.0118110236220472
50
-90.00000000
51
90.00000000
0
LINE
8
WHITE
6
CONTINUOUS
10
9.1832283464566924
20
-1.9892913385826771
11
9.1517322834645665
21
-1.9892913385826771
0
ARC
8
WHITE
10
9.1517322834645665
20
-2.0011023622047244
40
0.0118110236220472
50
90.00000000
51
270.00000000
0
LINE
8
WHITE
6
CONTINUOUS
10
9.3103937007874009
20
-2.3530708661417323
11
9.353700787401575
21
-2.3530708661417323
0
ARC
8
WHITE
10
9.353700787401575
20
-2.3412598425196851
40
0.0118110236220472
50
-90.00000000
51
90.00000000
0
LINE
8
WHITE
6
CONTINUOUS
10
9.353700787401575
20
-2.3294488188976379
11
9.3103937007874009
21
-2.3294488188976379
0
ARC
8
WHITE
10
9.3103937007874009
20
-2.3412598425196851
40
0.0118110236220472
50
90.00000000
51
270.00000000
0
LINE
8
WHITE
6
CONTINUOUS
10
9.3103937007874009
20
-2.0129133858267716
11
9.353700787401575
21
-2.0129133858267716
0
ARC
8
WHITE
10
9.353700787401575
20
-2.0011023622047244
40
0.0118110236220472
50
-90.00000000
51
90.00000000
0
LINE
8
WHITE
6
CONTINUOUS
10
9.353700787401575
20
-1.9892913385826771
11
9.3103937007874009
21
-1.9892913385826771
0
ARC
8
WHITE
10
9.3103937007874009
20
-2.0011023622047244
40
0.0118110236220472
50
90.00000000
51
270.00000000
  0
ENDSEC
  0
EOF
