  0
SECTION
  2
HEADER
  9
$ANGBASE
  50
0.0
  9
$ANGDIR
  70
1
  9
$MEASUREMENT
  70
0
  0
ENDSEC
  0
SECTION
  2
TABLES
  0
TABLE
  2
LTYPE
  70
4
  0
LTYPE
  5
40F
  2
CONTINUOUS
  70
0
  3
Solid line
  72
65
  73
0
  40
0.0
  0
LTYPE
  5
410
  2
DASHDOT
 70
0
  3
Dash Dot ____ _ ____ _
 72
65
 73
4
 40
2.0
 49
1.25
 49
-0.25
 49
0.25
 49
-0.25
  0
LTYPE
  5
411
  2
DASHED
 70
0
  3
Dashed __ __ __ __ __
 72
65
 73
2
 40
0.75
 49
0.5
 49
-0.25
  0
LTYPE
  5
43B
  2
DOTTED
 70
0
  3
Dotted .  .  .  .
 72
65
 73
2
 40
0.2
 49
0.0
 49
-0.2
  0
ENDTAB
  0
TABLE
  2
STYLE
  70
4
  0
STYLE
  2
KICAD
  70
0
  40
0
  41
1
  42
1
  50
0
  71
0
  3
isocp.shx
  0
STYLE
  2
KICADB
  70
0
  40
0
  41
1
  42
1
  50
0
  71
0
  3
isocp.shx
  0
STYLE
  2
KICADI
  70
0
  40
0
  41
1
  42
1
  50
15
  71
0
  3
isocp.shx
  0
STYLE
  2
KICADBI
  70
0
  40
0
  41
1
  42
1
  50
15
  71
0
  3
isocp.shx
  0
ENDTAB
  0
TABLE
  2
LAYER
  70
1
  0
LAYER
  2
BLACK
  70
0
  62
7
  6
CONTINUOUS
  0
ENDTAB
  0
ENDSEC
  0
SECTION
  2
ENTITIES
0
LINE
8
BLACK
6
CONTINUOUS
10
4.5734645669291334
20
-5.0584645669291337
11
4.5065354330708658
21
-5.0584645669291337
0
LINE
8
BLACK
6
CONTINUOUS
10
4.5065354330708658
20
-5.0584645669291337
11
4.5065354330708658
21
-4.9915354330708661
0
LINE
8
BLACK
6
CONTINUOUS
10
4.5065354330708658
20
-4.9915354330708661
11
4.5734645669291334
21
-4.9915354330708661
0
LINE
8
BLACK
6
CONTINUOUS
10
4.5734645669291334
20
-4.9915354330708661
11
4.5734645669291334
21
-5.0584645669291337
0
LINE
8
BLACK
6
CONTINUOUS
10
4.2497142519685038
20
-4.9929764173228346
11
4.2557750787401574
21
-4.9954868897637796
0
LINE
8
BLACK
6
CONTINUOUS
10
4.2557750787401574
20
-4.9954868897637796
11
4.2612296850393703
21
-4.9991315354330705
0
LINE
8
BLACK
6
CONTINUOUS
10
4.2612296850393703
20
-4.9991315354330705
11
4.2658684645669291
21
-5.0037703149606294
0
LINE
8
BLACK
6
CONTINUOUS
10
4.2658684645669291
20
-5.0037703149606294
11
4.26951311023622
21
-5.0092249212598423
0
LINE
8
BLACK
6
CONTINUOUS
10
4.26951311023622
20
-5.0092249212598423
11
4.2720235826771651
21
-5.0152857480314958
0
LINE
8
BLACK
6
CONTINUOUS
10
4.2720235826771651
20
-5.0152857480314958
11
4.2733034251968505
21
-5.0217198818897639
0
LINE
8
BLACK
6
CONTINUOUS
10
4.2733034251968505
20
-5.0217198818897639
11
4.2733034251968505
21
-5.0282801181102359
0
LINE
8
BLACK
6
CONTINUOUS
10
4.2733034251968505
20
-5.0282801181102359
11
4.2720235826771651
21
-5.034714251968504
0
LINE
8
BLACK
6
CONTINUOUS
10
4.2720235826771651
20
-5.034714251968504
11
4.26951311023622
21
-5.0407750787401575
0
LINE
8
BLACK
6
CONTINUOUS
10
4.26951311023622
20
-5.0407750787401575
11
4.2658684645669291
21
-5.0462296850393695
0
LINE
8
BLACK
6
CONTINUOUS
10
4.2658684645669291
20
-5.0462296850393695
11
4.2612296850393703
21
-5.0508684645669293
0
LINE
8
BLACK
6
CONTINUOUS
10
4.2612296850393703
20
-5.0508684645669293
11
4.2557750787401574
21
-5.0545131102362202
0
LINE
8
BLACK
6
CONTINUOUS
10
4.2557750787401574
20
-5.0545131102362202
11
4.2497142519685038
21
-5.0570235826771652
0
LINE
8
BLACK
6
CONTINUOUS
10
4.2497142519685038
20
-5.0570235826771652
11
4.2432801181102358
21
-5.0583034251968506
0
LINE
8
BLACK
6
CONTINUOUS
10
4.2432801181102358
20
-5.0583034251968506
11
4.2367198818897638
21
-5.0583034251968506
0
LINE
8
BLACK
6
CONTINUOUS
10
4.2367198818897638
20
-5.0583034251968506
11
4.2302857480314957
21
-5.0570235826771652
0
LINE
8
BLACK
6
CONTINUOUS
10
4.2302857480314957
20
-5.0570235826771652
11
4.2242249212598422
21
-5.0545131102362202
0
LINE
8
BLACK
6
CONTINUOUS
10
4.2242249212598422
20
-5.0545131102362202
11
4.2187703149606302
21
-5.0508684645669293
0
LINE
8
BLACK
6
CONTINUOUS
10
4.2187703149606302
20
-5.0508684645669293
11
4.2141315354330704
21
-5.0462296850393695
0
LINE
8
BLACK
6
CONTINUOUS
10
4.2141315354330704
20
-5.0462296850393695
11
4.2104868897637795
21
-5.0407750787401575
0
LINE
8
BLACK
6
CONTINUOUS
10
4.2104868897637795
20
-5.0407750787401575
11
4.2079764173228345
21
-5.034714251968504
0
LINE
8
BLACK
6
CONTINUOUS
10
4.2079764173228345
20
-5.034714251968504
11
4.2066965748031491
21
-5.0282801181102359
0
LINE
8
BLACK
6
CONTINUOUS
10
4.2066965748031491
20
-5.0282801181102359
11
4.2066965748031491
21
-5.0217198818897639
0
LINE
8
BLACK
6
CONTINUOUS
10
4.2066965748031491
20
-5.0217198818897639
11
4.2079764173228345
21
-5.0152857480314958
0
LINE
8
BLACK
6
CONTINUOUS
10
4.2079764173228345
20
-5.0152857480314958
11
4.2104868897637795
21
-5.0092249212598423
0
LINE
8
BLACK
6
CONTINUOUS
10
4.2104868897637795
20
-5.0092249212598423
11
4.2141315354330704
21
-5.0037703149606294
0
LINE
8
BLACK
6
CONTINUOUS
10
4.2141315354330704
20
-5.0037703149606294
11
4.2187703149606302
21
-4.9991315354330705
0
LINE
8
BLACK
6
CONTINUOUS
10
4.2187703149606302
20
-4.9991315354330705
11
4.2242249212598422
21
-4.9954868897637796
0
LINE
8
BLACK
6
CONTINUOUS
10
4.2242249212598422
20
-4.9954868897637796
11
4.2302857480314957
21
-4.9929764173228346
0
LINE
8
BLACK
6
CONTINUOUS
10
4.2302857480314957
20
-4.9929764173228346
11
4.2367198818897638
21
-4.9916965748031492
0
LINE
8
BLACK
6
CONTINUOUS
10
4.2367198818897638
20
-4.9916965748031492
11
4.2432801181102358
21
-4.9916965748031492
0
LINE
8
BLACK
6
CONTINUOUS
10
4.2432801181102358
20
-4.9916965748031492
11
4.2497142519685038
21
-4.9929764173228346
0
LINE
8
BLACK
6
CONTINUOUS
10
4.3497142519685035
20
-4.9929764173228346
11
4.355775078740157
21
-4.9954868897637796
0
LINE
8
BLACK
6
CONTINUOUS
10
4.355775078740157
20
-4.9954868897637796
11
4.3612296850393699
21
-4.9991315354330705
0
LINE
8
BLACK
6
CONTINUOUS
10
4.3612296850393699
20
-4.9991315354330705
11
4.3658684645669288
21
-5.0037703149606294
0
LINE
8
BLACK
6
CONTINUOUS
10
4.3658684645669288
20
-5.0037703149606294
11
4.3695131102362206
21
-5.0092249212598423
0
LINE
8
BLACK
6
CONTINUOUS
10
4.3695131102362206
20
-5.0092249212598423
11
4.3720235826771656
21
-5.0152857480314958
0
LINE
8
BLACK
6
CONTINUOUS
10
4.3720235826771656
20
-5.0152857480314958
11
4.3733034251968501
21
-5.0217198818897639
0
LINE
8
BLACK
6
CONTINUOUS
10
4.3733034251968501
20
-5.0217198818897639
11
4.3733034251968501
21
-5.0282801181102359
0
LINE
8
BLACK
6
CONTINUOUS
10
4.3733034251968501
20
-5.0282801181102359
11
4.3720235826771656
21
-5.034714251968504
0
LINE
8
BLACK
6
CONTINUOUS
10
4.3720235826771656
20
-5.034714251968504
11
4.3695131102362206
21
-5.0407750787401575
0
LINE
8
BLACK
6
CONTINUOUS
10
4.3695131102362206
20
-5.0407750787401575
11
4.3658684645669288
21
-5.0462296850393695
0
LINE
8
BLACK
6
CONTINUOUS
10
4.3658684645669288
20
-5.0462296850393695
11
4.3612296850393699
21
-5.0508684645669293
0
LINE
8
BLACK
6
CONTINUOUS
10
4.3612296850393699
20
-5.0508684645669293
11
4.355775078740157
21
-5.0545131102362202
0
LINE
8
BLACK
6
CONTINUOUS
10
4.355775078740157
20
-5.0545131102362202
11
4.3497142519685035
21
-5.0570235826771652
0
LINE
8
BLACK
6
CONTINUOUS
10
4.3497142519685035
20
-5.0570235826771652
11
4.3432801181102363
21
-5.0583034251968506
0
LINE
8
BLACK
6
CONTINUOUS
10
4.3432801181102363
20
-5.0583034251968506
11
4.3367198818897634
21
-5.0583034251968506
0
LINE
8
BLACK
6
CONTINUOUS
10
4.3367198818897634
20
-5.0583034251968506
11
4.3302857480314962
21
-5.0570235826771652
0
LINE
8
BLACK
6
CONTINUOUS
10
4.3302857480314962
20
-5.0570235826771652
11
4.3242249212598427
21
-5.0545131102362202
0
LINE
8
BLACK
6
CONTINUOUS
10
4.3242249212598427
20
-5.0545131102362202
11
4.3187703149606298
21
-5.0508684645669293
0
LINE
8
BLACK
6
CONTINUOUS
10
4.3187703149606298
20
-5.0508684645669293
11
4.3141315354330709
21
-5.0462296850393695
0
LINE
8
BLACK
6
CONTINUOUS
10
4.3141315354330709
20
-5.0462296850393695
11
4.3104868897637791
21
-5.0407750787401575
0
LINE
8
BLACK
6
CONTINUOUS
10
4.3104868897637791
20
-5.0407750787401575
11
4.307976417322835
21
-5.034714251968504
0
LINE
8
BLACK
6
CONTINUOUS
10
4.307976417322835
20
-5.034714251968504
11
4.3066965748031496
21
-5.0282801181102359
0
LINE
8
BLACK
6
CONTINUOUS
10
4.3066965748031496
20
-5.0282801181102359
11
4.3066965748031496
21
-5.0217198818897639
0
LINE
8
BLACK
6
CONTINUOUS
10
4.3066965748031496
20
-5.0217198818897639
11
4.307976417322835
21
-5.0152857480314958
0
LINE
8
BLACK
6
CONTINUOUS
10
4.307976417322835
20
-5.0152857480314958
11
4.3104868897637791
21
-5.0092249212598423
0
LINE
8
BLACK
6
CONTINUOUS
10
4.3104868897637791
20
-5.0092249212598423
11
4.3141315354330709
21
-5.0037703149606294
0
LINE
8
BLACK
6
CONTINUOUS
10
4.3141315354330709
20
-5.0037703149606294
11
4.3187703149606298
21
-4.9991315354330705
0
LINE
8
BLACK
6
CONTINUOUS
10
4.3187703149606298
20
-4.9991315354330705
11
4.3242249212598427
21
-4.9954868897637796
0
LINE
8
BLACK
6
CONTINUOUS
10
4.3242249212598427
20
-4.9954868897637796
11
4.3302857480314962
21
-4.9929764173228346
0
LINE
8
BLACK
6
CONTINUOUS
10
4.3302857480314962
20
-4.9929764173228346
11
4.3367198818897634
21
-4.9916965748031492
0
LINE
8
BLACK
6
CONTINUOUS
10
4.3367198818897634
20
-4.9916965748031492
11
4.3432801181102363
21
-4.9916965748031492
0
LINE
8
BLACK
6
CONTINUOUS
10
4.3432801181102363
20
-4.9916965748031492
11
4.3497142519685035
21
-4.9929764173228346
0
LINE
8
BLACK
6
CONTINUOUS
10
4.449714251968504
20
-4.9929764173228346
11
4.4557750787401575
21
-4.9954868897637796
0
LINE
8
BLACK
6
CONTINUOUS
10
4.4557750787401575
20
-4.9954868897637796
11
4.4612296850393696
21
-4.9991315354330705
0
LINE
8
BLACK
6
CONTINUOUS
10
4.4612296850393696
20
-4.9991315354330705
11
4.4658684645669293
21
-5.0037703149606294
0
LINE
8
BLACK
6
CONTINUOUS
10
4.4658684645669293
20
-5.0037703149606294
11
4.4695131102362202
21
-5.0092249212598423
0
LINE
8
BLACK
6
CONTINUOUS
10
4.4695131102362202
20
-5.0092249212598423
11
4.4720235826771653
21
-5.0152857480314958
0
LINE
8
BLACK
6
CONTINUOUS
10
4.4720235826771653
20
-5.0152857480314958
11
4.4733034251968506
21
-5.0217198818897639
0
LINE
8
BLACK
6
CONTINUOUS
10
4.4733034251968506
20
-5.0217198818897639
11
4.4733034251968506
21
-5.0282801181102359
0
LINE
8
BLACK
6
CONTINUOUS
10
4.4733034251968506
20
-5.0282801181102359
11
4.4720235826771653
21
-5.034714251968504
0
LINE
8
BLACK
6
CONTINUOUS
10
4.4720235826771653
20
-5.034714251968504
11
4.4695131102362202
21
-5.0407750787401575
0
LINE
8
BLACK
6
CONTINUOUS
10
4.4695131102362202
20
-5.0407750787401575
11
4.4658684645669293
21
-5.0462296850393695
0
LINE
8
BLACK
6
CONTINUOUS
10
4.4658684645669293
20
-5.0462296850393695
11
4.4612296850393696
21
-5.0508684645669293
0
LINE
8
BLACK
6
CONTINUOUS
10
4.4612296850393696
20
-5.0508684645669293
11
4.4557750787401575
21
-5.0545131102362202
0
LINE
8
BLACK
6
CONTINUOUS
10
4.4557750787401575
20
-5.0545131102362202
11
4.449714251968504
21
-5.0570235826771652
0
LINE
8
BLACK
6
CONTINUOUS
10
4.449714251968504
20
-5.0570235826771652
11
4.4432801181102359
21
-5.0583034251968506
0
LINE
8
BLACK
6
CONTINUOUS
10
4.4432801181102359
20
-5.0583034251968506
11
4.436719881889764
21
-5.0583034251968506
0
LINE
8
BLACK
6
CONTINUOUS
10
4.436719881889764
20
-5.0583034251968506
11
4.4302857480314959
21
-5.0570235826771652
0
LINE
8
BLACK
6
CONTINUOUS
10
4.4302857480314959
20
-5.0570235826771652
11
4.4242249212598423
21
-5.0545131102362202
0
LINE
8
BLACK
6
CONTINUOUS
10
4.4242249212598423
20
-5.0545131102362202
11
4.4187703149606294
21
-5.0508684645669293
0
LINE
8
BLACK
6
CONTINUOUS
10
4.4187703149606294
20
-5.0508684645669293
11
4.4141315354330706
21
-5.0462296850393695
0
LINE
8
BLACK
6
CONTINUOUS
10
4.4141315354330706
20
-5.0462296850393695
11
4.4104868897637797
21
-5.0407750787401575
0
LINE
8
BLACK
6
CONTINUOUS
10
4.4104868897637797
20
-5.0407750787401575
11
4.4079764173228346
21
-5.034714251968504
0
LINE
8
BLACK
6
CONTINUOUS
10
4.4079764173228346
20
-5.034714251968504
11
4.4066965748031492
21
-5.0282801181102359
0
LINE
8
BLACK
6
CONTINUOUS
10
4.4066965748031492
20
-5.0282801181102359
11
4.4066965748031492
21
-5.0217198818897639
0
LINE
8
BLACK
6
CONTINUOUS
10
4.4066965748031492
20
-5.0217198818897639
11
4.4079764173228346
21
-5.0152857480314958
0
LINE
8
BLACK
6
CONTINUOUS
10
4.4079764173228346
20
-5.0152857480314958
11
4.4104868897637797
21
-5.0092249212598423
0
LINE
8
BLACK
6
CONTINUOUS
10
4.4104868897637797
20
-5.0092249212598423
11
4.4141315354330706
21
-5.0037703149606294
0
LINE
8
BLACK
6
CONTINUOUS
10
4.4141315354330706
20
-5.0037703149606294
11
4.4187703149606294
21
-4.9991315354330705
0
LINE
8
BLACK
6
CONTINUOUS
10
4.4187703149606294
20
-4.9991315354330705
11
4.4242249212598423
21
-4.9954868897637796
0
LINE
8
BLACK
6
CONTINUOUS
10
4.4242249212598423
20
-4.9954868897637796
11
4.4302857480314959
21
-4.9929764173228346
0
LINE
8
BLACK
6
CONTINUOUS
10
4.4302857480314959
20
-4.9929764173228346
11
4.436719881889764
21
-4.9916965748031492
0
LINE
8
BLACK
6
CONTINUOUS
10
4.436719881889764
20
-4.9916965748031492
11
4.4432801181102359
21
-4.9916965748031492
0
LINE
8
BLACK
6
CONTINUOUS
10
4.4432801181102359
20
-4.9916965748031492
11
4.449714251968504
21
-4.9929764173228346
0
LINE
8
BLACK
6
CONTINUOUS
10
5.5576874015748032
20
-4.8236133858267713
11
5.5584407086614176
21
-4.8237632283464569
0
LINE
8
BLACK
6
CONTINUOUS
10
5.5584407086614176
20
-4.8237632283464569
11
5.559079330708661
21
-4.824189960629921
0
LINE
8
BLACK
6
CONTINUOUS
10
5.559079330708661
20
-4.824189960629921
11
5.559506062992126
21
-4.8248285826771653
0
LINE
8
BLACK
6
CONTINUOUS
10
5.559506062992126
20
-4.8248285826771653
11
5.5596559055118107
21
-4.8255818897637797
0
LINE
8
BLACK
6
CONTINUOUS
10
5.5596559055118107
20
-4.8255818897637797
11
5.5596559055118107
21
-4.8521566929133861
0
LINE
8
BLACK
6
CONTINUOUS
10
5.5596559055118107
20
-4.8521566929133861
11
5.559506062992126
21
-4.8529099999999996
0
LINE
8
BLACK
6
CONTINUOUS
10
5.559506062992126
20
-4.8529099999999996
11
5.559079330708661
21
-4.8535486220472439
0
LINE
8
BLACK
6
CONTINUOUS
10
5.559079330708661
20
-4.8535486220472439
11
5.5584407086614176
21
-4.8539753543307089
0
LINE
8
BLACK
6
CONTINUOUS
10
5.5584407086614176
20
-4.8539753543307089
11
5.5576874015748032
21
-4.8541251968503936
0
LINE
8
BLACK
6
CONTINUOUS
10
5.5576874015748032
20
-4.8541251968503936
11
5.5537503937007875
21
-4.8541251968503936
0
LINE
8
BLACK
6
CONTINUOUS
10
5.5537503937007875
20
-4.8541251968503936
11
5.5529970866141731
21
-4.8539753543307089
0
LINE
8
BLACK
6
CONTINUOUS
10
5.5529970866141731
20
-4.8539753543307089
11
5.5523584645669288
21
-4.8535486220472439
0
LINE
8
BLACK
6
CONTINUOUS
10
5.5523584645669288
20
-4.8535486220472439
11
5.5519317322834647
21
-4.8529099999999996
0
LINE
8
BLACK
6
CONTINUOUS
10
5.5519317322834647
20
-4.8529099999999996
11
5.5517818897637792
21
-4.8521566929133861
0
LINE
8
BLACK
6
CONTINUOUS
10
5.5517818897637792
20
-4.8521566929133861
11
5.5517818897637792
21
-4.8314874015748028
0
LINE
8
BLACK
6
CONTINUOUS
10
5.5517818897637792
20
-4.8314874015748028
11
5.5311125984251968
21
-4.8314874015748028
0
LINE
8
BLACK
6
CONTINUOUS
10
5.5311125984251968
20
-4.8314874015748028
11
5.5303592913385824
21
-4.8313375590551182
0
LINE
8
BLACK
6
CONTINUOUS
10
5.5303592913385824
20
-4.8313375590551182
11
5.5297206692913381
21
-4.8309108267716532
0
LINE
8
BLACK
6
CONTINUOUS
10
5.5297206692913381
20
-4.8309108267716532
11
5.529293937007874
21
-4.8302722047244098
0
LINE
8
BLACK
6
CONTINUOUS
10
5.529293937007874
20
-4.8302722047244098
11
5.5291440944881884
21
-4.8295188976377954
0
LINE
8
BLACK
6
CONTINUOUS
10
5.5291440944881884
20
-4.8295188976377954
11
5.5291440944881884
21
-4.8255818897637797
0
LINE
8
BLACK
6
CONTINUOUS
10
5.5291440944881884
20
-4.8255818897637797
11
5.529293937007874
21
-4.8248285826771653
0
LINE
8
BLACK
6
CONTINUOUS
10
5.529293937007874
20
-4.8248285826771653
11
5.5297206692913381
21
-4.824189960629921
0
LINE
8
BLACK
6
CONTINUOUS
10
5.5297206692913381
20
-4.824189960629921
11
5.5303592913385824
21
-4.8237632283464569
0
LINE
8
BLACK
6
CONTINUOUS
10
5.5303592913385824
20
-4.8237632283464569
11
5.5311125984251968
21
-4.8236133858267713
0
LINE
8
BLACK
6
CONTINUOUS
10
5.5311125984251968
20
-4.8236133858267713
11
5.5576874015748032
21
-4.8236133858267713
0
LINE
8
BLACK
6
CONTINUOUS
10
5.6423330708661412
20
-4.8236133858267713
11
5.6669393700787403
21
-4.8236133858267713
0
LINE
8
BLACK
6
CONTINUOUS
10
5.6669393700787403
20
-4.8236133858267713
11
5.6676926771653546
21
-4.8237632283464569
0
LINE
8
BLACK
6
CONTINUOUS
10
5.6676926771653546
20
-4.8237632283464569
11
5.668331299212598
21
-4.824189960629921
0
LINE
8
BLACK
6
CONTINUOUS
10
5.668331299212598
20
-4.824189960629921
11
5.6687580314960631
21
-4.8248285826771653
0
LINE
8
BLACK
6
CONTINUOUS
10
5.6687580314960631
20
-4.8248285826771653
11
5.6689078740157477
21
-4.8255818897637797
0
LINE
8
BLACK
6
CONTINUOUS
10
5.6689078740157477
20
-4.8255818897637797
11
5.6689078740157477
21
-4.8295188976377954
0
LINE
8
BLACK
6
CONTINUOUS
10
5.6689078740157477
20
-4.8295188976377954
11
5.6687580314960631
21
-4.8302722047244098
0
LINE
8
BLACK
6
CONTINUOUS
10
5.6687580314960631
20
-4.8302722047244098
11
5.668331299212598
21
-4.8309108267716532
0
LINE
8
BLACK
6
CONTINUOUS
10
5.668331299212598
20
-4.8309108267716532
11
5.6676926771653546
21
-4.8313375590551182
0
LINE
8
BLACK
6
CONTINUOUS
10
5.6676926771653546
20
-4.8313375590551182
11
5.6669393700787403
21
-4.8314874015748028
0
LINE
8
BLACK
6
CONTINUOUS
10
5.6669393700787403
20
-4.8314874015748028
11
5.6443015748031495
21
-4.8314874015748028
0
LINE
8
BLACK
6
CONTINUOUS
10
5.6443015748031495
20
-4.8314874015748028
11
5.6443015748031495
21
-4.8521566929133861
0
LINE
8
BLACK
6
CONTINUOUS
10
5.6443015748031495
20
-4.8521566929133861
11
5.644151732283464
21
-4.8529099999999996
0
LINE
8
BLACK
6
CONTINUOUS
10
5.644151732283464
20
-4.8529099999999996
11
5.6437249999999999
21
-4.8535486220472439
0
LINE
8
BLACK
6
CONTINUOUS
10
5.6437249999999999
20
-4.8535486220472439
11
5.6430863779527556
21
-4.8539753543307089
0
LINE
8
BLACK
6
CONTINUOUS
10
5.6430863779527556
20
-4.8539753543307089
11
5.6423330708661412
21
-4.8541251968503936
0
LINE
8
BLACK
6
CONTINUOUS
10
5.6423330708661412
20
-4.8541251968503936
11
5.6383960629921255
21
-4.8541251968503936
0
LINE
8
BLACK
6
CONTINUOUS
10
5.6383960629921255
20
-4.8541251968503936
11
5.637642755905512
21
-4.8539753543307089
0
LINE
8
BLACK
6
CONTINUOUS
10
5.637642755905512
20
-4.8539753543307089
11
5.6370041338582677
21
-4.8535486220472439
0
LINE
8
BLACK
6
CONTINUOUS
10
5.6370041338582677
20
-4.8535486220472439
11
5.6365774015748027
21
-4.8529099999999996
0
LINE
8
BLACK
6
CONTINUOUS
10
5.6365774015748027
20
-4.8529099999999996
11
5.6364275590551181
21
-4.8521566929133861
0
LINE
8
BLACK
6
CONTINUOUS
10
5.6364275590551181
20
-4.8521566929133861
11
5.6364275590551181
21
-4.8255818897637797
0
LINE
8
BLACK
6
CONTINUOUS
10
5.6364275590551181
20
-4.8255818897637797
11
5.6365774015748027
21
-4.8248285826771653
0
LINE
8
BLACK
6
CONTINUOUS
10
5.6365774015748027
20
-4.8248285826771653
11
5.6370041338582677
21
-4.824189960629921
0
LINE
8
BLACK
6
CONTINUOUS
10
5.6370041338582677
20
-4.824189960629921
11
5.637642755905512
21
-4.8237632283464569
0
LINE
8
BLACK
6
CONTINUOUS
10
5.637642755905512
20
-4.8237632283464569
11
5.6383960629921255
21
-4.8236133858267713
0
LINE
8
BLACK
6
CONTINUOUS
10
5.6383960629921255
20
-4.8236133858267713
11
5.6423330708661412
21
-4.8236133858267713
0
LINE
8
BLACK
6
CONTINUOUS
10
5.6076533070866139
20
-4.8111648031496062
11
5.6082919291338582
21
-4.8115915354330712
0
LINE
8
BLACK
6
CONTINUOUS
10
5.6082919291338582
20
-4.8115915354330712
11
5.6087186614173223
21
-4.8122301574803146
0
LINE
8
BLACK
6
CONTINUOUS
10
5.6087186614173223
20
-4.8122301574803146
11
5.6088685039370079
21
-4.8129834645669289
0
LINE
8
BLACK
6
CONTINUOUS
10
5.6088685039370079
20
-4.8129834645669289
11
5.6088685039370079
21
-4.8484165354330706
0
LINE
8
BLACK
6
CONTINUOUS
10
5.6088685039370079
20
-4.8484165354330706
11
5.6087186614173223
21
-4.849169842519685
0
LINE
8
BLACK
6
CONTINUOUS
10
5.6087186614173223
20
-4.849169842519685
11
5.6082919291338582
21
-4.8498084645669293
0
LINE
8
BLACK
6
CONTINUOUS
10
5.6082919291338582
20
-4.8498084645669293
11
5.6076533070866139
21
-4.8502351968503934
0
LINE
8
BLACK
6
CONTINUOUS
10
5.6076533070866139
20
-4.8502351968503934
11
5.6068999999999996
21
-4.8503850393700789
0
LINE
8
BLACK
6
CONTINUOUS
10
5.6068999999999996
20
-4.8503850393700789
11
5.6029629921259838
21
-4.8503850393700789
0
LINE
8
BLACK
6
CONTINUOUS
10
5.6029629921259838
20
-4.8503850393700789
11
5.6022096850393703
21
-4.8502351968503934
0
LINE
8
BLACK
6
CONTINUOUS
10
5.6022096850393703
20
-4.8502351968503934
11
5.601571062992126
21
-4.8498084645669293
0
LINE
8
BLACK
6
CONTINUOUS
10
5.601571062992126
20
-4.8498084645669293
11
5.601144330708661
21
-4.849169842519685
0
LINE
8
BLACK
6
CONTINUOUS
10
5.601144330708661
20
-4.849169842519685
11
5.6009944881889764
21
-4.8484165354330706
0
LINE
8
BLACK
6
CONTINUOUS
10
5.6009944881889764
20
-4.8484165354330706
11
5.6009944881889764
21
-4.8129834645669289
0
LINE
8
BLACK
6
CONTINUOUS
10
5.6009944881889764
20
-4.8129834645669289
11
5.601144330708661
21
-4.8122301574803146
0
LINE
8
BLACK
6
CONTINUOUS
10
5.601144330708661
20
-4.8122301574803146
11
5.601571062992126
21
-4.8115915354330712
0
LINE
8
BLACK
6
CONTINUOUS
10
5.601571062992126
20
-4.8115915354330712
11
5.6022096850393703
21
-4.8111648031496062
0
LINE
8
BLACK
6
CONTINUOUS
10
5.6022096850393703
20
-4.8111648031496062
11
5.6029629921259838
21
-4.8110149606299215
0
LINE
8
BLACK
6
CONTINUOUS
10
5.6029629921259838
20
-4.8110149606299215
11
5.6068999999999996
21
-4.8110149606299215
0
LINE
8
BLACK
6
CONTINUOUS
10
5.6068999999999996
20
-4.8110149606299215
11
5.6076533070866139
21
-4.8111648031496062
0
LINE
8
BLACK
6
CONTINUOUS
10
5.6234013385826769
20
-4.8111648031496062
11
5.6240399606299212
21
-4.8115915354330712
0
LINE
8
BLACK
6
CONTINUOUS
10
5.6240399606299212
20
-4.8115915354330712
11
5.6244666929133853
21
-4.8122301574803146
0
LINE
8
BLACK
6
CONTINUOUS
10
5.6244666929133853
20
-4.8122301574803146
11
5.6246165354330708
21
-4.8129834645669289
0
LINE
8
BLACK
6
CONTINUOUS
10
5.6246165354330708
20
-4.8129834645669289
11
5.6246165354330708
21
-4.8484165354330706
0
LINE
8
BLACK
6
CONTINUOUS
10
5.6246165354330708
20
-4.8484165354330706
11
5.6244666929133853
21
-4.849169842519685
0
LINE
8
BLACK
6
CONTINUOUS
10
5.6244666929133853
20
-4.849169842519685
11
5.6240399606299212
21
-4.8498084645669293
0
LINE
8
BLACK
6
CONTINUOUS
10
5.6240399606299212
20
-4.8498084645669293
11
5.6234013385826769
21
-4.8502351968503934
0
LINE
8
BLACK
6
CONTINUOUS
10
5.6234013385826769
20
-4.8502351968503934
11
5.6226480314960625
21
-4.8503850393700789
0
LINE
8
BLACK
6
CONTINUOUS
10
5.6226480314960625
20
-4.8503850393700789
11
5.6187110236220468
21
-4.8503850393700789
0
LINE
8
BLACK
6
CONTINUOUS
10
5.6187110236220468
20
-4.8503850393700789
11
5.6179577165354333
21
-4.8502351968503934
0
LINE
8
BLACK
6
CONTINUOUS
10
5.6179577165354333
20
-4.8502351968503934
11
5.617319094488189
21
-4.8498084645669293
0
LINE
8
BLACK
6
CONTINUOUS
10
5.617319094488189
20
-4.8498084645669293
11
5.616892362204724
21
-4.849169842519685
0
LINE
8
BLACK
6
CONTINUOUS
10
5.616892362204724
20
-4.849169842519685
11
5.6167425196850393
21
-4.8484165354330706
0
LINE
8
BLACK
6
CONTINUOUS
10
5.6167425196850393
20
-4.8484165354330706
11
5.6167425196850393
21
-4.8129834645669289
0
LINE
8
BLACK
6
CONTINUOUS
10
5.6167425196850393
20
-4.8129834645669289
11
5.616892362204724
21
-4.8122301574803146
0
LINE
8
BLACK
6
CONTINUOUS
10
5.616892362204724
20
-4.8122301574803146
11
5.617319094488189
21
-4.8115915354330712
0
LINE
8
BLACK
6
CONTINUOUS
10
5.617319094488189
20
-4.8115915354330712
11
5.6179577165354333
21
-4.8111648031496062
0
LINE
8
BLACK
6
CONTINUOUS
10
5.6179577165354333
20
-4.8111648031496062
11
5.6187110236220468
21
-4.8110149606299215
0
LINE
8
BLACK
6
CONTINUOUS
10
5.6187110236220468
20
-4.8110149606299215
11
5.6226480314960625
21
-4.8110149606299215
0
LINE
8
BLACK
6
CONTINUOUS
10
5.6226480314960625
20
-4.8110149606299215
11
5.6234013385826769
21
-4.8111648031496062
0
LINE
8
BLACK
6
CONTINUOUS
10
5.576157244094488
20
-4.8257317322834643
11
5.5767958661417323
21
-4.8261584645669293
0
LINE
8
BLACK
6
CONTINUOUS
10
5.5767958661417323
20
-4.8261584645669293
11
5.5772225984251964
21
-4.8267970866141727
0
LINE
8
BLACK
6
CONTINUOUS
10
5.5772225984251964
20
-4.8267970866141727
11
5.5773724409448819
21
-4.8275503937007871
0
LINE
8
BLACK
6
CONTINUOUS
10
5.5773724409448819
20
-4.8275503937007871
11
5.5773724409448819
21
-4.8482196850393704
0
LINE
8
BLACK
6
CONTINUOUS
10
5.5773724409448819
20
-4.8482196850393704
11
5.5772225984251964
21
-4.8489729921259839
0
LINE
8
BLACK
6
CONTINUOUS
10
5.5772225984251964
20
-4.8489729921259839
11
5.5767958661417323
21
-4.8496116141732282
0
LINE
8
BLACK
6
CONTINUOUS
10
5.5767958661417323
20
-4.8496116141732282
11
5.576157244094488
21
-4.8500383464566932
0
LINE
8
BLACK
6
CONTINUOUS
10
5.576157244094488
20
-4.8500383464566932
11
5.5754039370078736
21
-4.8501881889763778
0
LINE
8
BLACK
6
CONTINUOUS
10
5.5754039370078736
20
-4.8501881889763778
11
5.5714669291338579
21
-4.8501881889763778
0
LINE
8
BLACK
6
CONTINUOUS
10
5.5714669291338579
20
-4.8501881889763778
11
5.5707136220472444
21
-4.8500383464566932
0
LINE
8
BLACK
6
CONTINUOUS
10
5.5707136220472444
20
-4.8500383464566932
11
5.5700750000000001
21
-4.8496116141732282
0
LINE
8
BLACK
6
CONTINUOUS
10
5.5700750000000001
20
-4.8496116141732282
11
5.5696482677165351
21
-4.8489729921259839
0
LINE
8
BLACK
6
CONTINUOUS
10
5.5696482677165351
20
-4.8489729921259839
11
5.5694984251968505
21
-4.8482196850393704
0
LINE
8
BLACK
6
CONTINUOUS
10
5.5694984251968505
20
-4.8482196850393704
11
5.5694984251968505
21
-4.8275503937007871
0
LINE
8
BLACK
6
CONTINUOUS
10
5.5694984251968505
20
-4.8275503937007871
11
5.5696482677165351
21
-4.8267970866141727
0
LINE
8
BLACK
6
CONTINUOUS
10
5.5696482677165351
20
-4.8267970866141727
11
5.5700750000000001
21
-4.8261584645669293
0
LINE
8
BLACK
6
CONTINUOUS
10
5.5700750000000001
20
-4.8261584645669293
11
5.5707136220472444
21
-4.8257317322834643
0
LINE
8
BLACK
6
CONTINUOUS
10
5.5707136220472444
20
-4.8257317322834643
11
5.5714669291338579
21
-4.8255818897637797
0
LINE
8
BLACK
6
CONTINUOUS
10
5.5714669291338579
20
-4.8255818897637797
11
5.5754039370078736
21
-4.8255818897637797
0
LINE
8
BLACK
6
CONTINUOUS
10
5.5754039370078736
20
-4.8255818897637797
11
5.576157244094488
21
-4.8257317322834643
0
LINE
8
BLACK
6
CONTINUOUS
10
5.5919052755905509
20
-4.8257317322834643
11
5.5925438976377952
21
-4.8261584645669293
0
LINE
8
BLACK
6
CONTINUOUS
10
5.5925438976377952
20
-4.8261584645669293
11
5.5929706299212594
21
-4.8267970866141727
0
LINE
8
BLACK
6
CONTINUOUS
10
5.5929706299212594
20
-4.8267970866141727
11
5.5931204724409449
21
-4.8275503937007871
0
LINE
8
BLACK
6
CONTINUOUS
10
5.5931204724409449
20
-4.8275503937007871
11
5.5931204724409449
21
-4.8482196850393704
0
LINE
8
BLACK
6
CONTINUOUS
10
5.5931204724409449
20
-4.8482196850393704
11
5.5929706299212594
21
-4.8489729921259839
0
LINE
8
BLACK
6
CONTINUOUS
10
5.5929706299212594
20
-4.8489729921259839
11
5.5925438976377952
21
-4.8496116141732282
0
LINE
8
BLACK
6
CONTINUOUS
10
5.5925438976377952
20
-4.8496116141732282
11
5.5919052755905509
21
-4.8500383464566932
0
LINE
8
BLACK
6
CONTINUOUS
10
5.5919052755905509
20
-4.8500383464566932
11
5.5911519685039366
21
-4.8501881889763778
0
LINE
8
BLACK
6
CONTINUOUS
10
5.5911519685039366
20
-4.8501881889763778
11
5.5872149606299208
21
-4.8501881889763778
0
LINE
8
BLACK
6
CONTINUOUS
10
5.5872149606299208
20
-4.8501881889763778
11
5.5864616535433074
21
-4.8500383464566932
0
LINE
8
BLACK
6
CONTINUOUS
10
5.5864616535433074
20
-4.8500383464566932
11
5.5858230314960631
21
-4.8496116141732282
0
LINE
8
BLACK
6
CONTINUOUS
10
5.5858230314960631
20
-4.8496116141732282
11
5.5853962992125981
21
-4.8489729921259839
0
LINE
8
BLACK
6
CONTINUOUS
10
5.5853962992125981
20
-4.8489729921259839
11
5.5852464566929134
21
-4.8482196850393704
0
LINE
8
BLACK
6
CONTINUOUS
10
5.5852464566929134
20
-4.8482196850393704
11
5.5852464566929134
21
-4.8275503937007871
0
LINE
8
BLACK
6
CONTINUOUS
10
5.5852464566929134
20
-4.8275503937007871
11
5.5853962992125981
21
-4.8267970866141727
0
LINE
8
BLACK
6
CONTINUOUS
10
5.5853962992125981
20
-4.8267970866141727
11
5.5858230314960631
21
-4.8261584645669293
0
LINE
8
BLACK
6
CONTINUOUS
10
5.5858230314960631
20
-4.8261584645669293
11
5.5864616535433074
21
-4.8257317322834643
0
LINE
8
BLACK
6
CONTINUOUS
10
5.5864616535433074
20
-4.8257317322834643
11
5.5872149606299208
21
-4.8255818897637797
0
LINE
8
BLACK
6
CONTINUOUS
10
5.5872149606299208
20
-4.8255818897637797
11
5.5911519685039366
21
-4.8255818897637797
0
LINE
8
BLACK
6
CONTINUOUS
10
5.5911519685039366
20
-4.8255818897637797
11
5.5919052755905509
21
-4.8257317322834643
0
LINE
8
BLACK
6
CONTINUOUS
10
6.3108029133858263
20
-4.8314403937007873
11
6.3114415354330706
21
-4.8318671259842523
0
LINE
8
BLACK
6
CONTINUOUS
10
6.3114415354330706
20
-4.8318671259842523
11
6.3118682677165356
21
-4.8325057480314957
0
LINE
8
BLACK
6
CONTINUOUS
10
6.3118682677165356
20
-4.8325057480314957
11
6.3120181102362203
21
-4.83325905511811
0
LINE
8
BLACK
6
CONTINUOUS
10
6.3120181102362203
20
-4.83325905511811
11
6.3120181102362203
21
-4.8411330708661415
0
LINE
8
BLACK
6
CONTINUOUS
10
6.3120181102362203
20
-4.8411330708661415
11
6.3118682677165356
21
-4.8418863779527559
0
LINE
8
BLACK
6
CONTINUOUS
10
6.3118682677165356
20
-4.8418863779527559
11
6.3114415354330706
21
-4.8425250000000002
0
LINE
8
BLACK
6
CONTINUOUS
10
6.3114415354330706
20
-4.8425250000000002
11
6.3108029133858263
21
-4.8429517322834643
0
LINE
8
BLACK
6
CONTINUOUS
10
6.3108029133858263
20
-4.8429517322834643
11
6.3100496062992129
21
-4.8431015748031498
0
LINE
8
BLACK
6
CONTINUOUS
10
6.3100496062992129
20
-4.8431015748031498
11
6.2876086614173223
21
-4.8431015748031498
0
LINE
8
BLACK
6
CONTINUOUS
10
6.2876086614173223
20
-4.8431015748031498
11
6.2868553543307089
21
-4.8429517322834643
0
LINE
8
BLACK
6
CONTINUOUS
10
6.2868553543307089
20
-4.8429517322834643
11
6.2862167322834646
21
-4.8425250000000002
0
LINE
8
BLACK
6
CONTINUOUS
10
6.2862167322834646
20
-4.8425250000000002
11
6.2857899999999995
21
-4.8418863779527559
0
LINE
8
BLACK
6
CONTINUOUS
10
6.2857899999999995
20
-4.8418863779527559
11
6.2856401574803149
21
-4.8411330708661415
0
LINE
8
BLACK
6
CONTINUOUS
10
6.2856401574803149
20
-4.8411330708661415
11
6.2856401574803149
21
-4.83325905511811
0
LINE
8
BLACK
6
CONTINUOUS
10
6.2856401574803149
20
-4.83325905511811
11
6.2857899999999995
21
-4.8325057480314957
0
LINE
8
BLACK
6
CONTINUOUS
10
6.2857899999999995
20
-4.8325057480314957
11
6.2862167322834646
21
-4.8318671259842523
0
LINE
8
BLACK
6
CONTINUOUS
10
6.2862167322834646
20
-4.8318671259842523
11
6.2868553543307089
21
-4.8314403937007873
0
LINE
8
BLACK
6
CONTINUOUS
10
6.2868553543307089
20
-4.8314403937007873
11
6.2876086614173223
21
-4.8312905511811026
0
LINE
8
BLACK
6
CONTINUOUS
10
6.2876086614173223
20
-4.8312905511811026
11
6.3100496062992129
21
-4.8312905511811026
0
LINE
8
BLACK
6
CONTINUOUS
10
6.3100496062992129
20
-4.8312905511811026
11
6.3108029133858263
21
-4.8314403937007873
0
LINE
8
BLACK
6
CONTINUOUS
10
6.3690706299212598
20
-4.8314403937007873
11
6.3697092519685041
21
-4.8318671259842523
0
LINE
8
BLACK
6
CONTINUOUS
10
6.3697092519685041
20
-4.8318671259842523
11
6.3701359842519683
21
-4.8325057480314957
0
LINE
8
BLACK
6
CONTINUOUS
10
6.3701359842519683
20
-4.8325057480314957
11
6.3702858267716538
21
-4.83325905511811
0
LINE
8
BLACK
6
CONTINUOUS
10
6.3702858267716538
20
-4.83325905511811
11
6.3702858267716538
21
-4.8411330708661415
0
LINE
8
BLACK
6
CONTINUOUS
10
6.3702858267716538
20
-4.8411330708661415
11
6.3701359842519683
21
-4.8418863779527559
0
LINE
8
BLACK
6
CONTINUOUS
10
6.3701359842519683
20
-4.8418863779527559
11
6.3697092519685041
21
-4.8425250000000002
0
LINE
8
BLACK
6
CONTINUOUS
10
6.3697092519685041
20
-4.8425250000000002
11
6.3690706299212598
21
-4.8429517322834643
0
LINE
8
BLACK
6
CONTINUOUS
10
6.3690706299212598
20
-4.8429517322834643
11
6.3683173228346455
21
-4.8431015748031498
0
LINE
8
BLACK
6
CONTINUOUS
10
6.3683173228346455
20
-4.8431015748031498
11
6.3458763779527558
21
-4.8431015748031498
0
LINE
8
BLACK
6
CONTINUOUS
10
6.3458763779527558
20
-4.8431015748031498
11
6.3451230708661415
21
-4.8429517322834643
0
LINE
8
BLACK
6
CONTINUOUS
10
6.3451230708661415
20
-4.8429517322834643
11
6.3444844488188972
21
-4.8425250000000002
0
LINE
8
BLACK
6
CONTINUOUS
10
6.3444844488188972
20
-4.8425250000000002
11
6.344057716535433
21
-4.8418863779527559
0
LINE
8
BLACK
6
CONTINUOUS
10
6.344057716535433
20
-4.8418863779527559
11
6.3439078740157475
21
-4.8411330708661415
0
LINE
8
BLACK
6
CONTINUOUS
10
6.3439078740157475
20
-4.8411330708661415
11
6.3439078740157475
21
-4.83325905511811
0
LINE
8
BLACK
6
CONTINUOUS
10
6.3439078740157475
20
-4.83325905511811
11
6.344057716535433
21
-4.8325057480314957
0
LINE
8
BLACK
6
CONTINUOUS
10
6.344057716535433
20
-4.8325057480314957
11
6.3444844488188972
21
-4.8318671259842523
0
LINE
8
BLACK
6
CONTINUOUS
10
6.3444844488188972
20
-4.8318671259842523
11
6.3451230708661415
21
-4.8314403937007873
0
LINE
8
BLACK
6
CONTINUOUS
10
6.3451230708661415
20
-4.8314403937007873
11
6.3458763779527558
21
-4.8312905511811026
0
LINE
8
BLACK
6
CONTINUOUS
10
6.3458763779527558
20
-4.8312905511811026
11
6.3683173228346455
21
-4.8312905511811026
0
LINE
8
BLACK
6
CONTINUOUS
10
6.3683173228346455
20
-4.8312905511811026
11
6.3690706299212598
21
-4.8314403937007873
0
LINE
8
BLACK
6
CONTINUOUS
10
4.7210732283464569
20
-4.8368023622047245
11
4.6639866141732282
21
-4.8368023622047245
0
LINE
8
BLACK
6
CONTINUOUS
10
4.6639866141732282
20
-4.8368023622047245
11
4.6639866141732282
21
-4.8190858267716532
0
LINE
8
BLACK
6
CONTINUOUS
10
4.6639866141732282
20
-4.8190858267716532
11
4.7210732283464569
21
-4.8190858267716532
0
LINE
8
BLACK
6
CONTINUOUS
10
4.7210732283464569
20
-4.8190858267716532
11
4.7210732283464569
21
-4.8368023622047245
0
LINE
8
BLACK
6
CONTINUOUS
10
4.9533566929133857
20
-4.8368023622047245
11
4.896270078740157
21
-4.8368023622047245
0
LINE
8
BLACK
6
CONTINUOUS
10
4.896270078740157
20
-4.8368023622047245
11
4.896270078740157
21
-4.8190858267716532
0
LINE
8
BLACK
6
CONTINUOUS
10
4.896270078740157
20
-4.8190858267716532
11
4.9533566929133857
21
-4.8190858267716532
0
LINE
8
BLACK
6
CONTINUOUS
10
4.9533566929133857
20
-4.8190858267716532
11
4.9533566929133857
21
-4.8368023622047245
0
LINE
8
BLACK
6
CONTINUOUS
10
5.3316535433070866
20
-4.7813779527559053
11
5.3414960629921255
21
-4.7813779527559053
0
LINE
8
BLACK
6
CONTINUOUS
10
5.3414960629921255
20
-4.7813779527559053
11
5.3414960629921255
21
-4.7754724409448821
0
LINE
8
BLACK
6
CONTINUOUS
10
5.3414960629921255
20
-4.7754724409448821
11
5.3808661417322829
21
-4.7754724409448821
0
LINE
8
BLACK
6
CONTINUOUS
10
5.3808661417322829
20
-4.7754724409448821
11
5.3808661417322829
21
-4.8345275590551182
0
LINE
8
BLACK
6
CONTINUOUS
10
5.3808661417322829
20
-4.8345275590551182
11
5.3414960629921255
21
-4.8345275590551182
0
LINE
8
BLACK
6
CONTINUOUS
10
5.3414960629921255
20
-4.8345275590551182
11
5.3414960629921255
21
-4.8286220472440942
0
LINE
8
BLACK
6
CONTINUOUS
10
5.3414960629921255
20
-4.8286220472440942
11
5.3316535433070866
21
-4.8286220472440942
0
LINE
8
BLACK
6
CONTINUOUS
10
5.3316535433070866
20
-4.8286220472440942
11
5.3316535433070866
21
-4.8345275590551182
0
LINE
8
BLACK
6
CONTINUOUS
10
5.3316535433070866
20
-4.8345275590551182
11
5.3099999999999996
21
-4.8345275590551182
0
LINE
8
BLACK
6
CONTINUOUS
10
5.3099999999999996
20
-4.8345275590551182
11
5.3099999999999996
21
-4.8343591338582677
0
LINE
8
BLACK
6
CONTINUOUS
10
5.3099999999999996
20
-4.8343591338582677
11
5.3074305905511814
21
-4.8343591338582677
0
LINE
8
BLACK
6
CONTINUOUS
10
5.3074305905511814
20
-4.8343591338582677
11
5.3024668503937002
21
-4.8330291338582674
0
LINE
8
BLACK
6
CONTINUOUS
10
5.3024668503937002
20
-4.8330291338582674
11
5.2980164960629921
21
-4.8304597244094492
0
LINE
8
BLACK
6
CONTINUOUS
10
5.2980164960629921
20
-4.8304597244094492
11
5.2943827952755909
21
-4.826826023622047
0
LINE
8
BLACK
6
CONTINUOUS
10
5.2943827952755909
20
-4.826826023622047
11
5.2918133858267717
21
-4.8223756692913389
0
LINE
8
BLACK
6
CONTINUOUS
10
5.2918133858267717
20
-4.8223756692913389
11
5.2904833858267715
21
-4.8174119291338577
0
LINE
8
BLACK
6
CONTINUOUS
10
5.2904833858267715
20
-4.8174119291338577
11
5.2904833858267715
21
-4.8148425196850395
0
LINE
8
BLACK
6
CONTINUOUS
10
5.2904833858267715
20
-4.8148425196850395
11
5.2903149606299209
21
-4.8148425196850395
0
LINE
8
BLACK
6
CONTINUOUS
10
5.2903149606299209
20
-4.8148425196850395
11
5.2903149606299209
21
-4.7951574803149608
0
LINE
8
BLACK
6
CONTINUOUS
10
5.2903149606299209
20
-4.7951574803149608
11
5.2904833858267715
21
-4.7951574803149608
0
LINE
8
BLACK
6
CONTINUOUS
10
5.2904833858267715
20
-4.7951574803149608
11
5.2904833858267715
21
-4.7925880708661417
0
LINE
8
BLACK
6
CONTINUOUS
10
5.2904833858267715
20
-4.7925880708661417
11
5.2918133858267717
21
-4.7876243307086614
0
LINE
8
BLACK
6
CONTINUOUS
10
5.2918133858267717
20
-4.7876243307086614
11
5.2943827952755909
21
-4.7831739763779524
0
LINE
8
BLACK
6
CONTINUOUS
10
5.2943827952755909
20
-4.7831739763779524
11
5.2980164960629921
21
-4.7795402755905512
0
LINE
8
BLACK
6
CONTINUOUS
10
5.2980164960629921
20
-4.7795402755905512
11
5.3024668503937002
21
-4.7769708661417321
0
LINE
8
BLACK
6
CONTINUOUS
10
5.3024668503937002
20
-4.7769708661417321
11
5.3074305905511814
21
-4.7756408661417318
0
LINE
8
BLACK
6
CONTINUOUS
10
5.3074305905511814
20
-4.7756408661417318
11
5.3099999999999996
21
-4.7756408661417318
0
LINE
8
BLACK
6
CONTINUOUS
10
5.3099999999999996
20
-4.7756408661417318
11
5.3099999999999996
21
-4.7754724409448821
0
LINE
8
BLACK
6
CONTINUOUS
10
5.3099999999999996
20
-4.7754724409448821
11
5.3316535433070866
21
-4.7754724409448821
0
LINE
8
BLACK
6
CONTINUOUS
10
5.3316535433070866
20
-4.7754724409448821
11
5.3316535433070866
21
-4.7813779527559053
0
LINE
8
BLACK
6
CONTINUOUS
10
5.3316535433070866
20
-4.7971259842519682
11
5.3316535433070866
21
-4.8128740157480312
0
LINE
8
BLACK
6
CONTINUOUS
10
5.3316535433070866
20
-4.8128740157480312
11
5.3414960629921255
21
-4.8128740157480312
0
LINE
8
BLACK
6
CONTINUOUS
10
5.3414960629921255
20
-4.8128740157480312
11
5.3414960629921255
21
-4.7971259842519682
0
LINE
8
BLACK
6
CONTINUOUS
10
5.3414960629921255
20
-4.7971259842519682
11
5.3316535433070866
21
-4.7971259842519682
0
LINE
8
BLACK
6
CONTINUOUS
10
5.4123622047244098
20
-4.7756408661417318
11
5.414931614173228
21
-4.7756408661417318
0
LINE
8
BLACK
6
CONTINUOUS
10
5.414931614173228
20
-4.7756408661417318
11
5.4198953543307082
21
-4.7769708661417321
0
LINE
8
BLACK
6
CONTINUOUS
10
5.4198953543307082
20
-4.7769708661417321
11
5.4243457086614173
21
-4.7795402755905512
0
LINE
8
BLACK
6
CONTINUOUS
10
5.4243457086614173
20
-4.7795402755905512
11
5.4279794094488185
21
-4.7831739763779524
0
LINE
8
BLACK
6
CONTINUOUS
10
5.4279794094488185
20
-4.7831739763779524
11
5.4305488188976376
21
-4.7876243307086614
0
LINE
8
BLACK
6
CONTINUOUS
10
5.4305488188976376
20
-4.7876243307086614
11
5.4318788188976379
21
-4.7925880708661417
0
LINE
8
BLACK
6
CONTINUOUS
10
5.4318788188976379
20
-4.7925880708661417
11
5.4318788188976379
21
-4.7951574803149608
0
LINE
8
BLACK
6
CONTINUOUS
10
5.4318788188976379
20
-4.7951574803149608
11
5.4320472440944885
21
-4.7951574803149608
0
LINE
8
BLACK
6
CONTINUOUS
10
5.4320472440944885
20
-4.7951574803149608
11
5.4320472440944885
21
-4.8148425196850395
0
LINE
8
BLACK
6
CONTINUOUS
10
5.4320472440944885
20
-4.8148425196850395
11
5.4318788188976379
21
-4.8148425196850395
0
LINE
8
BLACK
6
CONTINUOUS
10
5.4318788188976379
20
-4.8148425196850395
11
5.4318788188976379
21
-4.8174119291338577
0
LINE
8
BLACK
6
CONTINUOUS
10
5.4318788188976379
20
-4.8174119291338577
11
5.4305488188976376
21
-4.8223756692913389
0
LINE
8
BLACK
6
CONTINUOUS
10
5.4305488188976376
20
-4.8223756692913389
11
5.4279794094488185
21
-4.826826023622047
0
LINE
8
BLACK
6
CONTINUOUS
10
5.4279794094488185
20
-4.826826023622047
11
5.4243457086614173
21
-4.8304597244094492
0
LINE
8
BLACK
6
CONTINUOUS
10
5.4243457086614173
20
-4.8304597244094492
11
5.4198953543307082
21
-4.8330291338582674
0
LINE
8
BLACK
6
CONTINUOUS
10
5.4198953543307082
20
-4.8330291338582674
11
5.414931614173228
21
-4.8343591338582677
0
LINE
8
BLACK
6
CONTINUOUS
10
5.414931614173228
20
-4.8343591338582677
11
5.4123622047244098
21
-4.8343591338582677
0
LINE
8
BLACK
6
CONTINUOUS
10
5.4123622047244098
20
-4.8343591338582677
11
5.4123622047244098
21
-4.8345275590551182
0
LINE
8
BLACK
6
CONTINUOUS
10
5.4123622047244098
20
-4.8345275590551182
11
5.3907086614173227
21
-4.8345275590551182
0
LINE
8
BLACK
6
CONTINUOUS
10
5.3907086614173227
20
-4.8345275590551182
11
5.3907086614173227
21
-4.7754724409448821
0
LINE
8
BLACK
6
CONTINUOUS
10
5.3907086614173227
20
-4.7754724409448821
11
5.4123622047244098
21
-4.7754724409448821
0
LINE
8
BLACK
6
CONTINUOUS
10
5.4123622047244098
20
-4.7754724409448821
11
5.4123622047244098
21
-4.7756408661417318
0
LINE
8
BLACK
6
CONTINUOUS
10
6.3108029133858263
20
-4.8117553543307086
11
6.3114415354330706
21
-4.8121820866141727
0
LINE
8
BLACK
6
CONTINUOUS
10
6.3114415354330706
20
-4.8121820866141727
11
6.3118682677165356
21
-4.812820708661417
0
LINE
8
BLACK
6
CONTINUOUS
10
6.3118682677165356
20
-4.812820708661417
11
6.3120181102362203
21
-4.8135740157480313
0
LINE
8
BLACK
6
CONTINUOUS
10
6.3120181102362203
20
-4.8135740157480313
11
6.3120181102362203
21
-4.8214480314960628
0
LINE
8
BLACK
6
CONTINUOUS
10
6.3120181102362203
20
-4.8214480314960628
11
6.3118682677165356
21
-4.8222013385826772
0
LINE
8
BLACK
6
CONTINUOUS
10
6.3118682677165356
20
-4.8222013385826772
11
6.3114415354330706
21
-4.8228399606299215
0
LINE
8
BLACK
6
CONTINUOUS
10
6.3114415354330706
20
-4.8228399606299215
11
6.3108029133858263
21
-4.8232666929133856
0
LINE
8
BLACK
6
CONTINUOUS
10
6.3108029133858263
20
-4.8232666929133856
11
6.3100496062992129
21
-4.8234165354330711
0
LINE
8
BLACK
6
CONTINUOUS
10
6.3100496062992129
20
-4.8234165354330711
11
6.2876086614173223
21
-4.8234165354330711
0
LINE
8
BLACK
6
CONTINUOUS
10
6.2876086614173223
20
-4.8234165354330711
11
6.2868553543307089
21
-4.8232666929133856
0
LINE
8
BLACK
6
CONTINUOUS
10
6.2868553543307089
20
-4.8232666929133856
11
6.2862167322834646
21
-4.8228399606299215
0
LINE
8
BLACK
6
CONTINUOUS
10
6.2862167322834646
20
-4.8228399606299215
11
6.2857899999999995
21
-4.8222013385826772
0
LINE
8
BLACK
6
CONTINUOUS
10
6.2857899999999995
20
-4.8222013385826772
11
6.2856401574803149
21
-4.8214480314960628
0
LINE
8
BLACK
6
CONTINUOUS
10
6.2856401574803149
20
-4.8214480314960628
11
6.2856401574803149
21
-4.8135740157480313
0
LINE
8
BLACK
6
CONTINUOUS
10
6.2856401574803149
20
-4.8135740157480313
11
6.2857899999999995
21
-4.812820708661417
0
LINE
8
BLACK
6
CONTINUOUS
10
6.2857899999999995
20
-4.812820708661417
11
6.2862167322834646
21
-4.8121820866141727
0
LINE
8
BLACK
6
CONTINUOUS
10
6.2862167322834646
20
-4.8121820866141727
11
6.2868553543307089
21
-4.8117553543307086
0
LINE
8
BLACK
6
CONTINUOUS
10
6.2868553543307089
20
-4.8117553543307086
11
6.2876086614173223
21
-4.8116055118110239
0
LINE
8
BLACK
6
CONTINUOUS
10
6.2876086614173223
20
-4.8116055118110239
11
6.3100496062992129
21
-4.8116055118110239
0
LINE
8
BLACK
6
CONTINUOUS
10
6.3100496062992129
20
-4.8116055118110239
11
6.3108029133858263
21
-4.8117553543307086
0
LINE
8
BLACK
6
CONTINUOUS
10
6.3690706299212598
20
-4.8117553543307086
11
6.3697092519685041
21
-4.8121820866141727
0
LINE
8
BLACK
6
CONTINUOUS
10
6.3697092519685041
20
-4.8121820866141727
11
6.3701359842519683
21
-4.812820708661417
0
LINE
8
BLACK
6
CONTINUOUS
10
6.3701359842519683
20
-4.812820708661417
11
6.3702858267716538
21
-4.8135740157480313
0
LINE
8
BLACK
6
CONTINUOUS
10
6.3702858267716538
20
-4.8135740157480313
11
6.3702858267716538
21
-4.8214480314960628
0
LINE
8
BLACK
6
CONTINUOUS
10
6.3702858267716538
20
-4.8214480314960628
11
6.3701359842519683
21
-4.8222013385826772
0
LINE
8
BLACK
6
CONTINUOUS
10
6.3701359842519683
20
-4.8222013385826772
11
6.3697092519685041
21
-4.8228399606299215
0
LINE
8
BLACK
6
CONTINUOUS
10
6.3697092519685041
20
-4.8228399606299215
11
6.3690706299212598
21
-4.8232666929133856
0
LINE
8
BLACK
6
CONTINUOUS
10
6.3690706299212598
20
-4.8232666929133856
11
6.3683173228346455
21
-4.8234165354330711
0
LINE
8
BLACK
6
CONTINUOUS
10
6.3683173228346455
20
-4.8234165354330711
11
6.3458763779527558
21
-4.8234165354330711
0
LINE
8
BLACK
6
CONTINUOUS
10
6.3458763779527558
20
-4.8234165354330711
11
6.3451230708661415
21
-4.8232666929133856
0
LINE
8
BLACK
6
CONTINUOUS
10
6.3451230708661415
20
-4.8232666929133856
11
6.3444844488188972
21
-4.8228399606299215
0
LINE
8
BLACK
6
CONTINUOUS
10
6.3444844488188972
20
-4.8228399606299215
11
6.344057716535433
21
-4.8222013385826772
0
LINE
8
BLACK
6
CONTINUOUS
10
6.344057716535433
20
-4.8222013385826772
11
6.3439078740157475
21
-4.8214480314960628
0
LINE
8
BLACK
6
CONTINUOUS
10
6.3439078740157475
20
-4.8214480314960628
11
6.3439078740157475
21
-4.8135740157480313
0
LINE
8
BLACK
6
CONTINUOUS
10
6.3439078740157475
20
-4.8135740157480313
11
6.344057716535433
21
-4.812820708661417
0
LINE
8
BLACK
6
CONTINUOUS
10
6.344057716535433
20
-4.812820708661417
11
6.3444844488188972
21
-4.8121820866141727
0
LINE
8
BLACK
6
CONTINUOUS
10
6.3444844488188972
20
-4.8121820866141727
11
6.3451230708661415
21
-4.8117553543307086
0
LINE
8
BLACK
6
CONTINUOUS
10
6.3451230708661415
20
-4.8117553543307086
11
6.3458763779527558
21
-4.8116055118110239
0
LINE
8
BLACK
6
CONTINUOUS
10
6.3458763779527558
20
-4.8116055118110239
11
6.3683173228346455
21
-4.8116055118110239
0
LINE
8
BLACK
6
CONTINUOUS
10
6.3683173228346455
20
-4.8116055118110239
11
6.3690706299212598
21
-4.8117553543307086
0
LINE
8
BLACK
6
CONTINUOUS
10
6.4595294488188975
20
-4.8118152755905514
11
6.4604235039370081
21
-4.8124127165354329
0
LINE
8
BLACK
6
CONTINUOUS
10
6.4604235039370081
20
-4.8124127165354329
11
6.4610209448818896
21
-4.8133067716535436
0
LINE
8
BLACK
6
CONTINUOUS
10
6.4610209448818896
20
-4.8133067716535436
11
6.4612307086614171
21
-4.8143614173228348
0
LINE
8
BLACK
6
CONTINUOUS
10
6.4612307086614171
20
-4.8143614173228348
11
6.4612307086614171
21
-4.8198732283464567
0
LINE
8
BLACK
6
CONTINUOUS
10
6.4612307086614171
20
-4.8198732283464567
11
6.4610209448818896
21
-4.820927874015748
0
LINE
8
BLACK
6
CONTINUOUS
10
6.4610209448818896
20
-4.820927874015748
11
6.4604235039370081
21
-4.8218219291338578
0
LINE
8
BLACK
6
CONTINUOUS
10
6.4604235039370081
20
-4.8218219291338578
11
6.4595294488188975
21
-4.8224193700787401
0
LINE
8
BLACK
6
CONTINUOUS
10
6.4595294488188975
20
-4.8224193700787401
11
6.4584748031496062
21
-4.8226291338582676
0
LINE
8
BLACK
6
CONTINUOUS
10
6.4584748031496062
20
-4.8226291338582676
11
6.4344590551181104
21
-4.8226291338582676
0
LINE
8
BLACK
6
CONTINUOUS
10
6.4344590551181104
20
-4.8226291338582676
11
6.4334044094488192
21
-4.8224193700787401
0
LINE
8
BLACK
6
CONTINUOUS
10
6.4334044094488192
20
-4.8224193700787401
11
6.4325103543307085
21
-4.8218219291338578
0
LINE
8
BLACK
6
CONTINUOUS
10
6.4325103543307085
20
-4.8218219291338578
11
6.431912913385827
21
-4.820927874015748
0
LINE
8
BLACK
6
CONTINUOUS
10
6.431912913385827
20
-4.820927874015748
11
6.4317031496062986
21
-4.8198732283464567
0
LINE
8
BLACK
6
CONTINUOUS
10
6.4317031496062986
20
-4.8198732283464567
11
6.4317031496062986
21
-4.8143614173228348
0
LINE
8
BLACK
6
CONTINUOUS
10
6.4317031496062986
20
-4.8143614173228348
11
6.431912913385827
21
-4.8133067716535436
0
LINE
8
BLACK
6
CONTINUOUS
10
6.431912913385827
20
-4.8133067716535436
11
6.4325103543307085
21
-4.8124127165354329
0
LINE
8
BLACK
6
CONTINUOUS
10
6.4325103543307085
20
-4.8124127165354329
11
6.4334044094488192
21
-4.8118152755905514
0
LINE
8
BLACK
6
CONTINUOUS
10
6.4334044094488192
20
-4.8118152755905514
11
6.4344590551181104
21
-4.8116055118110239
0
LINE
8
BLACK
6
CONTINUOUS
10
6.4344590551181104
20
-4.8116055118110239
11
6.4584748031496062
21
-4.8116055118110239
0
LINE
8
BLACK
6
CONTINUOUS
10
6.4584748031496062
20
-4.8116055118110239
11
6.4595294488188975
21
-4.8118152755905514
0
LINE
8
BLACK
6
CONTINUOUS
10
6.5048050393700789
20
-4.8118152755905514
11
6.5056990944881887
21
-4.8124127165354329
0
LINE
8
BLACK
6
CONTINUOUS
10
6.5056990944881887
20
-4.8124127165354329
11
6.5062965354330711
21
-4.8133067716535436
0
LINE
8
BLACK
6
CONTINUOUS
10
6.5062965354330711
20
-4.8133067716535436
11
6.5065062992125986
21
-4.8143614173228348
0
LINE
8
BLACK
6
CONTINUOUS
10
6.5065062992125986
20
-4.8143614173228348
11
6.5065062992125986
21
-4.8198732283464567
0
LINE
8
BLACK
6
CONTINUOUS
10
6.5065062992125986
20
-4.8198732283464567
11
6.5062965354330711
21
-4.820927874015748
0
LINE
8
BLACK
6
CONTINUOUS
10
6.5062965354330711
20
-4.820927874015748
11
6.5056990944881887
21
-4.8218219291338578
0
LINE
8
BLACK
6
CONTINUOUS
10
6.5056990944881887
20
-4.8218219291338578
11
6.5048050393700789
21
-4.8224193700787401
0
LINE
8
BLACK
6
CONTINUOUS
10
6.5048050393700789
20
-4.8224193700787401
11
6.5037503937007877
21
-4.8226291338582676
0
LINE
8
BLACK
6
CONTINUOUS
10
6.5037503937007877
20
-4.8226291338582676
11
6.479734645669291
21
-4.8226291338582676
0
LINE
8
BLACK
6
CONTINUOUS
10
6.479734645669291
20
-4.8226291338582676
11
6.4786799999999998
21
-4.8224193700787401
0
LINE
8
BLACK
6
CONTINUOUS
10
6.4786799999999998
20
-4.8224193700787401
11
6.47778594488189
21
-4.8218219291338578
0
LINE
8
BLACK
6
CONTINUOUS
10
6.47778594488189
20
-4.8218219291338578
11
6.4771885039370076
21
-4.820927874015748
0
LINE
8
BLACK
6
CONTINUOUS
10
6.4771885039370076
20
-4.820927874015748
11
6.4769787401574801
21
-4.8198732283464567
0
LINE
8
BLACK
6
CONTINUOUS
10
6.4769787401574801
20
-4.8198732283464567
11
6.4769787401574801
21
-4.8143614173228348
0
LINE
8
BLACK
6
CONTINUOUS
10
6.4769787401574801
20
-4.8143614173228348
11
6.4771885039370076
21
-4.8133067716535436
0
LINE
8
BLACK
6
CONTINUOUS
10
6.4771885039370076
20
-4.8133067716535436
11
6.47778594488189
21
-4.8124127165354329
0
LINE
8
BLACK
6
CONTINUOUS
10
6.47778594488189
20
-4.8124127165354329
11
6.4786799999999998
21
-4.8118152755905514
0
LINE
8
BLACK
6
CONTINUOUS
10
6.4786799999999998
20
-4.8118152755905514
11
6.479734645669291
21
-4.8116055118110239
0
LINE
8
BLACK
6
CONTINUOUS
10
6.479734645669291
20
-4.8116055118110239
11
6.5037503937007877
21
-4.8116055118110239
0
LINE
8
BLACK
6
CONTINUOUS
10
6.5037503937007877
20
-4.8116055118110239
11
6.5048050393700789
21
-4.8118152755905514
0
LINE
8
BLACK
6
CONTINUOUS
10
4.3073622834645668
20
-4.7459205118110237
11
4.3134231102362204
21
-4.7484309842519687
0
LINE
8
BLACK
6
CONTINUOUS
10
4.3134231102362204
20
-4.7484309842519687
11
4.3188777165354333
21
-4.7520756299212596
0
LINE
8
BLACK
6
CONTINUOUS
10
4.3188777165354333
20
-4.7520756299212596
11
4.3235164960629922
21
-4.7567144094488185
0
LINE
8
BLACK
6
CONTINUOUS
10
4.3235164960629922
20
-4.7567144094488185
11
4.3271611417322831
21
-4.7621690157480314
0
LINE
8
BLACK
6
CONTINUOUS
10
4.3271611417322831
20
-4.7621690157480314
11
4.3296716141732281
21
-4.768229842519685
0
LINE
8
BLACK
6
CONTINUOUS
10
4.3296716141732281
20
-4.768229842519685
11
4.3309514566929135
21
-4.774663976377953
0
LINE
8
BLACK
6
CONTINUOUS
10
4.3309514566929135
20
-4.774663976377953
11
4.3309514566929135
21
-4.781224212598425
0
LINE
8
BLACK
6
CONTINUOUS
10
4.3309514566929135
20
-4.781224212598425
11
4.3296716141732281
21
-4.7876583464566931
0
LINE
8
BLACK
6
CONTINUOUS
10
4.3296716141732281
20
-4.7876583464566931
11
4.3271611417322831
21
-4.7937191732283466
0
LINE
8
BLACK
6
CONTINUOUS
10
4.3271611417322831
20
-4.7937191732283466
11
4.3235164960629922
21
-4.7991737795275586
0
LINE
8
BLACK
6
CONTINUOUS
10
4.3235164960629922
20
-4.7991737795275586
11
4.3188777165354333
21
-4.8038125590551184
0
LINE
8
BLACK
6
CONTINUOUS
10
4.3188777165354333
20
-4.8038125590551184
11
4.3134231102362204
21
-4.8074572047244093
0
LINE
8
BLACK
6
CONTINUOUS
10
4.3134231102362204
20
-4.8074572047244093
11
4.3073622834645668
21
-4.8099676771653543
0
LINE
8
BLACK
6
CONTINUOUS
10
4.3073622834645668
20
-4.8099676771653543
11
4.3009281496062988
21
-4.8112475196850388
0
LINE
8
BLACK
6
CONTINUOUS
10
4.3009281496062988
20
-4.8112475196850388
11
4.2943679133858268
21
-4.8112475196850388
0
LINE
8
BLACK
6
CONTINUOUS
10
4.2943679133858268
20
-4.8112475196850388
11
4.2879337795275587
21
-4.8099676771653543
0
LINE
8
BLACK
6
CONTINUOUS
10
4.2879337795275587
20
-4.8099676771653543
11
4.2818729527559052
21
-4.8074572047244093
0
LINE
8
BLACK
6
CONTINUOUS
10
4.2818729527559052
20
-4.8074572047244093
11
4.2764183464566932
21
-4.8038125590551184
0
LINE
8
BLACK
6
CONTINUOUS
10
4.2764183464566932
20
-4.8038125590551184
11
4.2717795669291334
21
-4.7991737795275586
0
LINE
8
BLACK
6
CONTINUOUS
10
4.2717795669291334
20
-4.7991737795275586
11
4.2681349212598425
21
-4.7937191732283466
0
LINE
8
BLACK
6
CONTINUOUS
10
4.2681349212598425
20
-4.7937191732283466
11
4.2656244488188975
21
-4.7876583464566931
0
LINE
8
BLACK
6
CONTINUOUS
10
4.2656244488188975
20
-4.7876583464566931
11
4.2643446062992121
21
-4.781224212598425
0
LINE
8
BLACK
6
CONTINUOUS
10
4.2643446062992121
20
-4.781224212598425
11
4.2643446062992121
21
-4.774663976377953
0
LINE
8
BLACK
6
CONTINUOUS
10
4.2643446062992121
20
-4.774663976377953
11
4.2656244488188975
21
-4.768229842519685
0
LINE
8
BLACK
6
CONTINUOUS
10
4.2656244488188975
20
-4.768229842519685
11
4.2681349212598425
21
-4.7621690157480314
0
LINE
8
BLACK
6
CONTINUOUS
10
4.2681349212598425
20
-4.7621690157480314
11
4.2717795669291334
21
-4.7567144094488185
0
LINE
8
BLACK
6
CONTINUOUS
10
4.2717795669291334
20
-4.7567144094488185
11
4.2764183464566932
21
-4.7520756299212596
0
LINE
8
BLACK
6
CONTINUOUS
10
4.2764183464566932
20
-4.7520756299212596
11
4.2818729527559052
21
-4.7484309842519687
0
LINE
8
BLACK
6
CONTINUOUS
10
4.2818729527559052
20
-4.7484309842519687
11
4.2879337795275587
21
-4.7459205118110237
0
LINE
8
BLACK
6
CONTINUOUS
10
4.2879337795275587
20
-4.7459205118110237
11
4.2943679133858268
21
-4.7446406692913383
0
LINE
8
BLACK
6
CONTINUOUS
10
4.2943679133858268
20
-4.7446406692913383
11
4.3009281496062988
21
-4.7446406692913383
0
LINE
8
BLACK
6
CONTINUOUS
10
4.3009281496062988
20
-4.7446406692913383
11
4.3073622834645668
21
-4.7459205118110237
0
LINE
8
BLACK
6
CONTINUOUS
10
4.4073622834645665
20
-4.7459205118110237
11
4.41342311023622
21
-4.7484309842519687
0
LINE
8
BLACK
6
CONTINUOUS
10
4.41342311023622
20
-4.7484309842519687
11
4.4188777165354329
21
-4.7520756299212596
0
LINE
8
BLACK
6
CONTINUOUS
10
4.4188777165354329
20
-4.7520756299212596
11
4.4235164960629918
21
-4.7567144094488185
0
LINE
8
BLACK
6
CONTINUOUS
10
4.4235164960629918
20
-4.7567144094488185
11
4.4271611417322836
21
-4.7621690157480314
0
LINE
8
BLACK
6
CONTINUOUS
10
4.4271611417322836
20
-4.7621690157480314
11
4.4296716141732286
21
-4.768229842519685
0
LINE
8
BLACK
6
CONTINUOUS
10
4.4296716141732286
20
-4.768229842519685
11
4.4309514566929131
21
-4.774663976377953
0
LINE
8
BLACK
6
CONTINUOUS
10
4.4309514566929131
20
-4.774663976377953
11
4.4309514566929131
21
-4.781224212598425
0
LINE
8
BLACK
6
CONTINUOUS
10
4.4309514566929131
20
-4.781224212598425
11
4.4296716141732286
21
-4.7876583464566931
0
LINE
8
BLACK
6
CONTINUOUS
10
4.4296716141732286
20
-4.7876583464566931
11
4.4271611417322836
21
-4.7937191732283466
0
LINE
8
BLACK
6
CONTINUOUS
10
4.4271611417322836
20
-4.7937191732283466
11
4.4235164960629918
21
-4.7991737795275586
0
LINE
8
BLACK
6
CONTINUOUS
10
4.4235164960629918
20
-4.7991737795275586
11
4.4188777165354329
21
-4.8038125590551184
0
LINE
8
BLACK
6
CONTINUOUS
10
4.4188777165354329
20
-4.8038125590551184
11
4.41342311023622
21
-4.8074572047244093
0
LINE
8
BLACK
6
CONTINUOUS
10
4.41342311023622
20
-4.8074572047244093
11
4.4073622834645665
21
-4.8099676771653543
0
LINE
8
BLACK
6
CONTINUOUS
10
4.4073622834645665
20
-4.8099676771653543
11
4.4009281496062993
21
-4.8112475196850388
0
LINE
8
BLACK
6
CONTINUOUS
10
4.4009281496062993
20
-4.8112475196850388
11
4.3943679133858264
21
-4.8112475196850388
0
LINE
8
BLACK
6
CONTINUOUS
10
4.3943679133858264
20
-4.8112475196850388
11
4.3879337795275593
21
-4.8099676771653543
0
LINE
8
BLACK
6
CONTINUOUS
10
4.3879337795275593
20
-4.8099676771653543
11
4.3818729527559057
21
-4.8074572047244093
0
LINE
8
BLACK
6
CONTINUOUS
10
4.3818729527559057
20
-4.8074572047244093
11
4.3764183464566928
21
-4.8038125590551184
0
LINE
8
BLACK
6
CONTINUOUS
10
4.3764183464566928
20
-4.8038125590551184
11
4.3717795669291339
21
-4.7991737795275586
0
LINE
8
BLACK
6
CONTINUOUS
10
4.3717795669291339
20
-4.7991737795275586
11
4.3681349212598422
21
-4.7937191732283466
0
LINE
8
BLACK
6
CONTINUOUS
10
4.3681349212598422
20
-4.7937191732283466
11
4.3656244488188971
21
-4.7876583464566931
0
LINE
8
BLACK
6
CONTINUOUS
10
4.3656244488188971
20
-4.7876583464566931
11
4.3643446062992126
21
-4.781224212598425
0
LINE
8
BLACK
6
CONTINUOUS
10
4.3643446062992126
20
-4.781224212598425
11
4.3643446062992126
21
-4.774663976377953
0
LINE
8
BLACK
6
CONTINUOUS
10
4.3643446062992126
20
-4.774663976377953
11
4.3656244488188971
21
-4.768229842519685
0
LINE
8
BLACK
6
CONTINUOUS
10
4.3656244488188971
20
-4.768229842519685
11
4.3681349212598422
21
-4.7621690157480314
0
LINE
8
BLACK
6
CONTINUOUS
10
4.3681349212598422
20
-4.7621690157480314
11
4.3717795669291339
21
-4.7567144094488185
0
LINE
8
BLACK
6
CONTINUOUS
10
4.3717795669291339
20
-4.7567144094488185
11
4.3764183464566928
21
-4.7520756299212596
0
LINE
8
BLACK
6
CONTINUOUS
10
4.3764183464566928
20
-4.7520756299212596
11
4.3818729527559057
21
-4.7484309842519687
0
LINE
8
BLACK
6
CONTINUOUS
10
4.3818729527559057
20
-4.7484309842519687
11
4.3879337795275593
21
-4.7459205118110237
0
LINE
8
BLACK
6
CONTINUOUS
10
4.3879337795275593
20
-4.7459205118110237
11
4.3943679133858264
21
-4.7446406692913383
0
LINE
8
BLACK
6
CONTINUOUS
10
4.3943679133858264
20
-4.7446406692913383
11
4.4009281496062993
21
-4.7446406692913383
0
LINE
8
BLACK
6
CONTINUOUS
10
4.4009281496062993
20
-4.7446406692913383
11
4.4073622834645665
21
-4.7459205118110237
0
LINE
8
BLACK
6
CONTINUOUS
10
4.7210732283464569
20
-4.8112118110236217
11
4.6639866141732282
21
-4.8112118110236217
0
LINE
8
BLACK
6
CONTINUOUS
10
4.6639866141732282
20
-4.8112118110236217
11
4.6639866141732282
21
-4.7934952755905513
0
LINE
8
BLACK
6
CONTINUOUS
10
4.6639866141732282
20
-4.7934952755905513
11
4.7210732283464569
21
-4.7934952755905513
0
LINE
8
BLACK
6
CONTINUOUS
10
4.7210732283464569
20
-4.7934952755905513
11
4.7210732283464569
21
-4.8112118110236217
0
LINE
8
BLACK
6
CONTINUOUS
10
4.9533566929133857
20
-4.8112118110236217
11
4.896270078740157
21
-4.8112118110236217
0
LINE
8
BLACK
6
CONTINUOUS
10
4.896270078740157
20
-4.8112118110236217
11
4.896270078740157
21
-4.7934952755905513
0
LINE
8
BLACK
6
CONTINUOUS
10
4.896270078740157
20
-4.7934952755905513
11
4.9533566929133857
21
-4.7934952755905513
0
LINE
8
BLACK
6
CONTINUOUS
10
4.9533566929133857
20
-4.7934952755905513
11
4.9533566929133857
21
-4.8112118110236217
0
LINE
8
BLACK
6
CONTINUOUS
10
5.5545037007874019
20
-4.8018340944881892
11
5.5551423228346453
21
-4.8022608267716533
0
LINE
8
BLACK
6
CONTINUOUS
10
5.5551423228346453
20
-4.8022608267716533
11
5.5555690551181103
21
-4.8028994488188976
0
LINE
8
BLACK
6
CONTINUOUS
10
5.5555690551181103
20
-4.8028994488188976
11
5.5557188976377949
21
-4.803652755905512
0
LINE
8
BLACK
6
CONTINUOUS
10
5.5557188976377949
20
-4.803652755905512
11
5.5557188976377949
21
-4.8075897637795277
0
LINE
8
BLACK
6
CONTINUOUS
10
5.5557188976377949
20
-4.8075897637795277
11
5.5555690551181103
21
-4.8083430708661412
0
LINE
8
BLACK
6
CONTINUOUS
10
5.5555690551181103
20
-4.8083430708661412
11
5.5551423228346453
21
-4.8089816929133855
0
LINE
8
BLACK
6
CONTINUOUS
10
5.5551423228346453
20
-4.8089816929133855
11
5.5545037007874019
21
-4.8094084251968505
0
LINE
8
BLACK
6
CONTINUOUS
10
5.5545037007874019
20
-4.8094084251968505
11
5.5537503937007875
21
-4.8095582677165352
0
LINE
8
BLACK
6
CONTINUOUS
10
5.5537503937007875
20
-4.8095582677165352
11
5.5330811023622042
21
-4.8095582677165352
0
LINE
8
BLACK
6
CONTINUOUS
10
5.5330811023622042
20
-4.8095582677165352
11
5.5323277952755907
21
-4.8094084251968505
0
LINE
8
BLACK
6
CONTINUOUS
10
5.5323277952755907
20
-4.8094084251968505
11
5.5316891732283464
21
-4.8089816929133855
0
LINE
8
BLACK
6
CONTINUOUS
10
5.5316891732283464
20
-4.8089816929133855
11
5.5312624409448814
21
-4.8083430708661412
0
LINE
8
BLACK
6
CONTINUOUS
10
5.5312624409448814
20
-4.8083430708661412
11
5.5311125984251968
21
-4.8075897637795277
0
LINE
8
BLACK
6
CONTINUOUS
10
5.5311125984251968
20
-4.8075897637795277
11
5.5311125984251968
21
-4.803652755905512
0
LINE
8
BLACK
6
CONTINUOUS
10
5.5311125984251968
20
-4.803652755905512
11
5.5312624409448814
21
-4.8028994488188976
0
LINE
8
BLACK
6
CONTINUOUS
10
5.5312624409448814
20
-4.8028994488188976
11
5.5316891732283464
21
-4.8022608267716533
0
LINE
8
BLACK
6
CONTINUOUS
10
5.5316891732283464
20
-4.8022608267716533
11
5.5323277952755907
21
-4.8018340944881892
0
LINE
8
BLACK
6
CONTINUOUS
10
5.5323277952755907
20
-4.8018340944881892
11
5.5330811023622042
21
-4.8016842519685037
0
LINE
8
BLACK
6
CONTINUOUS
10
5.5330811023622042
20
-4.8016842519685037
11
5.5537503937007875
21
-4.8016842519685037
0
LINE
8
BLACK
6
CONTINUOUS
10
5.5537503937007875
20
-4.8016842519685037
11
5.5545037007874019
21
-4.8018340944881892
0
LINE
8
BLACK
6
CONTINUOUS
10
5.6635588188976378
20
-4.8018340944881892
11
5.6641974409448821
21
-4.8022608267716533
0
LINE
8
BLACK
6
CONTINUOUS
10
5.6641974409448821
20
-4.8022608267716533
11
5.6646241732283462
21
-4.8028994488188976
0
LINE
8
BLACK
6
CONTINUOUS
10
5.6646241732283462
20
-4.8028994488188976
11
5.6647740157480317
21
-4.803652755905512
0
LINE
8
BLACK
6
CONTINUOUS
10
5.6647740157480317
20
-4.803652755905512
11
5.6647740157480317
21
-4.8075897637795277
0
LINE
8
BLACK
6
CONTINUOUS
10
5.6647740157480317
20
-4.8075897637795277
11
5.6646241732283462
21
-4.8083430708661412
0
LINE
8
BLACK
6
CONTINUOUS
10
5.6646241732283462
20
-4.8083430708661412
11
5.6641974409448821
21
-4.8089816929133855
0
LINE
8
BLACK
6
CONTINUOUS
10
5.6641974409448821
20
-4.8089816929133855
11
5.6635588188976378
21
-4.8094084251968505
0
LINE
8
BLACK
6
CONTINUOUS
10
5.6635588188976378
20
-4.8094084251968505
11
5.6628055118110234
21
-4.8095582677165352
0
LINE
8
BLACK
6
CONTINUOUS
10
5.6628055118110234
20
-4.8095582677165352
11
5.642136220472441
21
-4.8095582677165352
0
LINE
8
BLACK
6
CONTINUOUS
10
5.642136220472441
20
-4.8095582677165352
11
5.6413829133858266
21
-4.8094084251968505
0
LINE
8
BLACK
6
CONTINUOUS
10
5.6413829133858266
20
-4.8094084251968505
11
5.6407442913385824
21
-4.8089816929133855
0
LINE
8
BLACK
6
CONTINUOUS
10
5.6407442913385824
20
-4.8089816929133855
11
5.6403175590551182
21
-4.8083430708661412
0
LINE
8
BLACK
6
CONTINUOUS
10
5.6403175590551182
20
-4.8083430708661412
11
5.6401677165354327
21
-4.8075897637795277
0
LINE
8
BLACK
6
CONTINUOUS
10
5.6401677165354327
20
-4.8075897637795277
11
5.6401677165354327
21
-4.803652755905512
0
LINE
8
BLACK
6
CONTINUOUS
10
5.6401677165354327
20
-4.803652755905512
11
5.6403175590551182
21
-4.8028994488188976
0
LINE
8
BLACK
6
CONTINUOUS
10
5.6403175590551182
20
-4.8028994488188976
11
5.6407442913385824
21
-4.8022608267716533
0
LINE
8
BLACK
6
CONTINUOUS
10
5.6407442913385824
20
-4.8022608267716533
11
5.6413829133858266
21
-4.8018340944881892
0
LINE
8
BLACK
6
CONTINUOUS
10
5.6413829133858266
20
-4.8018340944881892
11
5.642136220472441
21
-4.8016842519685037
0
LINE
8
BLACK
6
CONTINUOUS
10
5.642136220472441
20
-4.8016842519685037
11
5.6628055118110234
21
-4.8016842519685037
0
LINE
8
BLACK
6
CONTINUOUS
10
5.6628055118110234
20
-4.8016842519685037
11
5.6635588188976378
21
-4.8018340944881892
0
LINE
8
BLACK
6
CONTINUOUS
10
6.3108029133858263
20
-4.7920703149606299
11
6.3114415354330706
21
-4.792497047244094
0
LINE
8
BLACK
6
CONTINUOUS
10
6.3114415354330706
20
-4.792497047244094
11
6.3118682677165356
21
-4.7931356692913383
0
LINE
8
BLACK
6
CONTINUOUS
10
6.3118682677165356
20
-4.7931356692913383
11
6.3120181102362203
21
-4.7938889763779526
0
LINE
8
BLACK
6
CONTINUOUS
10
6.3120181102362203
20
-4.7938889763779526
11
6.3120181102362203
21
-4.8017629921259841
0
LINE
8
BLACK
6
CONTINUOUS
10
6.3120181102362203
20
-4.8017629921259841
11
6.3118682677165356
21
-4.8025162992125985
0
LINE
8
BLACK
6
CONTINUOUS
10
6.3118682677165356
20
-4.8025162992125985
11
6.3114415354330706
21
-4.8031549212598428
0
LINE
8
BLACK
6
CONTINUOUS
10
6.3114415354330706
20
-4.8031549212598428
11
6.3108029133858263
21
-4.8035816535433069
0
LINE
8
BLACK
6
CONTINUOUS
10
6.3108029133858263
20
-4.8035816535433069
11
6.3100496062992129
21
-4.8037314960629924
0
LINE
8
BLACK
6
CONTINUOUS
10
6.3100496062992129
20
-4.8037314960629924
11
6.2876086614173223
21
-4.8037314960629924
0
LINE
8
BLACK
6
CONTINUOUS
10
6.2876086614173223
20
-4.8037314960629924
11
6.2868553543307089
21
-4.8035816535433069
0
LINE
8
BLACK
6
CONTINUOUS
10
6.2868553543307089
20
-4.8035816535433069
11
6.2862167322834646
21
-4.8031549212598428
0
LINE
8
BLACK
6
CONTINUOUS
10
6.2862167322834646
20
-4.8031549212598428
11
6.2857899999999995
21
-4.8025162992125985
0
LINE
8
BLACK
6
CONTINUOUS
10
6.2857899999999995
20
-4.8025162992125985
11
6.2856401574803149
21
-4.8017629921259841
0
LINE
8
BLACK
6
CONTINUOUS
10
6.2856401574803149
20
-4.8017629921259841
11
6.2856401574803149
21
-4.7938889763779526
0
LINE
8
BLACK
6
CONTINUOUS
10
6.2856401574803149
20
-4.7938889763779526
11
6.2857899999999995
21
-4.7931356692913383
0
LINE
8
BLACK
6
CONTINUOUS
10
6.2857899999999995
20
-4.7931356692913383
11
6.2862167322834646
21
-4.792497047244094
0
LINE
8
BLACK
6
CONTINUOUS
10
6.2862167322834646
20
-4.792497047244094
11
6.2868553543307089
21
-4.7920703149606299
0
LINE
8
BLACK
6
CONTINUOUS
10
6.2868553543307089
20
-4.7920703149606299
11
6.2876086614173223
21
-4.7919204724409452
0
LINE
8
BLACK
6
CONTINUOUS
10
6.2876086614173223
20
-4.7919204724409452
11
6.3100496062992129
21
-4.7919204724409452
0
LINE
8
BLACK
6
CONTINUOUS
10
6.3100496062992129
20
-4.7919204724409452
11
6.3108029133858263
21
-4.7920703149606299
0
LINE
8
BLACK
6
CONTINUOUS
10
6.3690706299212598
20
-4.7920703149606299
11
6.3697092519685041
21
-4.792497047244094
0
LINE
8
BLACK
6
CONTINUOUS
10
6.3697092519685041
20
-4.792497047244094
11
6.3701359842519683
21
-4.7931356692913383
0
LINE
8
BLACK
6
CONTINUOUS
10
6.3701359842519683
20
-4.7931356692913383
11
6.3702858267716538
21
-4.7938889763779526
0
LINE
8
BLACK
6
CONTINUOUS
10
6.3702858267716538
20
-4.7938889763779526
11
6.3702858267716538
21
-4.8017629921259841
0
LINE
8
BLACK
6
CONTINUOUS
10
6.3702858267716538
20
-4.8017629921259841
11
6.3701359842519683
21
-4.8025162992125985
0
LINE
8
BLACK
6
CONTINUOUS
10
6.3701359842519683
20
-4.8025162992125985
11
6.3697092519685041
21
-4.8031549212598428
0
LINE
8
BLACK
6
CONTINUOUS
10
6.3697092519685041
20
-4.8031549212598428
11
6.3690706299212598
21
-4.8035816535433069
0
LINE
8
BLACK
6
CONTINUOUS
10
6.3690706299212598
20
-4.8035816535433069
11
6.3683173228346455
21
-4.8037314960629924
0
LINE
8
BLACK
6
CONTINUOUS
10
6.3683173228346455
20
-4.8037314960629924
11
6.3458763779527558
21
-4.8037314960629924
0
LINE
8
BLACK
6
CONTINUOUS
10
6.3458763779527558
20
-4.8037314960629924
11
6.3451230708661415
21
-4.8035816535433069
0
LINE
8
BLACK
6
CONTINUOUS
10
6.3451230708661415
20
-4.8035816535433069
11
6.3444844488188972
21
-4.8031549212598428
0
LINE
8
BLACK
6
CONTINUOUS
10
6.3444844488188972
20
-4.8031549212598428
11
6.344057716535433
21
-4.8025162992125985
0
LINE
8
BLACK
6
CONTINUOUS
10
6.344057716535433
20
-4.8025162992125985
11
6.3439078740157475
21
-4.8017629921259841
0
LINE
8
BLACK
6
CONTINUOUS
10
6.3439078740157475
20
-4.8017629921259841
11
6.3439078740157475
21
-4.7938889763779526
0
LINE
8
BLACK
6
CONTINUOUS
10
6.3439078740157475
20
-4.7938889763779526
11
6.344057716535433
21
-4.7931356692913383
0
LINE
8
BLACK
6
CONTINUOUS
10
6.344057716535433
20
-4.7931356692913383
11
6.3444844488188972
21
-4.792497047244094
0
LINE
8
BLACK
6
CONTINUOUS
10
6.3444844488188972
20
-4.792497047244094
11
6.3451230708661415
21
-4.7920703149606299
0
LINE
8
BLACK
6
CONTINUOUS
10
6.3451230708661415
20
-4.7920703149606299
11
6.3458763779527558
21
-4.7919204724409452
0
LINE
8
BLACK
6
CONTINUOUS
10
6.3458763779527558
20
-4.7919204724409452
11
6.3683173228346455
21
-4.7919204724409452
0
LINE
8
BLACK
6
CONTINUOUS
10
6.3683173228346455
20
-4.7919204724409452
11
6.3690706299212598
21
-4.7920703149606299
0
LINE
8
BLACK
6
CONTINUOUS
10
6.4595294488188975
20
-4.7921302362204727
11
6.4604235039370081
21
-4.7927276771653542
0
LINE
8
BLACK
6
CONTINUOUS
10
6.4604235039370081
20
-4.7927276771653542
11
6.4610209448818896
21
-4.7936217322834649
0
LINE
8
BLACK
6
CONTINUOUS
10
6.4610209448818896
20
-4.7936217322834649
11
6.4612307086614171
21
-4.7946763779527561
0
LINE
8
BLACK
6
CONTINUOUS
10
6.4612307086614171
20
-4.7946763779527561
11
6.4612307086614171
21
-4.800188188976378
0
LINE
8
BLACK
6
CONTINUOUS
10
6.4612307086614171
20
-4.800188188976378
11
6.4610209448818896
21
-4.8012428346456693
0
LINE
8
BLACK
6
CONTINUOUS
10
6.4610209448818896
20
-4.8012428346456693
11
6.4604235039370081
21
-4.8021368897637791
0
LINE
8
BLACK
6
CONTINUOUS
10
6.4604235039370081
20
-4.8021368897637791
11
6.4595294488188975
21
-4.8027343307086614
0
LINE
8
BLACK
6
CONTINUOUS
10
6.4595294488188975
20
-4.8027343307086614
11
6.4584748031496062
21
-4.8029440944881889
0
LINE
8
BLACK
6
CONTINUOUS
10
6.4584748031496062
20
-4.8029440944881889
11
6.4344590551181104
21
-4.8029440944881889
0
LINE
8
BLACK
6
CONTINUOUS
10
6.4344590551181104
20
-4.8029440944881889
11
6.4334044094488192
21
-4.8027343307086614
0
LINE
8
BLACK
6
CONTINUOUS
10
6.4334044094488192
20
-4.8027343307086614
11
6.4325103543307085
21
-4.8021368897637791
0
LINE
8
BLACK
6
CONTINUOUS
10
6.4325103543307085
20
-4.8021368897637791
11
6.431912913385827
21
-4.8012428346456693
0
LINE
8
BLACK
6
CONTINUOUS
10
6.431912913385827
20
-4.8012428346456693
11
6.4317031496062986
21
-4.800188188976378
0
LINE
8
BLACK
6
CONTINUOUS
10
6.4317031496062986
20
-4.800188188976378
11
6.4317031496062986
21
-4.7946763779527561
0
LINE
8
BLACK
6
CONTINUOUS
10
6.4317031496062986
20
-4.7946763779527561
11
6.431912913385827
21
-4.7936217322834649
0
LINE
8
BLACK
6
CONTINUOUS
10
6.431912913385827
20
-4.7936217322834649
11
6.4325103543307085
21
-4.7927276771653542
0
LINE
8
BLACK
6
CONTINUOUS
10
6.4325103543307085
20
-4.7927276771653542
11
6.4334044094488192
21
-4.7921302362204727
0
LINE
8
BLACK
6
CONTINUOUS
10
6.4334044094488192
20
-4.7921302362204727
11
6.4344590551181104
21
-4.7919204724409452
0
LINE
8
BLACK
6
CONTINUOUS
10
6.4344590551181104
20
-4.7919204724409452
11
6.4584748031496062
21
-4.7919204724409452
0
LINE
8
BLACK
6
CONTINUOUS
10
6.4584748031496062
20
-4.7919204724409452
11
6.4595294488188975
21
-4.7921302362204727
0
LINE
8
BLACK
6
CONTINUOUS
10
6.5048050393700789
20
-4.7921302362204727
11
6.5056990944881887
21
-4.7927276771653542
0
LINE
8
BLACK
6
CONTINUOUS
10
6.5056990944881887
20
-4.7927276771653542
11
6.5062965354330711
21
-4.7936217322834649
0
LINE
8
BLACK
6
CONTINUOUS
10
6.5062965354330711
20
-4.7936217322834649
11
6.5065062992125986
21
-4.7946763779527561
0
LINE
8
BLACK
6
CONTINUOUS
10
6.5065062992125986
20
-4.7946763779527561
11
6.5065062992125986
21
-4.800188188976378
0
LINE
8
BLACK
6
CONTINUOUS
10
6.5065062992125986
20
-4.800188188976378
11
6.5062965354330711
21
-4.8012428346456693
0
LINE
8
BLACK
6
CONTINUOUS
10
6.5062965354330711
20
-4.8012428346456693
11
6.5056990944881887
21
-4.8021368897637791
0
LINE
8
BLACK
6
CONTINUOUS
10
6.5056990944881887
20
-4.8021368897637791
11
6.5048050393700789
21
-4.8027343307086614
0
LINE
8
BLACK
6
CONTINUOUS
10
6.5048050393700789
20
-4.8027343307086614
11
6.5037503937007877
21
-4.8029440944881889
0
LINE
8
BLACK
6
CONTINUOUS
10
6.5037503937007877
20
-4.8029440944881889
11
6.479734645669291
21
-4.8029440944881889
0
LINE
8
BLACK
6
CONTINUOUS
10
6.479734645669291
20
-4.8029440944881889
11
6.4786799999999998
21
-4.8027343307086614
0
LINE
8
BLACK
6
CONTINUOUS
10
6.4786799999999998
20
-4.8027343307086614
11
6.47778594488189
21
-4.8021368897637791
0
LINE
8
BLACK
6
CONTINUOUS
10
6.47778594488189
20
-4.8021368897637791
11
6.4771885039370076
21
-4.8012428346456693
0
LINE
8
BLACK
6
CONTINUOUS
10
6.4771885039370076
20
-4.8012428346456693
11
6.4769787401574801
21
-4.800188188976378
0
LINE
8
BLACK
6
CONTINUOUS
10
6.4769787401574801
20
-4.800188188976378
11
6.4769787401574801
21
-4.7946763779527561
0
LINE
8
BLACK
6
CONTINUOUS
10
6.4769787401574801
20
-4.7946763779527561
11
6.4771885039370076
21
-4.7936217322834649
0
LINE
8
BLACK
6
CONTINUOUS
10
6.4771885039370076
20
-4.7936217322834649
11
6.47778594488189
21
-4.7927276771653542
0
LINE
8
BLACK
6
CONTINUOUS
10
6.47778594488189
20
-4.7927276771653542
11
6.4786799999999998
21
-4.7921302362204727
0
LINE
8
BLACK
6
CONTINUOUS
10
6.4786799999999998
20
-4.7921302362204727
11
6.479734645669291
21
-4.7919204724409452
0
LINE
8
BLACK
6
CONTINUOUS
10
6.479734645669291
20
-4.7919204724409452
11
6.5037503937007877
21
-4.7919204724409452
0
LINE
8
BLACK
6
CONTINUOUS
10
6.5037503937007877
20
-4.7919204724409452
11
6.5048050393700789
21
-4.7921302362204727
0
LINE
8
BLACK
6
CONTINUOUS
10
5.5545037007874019
20
-4.7860860629921262
11
5.5551423228346453
21
-4.7865127952755904
0
LINE
8
BLACK
6
CONTINUOUS
10
5.5551423228346453
20
-4.7865127952755904
11
5.5555690551181103
21
-4.7871514173228347
0
LINE
8
BLACK
6
CONTINUOUS
10
5.5555690551181103
20
-4.7871514173228347
11
5.5557188976377949
21
-4.787904724409449
0
LINE
8
BLACK
6
CONTINUOUS
10
5.5557188976377949
20
-4.787904724409449
11
5.5557188976377949
21
-4.7918417322834648
0
LINE
8
BLACK
6
CONTINUOUS
10
5.5557188976377949
20
-4.7918417322834648
11
5.5555690551181103
21
-4.7925950393700782
0
LINE
8
BLACK
6
CONTINUOUS
10
5.5555690551181103
20
-4.7925950393700782
11
5.5551423228346453
21
-4.7932336614173225
0
LINE
8
BLACK
6
CONTINUOUS
10
5.5551423228346453
20
-4.7932336614173225
11
5.5545037007874019
21
-4.7936603937007876
0
LINE
8
BLACK
6
CONTINUOUS
10
5.5545037007874019
20
-4.7936603937007876
11
5.5537503937007875
21
-4.7938102362204722
0
LINE
8
BLACK
6
CONTINUOUS
10
5.5537503937007875
20
-4.7938102362204722
11
5.5330811023622042
21
-4.7938102362204722
0
LINE
8
BLACK
6
CONTINUOUS
10
5.5330811023622042
20
-4.7938102362204722
11
5.5323277952755907
21
-4.7936603937007876
0
LINE
8
BLACK
6
CONTINUOUS
10
5.5323277952755907
20
-4.7936603937007876
11
5.5316891732283464
21
-4.7932336614173225
0
LINE
8
BLACK
6
CONTINUOUS
10
5.5316891732283464
20
-4.7932336614173225
11
5.5312624409448814
21
-4.7925950393700782
0
LINE
8
BLACK
6
CONTINUOUS
10
5.5312624409448814
20
-4.7925950393700782
11
5.5311125984251968
21
-4.7918417322834648
0
LINE
8
BLACK
6
CONTINUOUS
10
5.5311125984251968
20
-4.7918417322834648
11
5.5311125984251968
21
-4.787904724409449
0
LINE
8
BLACK
6
CONTINUOUS
10
5.5311125984251968
20
-4.787904724409449
11
5.5312624409448814
21
-4.7871514173228347
0
LINE
8
BLACK
6
CONTINUOUS
10
5.5312624409448814
20
-4.7871514173228347
11
5.5316891732283464
21
-4.7865127952755904
0
LINE
8
BLACK
6
CONTINUOUS
10
5.5316891732283464
20
-4.7865127952755904
11
5.5323277952755907
21
-4.7860860629921262
0
LINE
8
BLACK
6
CONTINUOUS
10
5.5323277952755907
20
-4.7860860629921262
11
5.5330811023622042
21
-4.7859362204724407
0
LINE
8
BLACK
6
CONTINUOUS
10
5.5330811023622042
20
-4.7859362204724407
11
5.5537503937007875
21
-4.7859362204724407
0
LINE
8
BLACK
6
CONTINUOUS
10
5.5537503937007875
20
-4.7859362204724407
11
5.5545037007874019
21
-4.7860860629921262
0
LINE
8
BLACK
6
CONTINUOUS
10
5.6635588188976378
20
-4.7860860629921262
11
5.6641974409448821
21
-4.7865127952755904
0
LINE
8
BLACK
6
CONTINUOUS
10
5.6641974409448821
20
-4.7865127952755904
11
5.6646241732283462
21
-4.7871514173228347
0
LINE
8
BLACK
6
CONTINUOUS
10
5.6646241732283462
20
-4.7871514173228347
11
5.6647740157480317
21
-4.787904724409449
0
LINE
8
BLACK
6
CONTINUOUS
10
5.6647740157480317
20
-4.787904724409449
11
5.6647740157480317
21
-4.7918417322834648
0
LINE
8
BLACK
6
CONTINUOUS
10
5.6647740157480317
20
-4.7918417322834648
11
5.6646241732283462
21
-4.7925950393700782
0
LINE
8
BLACK
6
CONTINUOUS
10
5.6646241732283462
20
-4.7925950393700782
11
5.6641974409448821
21
-4.7932336614173225
0
LINE
8
BLACK
6
CONTINUOUS
10
5.6641974409448821
20
-4.7932336614173225
11
5.6635588188976378
21
-4.7936603937007876
0
LINE
8
BLACK
6
CONTINUOUS
10
5.6635588188976378
20
-4.7936603937007876
11
5.6628055118110234
21
-4.7938102362204722
0
LINE
8
BLACK
6
CONTINUOUS
10
5.6628055118110234
20
-4.7938102362204722
11
5.642136220472441
21
-4.7938102362204722
0
LINE
8
BLACK
6
CONTINUOUS
10
5.642136220472441
20
-4.7938102362204722
11
5.6413829133858266
21
-4.7936603937007876
0
LINE
8
BLACK
6
CONTINUOUS
10
5.6413829133858266
20
-4.7936603937007876
11
5.6407442913385824
21
-4.7932336614173225
0
LINE
8
BLACK
6
CONTINUOUS
10
5.6407442913385824
20
-4.7932336614173225
11
5.6403175590551182
21
-4.7925950393700782
0
LINE
8
BLACK
6
CONTINUOUS
10
5.6403175590551182
20
-4.7925950393700782
11
5.6401677165354327
21
-4.7918417322834648
0
LINE
8
BLACK
6
CONTINUOUS
10
5.6401677165354327
20
-4.7918417322834648
11
5.6401677165354327
21
-4.787904724409449
0
LINE
8
BLACK
6
CONTINUOUS
10
5.6401677165354327
20
-4.787904724409449
11
5.6403175590551182
21
-4.7871514173228347
0
LINE
8
BLACK
6
CONTINUOUS
10
5.6403175590551182
20
-4.7871514173228347
11
5.6407442913385824
21
-4.7865127952755904
0
LINE
8
BLACK
6
CONTINUOUS
10
5.6407442913385824
20
-4.7865127952755904
11
5.6413829133858266
21
-4.7860860629921262
0
LINE
8
BLACK
6
CONTINUOUS
10
5.6413829133858266
20
-4.7860860629921262
11
5.642136220472441
21
-4.7859362204724407
0
LINE
8
BLACK
6
CONTINUOUS
10
5.642136220472441
20
-4.7859362204724407
11
5.6628055118110234
21
-4.7859362204724407
0
LINE
8
BLACK
6
CONTINUOUS
10
5.6628055118110234
20
-4.7859362204724407
11
5.6635588188976378
21
-4.7860860629921262
0
LINE
8
BLACK
6
CONTINUOUS
10
4.7210732283464569
20
-4.7856212598425198
11
4.6639866141732282
21
-4.7856212598425198
0
LINE
8
BLACK
6
CONTINUOUS
10
4.6639866141732282
20
-4.7856212598425198
11
4.6639866141732282
21
-4.7679047244094486
0
LINE
8
BLACK
6
CONTINUOUS
10
4.6639866141732282
20
-4.7679047244094486
11
4.7210732283464569
21
-4.7679047244094486
0
LINE
8
BLACK
6
CONTINUOUS
10
4.7210732283464569
20
-4.7679047244094486
11
4.7210732283464569
21
-4.7856212598425198
0
LINE
8
BLACK
6
CONTINUOUS
10
4.9533566929133857
20
-4.7856212598425198
11
4.896270078740157
21
-4.7856212598425198
0
LINE
8
BLACK
6
CONTINUOUS
10
4.896270078740157
20
-4.7856212598425198
11
4.896270078740157
21
-4.7679047244094486
0
LINE
8
BLACK
6
CONTINUOUS
10
4.896270078740157
20
-4.7679047244094486
11
4.9533566929133857
21
-4.7679047244094486
0
LINE
8
BLACK
6
CONTINUOUS
10
4.9533566929133857
20
-4.7679047244094486
11
4.9533566929133857
21
-4.7856212598425198
0
LINE
8
BLACK
6
CONTINUOUS
10
6.3108029133858263
20
-4.7723852755905511
11
6.3114415354330706
21
-4.7728120078740153
0
LINE
8
BLACK
6
CONTINUOUS
10
6.3114415354330706
20
-4.7728120078740153
11
6.3118682677165356
21
-4.7734506299212596
0
LINE
8
BLACK
6
CONTINUOUS
10
6.3118682677165356
20
-4.7734506299212596
11
6.3120181102362203
21
-4.7742039370078739
0
LINE
8
BLACK
6
CONTINUOUS
10
6.3120181102362203
20
-4.7742039370078739
11
6.3120181102362203
21
-4.7820779527559054
0
LINE
8
BLACK
6
CONTINUOUS
10
6.3120181102362203
20
-4.7820779527559054
11
6.3118682677165356
21
-4.7828312598425198
0
LINE
8
BLACK
6
CONTINUOUS
10
6.3118682677165356
20
-4.7828312598425198
11
6.3114415354330706
21
-4.7834698818897641
0
LINE
8
BLACK
6
CONTINUOUS
10
6.3114415354330706
20
-4.7834698818897641
11
6.3108029133858263
21
-4.7838966141732282
0
LINE
8
BLACK
6
CONTINUOUS
10
6.3108029133858263
20
-4.7838966141732282
11
6.3100496062992129
21
-4.7840464566929128
0
LINE
8
BLACK
6
CONTINUOUS
10
6.3100496062992129
20
-4.7840464566929128
11
6.2876086614173223
21
-4.7840464566929128
0
LINE
8
BLACK
6
CONTINUOUS
10
6.2876086614173223
20
-4.7840464566929128
11
6.2868553543307089
21
-4.7838966141732282
0
LINE
8
BLACK
6
CONTINUOUS
10
6.2868553543307089
20
-4.7838966141732282
11
6.2862167322834646
21
-4.7834698818897641
0
LINE
8
BLACK
6
CONTINUOUS
10
6.2862167322834646
20
-4.7834698818897641
11
6.2857899999999995
21
-4.7828312598425198
0
LINE
8
BLACK
6
CONTINUOUS
10
6.2857899999999995
20
-4.7828312598425198
11
6.2856401574803149
21
-4.7820779527559054
0
LINE
8
BLACK
6
CONTINUOUS
10
6.2856401574803149
20
-4.7820779527559054
11
6.2856401574803149
21
-4.7742039370078739
0
LINE
8
BLACK
6
CONTINUOUS
10
6.2856401574803149
20
-4.7742039370078739
11
6.2857899999999995
21
-4.7734506299212596
0
LINE
8
BLACK
6
CONTINUOUS
10
6.2857899999999995
20
-4.7734506299212596
11
6.2862167322834646
21
-4.7728120078740153
0
LINE
8
BLACK
6
CONTINUOUS
10
6.2862167322834646
20
-4.7728120078740153
11
6.2868553543307089
21
-4.7723852755905511
0
LINE
8
BLACK
6
CONTINUOUS
10
6.2868553543307089
20
-4.7723852755905511
11
6.2876086614173223
21
-4.7722354330708656
0
LINE
8
BLACK
6
CONTINUOUS
10
6.2876086614173223
20
-4.7722354330708656
11
6.3100496062992129
21
-4.7722354330708656
0
LINE
8
BLACK
6
CONTINUOUS
10
6.3100496062992129
20
-4.7722354330708656
11
6.3108029133858263
21
-4.7723852755905511
0
LINE
8
BLACK
6
CONTINUOUS
10
6.3690706299212598
20
-4.7723852755905511
11
6.3697092519685041
21
-4.7728120078740153
0
LINE
8
BLACK
6
CONTINUOUS
10
6.3697092519685041
20
-4.7728120078740153
11
6.3701359842519683
21
-4.7734506299212596
0
LINE
8
BLACK
6
CONTINUOUS
10
6.3701359842519683
20
-4.7734506299212596
11
6.3702858267716538
21
-4.7742039370078739
0
LINE
8
BLACK
6
CONTINUOUS
10
6.3702858267716538
20
-4.7742039370078739
11
6.3702858267716538
21
-4.7820779527559054
0
LINE
8
BLACK
6
CONTINUOUS
10
6.3702858267716538
20
-4.7820779527559054
11
6.3701359842519683
21
-4.7828312598425198
0
LINE
8
BLACK
6
CONTINUOUS
10
6.3701359842519683
20
-4.7828312598425198
11
6.3697092519685041
21
-4.7834698818897641
0
LINE
8
BLACK
6
CONTINUOUS
10
6.3697092519685041
20
-4.7834698818897641
11
6.3690706299212598
21
-4.7838966141732282
0
LINE
8
BLACK
6
CONTINUOUS
10
6.3690706299212598
20
-4.7838966141732282
11
6.3683173228346455
21
-4.7840464566929128
0
LINE
8
BLACK
6
CONTINUOUS
10
6.3683173228346455
20
-4.7840464566929128
11
6.3458763779527558
21
-4.7840464566929128
0
LINE
8
BLACK
6
CONTINUOUS
10
6.3458763779527558
20
-4.7840464566929128
11
6.3451230708661415
21
-4.7838966141732282
0
LINE
8
BLACK
6
CONTINUOUS
10
6.3451230708661415
20
-4.7838966141732282
11
6.3444844488188972
21
-4.7834698818897641
0
LINE
8
BLACK
6
CONTINUOUS
10
6.3444844488188972
20
-4.7834698818897641
11
6.344057716535433
21
-4.7828312598425198
0
LINE
8
BLACK
6
CONTINUOUS
10
6.344057716535433
20
-4.7828312598425198
11
6.3439078740157475
21
-4.7820779527559054
0
LINE
8
BLACK
6
CONTINUOUS
10
6.3439078740157475
20
-4.7820779527559054
11
6.3439078740157475
21
-4.7742039370078739
0
LINE
8
BLACK
6
CONTINUOUS
10
6.3439078740157475
20
-4.7742039370078739
11
6.344057716535433
21
-4.7734506299212596
0
LINE
8
BLACK
6
CONTINUOUS
10
6.344057716535433
20
-4.7734506299212596
11
6.3444844488188972
21
-4.7728120078740153
0
LINE
8
BLACK
6
CONTINUOUS
10
6.3444844488188972
20
-4.7728120078740153
11
6.3451230708661415
21
-4.7723852755905511
0
LINE
8
BLACK
6
CONTINUOUS
10
6.3451230708661415
20
-4.7723852755905511
11
6.3458763779527558
21
-4.7722354330708656
0
LINE
8
BLACK
6
CONTINUOUS
10
6.3458763779527558
20
-4.7722354330708656
11
6.3683173228346455
21
-4.7722354330708656
0
LINE
8
BLACK
6
CONTINUOUS
10
6.3683173228346455
20
-4.7722354330708656
11
6.3690706299212598
21
-4.7723852755905511
0
LINE
8
BLACK
6
CONTINUOUS
10
6.4634664566929132
20
-4.772445196850394
11
6.4643605118110239
21
-4.7730426377952755
0
LINE
8
BLACK
6
CONTINUOUS
10
6.4643605118110239
20
-4.7730426377952755
11
6.4649579527559053
21
-4.7739366929133853
0
LINE
8
BLACK
6
CONTINUOUS
10
6.4649579527559053
20
-4.7739366929133853
11
6.4651677165354329
21
-4.7749913385826774
0
LINE
8
BLACK
6
CONTINUOUS
10
6.4651677165354329
20
-4.7749913385826774
11
6.4651677165354329
21
-4.7805031496062993
0
LINE
8
BLACK
6
CONTINUOUS
10
6.4651677165354329
20
-4.7805031496062993
11
6.4649579527559053
21
-4.7815577952755905
0
LINE
8
BLACK
6
CONTINUOUS
10
6.4649579527559053
20
-4.7815577952755905
11
6.4643605118110239
21
-4.7824518503937004
0
LINE
8
BLACK
6
CONTINUOUS
10
6.4643605118110239
20
-4.7824518503937004
11
6.4634664566929132
21
-4.7830492913385827
0
LINE
8
BLACK
6
CONTINUOUS
10
6.4634664566929132
20
-4.7830492913385827
11
6.4624118110236219
21
-4.7832590551181102
0
LINE
8
BLACK
6
CONTINUOUS
10
6.4624118110236219
20
-4.7832590551181102
11
6.4344590551181104
21
-4.7832590551181102
0
LINE
8
BLACK
6
CONTINUOUS
10
6.4344590551181104
20
-4.7832590551181102
11
6.4334044094488192
21
-4.7830492913385827
0
LINE
8
BLACK
6
CONTINUOUS
10
6.4334044094488192
20
-4.7830492913385827
11
6.4325103543307085
21
-4.7824518503937004
0
LINE
8
BLACK
6
CONTINUOUS
10
6.4325103543307085
20
-4.7824518503937004
11
6.431912913385827
21
-4.7815577952755905
0
LINE
8
BLACK
6
CONTINUOUS
10
6.431912913385827
20
-4.7815577952755905
11
6.4317031496062986
21
-4.7805031496062993
0
LINE
8
BLACK
6
CONTINUOUS
10
6.4317031496062986
20
-4.7805031496062993
11
6.4317031496062986
21
-4.7749913385826774
0
LINE
8
BLACK
6
CONTINUOUS
10
6.4317031496062986
20
-4.7749913385826774
11
6.431912913385827
21
-4.7739366929133853
0
LINE
8
BLACK
6
CONTINUOUS
10
6.431912913385827
20
-4.7739366929133853
11
6.4325103543307085
21
-4.7730426377952755
0
LINE
8
BLACK
6
CONTINUOUS
10
6.4325103543307085
20
-4.7730426377952755
11
6.4334044094488192
21
-4.772445196850394
0
LINE
8
BLACK
6
CONTINUOUS
10
6.4334044094488192
20
-4.772445196850394
11
6.4344590551181104
21
-4.7722354330708656
0
LINE
8
BLACK
6
CONTINUOUS
10
6.4344590551181104
20
-4.7722354330708656
11
6.4624118110236219
21
-4.7722354330708656
0
LINE
8
BLACK
6
CONTINUOUS
10
6.4624118110236219
20
-4.7722354330708656
11
6.4634664566929132
21
-4.772445196850394
0
LINE
8
BLACK
6
CONTINUOUS
10
6.5048050393700789
20
-4.772445196850394
11
6.5056990944881887
21
-4.7730426377952755
0
LINE
8
BLACK
6
CONTINUOUS
10
6.5056990944881887
20
-4.7730426377952755
11
6.5062965354330711
21
-4.7739366929133853
0
LINE
8
BLACK
6
CONTINUOUS
10
6.5062965354330711
20
-4.7739366929133853
11
6.5065062992125986
21
-4.7749913385826774
0
LINE
8
BLACK
6
CONTINUOUS
10
6.5065062992125986
20
-4.7749913385826774
11
6.5065062992125986
21
-4.7805031496062993
0
LINE
8
BLACK
6
CONTINUOUS
10
6.5065062992125986
20
-4.7805031496062993
11
6.5062965354330711
21
-4.7815577952755905
0
LINE
8
BLACK
6
CONTINUOUS
10
6.5062965354330711
20
-4.7815577952755905
11
6.5056990944881887
21
-4.7824518503937004
0
LINE
8
BLACK
6
CONTINUOUS
10
6.5056990944881887
20
-4.7824518503937004
11
6.5048050393700789
21
-4.7830492913385827
0
LINE
8
BLACK
6
CONTINUOUS
10
6.5048050393700789
20
-4.7830492913385827
11
6.5037503937007877
21
-4.7832590551181102
0
LINE
8
BLACK
6
CONTINUOUS
10
6.5037503937007877
20
-4.7832590551181102
11
6.479734645669291
21
-4.7832590551181102
0
LINE
8
BLACK
6
CONTINUOUS
10
6.479734645669291
20
-4.7832590551181102
11
6.4786799999999998
21
-4.7830492913385827
0
LINE
8
BLACK
6
CONTINUOUS
10
6.4786799999999998
20
-4.7830492913385827
11
6.47778594488189
21
-4.7824518503937004
0
LINE
8
BLACK
6
CONTINUOUS
10
6.47778594488189
20
-4.7824518503937004
11
6.4771885039370076
21
-4.7815577952755905
0
LINE
8
BLACK
6
CONTINUOUS
10
6.4771885039370076
20
-4.7815577952755905
11
6.4769787401574801
21
-4.7805031496062993
0
LINE
8
BLACK
6
CONTINUOUS
10
6.4769787401574801
20
-4.7805031496062993
11
6.4769787401574801
21
-4.7749913385826774
0
LINE
8
BLACK
6
CONTINUOUS
10
6.4769787401574801
20
-4.7749913385826774
11
6.4771885039370076
21
-4.7739366929133853
0
LINE
8
BLACK
6
CONTINUOUS
10
6.4771885039370076
20
-4.7739366929133853
11
6.47778594488189
21
-4.7730426377952755
0
LINE
8
BLACK
6
CONTINUOUS
10
6.47778594488189
20
-4.7730426377952755
11
6.4786799999999998
21
-4.772445196850394
0
LINE
8
BLACK
6
CONTINUOUS
10
6.4786799999999998
20
-4.772445196850394
11
6.479734645669291
21
-4.7722354330708656
0
LINE
8
BLACK
6
CONTINUOUS
10
6.479734645669291
20
-4.7722354330708656
11
6.5037503937007877
21
-4.7722354330708656
0
LINE
8
BLACK
6
CONTINUOUS
10
6.5037503937007877
20
-4.7722354330708656
11
6.5048050393700789
21
-4.772445196850394
0
LINE
8
BLACK
6
CONTINUOUS
10
5.5548974015748032
20
-4.7703380314960633
11
5.5555360236220475
21
-4.7707647637795274
0
LINE
8
BLACK
6
CONTINUOUS
10
5.5555360236220475
20
-4.7707647637795274
11
5.5559627559055116
21
-4.7714033858267717
0
LINE
8
BLACK
6
CONTINUOUS
10
5.5559627559055116
20
-4.7714033858267717
11
5.5561125984251971
21
-4.7721566929133861
0
LINE
8
BLACK
6
CONTINUOUS
10
5.5561125984251971
20
-4.7721566929133861
11
5.5561125984251971
21
-4.7760937007874018
0
LINE
8
BLACK
6
CONTINUOUS
10
5.5561125984251971
20
-4.7760937007874018
11
5.5559627559055116
21
-4.7768470078740153
0
LINE
8
BLACK
6
CONTINUOUS
10
5.5559627559055116
20
-4.7768470078740153
11
5.5555360236220475
21
-4.7774856299212596
0
LINE
8
BLACK
6
CONTINUOUS
10
5.5555360236220475
20
-4.7774856299212596
11
5.5548974015748032
21
-4.7779123622047246
0
LINE
8
BLACK
6
CONTINUOUS
10
5.5548974015748032
20
-4.7779123622047246
11
5.5541440944881888
21
-4.7780622047244092
0
LINE
8
BLACK
6
CONTINUOUS
10
5.5541440944881888
20
-4.7780622047244092
11
5.5334748031496064
21
-4.7780622047244092
0
LINE
8
BLACK
6
CONTINUOUS
10
5.5334748031496064
20
-4.7780622047244092
11
5.532721496062992
21
-4.7779123622047246
0
LINE
8
BLACK
6
CONTINUOUS
10
5.532721496062992
20
-4.7779123622047246
11
5.5320828740157477
21
-4.7774856299212596
0
LINE
8
BLACK
6
CONTINUOUS
10
5.5320828740157477
20
-4.7774856299212596
11
5.5316561417322836
21
-4.7768470078740153
0
LINE
8
BLACK
6
CONTINUOUS
10
5.5316561417322836
20
-4.7768470078740153
11
5.5315062992125981
21
-4.7760937007874018
0
LINE
8
BLACK
6
CONTINUOUS
10
5.5315062992125981
20
-4.7760937007874018
11
5.5315062992125981
21
-4.7721566929133861
0
LINE
8
BLACK
6
CONTINUOUS
10
5.5315062992125981
20
-4.7721566929133861
11
5.5316561417322836
21
-4.7714033858267717
0
LINE
8
BLACK
6
CONTINUOUS
10
5.5316561417322836
20
-4.7714033858267717
11
5.5320828740157477
21
-4.7707647637795274
0
LINE
8
BLACK
6
CONTINUOUS
10
5.5320828740157477
20
-4.7707647637795274
11
5.532721496062992
21
-4.7703380314960633
0
LINE
8
BLACK
6
CONTINUOUS
10
5.532721496062992
20
-4.7703380314960633
11
5.5334748031496064
21
-4.7701881889763778
0
LINE
8
BLACK
6
CONTINUOUS
10
5.5334748031496064
20
-4.7701881889763778
11
5.5541440944881888
21
-4.7701881889763778
0
LINE
8
BLACK
6
CONTINUOUS
10
5.5541440944881888
20
-4.7701881889763778
11
5.5548974015748032
21
-4.7703380314960633
0
LINE
8
BLACK
6
CONTINUOUS
10
5.6635588188976378
20
-4.7703380314960633
11
5.6641974409448821
21
-4.7707647637795274
0
LINE
8
BLACK
6
CONTINUOUS
10
5.6641974409448821
20
-4.7707647637795274
11
5.6646241732283462
21
-4.7714033858267717
0
LINE
8
BLACK
6
CONTINUOUS
10
5.6646241732283462
20
-4.7714033858267717
11
5.6647740157480317
21
-4.7721566929133861
0
LINE
8
BLACK
6
CONTINUOUS
10
5.6647740157480317
20
-4.7721566929133861
11
5.6647740157480317
21
-4.7760937007874018
0
LINE
8
BLACK
6
CONTINUOUS
10
5.6647740157480317
20
-4.7760937007874018
11
5.6646241732283462
21
-4.7768470078740153
0
LINE
8
BLACK
6
CONTINUOUS
10
5.6646241732283462
20
-4.7768470078740153
11
5.6641974409448821
21
-4.7774856299212596
0
LINE
8
BLACK
6
CONTINUOUS
10
5.6641974409448821
20
-4.7774856299212596
11
5.6635588188976378
21
-4.7779123622047246
0
LINE
8
BLACK
6
CONTINUOUS
10
5.6635588188976378
20
-4.7779123622047246
11
5.6628055118110234
21
-4.7780622047244092
0
LINE
8
BLACK
6
CONTINUOUS
10
5.6628055118110234
20
-4.7780622047244092
11
5.642136220472441
21
-4.7780622047244092
0
LINE
8
BLACK
6
CONTINUOUS
10
5.642136220472441
20
-4.7780622047244092
11
5.6413829133858266
21
-4.7779123622047246
0
LINE
8
BLACK
6
CONTINUOUS
10
5.6413829133858266
20
-4.7779123622047246
11
5.6407442913385824
21
-4.7774856299212596
0
LINE
8
BLACK
6
CONTINUOUS
10
5.6407442913385824
20
-4.7774856299212596
11
5.6403175590551182
21
-4.7768470078740153
0
LINE
8
BLACK
6
CONTINUOUS
10
5.6403175590551182
20
-4.7768470078740153
11
5.6401677165354327
21
-4.7760937007874018
0
LINE
8
BLACK
6
CONTINUOUS
10
5.6401677165354327
20
-4.7760937007874018
11
5.6401677165354327
21
-4.7721566929133861
0
LINE
8
BLACK
6
CONTINUOUS
10
5.6401677165354327
20
-4.7721566929133861
11
5.6403175590551182
21
-4.7714033858267717
0
LINE
8
BLACK
6
CONTINUOUS
10
5.6403175590551182
20
-4.7714033858267717
11
5.6407442913385824
21
-4.7707647637795274
0
LINE
8
BLACK
6
CONTINUOUS
10
5.6407442913385824
20
-4.7707647637795274
11
5.6413829133858266
21
-4.7703380314960633
0
LINE
8
BLACK
6
CONTINUOUS
10
5.6413829133858266
20
-4.7703380314960633
11
5.642136220472441
21
-4.7701881889763778
0
LINE
8
BLACK
6
CONTINUOUS
10
5.642136220472441
20
-4.7701881889763778
11
5.6628055118110234
21
-4.7701881889763778
0
LINE
8
BLACK
6
CONTINUOUS
10
5.6628055118110234
20
-4.7701881889763778
11
5.6635588188976378
21
-4.7703380314960633
0
LINE
8
BLACK
6
CONTINUOUS
10
3.8232914173228347
20
-4.6900724409448822
11
3.8277417716535433
21
-4.6926418503937004
0
LINE
8
BLACK
6
CONTINUOUS
10
3.8277417716535433
20
-4.6926418503937004
11
3.831375472440945
21
-4.6962755511811025
0
LINE
8
BLACK
6
CONTINUOUS
10
3.831375472440945
20
-4.6962755511811025
11
3.8339448818897637
21
-4.7007259055118107
0
LINE
8
BLACK
6
CONTINUOUS
10
3.8339448818897637
20
-4.7007259055118107
11
3.8352748818897635
21
-4.7056896456692909
0
LINE
8
BLACK
6
CONTINUOUS
10
3.8352748818897635
20
-4.7056896456692909
11
3.8354433070866141
21
-4.70825905511811
0
LINE
8
BLACK
6
CONTINUOUS
10
3.8354433070866141
20
-4.70825905511811
11
3.8354433070866141
21
-4.7476291338582675
0
LINE
8
BLACK
6
CONTINUOUS
10
3.8354433070866141
20
-4.7476291338582675
11
3.8352748818897635
21
-4.7501985433070866
0
LINE
8
BLACK
6
CONTINUOUS
10
3.8352748818897635
20
-4.7501985433070866
11
3.8339448818897637
21
-4.7551622834645668
0
LINE
8
BLACK
6
CONTINUOUS
10
3.8339448818897637
20
-4.7551622834645668
11
3.831375472440945
21
-4.7596126377952759
0
LINE
8
BLACK
6
CONTINUOUS
10
3.831375472440945
20
-4.7596126377952759
11
3.8277417716535433
21
-4.7632463385826771
0
LINE
8
BLACK
6
CONTINUOUS
10
3.8277417716535433
20
-4.7632463385826771
11
3.8232914173228347
21
-4.7658157480314962
0
LINE
8
BLACK
6
CONTINUOUS
10
3.8232914173228347
20
-4.7658157480314962
11
3.818327677165354
21
-4.7671457480314956
0
LINE
8
BLACK
6
CONTINUOUS
10
3.818327677165354
20
-4.7671457480314956
11
3.8131888582677163
21
-4.7671457480314956
0
LINE
8
BLACK
6
CONTINUOUS
10
3.8131888582677163
20
-4.7671457480314956
11
3.808225118110236
21
-4.7658157480314962
0
LINE
8
BLACK
6
CONTINUOUS
10
3.808225118110236
20
-4.7658157480314962
11
3.8037747637795274
21
-4.7632463385826771
0
LINE
8
BLACK
6
CONTINUOUS
10
3.8037747637795274
20
-4.7632463385826771
11
3.8001410629921257
21
-4.7596126377952759
0
LINE
8
BLACK
6
CONTINUOUS
10
3.8001410629921257
20
-4.7596126377952759
11
3.7975716535433071
21
-4.7551622834645668
0
LINE
8
BLACK
6
CONTINUOUS
10
3.7975716535433071
20
-4.7551622834645668
11
3.7962416535433068
21
-4.7501985433070866
0
LINE
8
BLACK
6
CONTINUOUS
10
3.7962416535433068
20
-4.7501985433070866
11
3.7960732283464567
21
-4.7476291338582675
0
LINE
8
BLACK
6
CONTINUOUS
10
3.7960732283464567
20
-4.7476291338582675
11
3.7960732283464567
21
-4.70825905511811
0
LINE
8
BLACK
6
CONTINUOUS
10
3.7960732283464567
20
-4.70825905511811
11
3.7962416535433068
21
-4.7056896456692909
0
LINE
8
BLACK
6
CONTINUOUS
10
3.7962416535433068
20
-4.7056896456692909
11
3.7975716535433071
21
-4.7007259055118107
0
LINE
8
BLACK
6
CONTINUOUS
10
3.7975716535433071
20
-4.7007259055118107
11
3.8001410629921257
21
-4.6962755511811025
0
LINE
8
BLACK
6
CONTINUOUS
10
3.8001410629921257
20
-4.6962755511811025
11
3.8037747637795274
21
-4.6926418503937004
0
LINE
8
BLACK
6
CONTINUOUS
10
3.8037747637795274
20
-4.6926418503937004
11
3.808225118110236
21
-4.6900724409448822
0
LINE
8
BLACK
6
CONTINUOUS
10
3.808225118110236
20
-4.6900724409448822
11
3.8131888582677163
21
-4.6887424409448819
0
LINE
8
BLACK
6
CONTINUOUS
10
3.8131888582677163
20
-4.6887424409448819
11
3.818327677165354
21
-4.6887424409448819
0
LINE
8
BLACK
6
CONTINUOUS
10
3.818327677165354
20
-4.6887424409448819
11
3.8232914173228347
21
-4.6900724409448822
0
LINE
8
BLACK
6
CONTINUOUS
10
4.163448897637795
20
-4.6900724409448822
11
4.1678992519685041
21
-4.6926418503937004
0
LINE
8
BLACK
6
CONTINUOUS
10
4.1678992519685041
20
-4.6926418503937004
11
4.1715329527559053
21
-4.6962755511811025
0
LINE
8
BLACK
6
CONTINUOUS
10
4.1715329527559053
20
-4.6962755511811025
11
4.1741023622047244
21
-4.7007259055118107
0
LINE
8
BLACK
6
CONTINUOUS
10
4.1741023622047244
20
-4.7007259055118107
11
4.1754323622047247
21
-4.7056896456692909
0
LINE
8
BLACK
6
CONTINUOUS
10
4.1754323622047247
20
-4.7056896456692909
11
4.1756007874015744
21
-4.70825905511811
0
LINE
8
BLACK
6
CONTINUOUS
10
4.1756007874015744
20
-4.70825905511811
11
4.1756007874015744
21
-4.7476291338582675
0
LINE
8
BLACK
6
CONTINUOUS
10
4.1756007874015744
20
-4.7476291338582675
11
4.1754323622047247
21
-4.7501985433070866
0
LINE
8
BLACK
6
CONTINUOUS
10
4.1754323622047247
20
-4.7501985433070866
11
4.1741023622047244
21
-4.7551622834645668
0
LINE
8
BLACK
6
CONTINUOUS
10
4.1741023622047244
20
-4.7551622834645668
11
4.1715329527559053
21
-4.7596126377952759
0
LINE
8
BLACK
6
CONTINUOUS
10
4.1715329527559053
20
-4.7596126377952759
11
4.1678992519685041
21
-4.7632463385826771
0
LINE
8
BLACK
6
CONTINUOUS
10
4.1678992519685041
20
-4.7632463385826771
11
4.163448897637795
21
-4.7658157480314962
0
LINE
8
BLACK
6
CONTINUOUS
10
4.163448897637795
20
-4.7658157480314962
11
4.1584851574803148
21
-4.7671457480314956
0
LINE
8
BLACK
6
CONTINUOUS
10
4.1584851574803148
20
-4.7671457480314956
11
4.1533463385826774
21
-4.7671457480314956
0
LINE
8
BLACK
6
CONTINUOUS
10
4.1533463385826774
20
-4.7671457480314956
11
4.1483825984251972
21
-4.7658157480314962
0
LINE
8
BLACK
6
CONTINUOUS
10
4.1483825984251972
20
-4.7658157480314962
11
4.1439322440944881
21
-4.7632463385826771
0
LINE
8
BLACK
6
CONTINUOUS
10
4.1439322440944881
20
-4.7632463385826771
11
4.1402985433070869
21
-4.7596126377952759
0
LINE
8
BLACK
6
CONTINUOUS
10
4.1402985433070869
20
-4.7596126377952759
11
4.1377291338582678
21
-4.7551622834645668
0
LINE
8
BLACK
6
CONTINUOUS
10
4.1377291338582678
20
-4.7551622834645668
11
4.1363991338582675
21
-4.7501985433070866
0
LINE
8
BLACK
6
CONTINUOUS
10
4.1363991338582675
20
-4.7501985433070866
11
4.136230708661417
21
-4.7476291338582675
0
LINE
8
BLACK
6
CONTINUOUS
10
4.136230708661417
20
-4.7476291338582675
11
4.136230708661417
21
-4.70825905511811
0
LINE
8
BLACK
6
CONTINUOUS
10
4.136230708661417
20
-4.70825905511811
11
4.1363991338582675
21
-4.7056896456692909
0
LINE
8
BLACK
6
CONTINUOUS
10
4.1363991338582675
20
-4.7056896456692909
11
4.1377291338582678
21
-4.7007259055118107
0
LINE
8
BLACK
6
CONTINUOUS
10
4.1377291338582678
20
-4.7007259055118107
11
4.1402985433070869
21
-4.6962755511811025
0
LINE
8
BLACK
6
CONTINUOUS
10
4.1402985433070869
20
-4.6962755511811025
11
4.1439322440944881
21
-4.6926418503937004
0
LINE
8
BLACK
6
CONTINUOUS
10
4.1439322440944881
20
-4.6926418503937004
11
4.1483825984251972
21
-4.6900724409448822
0
LINE
8
BLACK
6
CONTINUOUS
10
4.1483825984251972
20
-4.6900724409448822
11
4.1533463385826774
21
-4.6887424409448819
0
LINE
8
BLACK
6
CONTINUOUS
10
4.1533463385826774
20
-4.6887424409448819
11
4.1584851574803148
21
-4.6887424409448819
0
LINE
8
BLACK
6
CONTINUOUS
10
4.1584851574803148
20
-4.6887424409448819
11
4.163448897637795
21
-4.6900724409448822
0
LINE
8
BLACK
6
CONTINUOUS
10
5.5919052755905509
20
-4.726125433070866
11
5.5925438976377952
21
-4.726552165354331
0
LINE
8
BLACK
6
CONTINUOUS
10
5.5925438976377952
20
-4.726552165354331
11
5.5929706299212594
21
-4.7271907874015744
0
LINE
8
BLACK
6
CONTINUOUS
10
5.5929706299212594
20
-4.7271907874015744
11
5.5931204724409449
21
-4.7279440944881888
0
LINE
8
BLACK
6
CONTINUOUS
10
5.5931204724409449
20
-4.7279440944881888
11
5.5931204724409449
21
-4.7633771653543304
0
LINE
8
BLACK
6
CONTINUOUS
10
5.5931204724409449
20
-4.7633771653543304
11
5.5929706299212594
21
-4.7641304724409448
0
LINE
8
BLACK
6
CONTINUOUS
10
5.5929706299212594
20
-4.7641304724409448
11
5.5925438976377952
21
-4.7647690944881891
0
LINE
8
BLACK
6
CONTINUOUS
10
5.5925438976377952
20
-4.7647690944881891
11
5.5919052755905509
21
-4.7651958267716532
0
LINE
8
BLACK
6
CONTINUOUS
10
5.5919052755905509
20
-4.7651958267716532
11
5.5911519685039366
21
-4.7653456692913387
0
LINE
8
BLACK
6
CONTINUOUS
10
5.5911519685039366
20
-4.7653456692913387
11
5.5872149606299208
21
-4.7653456692913387
0
LINE
8
BLACK
6
CONTINUOUS
10
5.5872149606299208
20
-4.7653456692913387
11
5.5864616535433074
21
-4.7651958267716532
0
LINE
8
BLACK
6
CONTINUOUS
10
5.5864616535433074
20
-4.7651958267716532
11
5.5858230314960631
21
-4.7647690944881891
0
LINE
8
BLACK
6
CONTINUOUS
10
5.5858230314960631
20
-4.7647690944881891
11
5.5853962992125981
21
-4.7641304724409448
0
LINE
8
BLACK
6
CONTINUOUS
10
5.5853962992125981
20
-4.7641304724409448
11
5.5852464566929134
21
-4.7633771653543304
0
LINE
8
BLACK
6
CONTINUOUS
10
5.5852464566929134
20
-4.7633771653543304
11
5.5852464566929134
21
-4.7279440944881888
0
LINE
8
BLACK
6
CONTINUOUS
10
5.5852464566929134
20
-4.7279440944881888
11
5.5853962992125981
21
-4.7271907874015744
0
LINE
8
BLACK
6
CONTINUOUS
10
5.5853962992125981
20
-4.7271907874015744
11
5.5858230314960631
21
-4.726552165354331
0
LINE
8
BLACK
6
CONTINUOUS
10
5.5858230314960631
20
-4.726552165354331
11
5.5864616535433074
21
-4.726125433070866
0
LINE
8
BLACK
6
CONTINUOUS
10
5.5864616535433074
20
-4.726125433070866
11
5.5872149606299208
21
-4.7259755905511813
0
LINE
8
BLACK
6
CONTINUOUS
10
5.5872149606299208
20
-4.7259755905511813
11
5.5911519685039366
21
-4.7259755905511813
0
LINE
8
BLACK
6
CONTINUOUS
10
5.5911519685039366
20
-4.7259755905511813
11
5.5919052755905509
21
-4.726125433070866
0
LINE
8
BLACK
6
CONTINUOUS
10
5.6076533070866139
20
-4.726125433070866
11
5.6082919291338582
21
-4.726552165354331
0
LINE
8
BLACK
6
CONTINUOUS
10
5.6082919291338582
20
-4.726552165354331
11
5.6087186614173223
21
-4.7271907874015744
0
LINE
8
BLACK
6
CONTINUOUS
10
5.6087186614173223
20
-4.7271907874015744
11
5.6088685039370079
21
-4.7279440944881888
0
LINE
8
BLACK
6
CONTINUOUS
10
5.6088685039370079
20
-4.7279440944881888
11
5.6088685039370079
21
-4.7633771653543304
0
LINE
8
BLACK
6
CONTINUOUS
10
5.6088685039370079
20
-4.7633771653543304
11
5.6087186614173223
21
-4.7641304724409448
0
LINE
8
BLACK
6
CONTINUOUS
10
5.6087186614173223
20
-4.7641304724409448
11
5.6082919291338582
21
-4.7647690944881891
0
LINE
8
BLACK
6
CONTINUOUS
10
5.6082919291338582
20
-4.7647690944881891
11
5.6076533070866139
21
-4.7651958267716532
0
LINE
8
BLACK
6
CONTINUOUS
10
5.6076533070866139
20
-4.7651958267716532
11
5.6068999999999996
21
-4.7653456692913387
0
LINE
8
BLACK
6
CONTINUOUS
10
5.6068999999999996
20
-4.7653456692913387
11
5.6029629921259838
21
-4.7653456692913387
0
LINE
8
BLACK
6
CONTINUOUS
10
5.6029629921259838
20
-4.7653456692913387
11
5.6022096850393703
21
-4.7651958267716532
0
LINE
8
BLACK
6
CONTINUOUS
10
5.6022096850393703
20
-4.7651958267716532
11
5.601571062992126
21
-4.7647690944881891
0
LINE
8
BLACK
6
CONTINUOUS
10
5.601571062992126
20
-4.7647690944881891
11
5.601144330708661
21
-4.7641304724409448
0
LINE
8
BLACK
6
CONTINUOUS
10
5.601144330708661
20
-4.7641304724409448
11
5.6009944881889764
21
-4.7633771653543304
0
LINE
8
BLACK
6
CONTINUOUS
10
5.6009944881889764
20
-4.7633771653543304
11
5.6009944881889764
21
-4.7279440944881888
0
LINE
8
BLACK
6
CONTINUOUS
10
5.6009944881889764
20
-4.7279440944881888
11
5.601144330708661
21
-4.7271907874015744
0
LINE
8
BLACK
6
CONTINUOUS
10
5.601144330708661
20
-4.7271907874015744
11
5.601571062992126
21
-4.726552165354331
0
LINE
8
BLACK
6
CONTINUOUS
10
5.601571062992126
20
-4.726552165354331
11
5.6022096850393703
21
-4.726125433070866
0
LINE
8
BLACK
6
CONTINUOUS
10
5.6022096850393703
20
-4.726125433070866
11
5.6029629921259838
21
-4.7259755905511813
0
LINE
8
BLACK
6
CONTINUOUS
10
5.6029629921259838
20
-4.7259755905511813
11
5.6068999999999996
21
-4.7259755905511813
0
LINE
8
BLACK
6
CONTINUOUS
10
5.6068999999999996
20
-4.7259755905511813
11
5.6076533070866139
21
-4.726125433070866
0
LINE
8
BLACK
6
CONTINUOUS
10
5.6234013385826769
20
-4.726125433070866
11
5.6240399606299212
21
-4.726552165354331
0
LINE
8
BLACK
6
CONTINUOUS
10
5.6240399606299212
20
-4.726552165354331
11
5.6244666929133853
21
-4.7271907874015744
0
LINE
8
BLACK
6
CONTINUOUS
10
5.6244666929133853
20
-4.7271907874015744
11
5.6246165354330708
21
-4.7279440944881888
0
LINE
8
BLACK
6
CONTINUOUS
10
5.6246165354330708
20
-4.7279440944881888
11
5.6246165354330708
21
-4.7633771653543304
0
LINE
8
BLACK
6
CONTINUOUS
10
5.6246165354330708
20
-4.7633771653543304
11
5.6244666929133853
21
-4.7641304724409448
0
LINE
8
BLACK
6
CONTINUOUS
10
5.6244666929133853
20
-4.7641304724409448
11
5.6240399606299212
21
-4.7647690944881891
0
LINE
8
BLACK
6
CONTINUOUS
10
5.6240399606299212
20
-4.7647690944881891
11
5.6234013385826769
21
-4.7651958267716532
0
LINE
8
BLACK
6
CONTINUOUS
10
5.6234013385826769
20
-4.7651958267716532
11
5.6226480314960625
21
-4.7653456692913387
0
LINE
8
BLACK
6
CONTINUOUS
10
5.6226480314960625
20
-4.7653456692913387
11
5.6187110236220468
21
-4.7653456692913387
0
LINE
8
BLACK
6
CONTINUOUS
10
5.6187110236220468
20
-4.7653456692913387
11
5.6179577165354333
21
-4.7651958267716532
0
LINE
8
BLACK
6
CONTINUOUS
10
5.6179577165354333
20
-4.7651958267716532
11
5.617319094488189
21
-4.7647690944881891
0
LINE
8
BLACK
6
CONTINUOUS
10
5.617319094488189
20
-4.7647690944881891
11
5.616892362204724
21
-4.7641304724409448
0
LINE
8
BLACK
6
CONTINUOUS
10
5.616892362204724
20
-4.7641304724409448
11
5.6167425196850393
21
-4.7633771653543304
0
LINE
8
BLACK
6
CONTINUOUS
10
5.6167425196850393
20
-4.7633771653543304
11
5.6167425196850393
21
-4.7279440944881888
0
LINE
8
BLACK
6
CONTINUOUS
10
5.6167425196850393
20
-4.7279440944881888
11
5.616892362204724
21
-4.7271907874015744
0
LINE
8
BLACK
6
CONTINUOUS
10
5.616892362204724
20
-4.7271907874015744
11
5.617319094488189
21
-4.726552165354331
0
LINE
8
BLACK
6
CONTINUOUS
10
5.617319094488189
20
-4.726552165354331
11
5.6179577165354333
21
-4.726125433070866
0
LINE
8
BLACK
6
CONTINUOUS
10
5.6179577165354333
20
-4.726125433070866
11
5.6187110236220468
21
-4.7259755905511813
0
LINE
8
BLACK
6
CONTINUOUS
10
5.6187110236220468
20
-4.7259755905511813
11
5.6226480314960625
21
-4.7259755905511813
0
LINE
8
BLACK
6
CONTINUOUS
10
5.6226480314960625
20
-4.7259755905511813
11
5.6234013385826769
21
-4.726125433070866
0
LINE
8
BLACK
6
CONTINUOUS
10
4.7210732283464569
20
-4.7600307086614171
11
4.6639866141732282
21
-4.7600307086614171
0
LINE
8
BLACK
6
CONTINUOUS
10
4.6639866141732282
20
-4.7600307086614171
11
4.6639866141732282
21
-4.7423141732283467
0
LINE
8
BLACK
6
CONTINUOUS
10
4.6639866141732282
20
-4.7423141732283467
11
4.7210732283464569
21
-4.7423141732283467
0
LINE
8
BLACK
6
CONTINUOUS
10
4.7210732283464569
20
-4.7423141732283467
11
4.7210732283464569
21
-4.7600307086614171
0
LINE
8
BLACK
6
CONTINUOUS
10
4.9533566929133857
20
-4.7600307086614171
11
4.896270078740157
21
-4.7600307086614171
0
LINE
8
BLACK
6
CONTINUOUS
10
4.896270078740157
20
-4.7600307086614171
11
4.896270078740157
21
-4.7423141732283467
0
LINE
8
BLACK
6
CONTINUOUS
10
4.896270078740157
20
-4.7423141732283467
11
4.9533566929133857
21
-4.7423141732283467
0
LINE
8
BLACK
6
CONTINUOUS
10
4.9533566929133857
20
-4.7423141732283467
11
4.9533566929133857
21
-4.7600307086614171
0
LINE
8
BLACK
6
CONTINUOUS
10
5.5584407086614176
20
-4.7263222834645671
11
5.559079330708661
21
-4.7267490157480312
0
LINE
8
BLACK
6
CONTINUOUS
10
5.559079330708661
20
-4.7267490157480312
11
5.559506062992126
21
-4.7273876377952755
0
LINE
8
BLACK
6
CONTINUOUS
10
5.559506062992126
20
-4.7273876377952755
11
5.5596559055118107
21
-4.7281409448818899
0
LINE
8
BLACK
6
CONTINUOUS
10
5.5596559055118107
20
-4.7281409448818899
11
5.5596559055118107
21
-4.7547157480314963
0
LINE
8
BLACK
6
CONTINUOUS
10
5.5596559055118107
20
-4.7547157480314963
11
5.559506062992126
21
-4.7554690551181098
0
LINE
8
BLACK
6
CONTINUOUS
10
5.559506062992126
20
-4.7554690551181098
11
5.559079330708661
21
-4.7561076771653541
0
LINE
8
BLACK
6
CONTINUOUS
10
5.559079330708661
20
-4.7561076771653541
11
5.5584407086614176
21
-4.7565344094488191
0
LINE
8
BLACK
6
CONTINUOUS
10
5.5584407086614176
20
-4.7565344094488191
11
5.5576874015748032
21
-4.7566842519685038
0
LINE
8
BLACK
6
CONTINUOUS
10
5.5576874015748032
20
-4.7566842519685038
11
5.5537503937007875
21
-4.7566842519685038
0
LINE
8
BLACK
6
CONTINUOUS
10
5.5537503937007875
20
-4.7566842519685038
11
5.5311125984251968
21
-4.7566842519685038
0
LINE
8
BLACK
6
CONTINUOUS
10
5.5311125984251968
20
-4.7566842519685038
11
5.5303592913385824
21
-4.7565344094488191
0
LINE
8
BLACK
6
CONTINUOUS
10
5.5303592913385824
20
-4.7565344094488191
11
5.5297206692913381
21
-4.7561076771653541
0
LINE
8
BLACK
6
CONTINUOUS
10
5.5297206692913381
20
-4.7561076771653541
11
5.529293937007874
21
-4.7554690551181098
0
LINE
8
BLACK
6
CONTINUOUS
10
5.529293937007874
20
-4.7554690551181098
11
5.5291440944881884
21
-4.7547157480314963
0
LINE
8
BLACK
6
CONTINUOUS
10
5.5291440944881884
20
-4.7547157480314963
11
5.5291440944881884
21
-4.7507787401574806
0
LINE
8
BLACK
6
CONTINUOUS
10
5.5291440944881884
20
-4.7507787401574806
11
5.529293937007874
21
-4.7500254330708662
0
LINE
8
BLACK
6
CONTINUOUS
10
5.529293937007874
20
-4.7500254330708662
11
5.5297206692913381
21
-4.7493868110236219
0
LINE
8
BLACK
6
CONTINUOUS
10
5.5297206692913381
20
-4.7493868110236219
11
5.5303592913385824
21
-4.7489600787401578
0
LINE
8
BLACK
6
CONTINUOUS
10
5.5303592913385824
20
-4.7489600787401578
11
5.5311125984251968
21
-4.7488102362204723
0
LINE
8
BLACK
6
CONTINUOUS
10
5.5311125984251968
20
-4.7488102362204723
11
5.5517818897637792
21
-4.7488102362204723
0
LINE
8
BLACK
6
CONTINUOUS
10
5.5517818897637792
20
-4.7488102362204723
11
5.5517818897637792
21
-4.7281409448818899
0
LINE
8
BLACK
6
CONTINUOUS
10
5.5517818897637792
20
-4.7281409448818899
11
5.5519317322834647
21
-4.7273876377952755
0
LINE
8
BLACK
6
CONTINUOUS
10
5.5519317322834647
20
-4.7273876377952755
11
5.5523584645669288
21
-4.7267490157480312
0
LINE
8
BLACK
6
CONTINUOUS
10
5.5523584645669288
20
-4.7267490157480312
11
5.5529970866141731
21
-4.7263222834645671
0
LINE
8
BLACK
6
CONTINUOUS
10
5.5529970866141731
20
-4.7263222834645671
11
5.5537503937007875
21
-4.7261724409448815
0
LINE
8
BLACK
6
CONTINUOUS
10
5.5537503937007875
20
-4.7261724409448815
11
5.5576874015748032
21
-4.7261724409448815
0
LINE
8
BLACK
6
CONTINUOUS
10
5.5576874015748032
20
-4.7261724409448815
11
5.5584407086614176
21
-4.7263222834645671
0
LINE
8
BLACK
6
CONTINUOUS
10
5.6430863779527556
20
-4.7263222834645671
11
5.6437249999999999
21
-4.7267490157480312
0
LINE
8
BLACK
6
CONTINUOUS
10
5.6437249999999999
20
-4.7267490157480312
11
5.644151732283464
21
-4.7273876377952755
0
LINE
8
BLACK
6
CONTINUOUS
10
5.644151732283464
20
-4.7273876377952755
11
5.6443015748031495
21
-4.7281409448818899
0
LINE
8
BLACK
6
CONTINUOUS
10
5.6443015748031495
20
-4.7281409448818899
11
5.6443015748031495
21
-4.7488102362204723
0
LINE
8
BLACK
6
CONTINUOUS
10
5.6443015748031495
20
-4.7488102362204723
11
5.6669393700787403
21
-4.7488102362204723
0
LINE
8
BLACK
6
CONTINUOUS
10
5.6669393700787403
20
-4.7488102362204723
11
5.6676926771653546
21
-4.7489600787401578
0
LINE
8
BLACK
6
CONTINUOUS
10
5.6676926771653546
20
-4.7489600787401578
11
5.668331299212598
21
-4.7493868110236219
0
LINE
8
BLACK
6
CONTINUOUS
10
5.668331299212598
20
-4.7493868110236219
11
5.6687580314960631
21
-4.7500254330708662
0
LINE
8
BLACK
6
CONTINUOUS
10
5.6687580314960631
20
-4.7500254330708662
11
5.6689078740157477
21
-4.7507787401574806
0
LINE
8
BLACK
6
CONTINUOUS
10
5.6689078740157477
20
-4.7507787401574806
11
5.6689078740157477
21
-4.7547157480314963
0
LINE
8
BLACK
6
CONTINUOUS
10
5.6689078740157477
20
-4.7547157480314963
11
5.6687580314960631
21
-4.7554690551181098
0
LINE
8
BLACK
6
CONTINUOUS
10
5.6687580314960631
20
-4.7554690551181098
11
5.668331299212598
21
-4.7561076771653541
0
LINE
8
BLACK
6
CONTINUOUS
10
5.668331299212598
20
-4.7561076771653541
11
5.6676926771653546
21
-4.7565344094488191
0
LINE
8
BLACK
6
CONTINUOUS
10
5.6676926771653546
20
-4.7565344094488191
11
5.6669393700787403
21
-4.7566842519685038
0
LINE
8
BLACK
6
CONTINUOUS
10
5.6669393700787403
20
-4.7566842519685038
11
5.6383960629921255
21
-4.7566842519685038
0
LINE
8
BLACK
6
CONTINUOUS
10
5.6383960629921255
20
-4.7566842519685038
11
5.637642755905512
21
-4.7565344094488191
0
LINE
8
BLACK
6
CONTINUOUS
10
5.637642755905512
20
-4.7565344094488191
11
5.6370041338582677
21
-4.7561076771653541
0
LINE
8
BLACK
6
CONTINUOUS
10
5.6370041338582677
20
-4.7561076771653541
11
5.6365774015748027
21
-4.7554690551181098
0
LINE
8
BLACK
6
CONTINUOUS
10
5.6365774015748027
20
-4.7554690551181098
11
5.6364275590551181
21
-4.7547157480314963
0
LINE
8
BLACK
6
CONTINUOUS
10
5.6364275590551181
20
-4.7547157480314963
11
5.6364275590551181
21
-4.7507787401574806
0
LINE
8
BLACK
6
CONTINUOUS
10
5.6364275590551181
20
-4.7507787401574806
11
5.6364275590551181
21
-4.7281409448818899
0
LINE
8
BLACK
6
CONTINUOUS
10
5.6364275590551181
20
-4.7281409448818899
11
5.6365774015748027
21
-4.7273876377952755
0
LINE
8
BLACK
6
CONTINUOUS
10
5.6365774015748027
20
-4.7273876377952755
11
5.6370041338582677
21
-4.7267490157480312
0
LINE
8
BLACK
6
CONTINUOUS
10
5.6370041338582677
20
-4.7267490157480312
11
5.637642755905512
21
-4.7263222834645671
0
LINE
8
BLACK
6
CONTINUOUS
10
5.637642755905512
20
-4.7263222834645671
11
5.6383960629921255
21
-4.7261724409448815
0
LINE
8
BLACK
6
CONTINUOUS
10
5.6383960629921255
20
-4.7261724409448815
11
5.6423330708661412
21
-4.7261724409448815
0
LINE
8
BLACK
6
CONTINUOUS
10
5.6423330708661412
20
-4.7261724409448815
11
5.6430863779527556
21
-4.7263222834645671
0
LINE
8
BLACK
6
CONTINUOUS
10
5.576157244094488
20
-4.7264207086614176
11
5.5767958661417323
21
-4.7268474409448817
0
LINE
8
BLACK
6
CONTINUOUS
10
5.5767958661417323
20
-4.7268474409448817
11
5.5772225984251964
21
-4.727486062992126
0
LINE
8
BLACK
6
CONTINUOUS
10
5.5772225984251964
20
-4.727486062992126
11
5.5773724409448819
21
-4.7282393700787404
0
LINE
8
BLACK
6
CONTINUOUS
10
5.5773724409448819
20
-4.7282393700787404
11
5.5773724409448819
21
-4.7489086614173228
0
LINE
8
BLACK
6
CONTINUOUS
10
5.5773724409448819
20
-4.7489086614173228
11
5.5772225984251964
21
-4.7496619685039372
0
LINE
8
BLACK
6
CONTINUOUS
10
5.5772225984251964
20
-4.7496619685039372
11
5.5767958661417323
21
-4.7503005905511806
0
LINE
8
BLACK
6
CONTINUOUS
10
5.5767958661417323
20
-4.7503005905511806
11
5.576157244094488
21
-4.7507273228346456
0
LINE
8
BLACK
6
CONTINUOUS
10
5.576157244094488
20
-4.7507273228346456
11
5.5754039370078736
21
-4.7508771653543302
0
LINE
8
BLACK
6
CONTINUOUS
10
5.5754039370078736
20
-4.7508771653543302
11
5.5714669291338579
21
-4.7508771653543302
0
LINE
8
BLACK
6
CONTINUOUS
10
5.5714669291338579
20
-4.7508771653543302
11
5.5707136220472444
21
-4.7507273228346456
0
LINE
8
BLACK
6
CONTINUOUS
10
5.5707136220472444
20
-4.7507273228346456
11
5.5700750000000001
21
-4.7503005905511806
0
LINE
8
BLACK
6
CONTINUOUS
10
5.5700750000000001
20
-4.7503005905511806
11
5.5696482677165351
21
-4.7496619685039372
0
LINE
8
BLACK
6
CONTINUOUS
10
5.5696482677165351
20
-4.7496619685039372
11
5.5694984251968505
21
-4.7489086614173228
0
LINE
8
BLACK
6
CONTINUOUS
10
5.5694984251968505
20
-4.7489086614173228
11
5.5694984251968505
21
-4.7282393700787404
0
LINE
8
BLACK
6
CONTINUOUS
10
5.5694984251968505
20
-4.7282393700787404
11
5.5696482677165351
21
-4.727486062992126
0
LINE
8
BLACK
6
CONTINUOUS
10
5.5696482677165351
20
-4.727486062992126
11
5.5700750000000001
21
-4.7268474409448817
0
LINE
8
BLACK
6
CONTINUOUS
10
5.5700750000000001
20
-4.7268474409448817
11
5.5707136220472444
21
-4.7264207086614176
0
LINE
8
BLACK
6
CONTINUOUS
10
5.5707136220472444
20
-4.7264207086614176
11
5.5714669291338579
21
-4.7262708661417321
0
LINE
8
BLACK
6
CONTINUOUS
10
5.5714669291338579
20
-4.7262708661417321
11
5.5754039370078736
21
-4.7262708661417321
0
LINE
8
BLACK
6
CONTINUOUS
10
5.5754039370078736
20
-4.7262708661417321
11
5.576157244094488
21
-4.7264207086614176
0
LINE
8
BLACK
6
CONTINUOUS
10
5.9738291338582679
20
-4.7356212598425191
11
5.8068999999999997
21
-4.7356212598425191
0
LINE
8
BLACK
6
CONTINUOUS
10
5.8068999999999997
20
-4.7356212598425191
11
5.8068999999999997
21
-4.5856212598425197
0
LINE
8
BLACK
6
CONTINUOUS
10
5.8068999999999997
20
-4.5856212598425197
11
5.9738291338582679
21
-4.5856212598425197
0
LINE
8
BLACK
6
CONTINUOUS
10
5.9738291338582679
20
-4.5856212598425197
11
5.9738291338582679
21
-4.7356212598425191
0
LINE
8
BLACK
6
CONTINUOUS
10
6.2246165354330705
20
-4.7356212598425191
11
6.0576874015748032
21
-4.7356212598425191
0
LINE
8
BLACK
6
CONTINUOUS
10
6.0576874015748032
20
-4.7356212598425191
11
6.0576874015748032
21
-4.5856212598425197
0
LINE
8
BLACK
6
CONTINUOUS
10
6.0576874015748032
20
-4.5856212598425197
11
6.2246165354330705
21
-4.5856212598425197
0
LINE
8
BLACK
6
CONTINUOUS
10
6.2246165354330705
20
-4.5856212598425197
11
6.2246165354330705
21
-4.7356212598425191
0
LINE
8
BLACK
6
CONTINUOUS
10
4.7210732283464569
20
-4.7344401574803152
11
4.6639866141732282
21
-4.7344401574803152
0
LINE
8
BLACK
6
CONTINUOUS
10
4.6639866141732282
20
-4.7344401574803152
11
4.6639866141732282
21
-4.7167236220472439
0
LINE
8
BLACK
6
CONTINUOUS
10
4.6639866141732282
20
-4.7167236220472439
11
4.7210732283464569
21
-4.7167236220472439
0
LINE
8
BLACK
6
CONTINUOUS
10
4.7210732283464569
20
-4.7167236220472439
11
4.7210732283464569
21
-4.7344401574803152
0
LINE
8
BLACK
6
CONTINUOUS
10
4.9533566929133857
20
-4.7344401574803152
11
4.896270078740157
21
-4.7344401574803152
0
LINE
8
BLACK
6
CONTINUOUS
10
4.896270078740157
20
-4.7344401574803152
11
4.896270078740157
21
-4.7167236220472439
0
LINE
8
BLACK
6
CONTINUOUS
10
4.896270078740157
20
-4.7167236220472439
11
4.9533566929133857
21
-4.7167236220472439
0
LINE
8
BLACK
6
CONTINUOUS
10
4.9533566929133857
20
-4.7167236220472439
11
4.9533566929133857
21
-4.7344401574803152
0
LINE
8
BLACK
6
CONTINUOUS
10
4.3073622834645668
20
-4.6459205118110232
11
4.3134231102362204
21
-4.6484309842519682
0
LINE
8
BLACK
6
CONTINUOUS
10
4.3134231102362204
20
-4.6484309842519682
11
4.3188777165354333
21
-4.65207562992126
0
LINE
8
BLACK
6
CONTINUOUS
10
4.3188777165354333
20
-4.65207562992126
11
4.3235164960629922
21
-4.6567144094488189
0
LINE
8
BLACK
6
CONTINUOUS
10
4.3235164960629922
20
-4.6567144094488189
11
4.3271611417322831
21
-4.6621690157480318
0
LINE
8
BLACK
6
CONTINUOUS
10
4.3271611417322831
20
-4.6621690157480318
11
4.3296716141732281
21
-4.6682298425196853
0
LINE
8
BLACK
6
CONTINUOUS
10
4.3296716141732281
20
-4.6682298425196853
11
4.3309514566929135
21
-4.6746639763779525
0
LINE
8
BLACK
6
CONTINUOUS
10
4.3309514566929135
20
-4.6746639763779525
11
4.3309514566929135
21
-4.6812242125984254
0
LINE
8
BLACK
6
CONTINUOUS
10
4.3309514566929135
20
-4.6812242125984254
11
4.3296716141732281
21
-4.6876583464566925
0
LINE
8
BLACK
6
CONTINUOUS
10
4.3296716141732281
20
-4.6876583464566925
11
4.3271611417322831
21
-4.6937191732283461
0
LINE
8
BLACK
6
CONTINUOUS
10
4.3271611417322831
20
-4.6937191732283461
11
4.3235164960629922
21
-4.699173779527559
0
LINE
8
BLACK
6
CONTINUOUS
10
4.3235164960629922
20
-4.699173779527559
11
4.3188777165354333
21
-4.7038125590551179
0
LINE
8
BLACK
6
CONTINUOUS
10
4.3188777165354333
20
-4.7038125590551179
11
4.3134231102362204
21
-4.7074572047244096
0
LINE
8
BLACK
6
CONTINUOUS
10
4.3134231102362204
20
-4.7074572047244096
11
4.3073622834645668
21
-4.7099676771653538
0
LINE
8
BLACK
6
CONTINUOUS
10
4.3073622834645668
20
-4.7099676771653538
11
4.3009281496062988
21
-4.7112475196850392
0
LINE
8
BLACK
6
CONTINUOUS
10
4.3009281496062988
20
-4.7112475196850392
11
4.2943679133858268
21
-4.7112475196850392
0
LINE
8
BLACK
6
CONTINUOUS
10
4.2943679133858268
20
-4.7112475196850392
11
4.2879337795275587
21
-4.7099676771653538
0
LINE
8
BLACK
6
CONTINUOUS
10
4.2879337795275587
20
-4.7099676771653538
11
4.2818729527559052
21
-4.7074572047244096
0
LINE
8
BLACK
6
CONTINUOUS
10
4.2818729527559052
20
-4.7074572047244096
11
4.2764183464566932
21
-4.7038125590551179
0
LINE
8
BLACK
6
CONTINUOUS
10
4.2764183464566932
20
-4.7038125590551179
11
4.2717795669291334
21
-4.699173779527559
0
LINE
8
BLACK
6
CONTINUOUS
10
4.2717795669291334
20
-4.699173779527559
11
4.2681349212598425
21
-4.6937191732283461
0
LINE
8
BLACK
6
CONTINUOUS
10
4.2681349212598425
20
-4.6937191732283461
11
4.2656244488188975
21
-4.6876583464566925
0
LINE
8
BLACK
6
CONTINUOUS
10
4.2656244488188975
20
-4.6876583464566925
11
4.2643446062992121
21
-4.6812242125984254
0
LINE
8
BLACK
6
CONTINUOUS
10
4.2643446062992121
20
-4.6812242125984254
11
4.2643446062992121
21
-4.6746639763779525
0
LINE
8
BLACK
6
CONTINUOUS
10
4.2643446062992121
20
-4.6746639763779525
11
4.2656244488188975
21
-4.6682298425196853
0
LINE
8
BLACK
6
CONTINUOUS
10
4.2656244488188975
20
-4.6682298425196853
11
4.2681349212598425
21
-4.6621690157480318
0
LINE
8
BLACK
6
CONTINUOUS
10
4.2681349212598425
20
-4.6621690157480318
11
4.2717795669291334
21
-4.6567144094488189
0
LINE
8
BLACK
6
CONTINUOUS
10
4.2717795669291334
20
-4.6567144094488189
11
4.2764183464566932
21
-4.65207562992126
0
LINE
8
BLACK
6
CONTINUOUS
10
4.2764183464566932
20
-4.65207562992126
11
4.2818729527559052
21
-4.6484309842519682
0
LINE
8
BLACK
6
CONTINUOUS
10
4.2818729527559052
20
-4.6484309842519682
11
4.2879337795275587
21
-4.6459205118110232
0
LINE
8
BLACK
6
CONTINUOUS
10
4.2879337795275587
20
-4.6459205118110232
11
4.2943679133858268
21
-4.6446406692913387
0
LINE
8
BLACK
6
CONTINUOUS
10
4.2943679133858268
20
-4.6446406692913387
11
4.3009281496062988
21
-4.6446406692913387
0
LINE
8
BLACK
6
CONTINUOUS
10
4.3009281496062988
20
-4.6446406692913387
11
4.3073622834645668
21
-4.6459205118110232
0
LINE
8
BLACK
6
CONTINUOUS
10
4.4073622834645665
20
-4.6459205118110232
11
4.41342311023622
21
-4.6484309842519682
0
LINE
8
BLACK
6
CONTINUOUS
10
4.41342311023622
20
-4.6484309842519682
11
4.4188777165354329
21
-4.65207562992126
0
LINE
8
BLACK
6
CONTINUOUS
10
4.4188777165354329
20
-4.65207562992126
11
4.4235164960629918
21
-4.6567144094488189
0
LINE
8
BLACK
6
CONTINUOUS
10
4.4235164960629918
20
-4.6567144094488189
11
4.4271611417322836
21
-4.6621690157480318
0
LINE
8
BLACK
6
CONTINUOUS
10
4.4271611417322836
20
-4.6621690157480318
11
4.4296716141732286
21
-4.6682298425196853
0
LINE
8
BLACK
6
CONTINUOUS
10
4.4296716141732286
20
-4.6682298425196853
11
4.4309514566929131
21
-4.6746639763779525
0
LINE
8
BLACK
6
CONTINUOUS
10
4.4309514566929131
20
-4.6746639763779525
11
4.4309514566929131
21
-4.6812242125984254
0
LINE
8
BLACK
6
CONTINUOUS
10
4.4309514566929131
20
-4.6812242125984254
11
4.4296716141732286
21
-4.6876583464566925
0
LINE
8
BLACK
6
CONTINUOUS
10
4.4296716141732286
20
-4.6876583464566925
11
4.4271611417322836
21
-4.6937191732283461
0
LINE
8
BLACK
6
CONTINUOUS
10
4.4271611417322836
20
-4.6937191732283461
11
4.4235164960629918
21
-4.699173779527559
0
LINE
8
BLACK
6
CONTINUOUS
10
4.4235164960629918
20
-4.699173779527559
11
4.4188777165354329
21
-4.7038125590551179
0
LINE
8
BLACK
6
CONTINUOUS
10
4.4188777165354329
20
-4.7038125590551179
11
4.41342311023622
21
-4.7074572047244096
0
LINE
8
BLACK
6
CONTINUOUS
10
4.41342311023622
20
-4.7074572047244096
11
4.4073622834645665
21
-4.7099676771653538
0
LINE
8
BLACK
6
CONTINUOUS
10
4.4073622834645665
20
-4.7099676771653538
11
4.4009281496062993
21
-4.7112475196850392
0
LINE
8
BLACK
6
CONTINUOUS
10
4.4009281496062993
20
-4.7112475196850392
11
4.3943679133858264
21
-4.7112475196850392
0
LINE
8
BLACK
6
CONTINUOUS
10
4.3943679133858264
20
-4.7112475196850392
11
4.3879337795275593
21
-4.7099676771653538
0
LINE
8
BLACK
6
CONTINUOUS
10
4.3879337795275593
20
-4.7099676771653538
11
4.3818729527559057
21
-4.7074572047244096
0
LINE
8
BLACK
6
CONTINUOUS
10
4.3818729527559057
20
-4.7074572047244096
11
4.3764183464566928
21
-4.7038125590551179
0
LINE
8
BLACK
6
CONTINUOUS
10
4.3764183464566928
20
-4.7038125590551179
11
4.3717795669291339
21
-4.699173779527559
0
LINE
8
BLACK
6
CONTINUOUS
10
4.3717795669291339
20
-4.699173779527559
11
4.3681349212598422
21
-4.6937191732283461
0
LINE
8
BLACK
6
CONTINUOUS
10
4.3681349212598422
20
-4.6937191732283461
11
4.3656244488188971
21
-4.6876583464566925
0
LINE
8
BLACK
6
CONTINUOUS
10
4.3656244488188971
20
-4.6876583464566925
11
4.3643446062992126
21
-4.6812242125984254
0
LINE
8
BLACK
6
CONTINUOUS
10
4.3643446062992126
20
-4.6812242125984254
11
4.3643446062992126
21
-4.6746639763779525
0
LINE
8
BLACK
6
CONTINUOUS
10
4.3643446062992126
20
-4.6746639763779525
11
4.3656244488188971
21
-4.6682298425196853
0
LINE
8
BLACK
6
CONTINUOUS
10
4.3656244488188971
20
-4.6682298425196853
11
4.3681349212598422
21
-4.6621690157480318
0
LINE
8
BLACK
6
CONTINUOUS
10
4.3681349212598422
20
-4.6621690157480318
11
4.3717795669291339
21
-4.6567144094488189
0
LINE
8
BLACK
6
CONTINUOUS
10
4.3717795669291339
20
-4.6567144094488189
11
4.3764183464566928
21
-4.65207562992126
0
LINE
8
BLACK
6
CONTINUOUS
10
4.3764183464566928
20
-4.65207562992126
11
4.3818729527559057
21
-4.6484309842519682
0
LINE
8
BLACK
6
CONTINUOUS
10
4.3818729527559057
20
-4.6484309842519682
11
4.3879337795275593
21
-4.6459205118110232
0
LINE
8
BLACK
6
CONTINUOUS
10
4.3879337795275593
20
-4.6459205118110232
11
4.3943679133858264
21
-4.6446406692913387
0
LINE
8
BLACK
6
CONTINUOUS
10
4.3943679133858264
20
-4.6446406692913387
11
4.4009281496062993
21
-4.6446406692913387
0
LINE
8
BLACK
6
CONTINUOUS
10
4.4009281496062993
20
-4.6446406692913387
11
4.4073622834645665
21
-4.6459205118110232
0
LINE
8
BLACK
6
CONTINUOUS
10
4.7210732283464569
20
-4.7088496062992125
11
4.6639866141732282
21
-4.7088496062992125
0
LINE
8
BLACK
6
CONTINUOUS
10
4.6639866141732282
20
-4.7088496062992125
11
4.6639866141732282
21
-4.6911330708661421
0
LINE
8
BLACK
6
CONTINUOUS
10
4.6639866141732282
20
-4.6911330708661421
11
4.7210732283464569
21
-4.6911330708661421
0
LINE
8
BLACK
6
CONTINUOUS
10
4.7210732283464569
20
-4.6911330708661421
11
4.7210732283464569
21
-4.7088496062992125
0
LINE
8
BLACK
6
CONTINUOUS
10
4.9533566929133857
20
-4.7088496062992125
11
4.896270078740157
21
-4.7088496062992125
0
LINE
8
BLACK
6
CONTINUOUS
10
4.896270078740157
20
-4.7088496062992125
11
4.896270078740157
21
-4.6911330708661421
0
LINE
8
BLACK
6
CONTINUOUS
10
4.896270078740157
20
-4.6911330708661421
11
4.9533566929133857
21
-4.6911330708661421
0
LINE
8
BLACK
6
CONTINUOUS
10
4.9533566929133857
20
-4.6911330708661421
11
4.9533566929133857
21
-4.7088496062992125
0
LINE
8
BLACK
6
CONTINUOUS
10
6.3281862598425196
20
-4.5670791338582672
11
6.3313794094488189
21
-4.569212716535433
0
LINE
8
BLACK
6
CONTINUOUS
10
6.3313794094488189
20
-4.569212716535433
11
6.3335129921259838
21
-4.5724058661417324
0
LINE
8
BLACK
6
CONTINUOUS
10
6.3335129921259838
20
-4.5724058661417324
11
6.3342622047244097
21
-4.5761724409448821
0
LINE
8
BLACK
6
CONTINUOUS
10
6.3342622047244097
20
-4.5761724409448821
11
6.3342622047244097
21
-4.6883771653543302
0
LINE
8
BLACK
6
CONTINUOUS
10
6.3342622047244097
20
-4.6883771653543302
11
6.3335129921259838
21
-4.6921437401574799
0
LINE
8
BLACK
6
CONTINUOUS
10
6.3335129921259838
20
-4.6921437401574799
11
6.3313794094488189
21
-4.6953368897637793
0
LINE
8
BLACK
6
CONTINUOUS
10
6.3313794094488189
20
-4.6953368897637793
11
6.3281862598425196
21
-4.6974704724409451
0
LINE
8
BLACK
6
CONTINUOUS
10
6.3281862598425196
20
-4.6974704724409451
11
6.3244196850393699
21
-4.69821968503937
0
LINE
8
BLACK
6
CONTINUOUS
10
6.3244196850393699
20
-4.69821968503937
11
6.295876377952756
21
-4.69821968503937
0
LINE
8
BLACK
6
CONTINUOUS
10
6.295876377952756
20
-4.69821968503937
11
6.2921098031496063
21
-4.6974704724409451
0
LINE
8
BLACK
6
CONTINUOUS
10
6.2921098031496063
20
-4.6974704724409451
11
6.288916653543307
21
-4.6953368897637793
0
LINE
8
BLACK
6
CONTINUOUS
10
6.288916653543307
20
-4.6953368897637793
11
6.2867830708661412
21
-4.6921437401574799
0
LINE
8
BLACK
6
CONTINUOUS
10
6.2867830708661412
20
-4.6921437401574799
11
6.2860338582677162
21
-4.6883771653543302
0
LINE
8
BLACK
6
CONTINUOUS
10
6.2860338582677162
20
-4.6883771653543302
11
6.2860338582677162
21
-4.5761724409448821
0
LINE
8
BLACK
6
CONTINUOUS
10
6.2860338582677162
20
-4.5761724409448821
11
6.2867830708661412
21
-4.5724058661417324
0
LINE
8
BLACK
6
CONTINUOUS
10
6.2867830708661412
20
-4.5724058661417324
11
6.288916653543307
21
-4.569212716535433
0
LINE
8
BLACK
6
CONTINUOUS
10
6.288916653543307
20
-4.569212716535433
11
6.2921098031496063
21
-4.5670791338582672
0
LINE
8
BLACK
6
CONTINUOUS
10
6.2921098031496063
20
-4.5670791338582672
11
6.295876377952756
21
-4.5663299212598423
0
LINE
8
BLACK
6
CONTINUOUS
10
6.295876377952756
20
-4.5663299212598423
11
6.3244196850393699
21
-4.5663299212598423
0
LINE
8
BLACK
6
CONTINUOUS
10
6.3244196850393699
20
-4.5663299212598423
11
6.3281862598425196
21
-4.5670791338582672
0
LINE
8
BLACK
6
CONTINUOUS
10
6.5614539763779529
20
-4.5670791338582672
11
6.5646471259842523
21
-4.569212716535433
0
LINE
8
BLACK
6
CONTINUOUS
10
6.5646471259842523
20
-4.569212716535433
11
6.5667807086614172
21
-4.5724058661417324
0
LINE
8
BLACK
6
CONTINUOUS
10
6.5667807086614172
20
-4.5724058661417324
11
6.5675299212598421
21
-4.5761724409448821
0
LINE
8
BLACK
6
CONTINUOUS
10
6.5675299212598421
20
-4.5761724409448821
11
6.5675299212598421
21
-4.6883771653543302
0
LINE
8
BLACK
6
CONTINUOUS
10
6.5675299212598421
20
-4.6883771653543302
11
6.5667807086614172
21
-4.6921437401574799
0
LINE
8
BLACK
6
CONTINUOUS
10
6.5667807086614172
20
-4.6921437401574799
11
6.5646471259842523
21
-4.6953368897637793
0
LINE
8
BLACK
6
CONTINUOUS
10
6.5646471259842523
20
-4.6953368897637793
11
6.5614539763779529
21
-4.6974704724409451
0
LINE
8
BLACK
6
CONTINUOUS
10
6.5614539763779529
20
-4.6974704724409451
11
6.5576874015748032
21
-4.69821968503937
0
LINE
8
BLACK
6
CONTINUOUS
10
6.5576874015748032
20
-4.69821968503937
11
6.5291440944881884
21
-4.69821968503937
0
LINE
8
BLACK
6
CONTINUOUS
10
6.5291440944881884
20
-4.69821968503937
11
6.5253775196850397
21
-4.6974704724409451
0
LINE
8
BLACK
6
CONTINUOUS
10
6.5253775196850397
20
-4.6974704724409451
11
6.5221843700787403
21
-4.6953368897637793
0
LINE
8
BLACK
6
CONTINUOUS
10
6.5221843700787403
20
-4.6953368897637793
11
6.5200507874015745
21
-4.6921437401574799
0
LINE
8
BLACK
6
CONTINUOUS
10
6.5200507874015745
20
-4.6921437401574799
11
6.5193015748031495
21
-4.6883771653543302
0
LINE
8
BLACK
6
CONTINUOUS
10
6.5193015748031495
20
-4.6883771653543302
11
6.5193015748031495
21
-4.5761724409448821
0
LINE
8
BLACK
6
CONTINUOUS
10
6.5193015748031495
20
-4.5761724409448821
11
6.5200507874015745
21
-4.5724058661417324
0
LINE
8
BLACK
6
CONTINUOUS
10
6.5200507874015745
20
-4.5724058661417324
11
6.5221843700787403
21
-4.569212716535433
0
LINE
8
BLACK
6
CONTINUOUS
10
6.5221843700787403
20
-4.569212716535433
11
6.5253775196850397
21
-4.5670791338582672
0
LINE
8
BLACK
6
CONTINUOUS
10
6.5253775196850397
20
-4.5670791338582672
11
6.5291440944881884
21
-4.5663299212598423
0
LINE
8
BLACK
6
CONTINUOUS
10
6.5291440944881884
20
-4.5663299212598423
11
6.5576874015748032
21
-4.5663299212598423
0
LINE
8
BLACK
6
CONTINUOUS
10
6.5576874015748032
20
-4.5663299212598423
11
6.5614539763779529
21
-4.5670791338582672
0
LINE
8
BLACK
6
CONTINUOUS
10
4.7210732283464569
20
-4.6832590551181097
11
4.6639866141732282
21
-4.6832590551181097
0
LINE
8
BLACK
6
CONTINUOUS
10
4.6639866141732282
20
-4.6832590551181097
11
4.6639866141732282
21
-4.6655425196850393
0
LINE
8
BLACK
6
CONTINUOUS
10
4.6639866141732282
20
-4.6655425196850393
11
4.7210732283464569
21
-4.6655425196850393
0
LINE
8
BLACK
6
CONTINUOUS
10
4.7210732283464569
20
-4.6655425196850393
11
4.7210732283464569
21
-4.6832590551181097
0
LINE
8
BLACK
6
CONTINUOUS
10
4.9533566929133857
20
-4.6832590551181097
11
4.896270078740157
21
-4.6832590551181097
0
LINE
8
BLACK
6
CONTINUOUS
10
4.896270078740157
20
-4.6832590551181097
11
4.896270078740157
21
-4.6655425196850393
0
LINE
8
BLACK
6
CONTINUOUS
10
4.896270078740157
20
-4.6655425196850393
11
4.9533566929133857
21
-4.6655425196850393
0
LINE
8
BLACK
6
CONTINUOUS
10
4.9533566929133857
20
-4.6655425196850393
11
4.9533566929133857
21
-4.6832590551181097
0
LINE
8
BLACK
6
CONTINUOUS
10
4.3311125984251966
20
-4.6114086614173226
11
4.264183464566929
21
-4.6114086614173226
0
LINE
8
BLACK
6
CONTINUOUS
10
4.264183464566929
20
-4.6114086614173226
11
4.264183464566929
21
-4.544479527559055
0
LINE
8
BLACK
6
CONTINUOUS
10
4.264183464566929
20
-4.544479527559055
11
4.3311125984251966
21
-4.544479527559055
0
LINE
8
BLACK
6
CONTINUOUS
10
4.3311125984251966
20
-4.544479527559055
11
4.3311125984251966
21
-4.6114086614173226
0
LINE
8
BLACK
6
CONTINUOUS
10
4.4073622834645665
20
-4.5459205118110235
11
4.41342311023622
21
-4.5484309842519686
0
LINE
8
BLACK
6
CONTINUOUS
10
4.41342311023622
20
-4.5484309842519686
11
4.4188777165354329
21
-4.5520756299212595
0
LINE
8
BLACK
6
CONTINUOUS
10
4.4188777165354329
20
-4.5520756299212595
11
4.4235164960629918
21
-4.5567144094488192
0
LINE
8
BLACK
6
CONTINUOUS
10
4.4235164960629918
20
-4.5567144094488192
11
4.4271611417322836
21
-4.5621690157480312
0
LINE
8
BLACK
6
CONTINUOUS
10
4.4271611417322836
20
-4.5621690157480312
11
4.4296716141732286
21
-4.5682298425196848
0
LINE
8
BLACK
6
CONTINUOUS
10
4.4296716141732286
20
-4.5682298425196848
11
4.4309514566929131
21
-4.5746639763779529
0
LINE
8
BLACK
6
CONTINUOUS
10
4.4309514566929131
20
-4.5746639763779529
11
4.4309514566929131
21
-4.5812242125984248
0
LINE
8
BLACK
6
CONTINUOUS
10
4.4309514566929131
20
-4.5812242125984248
11
4.4296716141732286
21
-4.5876583464566929
0
LINE
8
BLACK
6
CONTINUOUS
10
4.4296716141732286
20
-4.5876583464566929
11
4.4271611417322836
21
-4.5937191732283464
0
LINE
8
BLACK
6
CONTINUOUS
10
4.4271611417322836
20
-4.5937191732283464
11
4.4235164960629918
21
-4.5991737795275593
0
LINE
8
BLACK
6
CONTINUOUS
10
4.4235164960629918
20
-4.5991737795275593
11
4.4188777165354329
21
-4.6038125590551182
0
LINE
8
BLACK
6
CONTINUOUS
10
4.4188777165354329
20
-4.6038125590551182
11
4.41342311023622
21
-4.6074572047244091
0
LINE
8
BLACK
6
CONTINUOUS
10
4.41342311023622
20
-4.6074572047244091
11
4.4073622834645665
21
-4.6099676771653542
0
LINE
8
BLACK
6
CONTINUOUS
10
4.4073622834645665
20
-4.6099676771653542
11
4.4009281496062993
21
-4.6112475196850395
0
LINE
8
BLACK
6
CONTINUOUS
10
4.4009281496062993
20
-4.6112475196850395
11
4.3943679133858264
21
-4.6112475196850395
0
LINE
8
BLACK
6
CONTINUOUS
10
4.3943679133858264
20
-4.6112475196850395
11
4.3879337795275593
21
-4.6099676771653542
0
LINE
8
BLACK
6
CONTINUOUS
10
4.3879337795275593
20
-4.6099676771653542
11
4.3818729527559057
21
-4.6074572047244091
0
LINE
8
BLACK
6
CONTINUOUS
10
4.3818729527559057
20
-4.6074572047244091
11
4.3764183464566928
21
-4.6038125590551182
0
LINE
8
BLACK
6
CONTINUOUS
10
4.3764183464566928
20
-4.6038125590551182
11
4.3717795669291339
21
-4.5991737795275593
0
LINE
8
BLACK
6
CONTINUOUS
10
4.3717795669291339
20
-4.5991737795275593
11
4.3681349212598422
21
-4.5937191732283464
0
LINE
8
BLACK
6
CONTINUOUS
10
4.3681349212598422
20
-4.5937191732283464
11
4.3656244488188971
21
-4.5876583464566929
0
LINE
8
BLACK
6
CONTINUOUS
10
4.3656244488188971
20
-4.5876583464566929
11
4.3643446062992126
21
-4.5812242125984248
0
LINE
8
BLACK
6
CONTINUOUS
10
4.3643446062992126
20
-4.5812242125984248
11
4.3643446062992126
21
-4.5746639763779529
0
LINE
8
BLACK
6
CONTINUOUS
10
4.3643446062992126
20
-4.5746639763779529
11
4.3656244488188971
21
-4.5682298425196848
0
LINE
8
BLACK
6
CONTINUOUS
10
4.3656244488188971
20
-4.5682298425196848
11
4.3681349212598422
21
-4.5621690157480312
0
LINE
8
BLACK
6
CONTINUOUS
10
4.3681349212598422
20
-4.5621690157480312
11
4.3717795669291339
21
-4.5567144094488192
0
LINE
8
BLACK
6
CONTINUOUS
10
4.3717795669291339
20
-4.5567144094488192
11
4.3764183464566928
21
-4.5520756299212595
0
LINE
8
BLACK
6
CONTINUOUS
10
4.3764183464566928
20
-4.5520756299212595
11
4.3818729527559057
21
-4.5484309842519686
0
LINE
8
BLACK
6
CONTINUOUS
10
4.3818729527559057
20
-4.5484309842519686
11
4.3879337795275593
21
-4.5459205118110235
0
LINE
8
BLACK
6
CONTINUOUS
10
4.3879337795275593
20
-4.5459205118110235
11
4.3943679133858264
21
-4.5446406692913381
0
LINE
8
BLACK
6
CONTINUOUS
10
4.3943679133858264
20
-4.5446406692913381
11
4.4009281496062993
21
-4.5446406692913381
0
LINE
8
BLACK
6
CONTINUOUS
10
4.4009281496062993
20
-4.5446406692913381
11
4.4073622834645665
21
-4.5459205118110235
0
LINE
8
BLACK
6
CONTINUOUS
10
3.8236680708661415
20
-4.5236119291338586
11
3.8283409448818895
21
-4.5263098031496058
0
LINE
8
BLACK
6
CONTINUOUS
10
3.8283409448818895
20
-4.5263098031496058
11
3.8321563385826769
21
-4.5301251968503937
0
LINE
8
BLACK
6
CONTINUOUS
10
3.8321563385826769
20
-4.5301251968503937
11
3.8348542125984251
21
-4.5347980708661417
0
LINE
8
BLACK
6
CONTINUOUS
10
3.8348542125984251
20
-4.5347980708661417
11
3.836250748031496
21
-4.5400099999999997
0
LINE
8
BLACK
6
CONTINUOUS
10
3.836250748031496
20
-4.5400099999999997
11
3.8364275590551182
21
-4.5427078740157478
0
LINE
8
BLACK
6
CONTINUOUS
10
3.8364275590551182
20
-4.5427078740157478
11
3.8364275590551182
21
-4.5840464566929136
0
LINE
8
BLACK
6
CONTINUOUS
10
3.8364275590551182
20
-4.5840464566929136
11
3.836250748031496
21
-4.5867443307086617
0
LINE
8
BLACK
6
CONTINUOUS
10
3.836250748031496
20
-4.5867443307086617
11
3.8348542125984251
21
-4.5919562598425196
0
LINE
8
BLACK
6
CONTINUOUS
10
3.8348542125984251
20
-4.5919562598425196
11
3.8321563385826769
21
-4.5966291338582677
0
LINE
8
BLACK
6
CONTINUOUS
10
3.8321563385826769
20
-4.5966291338582677
11
3.8283409448818895
21
-4.6004445275590546
0
LINE
8
BLACK
6
CONTINUOUS
10
3.8283409448818895
20
-4.6004445275590546
11
3.8236680708661415
21
-4.6031424015748028
0
LINE
8
BLACK
6
CONTINUOUS
10
3.8236680708661415
20
-4.6031424015748028
11
3.8184561417322835
21
-4.6045389370078738
0
LINE
8
BLACK
6
CONTINUOUS
10
3.8184561417322835
20
-4.6045389370078738
11
3.8130603937007872
21
-4.6045389370078738
0
LINE
8
BLACK
6
CONTINUOUS
10
3.8130603937007872
20
-4.6045389370078738
11
3.8078484645669288
21
-4.6031424015748028
0
LINE
8
BLACK
6
CONTINUOUS
10
3.8078484645669288
20
-4.6031424015748028
11
3.8031755905511808
21
-4.6004445275590546
0
LINE
8
BLACK
6
CONTINUOUS
10
3.8031755905511808
20
-4.6004445275590546
11
3.7993601968503938
21
-4.5966291338582677
0
LINE
8
BLACK
6
CONTINUOUS
10
3.7993601968503938
20
-4.5966291338582677
11
3.7966623228346457
21
-4.5919562598425196
0
LINE
8
BLACK
6
CONTINUOUS
10
3.7966623228346457
20
-4.5919562598425196
11
3.7952657874015747
21
-4.5867443307086617
0
LINE
8
BLACK
6
CONTINUOUS
10
3.7952657874015747
20
-4.5867443307086617
11
3.7950889763779525
21
-4.5840464566929136
0
LINE
8
BLACK
6
CONTINUOUS
10
3.7950889763779525
20
-4.5840464566929136
11
3.7950889763779525
21
-4.5427078740157478
0
LINE
8
BLACK
6
CONTINUOUS
10
3.7950889763779525
20
-4.5427078740157478
11
3.7952657874015747
21
-4.5400099999999997
0
LINE
8
BLACK
6
CONTINUOUS
10
3.7952657874015747
20
-4.5400099999999997
11
3.7966623228346457
21
-4.5347980708661417
0
LINE
8
BLACK
6
CONTINUOUS
10
3.7966623228346457
20
-4.5347980708661417
11
3.7993601968503938
21
-4.5301251968503937
0
LINE
8
BLACK
6
CONTINUOUS
10
3.7993601968503938
20
-4.5301251968503937
11
3.8031755905511808
21
-4.5263098031496058
0
LINE
8
BLACK
6
CONTINUOUS
10
3.8031755905511808
20
-4.5263098031496058
11
3.8078484645669288
21
-4.5236119291338586
0
LINE
8
BLACK
6
CONTINUOUS
10
3.8078484645669288
20
-4.5236119291338586
11
3.8130603937007872
21
-4.5222153937007876
0
LINE
8
BLACK
6
CONTINUOUS
10
3.8130603937007872
20
-4.5222153937007876
11
3.8184561417322835
21
-4.5222153937007876
0
LINE
8
BLACK
6
CONTINUOUS
10
3.8184561417322835
20
-4.5222153937007876
11
3.8236680708661415
21
-4.5236119291338586
0
LINE
8
BLACK
6
CONTINUOUS
10
4.1638255511811026
20
-4.5236119291338586
11
4.1684984251968507
21
-4.5263098031496058
0
LINE
8
BLACK
6
CONTINUOUS
10
4.1684984251968507
20
-4.5263098031496058
11
4.1723138188976376
21
-4.5301251968503937
0
LINE
8
BLACK
6
CONTINUOUS
10
4.1723138188976376
20
-4.5301251968503937
11
4.1750116929133858
21
-4.5347980708661417
0
LINE
8
BLACK
6
CONTINUOUS
10
4.1750116929133858
20
-4.5347980708661417
11
4.1764082283464568
21
-4.5400099999999997
0
LINE
8
BLACK
6
CONTINUOUS
10
4.1764082283464568
20
-4.5400099999999997
11
4.176585039370079
21
-4.5427078740157478
0
LINE
8
BLACK
6
CONTINUOUS
10
4.176585039370079
20
-4.5427078740157478
11
4.176585039370079
21
-4.5840464566929136
0
LINE
8
BLACK
6
CONTINUOUS
10
4.176585039370079
20
-4.5840464566929136
11
4.1764082283464568
21
-4.5867443307086617
0
LINE
8
BLACK
6
CONTINUOUS
10
4.1764082283464568
20
-4.5867443307086617
11
4.1750116929133858
21
-4.5919562598425196
0
LINE
8
BLACK
6
CONTINUOUS
10
4.1750116929133858
20
-4.5919562598425196
11
4.1723138188976376
21
-4.5966291338582677
0
LINE
8
BLACK
6
CONTINUOUS
10
4.1723138188976376
20
-4.5966291338582677
11
4.1684984251968507
21
-4.6004445275590546
0
LINE
8
BLACK
6
CONTINUOUS
10
4.1684984251968507
20
-4.6004445275590546
11
4.1638255511811026
21
-4.6031424015748028
0
LINE
8
BLACK
6
CONTINUOUS
10
4.1638255511811026
20
-4.6031424015748028
11
4.1586136220472438
21
-4.6045389370078738
0
LINE
8
BLACK
6
CONTINUOUS
10
4.1586136220472438
20
-4.6045389370078738
11
4.1532178740157484
21
-4.6045389370078738
0
LINE
8
BLACK
6
CONTINUOUS
10
4.1532178740157484
20
-4.6045389370078738
11
4.1480059448818896
21
-4.6031424015748028
0
LINE
8
BLACK
6
CONTINUOUS
10
4.1480059448818896
20
-4.6031424015748028
11
4.1433330708661416
21
-4.6004445275590546
0
LINE
8
BLACK
6
CONTINUOUS
10
4.1433330708661416
20
-4.6004445275590546
11
4.1395176771653546
21
-4.5966291338582677
0
LINE
8
BLACK
6
CONTINUOUS
10
4.1395176771653546
20
-4.5966291338582677
11
4.1368198031496064
21
-4.5919562598425196
0
LINE
8
BLACK
6
CONTINUOUS
10
4.1368198031496064
20
-4.5919562598425196
11
4.1354232677165355
21
-4.5867443307086617
0
LINE
8
BLACK
6
CONTINUOUS
10
4.1354232677165355
20
-4.5867443307086617
11
4.1352464566929132
21
-4.5840464566929136
0
LINE
8
BLACK
6
CONTINUOUS
10
4.1352464566929132
20
-4.5840464566929136
11
4.1352464566929132
21
-4.5427078740157478
0
LINE
8
BLACK
6
CONTINUOUS
10
4.1352464566929132
20
-4.5427078740157478
11
4.1354232677165355
21
-4.5400099999999997
0
LINE
8
BLACK
6
CONTINUOUS
10
4.1354232677165355
20
-4.5400099999999997
11
4.1368198031496064
21
-4.5347980708661417
0
LINE
8
BLACK
6
CONTINUOUS
10
4.1368198031496064
20
-4.5347980708661417
11
4.1395176771653546
21
-4.5301251968503937
0
LINE
8
BLACK
6
CONTINUOUS
10
4.1395176771653546
20
-4.5301251968503937
11
4.1433330708661416
21
-4.5263098031496058
0
LINE
8
BLACK
6
CONTINUOUS
10
4.1433330708661416
20
-4.5263098031496058
11
4.1480059448818896
21
-4.5236119291338586
0
LINE
8
BLACK
6
CONTINUOUS
10
4.1480059448818896
20
-4.5236119291338586
11
4.1532178740157484
21
-4.5222153937007876
0
LINE
8
BLACK
6
CONTINUOUS
10
4.1532178740157484
20
-4.5222153937007876
11
4.1586136220472438
21
-4.5222153937007876
0
LINE
8
BLACK
6
CONTINUOUS
10
4.1586136220472438
20
-4.5222153937007876
11
4.1638255511811026
21
-4.5236119291338586
0
LINE
8
BLACK
6
CONTINUOUS
10
4.6962964960629918
20
-4.5332208661417326
11
4.6994896456692912
21
-4.5353544488188975
0
LINE
8
BLACK
6
CONTINUOUS
10
4.6994896456692912
20
-4.5353544488188975
11
4.701623228346457
21
-4.5385475984251968
0
LINE
8
BLACK
6
CONTINUOUS
10
4.701623228346457
20
-4.5385475984251968
11
4.7023724409448819
21
-4.5423141732283465
0
LINE
8
BLACK
6
CONTINUOUS
10
4.7023724409448819
20
-4.5423141732283465
11
4.7023724409448819
21
-4.5797157480314956
0
LINE
8
BLACK
6
CONTINUOUS
10
4.7023724409448819
20
-4.5797157480314956
11
4.701623228346457
21
-4.5834823228346453
0
LINE
8
BLACK
6
CONTINUOUS
10
4.701623228346457
20
-4.5834823228346453
11
4.6994896456692912
21
-4.5866754724409446
0
LINE
8
BLACK
6
CONTINUOUS
10
4.6994896456692912
20
-4.5866754724409446
11
4.6962964960629918
21
-4.5888090551181104
0
LINE
8
BLACK
6
CONTINUOUS
10
4.6962964960629918
20
-4.5888090551181104
11
4.6925299212598421
21
-4.5895582677165354
0
LINE
8
BLACK
6
CONTINUOUS
10
4.6925299212598421
20
-4.5895582677165354
11
4.6728448818897634
21
-4.5895582677165354
0
LINE
8
BLACK
6
CONTINUOUS
10
4.6728448818897634
20
-4.5895582677165354
11
4.6690783070866138
21
-4.5888090551181104
0
LINE
8
BLACK
6
CONTINUOUS
10
4.6690783070866138
20
-4.5888090551181104
11
4.6658851574803153
21
-4.5866754724409446
0
LINE
8
BLACK
6
CONTINUOUS
10
4.6658851574803153
20
-4.5866754724409446
11
4.6637515748031495
21
-4.5834823228346453
0
LINE
8
BLACK
6
CONTINUOUS
10
4.6637515748031495
20
-4.5834823228346453
11
4.6630023622047245
21
-4.5797157480314956
0
LINE
8
BLACK
6
CONTINUOUS
10
4.6630023622047245
20
-4.5797157480314956
11
4.6630023622047245
21
-4.5423141732283465
0
LINE
8
BLACK
6
CONTINUOUS
10
4.6630023622047245
20
-4.5423141732283465
11
4.6637515748031495
21
-4.5385475984251968
0
LINE
8
BLACK
6
CONTINUOUS
10
4.6637515748031495
20
-4.5385475984251968
11
4.6658851574803153
21
-4.5353544488188975
0
LINE
8
BLACK
6
CONTINUOUS
10
4.6658851574803153
20
-4.5353544488188975
11
4.6690783070866138
21
-4.5332208661417326
0
LINE
8
BLACK
6
CONTINUOUS
10
4.6690783070866138
20
-4.5332208661417326
11
4.6728448818897634
21
-4.5324716535433067
0
LINE
8
BLACK
6
CONTINUOUS
10
4.6728448818897634
20
-4.5324716535433067
11
4.6925299212598421
21
-4.5324716535433067
0
LINE
8
BLACK
6
CONTINUOUS
10
4.6925299212598421
20
-4.5324716535433067
11
4.6962964960629918
21
-4.5332208661417326
0
LINE
8
BLACK
6
CONTINUOUS
10
4.7710996456692909
20
-4.5332208661417326
11
4.7742927952755903
21
-4.5353544488188975
0
LINE
8
BLACK
6
CONTINUOUS
10
4.7742927952755903
20
-4.5353544488188975
11
4.776426377952756
21
-4.5385475984251968
0
LINE
8
BLACK
6
CONTINUOUS
10
4.776426377952756
20
-4.5385475984251968
11
4.777175590551181
21
-4.5423141732283465
0
LINE
8
BLACK
6
CONTINUOUS
10
4.777175590551181
20
-4.5423141732283465
11
4.777175590551181
21
-4.5797157480314956
0
LINE
8
BLACK
6
CONTINUOUS
10
4.777175590551181
20
-4.5797157480314956
11
4.776426377952756
21
-4.5834823228346453
0
LINE
8
BLACK
6
CONTINUOUS
10
4.776426377952756
20
-4.5834823228346453
11
4.7742927952755903
21
-4.5866754724409446
0
LINE
8
BLACK
6
CONTINUOUS
10
4.7742927952755903
20
-4.5866754724409446
11
4.7710996456692909
21
-4.5888090551181104
0
LINE
8
BLACK
6
CONTINUOUS
10
4.7710996456692909
20
-4.5888090551181104
11
4.7673330708661412
21
-4.5895582677165354
0
LINE
8
BLACK
6
CONTINUOUS
10
4.7673330708661412
20
-4.5895582677165354
11
4.7476480314960625
21
-4.5895582677165354
0
LINE
8
BLACK
6
CONTINUOUS
10
4.7476480314960625
20
-4.5895582677165354
11
4.7438814566929128
21
-4.5888090551181104
0
LINE
8
BLACK
6
CONTINUOUS
10
4.7438814566929128
20
-4.5888090551181104
11
4.7406883070866144
21
-4.5866754724409446
0
LINE
8
BLACK
6
CONTINUOUS
10
4.7406883070866144
20
-4.5866754724409446
11
4.7385547244094486
21
-4.5834823228346453
0
LINE
8
BLACK
6
CONTINUOUS
10
4.7385547244094486
20
-4.5834823228346453
11
4.7378055118110236
21
-4.5797157480314956
0
LINE
8
BLACK
6
CONTINUOUS
10
4.7378055118110236
20
-4.5797157480314956
11
4.7378055118110236
21
-4.5423141732283465
0
LINE
8
BLACK
6
CONTINUOUS
10
4.7378055118110236
20
-4.5423141732283465
11
4.7385547244094486
21
-4.5385475984251968
0
LINE
8
BLACK
6
CONTINUOUS
10
4.7385547244094486
20
-4.5385475984251968
11
4.7406883070866144
21
-4.5353544488188975
0
LINE
8
BLACK
6
CONTINUOUS
10
4.7406883070866144
20
-4.5353544488188975
11
4.7438814566929128
21
-4.5332208661417326
0
LINE
8
BLACK
6
CONTINUOUS
10
4.7438814566929128
20
-4.5332208661417326
11
4.7476480314960625
21
-4.5324716535433067
0
LINE
8
BLACK
6
CONTINUOUS
10
4.7476480314960625
20
-4.5324716535433067
11
4.7673330708661412
21
-4.5324716535433067
0
LINE
8
BLACK
6
CONTINUOUS
10
4.7673330708661412
20
-4.5324716535433067
11
4.7710996456692909
21
-4.5332208661417326
0
LINE
8
BLACK
6
CONTINUOUS
10
4.8714933464566927
20
-4.5332208661417326
11
4.8746864960629921
21
-4.5353544488188975
0
LINE
8
BLACK
6
CONTINUOUS
10
4.8746864960629921
20
-4.5353544488188975
11
4.876820078740157
21
-4.5385475984251968
0
LINE
8
BLACK
6
CONTINUOUS
10
4.876820078740157
20
-4.5385475984251968
11
4.8775692913385829
21
-4.5423141732283465
0
LINE
8
BLACK
6
CONTINUOUS
10
4.8775692913385829
20
-4.5423141732283465
11
4.8775692913385829
21
-4.5797157480314956
0
LINE
8
BLACK
6
CONTINUOUS
10
4.8775692913385829
20
-4.5797157480314956
11
4.876820078740157
21
-4.5834823228346453
0
LINE
8
BLACK
6
CONTINUOUS
10
4.876820078740157
20
-4.5834823228346453
11
4.8746864960629921
21
-4.5866754724409446
0
LINE
8
BLACK
6
CONTINUOUS
10
4.8746864960629921
20
-4.5866754724409446
11
4.8714933464566927
21
-4.5888090551181104
0
LINE
8
BLACK
6
CONTINUOUS
10
4.8714933464566927
20
-4.5888090551181104
11
4.8677267716535431
21
-4.5895582677165354
0
LINE
8
BLACK
6
CONTINUOUS
10
4.8677267716535431
20
-4.5895582677165354
11
4.8480417322834644
21
-4.5895582677165354
0
LINE
8
BLACK
6
CONTINUOUS
10
4.8480417322834644
20
-4.5895582677165354
11
4.8442751574803147
21
-4.5888090551181104
0
LINE
8
BLACK
6
CONTINUOUS
10
4.8442751574803147
20
-4.5888090551181104
11
4.8410820078740153
21
-4.5866754724409446
0
LINE
8
BLACK
6
CONTINUOUS
10
4.8410820078740153
20
-4.5866754724409446
11
4.8389484251968504
21
-4.5834823228346453
0
LINE
8
BLACK
6
CONTINUOUS
10
4.8389484251968504
20
-4.5834823228346453
11
4.8381992125984254
21
-4.5797157480314956
0
LINE
8
BLACK
6
CONTINUOUS
10
4.8381992125984254
20
-4.5797157480314956
11
4.8381992125984254
21
-4.5423141732283465
0
LINE
8
BLACK
6
CONTINUOUS
10
4.8381992125984254
20
-4.5423141732283465
11
4.8389484251968504
21
-4.5385475984251968
0
LINE
8
BLACK
6
CONTINUOUS
10
4.8389484251968504
20
-4.5385475984251968
11
4.8410820078740153
21
-4.5353544488188975
0
LINE
8
BLACK
6
CONTINUOUS
10
4.8410820078740153
20
-4.5353544488188975
11
4.8442751574803147
21
-4.5332208661417326
0
LINE
8
BLACK
6
CONTINUOUS
10
4.8442751574803147
20
-4.5332208661417326
11
4.8480417322834644
21
-4.5324716535433067
0
LINE
8
BLACK
6
CONTINUOUS
10
4.8480417322834644
20
-4.5324716535433067
11
4.8677267716535431
21
-4.5324716535433067
0
LINE
8
BLACK
6
CONTINUOUS
10
4.8677267716535431
20
-4.5324716535433067
11
4.8714933464566927
21
-4.5332208661417326
0
LINE
8
BLACK
6
CONTINUOUS
10
4.9462964960629918
20
-4.5332208661417326
11
4.9494896456692912
21
-4.5353544488188975
0
LINE
8
BLACK
6
CONTINUOUS
10
4.9494896456692912
20
-4.5353544488188975
11
4.951623228346457
21
-4.5385475984251968
0
LINE
8
BLACK
6
CONTINUOUS
10
4.951623228346457
20
-4.5385475984251968
11
4.9523724409448819
21
-4.5423141732283465
0
LINE
8
BLACK
6
CONTINUOUS
10
4.9523724409448819
20
-4.5423141732283465
11
4.9523724409448819
21
-4.5797157480314956
0
LINE
8
BLACK
6
CONTINUOUS
10
4.9523724409448819
20
-4.5797157480314956
11
4.951623228346457
21
-4.5834823228346453
0
LINE
8
BLACK
6
CONTINUOUS
10
4.951623228346457
20
-4.5834823228346453
11
4.9494896456692912
21
-4.5866754724409446
0
LINE
8
BLACK
6
CONTINUOUS
10
4.9494896456692912
20
-4.5866754724409446
11
4.9462964960629918
21
-4.5888090551181104
0
LINE
8
BLACK
6
CONTINUOUS
10
4.9462964960629918
20
-4.5888090551181104
11
4.9425299212598421
21
-4.5895582677165354
0
LINE
8
BLACK
6
CONTINUOUS
10
4.9425299212598421
20
-4.5895582677165354
11
4.9228448818897634
21
-4.5895582677165354
0
LINE
8
BLACK
6
CONTINUOUS
10
4.9228448818897634
20
-4.5895582677165354
11
4.9190783070866138
21
-4.5888090551181104
0
LINE
8
BLACK
6
CONTINUOUS
10
4.9190783070866138
20
-4.5888090551181104
11
4.9158851574803153
21
-4.5866754724409446
0
LINE
8
BLACK
6
CONTINUOUS
10
4.9158851574803153
20
-4.5866754724409446
11
4.9137515748031495
21
-4.5834823228346453
0
LINE
8
BLACK
6
CONTINUOUS
10
4.9137515748031495
20
-4.5834823228346453
11
4.9130023622047245
21
-4.5797157480314956
0
LINE
8
BLACK
6
CONTINUOUS
10
4.9130023622047245
20
-4.5797157480314956
11
4.9130023622047245
21
-4.5423141732283465
0
LINE
8
BLACK
6
CONTINUOUS
10
4.9130023622047245
20
-4.5423141732283465
11
4.9137515748031495
21
-4.5385475984251968
0
LINE
8
BLACK
6
CONTINUOUS
10
4.9137515748031495
20
-4.5385475984251968
11
4.9158851574803153
21
-4.5353544488188975
0
LINE
8
BLACK
6
CONTINUOUS
10
4.9158851574803153
20
-4.5353544488188975
11
4.9190783070866138
21
-4.5332208661417326
0
LINE
8
BLACK
6
CONTINUOUS
10
4.9190783070866138
20
-4.5332208661417326
11
4.9228448818897634
21
-4.5324716535433067
0
LINE
8
BLACK
6
CONTINUOUS
10
4.9228448818897634
20
-4.5324716535433067
11
4.9425299212598421
21
-4.5324716535433067
0
LINE
8
BLACK
6
CONTINUOUS
10
4.9425299212598421
20
-4.5324716535433067
11
4.9462964960629918
21
-4.5332208661417326
0
LINE
8
BLACK
6
CONTINUOUS
10
5.5531184251968506
20
-4.493317086614173
11
5.55712374015748
21
-4.495629566929134
0
LINE
8
BLACK
6
CONTINUOUS
10
5.55712374015748
20
-4.495629566929134
11
5.5603940551181097
21
-4.4988998818897636
0
LINE
8
BLACK
6
CONTINUOUS
10
5.5603940551181097
20
-4.4988998818897636
11
5.5627065354330707
21
-4.5029051968503939
0
LINE
8
BLACK
6
CONTINUOUS
10
5.5627065354330707
20
-4.5029051968503939
11
5.5639035433070863
21
-4.5073725590551179
0
LINE
8
BLACK
6
CONTINUOUS
10
5.5639035433070863
20
-4.5073725590551179
11
5.564055118110236
21
-4.5096850393700789
0
LINE
8
BLACK
6
CONTINUOUS
10
5.564055118110236
20
-4.5096850393700789
11
5.564055118110236
21
-4.5254330708661419
0
LINE
8
BLACK
6
CONTINUOUS
10
5.564055118110236
20
-4.5254330708661419
11
5.5639035433070863
21
-4.527745551181102
0
LINE
8
BLACK
6
CONTINUOUS
10
5.5639035433070863
20
-4.527745551181102
11
5.5627065354330707
21
-4.5322129133858269
0
LINE
8
BLACK
6
CONTINUOUS
10
5.5627065354330707
20
-4.5322129133858269
11
5.5603940551181097
21
-4.5362182283464563
0
LINE
8
BLACK
6
CONTINUOUS
10
5.5603940551181097
20
-4.5362182283464563
11
5.55712374015748
21
-4.5394885433070868
0
LINE
8
BLACK
6
CONTINUOUS
10
5.55712374015748
20
-4.5394885433070868
11
5.5541921653543307
21
-4.5411811023622048
0
LINE
8
BLACK
6
CONTINUOUS
10
5.5541921653543307
20
-4.5411811023622048
11
5.5738976377952758
21
-4.5411811023622048
0
LINE
8
BLACK
6
CONTINUOUS
10
5.5738976377952758
20
-4.5411811023622048
11
5.5772875590551179
21
-4.5418553937007875
0
LINE
8
BLACK
6
CONTINUOUS
10
5.5772875590551179
20
-4.5418553937007875
11
5.5801613779527557
21
-4.5437756299212602
0
LINE
8
BLACK
6
CONTINUOUS
10
5.5801613779527557
20
-4.5437756299212602
11
5.5820816141732283
21
-4.5466494488188971
0
LINE
8
BLACK
6
CONTINUOUS
10
5.5820816141732283
20
-4.5466494488188971
11
5.582755905511811
21
-4.55003937007874
0
LINE
8
BLACK
6
CONTINUOUS
10
5.582755905511811
20
-4.55003937007874
11
5.582755905511811
21
-4.5677559055118113
0
LINE
8
BLACK
6
CONTINUOUS
10
5.582755905511811
20
-4.5677559055118113
11
5.5820816141732283
21
-4.5711458267716534
0
LINE
8
BLACK
6
CONTINUOUS
10
5.5820816141732283
20
-4.5711458267716534
11
5.5801613779527557
21
-4.5740196456692912
0
LINE
8
BLACK
6
CONTINUOUS
10
5.5801613779527557
20
-4.5740196456692912
11
5.5772875590551179
21
-4.5759398818897639
0
LINE
8
BLACK
6
CONTINUOUS
10
5.5772875590551179
20
-4.5759398818897639
11
5.5738976377952758
21
-4.5766141732283465
0
LINE
8
BLACK
6
CONTINUOUS
10
5.5738976377952758
20
-4.5766141732283465
11
5.5404330708661416
21
-4.5766141732283465
0
LINE
8
BLACK
6
CONTINUOUS
10
5.5404330708661416
20
-4.5766141732283465
11
5.5370431496062995
21
-4.5759398818897639
0
LINE
8
BLACK
6
CONTINUOUS
10
5.5370431496062995
20
-4.5759398818897639
11
5.5341693307086617
21
-4.5740196456692912
0
LINE
8
BLACK
6
CONTINUOUS
10
5.5341693307086617
20
-4.5740196456692912
11
5.532249094488189
21
-4.5711458267716534
0
LINE
8
BLACK
6
CONTINUOUS
10
5.532249094488189
20
-4.5711458267716534
11
5.5315748031496064
21
-4.5677559055118113
0
LINE
8
BLACK
6
CONTINUOUS
10
5.5315748031496064
20
-4.5677559055118113
11
5.5315748031496064
21
-4.55003937007874
0
LINE
8
BLACK
6
CONTINUOUS
10
5.5315748031496064
20
-4.55003937007874
11
5.532249094488189
21
-4.5466494488188971
0
LINE
8
BLACK
6
CONTINUOUS
10
5.532249094488189
20
-4.5466494488188971
11
5.5341693307086617
21
-4.5437756299212602
0
LINE
8
BLACK
6
CONTINUOUS
10
5.5341693307086617
20
-4.5437756299212602
11
5.5370431496062995
21
-4.5418553937007875
0
LINE
8
BLACK
6
CONTINUOUS
10
5.5370431496062995
20
-4.5418553937007875
11
5.5389841732283465
21
-4.5414692913385828
0
LINE
8
BLACK
6
CONTINUOUS
10
5.5389841732283465
20
-4.5414692913385828
11
5.5355534251968503
21
-4.5394885433070868
0
LINE
8
BLACK
6
CONTINUOUS
10
5.5355534251968503
20
-4.5394885433070868
11
5.5322831102362207
21
-4.5362182283464563
0
LINE
8
BLACK
6
CONTINUOUS
10
5.5322831102362207
20
-4.5362182283464563
11
5.5299706299212597
21
-4.5322129133858269
0
LINE
8
BLACK
6
CONTINUOUS
10
5.5299706299212597
20
-4.5322129133858269
11
5.5287736220472441
21
-4.527745551181102
0
LINE
8
BLACK
6
CONTINUOUS
10
5.5287736220472441
20
-4.527745551181102
11
5.5286220472440943
21
-4.5254330708661419
0
LINE
8
BLACK
6
CONTINUOUS
10
5.5286220472440943
20
-4.5254330708661419
11
5.5286220472440943
21
-4.5096850393700789
0
LINE
8
BLACK
6
CONTINUOUS
10
5.5286220472440943
20
-4.5096850393700789
11
5.5287736220472441
21
-4.5073725590551179
0
LINE
8
BLACK
6
CONTINUOUS
10
5.5287736220472441
20
-4.5073725590551179
11
5.5299706299212597
21
-4.5029051968503939
0
LINE
8
BLACK
6
CONTINUOUS
10
5.5299706299212597
20
-4.5029051968503939
11
5.5322831102362207
21
-4.4988998818897636
0
LINE
8
BLACK
6
CONTINUOUS
10
5.5322831102362207
20
-4.4988998818897636
11
5.5355534251968503
21
-4.495629566929134
0
LINE
8
BLACK
6
CONTINUOUS
10
5.5355534251968503
20
-4.495629566929134
11
5.5395587401574806
21
-4.493317086614173
0
LINE
8
BLACK
6
CONTINUOUS
10
5.5395587401574806
20
-4.493317086614173
11
5.5440261023622046
21
-4.4921200787401574
0
LINE
8
BLACK
6
CONTINUOUS
10
5.5440261023622046
20
-4.4921200787401574
11
5.5486510629921257
21
-4.4921200787401574
0
LINE
8
BLACK
6
CONTINUOUS
10
5.5486510629921257
20
-4.4921200787401574
11
5.5531184251968506
21
-4.493317086614173
0
LINE
8
BLACK
6
CONTINUOUS
10
5.7204412598425192
20
-4.493317086614173
11
5.7244465748031494
21
-4.495629566929134
0
LINE
8
BLACK
6
CONTINUOUS
10
5.7244465748031494
20
-4.495629566929134
11
5.7277168897637791
21
-4.4988998818897636
0
LINE
8
BLACK
6
CONTINUOUS
10
5.7277168897637791
20
-4.4988998818897636
11
5.7300293700787401
21
-4.5029051968503939
0
LINE
8
BLACK
6
CONTINUOUS
10
5.7300293700787401
20
-4.5029051968503939
11
5.7312263779527557
21
-4.5073725590551179
0
LINE
8
BLACK
6
CONTINUOUS
10
5.7312263779527557
20
-4.5073725590551179
11
5.7313779527559054
21
-4.5096850393700789
0
LINE
8
BLACK
6
CONTINUOUS
10
5.7313779527559054
20
-4.5096850393700789
11
5.7313779527559054
21
-4.5254330708661419
0
LINE
8
BLACK
6
CONTINUOUS
10
5.7313779527559054
20
-4.5254330708661419
11
5.7312263779527557
21
-4.527745551181102
0
LINE
8
BLACK
6
CONTINUOUS
10
5.7312263779527557
20
-4.527745551181102
11
5.7300293700787401
21
-4.5322129133858269
0
LINE
8
BLACK
6
CONTINUOUS
10
5.7300293700787401
20
-4.5322129133858269
11
5.7277168897637791
21
-4.5362182283464563
0
LINE
8
BLACK
6
CONTINUOUS
10
5.7277168897637791
20
-4.5362182283464563
11
5.7244465748031494
21
-4.5394885433070868
0
LINE
8
BLACK
6
CONTINUOUS
10
5.7244465748031494
20
-4.5394885433070868
11
5.7210157874015746
21
-4.5414692913385828
0
LINE
8
BLACK
6
CONTINUOUS
10
5.7210157874015746
20
-4.5414692913385828
11
5.7229568503937003
21
-4.5418553937007875
0
LINE
8
BLACK
6
CONTINUOUS
10
5.7229568503937003
20
-4.5418553937007875
11
5.7258306692913381
21
-4.5437756299212602
0
LINE
8
BLACK
6
CONTINUOUS
10
5.7258306692913381
20
-4.5437756299212602
11
5.7277509055118108
21
-4.5466494488188971
0
LINE
8
BLACK
6
CONTINUOUS
10
5.7277509055118108
20
-4.5466494488188971
11
5.7284251968503934
21
-4.55003937007874
0
LINE
8
BLACK
6
CONTINUOUS
10
5.7284251968503934
20
-4.55003937007874
11
5.7284251968503934
21
-4.5677559055118113
0
LINE
8
BLACK
6
CONTINUOUS
10
5.7284251968503934
20
-4.5677559055118113
11
5.7277509055118108
21
-4.5711458267716534
0
LINE
8
BLACK
6
CONTINUOUS
10
5.7277509055118108
20
-4.5711458267716534
11
5.7258306692913381
21
-4.5740196456692912
0
LINE
8
BLACK
6
CONTINUOUS
10
5.7258306692913381
20
-4.5740196456692912
11
5.7229568503937003
21
-4.5759398818897639
0
LINE
8
BLACK
6
CONTINUOUS
10
5.7229568503937003
20
-4.5759398818897639
11
5.7195669291338582
21
-4.5766141732283465
0
LINE
8
BLACK
6
CONTINUOUS
10
5.7195669291338582
20
-4.5766141732283465
11
5.686102362204724
21
-4.5766141732283465
0
LINE
8
BLACK
6
CONTINUOUS
10
5.686102362204724
20
-4.5766141732283465
11
5.6827124409448819
21
-4.5759398818897639
0
LINE
8
BLACK
6
CONTINUOUS
10
5.6827124409448819
20
-4.5759398818897639
11
5.6798386220472441
21
-4.5740196456692912
0
LINE
8
BLACK
6
CONTINUOUS
10
5.6798386220472441
20
-4.5740196456692912
11
5.6779183858267714
21
-4.5711458267716534
0
LINE
8
BLACK
6
CONTINUOUS
10
5.6779183858267714
20
-4.5711458267716534
11
5.6772440944881888
21
-4.5677559055118113
0
LINE
8
BLACK
6
CONTINUOUS
10
5.6772440944881888
20
-4.5677559055118113
11
5.6772440944881888
21
-4.55003937007874
0
LINE
8
BLACK
6
CONTINUOUS
10
5.6772440944881888
20
-4.55003937007874
11
5.6779183858267714
21
-4.5466494488188971
0
LINE
8
BLACK
6
CONTINUOUS
10
5.6779183858267714
20
-4.5466494488188971
11
5.6798386220472441
21
-4.5437756299212602
0
LINE
8
BLACK
6
CONTINUOUS
10
5.6798386220472441
20
-4.5437756299212602
11
5.6827124409448819
21
-4.5418553937007875
0
LINE
8
BLACK
6
CONTINUOUS
10
5.6827124409448819
20
-4.5418553937007875
11
5.686102362204724
21
-4.5411811023622048
0
LINE
8
BLACK
6
CONTINUOUS
10
5.686102362204724
20
-4.5411811023622048
11
5.7058078346456691
21
-4.5411811023622048
0
LINE
8
BLACK
6
CONTINUOUS
10
5.7058078346456691
20
-4.5411811023622048
11
5.7028762598425198
21
-4.5394885433070868
0
LINE
8
BLACK
6
CONTINUOUS
10
5.7028762598425198
20
-4.5394885433070868
11
5.6996059448818892
21
-4.5362182283464563
0
LINE
8
BLACK
6
CONTINUOUS
10
5.6996059448818892
20
-4.5362182283464563
11
5.6972934645669291
21
-4.5322129133858269
0
LINE
8
BLACK
6
CONTINUOUS
10
5.6972934645669291
20
-4.5322129133858269
11
5.6960964566929135
21
-4.527745551181102
0
LINE
8
BLACK
6
CONTINUOUS
10
5.6960964566929135
20
-4.527745551181102
11
5.6959448818897638
21
-4.5254330708661419
0
LINE
8
BLACK
6
CONTINUOUS
10
5.6959448818897638
20
-4.5254330708661419
11
5.6959448818897638
21
-4.5096850393700789
0
LINE
8
BLACK
6
CONTINUOUS
10
5.6959448818897638
20
-4.5096850393700789
11
5.6960964566929135
21
-4.5073725590551179
0
LINE
8
BLACK
6
CONTINUOUS
10
5.6960964566929135
20
-4.5073725590551179
11
5.6972934645669291
21
-4.5029051968503939
0
LINE
8
BLACK
6
CONTINUOUS
10
5.6972934645669291
20
-4.5029051968503939
11
5.6996059448818892
21
-4.4988998818897636
0
LINE
8
BLACK
6
CONTINUOUS
10
5.6996059448818892
20
-4.4988998818897636
11
5.7028762598425198
21
-4.495629566929134
0
LINE
8
BLACK
6
CONTINUOUS
10
5.7028762598425198
20
-4.495629566929134
11
5.7068815748031492
21
-4.493317086614173
0
LINE
8
BLACK
6
CONTINUOUS
10
5.7068815748031492
20
-4.493317086614173
11
5.711348937007874
21
-4.4921200787401574
0
LINE
8
BLACK
6
CONTINUOUS
10
5.711348937007874
20
-4.4921200787401574
11
5.7159738976377952
21
-4.4921200787401574
0
LINE
8
BLACK
6
CONTINUOUS
10
5.7159738976377952
20
-4.4921200787401574
11
5.7204412598425192
21
-4.493317086614173
0
LINE
8
BLACK
6
CONTINUOUS
10
3.8716637795275588
20
-4.5633771653543302
11
3.8480417322834644
21
-4.5633771653543302
0
LINE
8
BLACK
6
CONTINUOUS
10
3.8480417322834644
20
-4.5633771653543302
11
3.8480417322834644
21
-4.5181015748031497
0
LINE
8
BLACK
6
CONTINUOUS
10
3.8480417322834644
20
-4.5181015748031497
11
3.8716637795275588
21
-4.5181015748031497
0
LINE
8
BLACK
6
CONTINUOUS
10
3.8716637795275588
20
-4.5181015748031497
11
3.8716637795275588
21
-4.5633771653543302
0
LINE
8
BLACK
6
CONTINUOUS
10
3.9031598425196847
20
-4.5633771653543302
11
3.8795377952755903
21
-4.5633771653543302
0
LINE
8
BLACK
6
CONTINUOUS
10
3.8795377952755903
20
-4.5633771653543302
11
3.8795377952755903
21
-4.5181015748031497
0
LINE
8
BLACK
6
CONTINUOUS
10
3.8795377952755903
20
-4.5181015748031497
11
3.9031598425196847
21
-4.5181015748031497
0
LINE
8
BLACK
6
CONTINUOUS
10
3.9031598425196847
20
-4.5181015748031497
11
3.9031598425196847
21
-4.5633771653543302
0
LINE
8
BLACK
6
CONTINUOUS
10
3.9228448818897639
20
-4.5633771653543302
11
3.9110338582677167
21
-4.5633771653543302
0
LINE
8
BLACK
6
CONTINUOUS
10
3.9110338582677167
20
-4.5633771653543302
11
3.9110338582677167
21
-4.5181015748031497
0
LINE
8
BLACK
6
CONTINUOUS
10
3.9110338582677167
20
-4.5181015748031497
11
3.9228448818897639
21
-4.5181015748031497
0
LINE
8
BLACK
6
CONTINUOUS
10
3.9228448818897639
20
-4.5181015748031497
11
3.9228448818897639
21
-4.5633771653543302
0
LINE
8
BLACK
6
CONTINUOUS
10
3.9425299212598426
20
-4.5633771653543302
11
3.9307188976377954
21
-4.5633771653543302
0
LINE
8
BLACK
6
CONTINUOUS
10
3.9307188976377954
20
-4.5633771653543302
11
3.9307188976377954
21
-4.5181015748031497
0
LINE
8
BLACK
6
CONTINUOUS
10
3.9307188976377954
20
-4.5181015748031497
11
3.9425299212598426
21
-4.5181015748031497
0
LINE
8
BLACK
6
CONTINUOUS
10
3.9425299212598426
20
-4.5181015748031497
11
3.9425299212598426
21
-4.5633771653543302
0
LINE
8
BLACK
6
CONTINUOUS
10
3.9622149606299213
20
-4.5633771653543302
11
3.9504039370078741
21
-4.5633771653543302
0
LINE
8
BLACK
6
CONTINUOUS
10
3.9504039370078741
20
-4.5633771653543302
11
3.9504039370078741
21
-4.5181015748031497
0
LINE
8
BLACK
6
CONTINUOUS
10
3.9504039370078741
20
-4.5181015748031497
11
3.9622149606299213
21
-4.5181015748031497
0
LINE
8
BLACK
6
CONTINUOUS
10
3.9622149606299213
20
-4.5181015748031497
11
3.9622149606299213
21
-4.5633771653543302
0
LINE
8
BLACK
6
CONTINUOUS
10
3.9819
20
-4.5633771653543302
11
3.9700889763779528
21
-4.5633771653543302
0
LINE
8
BLACK
6
CONTINUOUS
10
3.9700889763779528
20
-4.5633771653543302
11
3.9700889763779528
21
-4.5181015748031497
0
LINE
8
BLACK
6
CONTINUOUS
10
3.9700889763779528
20
-4.5181015748031497
11
3.9819
21
-4.5181015748031497
0
LINE
8
BLACK
6
CONTINUOUS
10
3.9819
20
-4.5181015748031497
11
3.9819
21
-4.5633771653543302
0
LINE
8
BLACK
6
CONTINUOUS
10
4.0015850393700783
20
-4.5633771653543302
11
3.9897740157480315
21
-4.5633771653543302
0
LINE
8
BLACK
6
CONTINUOUS
10
3.9897740157480315
20
-4.5633771653543302
11
3.9897740157480315
21
-4.5181015748031497
0
LINE
8
BLACK
6
CONTINUOUS
10
3.9897740157480315
20
-4.5181015748031497
11
4.0015850393700783
21
-4.5181015748031497
0
LINE
8
BLACK
6
CONTINUOUS
10
4.0015850393700783
20
-4.5181015748031497
11
4.0015850393700783
21
-4.5633771653543302
0
LINE
8
BLACK
6
CONTINUOUS
10
4.021270078740157
20
-4.5633771653543302
11
4.0094590551181097
21
-4.5633771653543302
0
LINE
8
BLACK
6
CONTINUOUS
10
4.0094590551181097
20
-4.5633771653543302
11
4.0094590551181097
21
-4.5181015748031497
0
LINE
8
BLACK
6
CONTINUOUS
10
4.0094590551181097
20
-4.5181015748031497
11
4.021270078740157
21
-4.5181015748031497
0
LINE
8
BLACK
6
CONTINUOUS
10
4.021270078740157
20
-4.5181015748031497
11
4.021270078740157
21
-4.5633771653543302
0
LINE
8
BLACK
6
CONTINUOUS
10
4.0409551181102366
20
-4.5633771653543302
11
4.0291440944881884
21
-4.5633771653543302
0
LINE
8
BLACK
6
CONTINUOUS
10
4.0291440944881884
20
-4.5633771653543302
11
4.0291440944881884
21
-4.5181015748031497
0
LINE
8
BLACK
6
CONTINUOUS
10
4.0291440944881884
20
-4.5181015748031497
11
4.0409551181102366
21
-4.5181015748031497
0
LINE
8
BLACK
6
CONTINUOUS
10
4.0409551181102366
20
-4.5181015748031497
11
4.0409551181102366
21
-4.5633771653543302
0
LINE
8
BLACK
6
CONTINUOUS
10
4.0606401574803153
20
-4.5633771653543302
11
4.048829133858268
21
-4.5633771653543302
0
LINE
8
BLACK
6
CONTINUOUS
10
4.048829133858268
20
-4.5633771653543302
11
4.048829133858268
21
-4.5181015748031497
0
LINE
8
BLACK
6
CONTINUOUS
10
4.048829133858268
20
-4.5181015748031497
11
4.0606401574803153
21
-4.5181015748031497
0
LINE
8
BLACK
6
CONTINUOUS
10
4.0606401574803153
20
-4.5181015748031497
11
4.0606401574803153
21
-4.5633771653543302
0
LINE
8
BLACK
6
CONTINUOUS
10
4.0921362204724412
20
-4.5633771653543302
11
4.0685141732283467
21
-4.5633771653543302
0
LINE
8
BLACK
6
CONTINUOUS
10
4.0685141732283467
20
-4.5633771653543302
11
4.0685141732283467
21
-4.5181015748031497
0
LINE
8
BLACK
6
CONTINUOUS
10
4.0685141732283467
20
-4.5181015748031497
11
4.0921362204724412
21
-4.5181015748031497
0
LINE
8
BLACK
6
CONTINUOUS
10
4.0921362204724412
20
-4.5181015748031497
11
4.0921362204724412
21
-4.5633771653543302
0
LINE
8
BLACK
6
CONTINUOUS
10
4.1236322834645671
20
-4.5633771653543302
11
4.1000102362204727
21
-4.5633771653543302
0
LINE
8
BLACK
6
CONTINUOUS
10
4.1000102362204727
20
-4.5633771653543302
11
4.1000102362204727
21
-4.5181015748031497
0
LINE
8
BLACK
6
CONTINUOUS
10
4.1000102362204727
20
-4.5181015748031497
11
4.1236322834645671
21
-4.5181015748031497
0
LINE
8
BLACK
6
CONTINUOUS
10
4.1236322834645671
20
-4.5181015748031497
11
4.1236322834645671
21
-4.5633771653543302
0
LINE
8
BLACK
6
CONTINUOUS
10
5.591978464566929
20
-4.4472548425196852
11
5.5943733464566927
21
-4.448855
0
LINE
8
BLACK
6
CONTINUOUS
10
5.5943733464566927
20
-4.448855
11
5.5959735039370075
21
-4.4512498818897637
0
LINE
8
BLACK
6
CONTINUOUS
10
5.5959735039370075
20
-4.4512498818897637
11
5.5965354330708657
21
-4.4540748031496058
0
LINE
8
BLACK
6
CONTINUOUS
10
5.5965354330708657
20
-4.4540748031496058
11
5.5965354330708657
21
-4.5101771653543308
0
LINE
8
BLACK
6
CONTINUOUS
10
5.5965354330708657
20
-4.5101771653543308
11
5.5959735039370075
21
-4.5130020866141729
0
LINE
8
BLACK
6
CONTINUOUS
10
5.5959735039370075
20
-4.5130020866141729
11
5.5943733464566927
21
-4.5153969685039366
0
LINE
8
BLACK
6
CONTINUOUS
10
5.5943733464566927
20
-4.5153969685039366
11
5.591978464566929
21
-4.5169971259842523
0
LINE
8
BLACK
6
CONTINUOUS
10
5.591978464566929
20
-4.5169971259842523
11
5.5891535433070869
21
-4.5175590551181104
0
LINE
8
BLACK
6
CONTINUOUS
10
5.5891535433070869
20
-4.5175590551181104
11
5.5743897637795277
21
-4.5175590551181104
0
LINE
8
BLACK
6
CONTINUOUS
10
5.5743897637795277
20
-4.5175590551181104
11
5.5715648425196846
21
-4.5169971259842523
0
LINE
8
BLACK
6
CONTINUOUS
10
5.5715648425196846
20
-4.5169971259842523
11
5.569169960629921
21
-4.5153969685039366
0
LINE
8
BLACK
6
CONTINUOUS
10
5.569169960629921
20
-4.5153969685039366
11
5.5675698031496061
21
-4.5130020866141729
0
LINE
8
BLACK
6
CONTINUOUS
10
5.5675698031496061
20
-4.5130020866141729
11
5.567007874015748
21
-4.5101771653543308
0
LINE
8
BLACK
6
CONTINUOUS
10
5.567007874015748
20
-4.5101771653543308
11
5.567007874015748
21
-4.4540748031496058
0
LINE
8
BLACK
6
CONTINUOUS
10
5.567007874015748
20
-4.4540748031496058
11
5.5675698031496061
21
-4.4512498818897637
0
LINE
8
BLACK
6
CONTINUOUS
10
5.5675698031496061
20
-4.4512498818897637
11
5.569169960629921
21
-4.448855
0
LINE
8
BLACK
6
CONTINUOUS
10
5.569169960629921
20
-4.448855
11
5.5715648425196846
21
-4.4472548425196852
0
LINE
8
BLACK
6
CONTINUOUS
10
5.5715648425196846
20
-4.4472548425196852
11
5.5743897637795277
21
-4.4466929133858271
0
LINE
8
BLACK
6
CONTINUOUS
10
5.5743897637795277
20
-4.4466929133858271
11
5.5891535433070869
21
-4.4466929133858271
0
LINE
8
BLACK
6
CONTINUOUS
10
5.5891535433070869
20
-4.4466929133858271
11
5.591978464566929
21
-4.4472548425196852
0
LINE
8
BLACK
6
CONTINUOUS
10
5.6381654724409449
20
-4.4471424409448819
11
5.6400813385826769
21
-4.4484225984251964
0
LINE
8
BLACK
6
CONTINUOUS
10
5.6400813385826769
20
-4.4484225984251964
11
5.6413614960629923
21
-4.4503384645669293
0
LINE
8
BLACK
6
CONTINUOUS
10
5.6413614960629923
20
-4.4503384645669293
11
5.6418110236220471
21
-4.4525984251968502
0
LINE
8
BLACK
6
CONTINUOUS
10
5.6418110236220471
20
-4.4525984251968502
11
5.6418110236220471
21
-4.5116535433070863
0
LINE
8
BLACK
6
CONTINUOUS
10
5.6418110236220471
20
-4.5116535433070863
11
5.6413614960629923
21
-4.5139135039370082
0
LINE
8
BLACK
6
CONTINUOUS
10
5.6413614960629923
20
-4.5139135039370082
11
5.6400813385826769
21
-4.5158293700787402
0
LINE
8
BLACK
6
CONTINUOUS
10
5.6400813385826769
20
-4.5158293700787402
11
5.6381654724409449
21
-4.5171095275590547
0
LINE
8
BLACK
6
CONTINUOUS
10
5.6381654724409449
20
-4.5171095275590547
11
5.6359055118110231
21
-4.5175590551181104
0
LINE
8
BLACK
6
CONTINUOUS
10
5.6359055118110231
20
-4.5175590551181104
11
5.6240944881889758
21
-4.5175590551181104
0
LINE
8
BLACK
6
CONTINUOUS
10
5.6240944881889758
20
-4.5175590551181104
11
5.6218345275590549
21
-4.5171095275590547
0
LINE
8
BLACK
6
CONTINUOUS
10
5.6218345275590549
20
-4.5171095275590547
11
5.6199186614173229
21
-4.5158293700787402
0
LINE
8
BLACK
6
CONTINUOUS
10
5.6199186614173229
20
-4.5158293700787402
11
5.6186385039370075
21
-4.5139135039370082
0
LINE
8
BLACK
6
CONTINUOUS
10
5.6186385039370075
20
-4.5139135039370082
11
5.6181889763779527
21
-4.5116535433070863
0
LINE
8
BLACK
6
CONTINUOUS
10
5.6181889763779527
20
-4.5116535433070863
11
5.6181889763779527
21
-4.4525984251968502
0
LINE
8
BLACK
6
CONTINUOUS
10
5.6181889763779527
20
-4.4525984251968502
11
5.6186385039370075
21
-4.4503384645669293
0
LINE
8
BLACK
6
CONTINUOUS
10
5.6186385039370075
20
-4.4503384645669293
11
5.6199186614173229
21
-4.4484225984251964
0
LINE
8
BLACK
6
CONTINUOUS
10
5.6199186614173229
20
-4.4484225984251964
11
5.6218345275590549
21
-4.4471424409448819
0
LINE
8
BLACK
6
CONTINUOUS
10
5.6218345275590549
20
-4.4471424409448819
11
5.6240944881889758
21
-4.4466929133858271
0
LINE
8
BLACK
6
CONTINUOUS
10
5.6240944881889758
20
-4.4466929133858271
11
5.6359055118110231
21
-4.4466929133858271
0
LINE
8
BLACK
6
CONTINUOUS
10
5.6359055118110231
20
-4.4466929133858271
11
5.6381654724409449
21
-4.4471424409448819
0
LINE
8
BLACK
6
CONTINUOUS
10
5.6884351574803151
20
-4.4472548425196852
11
5.6908300393700788
21
-4.448855
0
LINE
8
BLACK
6
CONTINUOUS
10
5.6908300393700788
20
-4.448855
11
5.6924301968503936
21
-4.4512498818897637
0
LINE
8
BLACK
6
CONTINUOUS
10
5.6924301968503936
20
-4.4512498818897637
11
5.6929921259842518
21
-4.4540748031496058
0
LINE
8
BLACK
6
CONTINUOUS
10
5.6929921259842518
20
-4.4540748031496058
11
5.6929921259842518
21
-4.5101771653543308
0
LINE
8
BLACK
6
CONTINUOUS
10
5.6929921259842518
20
-4.5101771653543308
11
5.6924301968503936
21
-4.5130020866141729
0
LINE
8
BLACK
6
CONTINUOUS
10
5.6924301968503936
20
-4.5130020866141729
11
5.6908300393700788
21
-4.5153969685039366
0
LINE
8
BLACK
6
CONTINUOUS
10
5.6908300393700788
20
-4.5153969685039366
11
5.6884351574803151
21
-4.5169971259842523
0
LINE
8
BLACK
6
CONTINUOUS
10
5.6884351574803151
20
-4.5169971259842523
11
5.6856102362204721
21
-4.5175590551181104
0
LINE
8
BLACK
6
CONTINUOUS
10
5.6856102362204721
20
-4.5175590551181104
11
5.6708464566929129
21
-4.5175590551181104
0
LINE
8
BLACK
6
CONTINUOUS
10
5.6708464566929129
20
-4.5175590551181104
11
5.6680215354330707
21
-4.5169971259842523
0
LINE
8
BLACK
6
CONTINUOUS
10
5.6680215354330707
20
-4.5169971259842523
11
5.6656266535433071
21
-4.5153969685039366
0
LINE
8
BLACK
6
CONTINUOUS
10
5.6656266535433071
20
-4.5153969685039366
11
5.6640264960629922
21
-4.5130020866141729
0
LINE
8
BLACK
6
CONTINUOUS
10
5.6640264960629922
20
-4.5130020866141729
11
5.6634645669291341
21
-4.5101771653543308
0
LINE
8
BLACK
6
CONTINUOUS
10
5.6634645669291341
20
-4.5101771653543308
11
5.6634645669291341
21
-4.4540748031496058
0
LINE
8
BLACK
6
CONTINUOUS
10
5.6634645669291341
20
-4.4540748031496058
11
5.6640264960629922
21
-4.4512498818897637
0
LINE
8
BLACK
6
CONTINUOUS
10
5.6640264960629922
20
-4.4512498818897637
11
5.6656266535433071
21
-4.448855
0
LINE
8
BLACK
6
CONTINUOUS
10
5.6656266535433071
20
-4.448855
11
5.6680215354330707
21
-4.4472548425196852
0
LINE
8
BLACK
6
CONTINUOUS
10
5.6680215354330707
20
-4.4472548425196852
11
5.6708464566929129
21
-4.4466929133858271
0
LINE
8
BLACK
6
CONTINUOUS
10
5.6708464566929129
20
-4.4466929133858271
11
5.6856102362204721
21
-4.4466929133858271
0
LINE
8
BLACK
6
CONTINUOUS
10
5.6856102362204721
20
-4.4466929133858271
11
5.6884351574803151
21
-4.4472548425196852
0
LINE
8
BLACK
6
CONTINUOUS
10
6.3414774803149605
20
-4.4760784251968504
11
6.3427547637795278
21
-4.4769318503937008
0
LINE
8
BLACK
6
CONTINUOUS
10
6.3427547637795278
20
-4.4769318503937008
11
6.3436081889763782
21
-4.4782091338582672
0
LINE
8
BLACK
6
CONTINUOUS
10
6.3436081889763782
20
-4.4782091338582672
11
6.3439078740157475
21
-4.479715748031496
0
LINE
8
BLACK
6
CONTINUOUS
10
6.3439078740157475
20
-4.479715748031496
11
6.3439078740157475
21
-4.4875897637795275
0
LINE
8
BLACK
6
CONTINUOUS
10
6.3439078740157475
20
-4.4875897637795275
11
6.3436081889763782
21
-4.4890963779527562
0
LINE
8
BLACK
6
CONTINUOUS
10
6.3436081889763782
20
-4.4890963779527562
11
6.3427547637795278
21
-4.4903736614173226
0
LINE
8
BLACK
6
CONTINUOUS
10
6.3427547637795278
20
-4.4903736614173226
11
6.3414774803149605
21
-4.491227086614173
0
LINE
8
BLACK
6
CONTINUOUS
10
6.3414774803149605
20
-4.491227086614173
11
6.3399708661417318
21
-4.4915267716535432
0
LINE
8
BLACK
6
CONTINUOUS
10
6.3399708661417318
20
-4.4915267716535432
11
6.2897740157480317
21
-4.4915267716535432
0
LINE
8
BLACK
6
CONTINUOUS
10
6.2897740157480317
20
-4.4915267716535432
11
6.288267401574803
21
-4.491227086614173
0
LINE
8
BLACK
6
CONTINUOUS
10
6.288267401574803
20
-4.491227086614173
11
6.2869901181102357
21
-4.4903736614173226
0
LINE
8
BLACK
6
CONTINUOUS
10
6.2869901181102357
20
-4.4903736614173226
11
6.2861366929133853
21
-4.4890963779527562
0
LINE
8
BLACK
6
CONTINUOUS
10
6.2861366929133853
20
-4.4890963779527562
11
6.285837007874016
21
-4.4875897637795275
0
LINE
8
BLACK
6
CONTINUOUS
10
6.285837007874016
20
-4.4875897637795275
11
6.285837007874016
21
-4.479715748031496
0
LINE
8
BLACK
6
CONTINUOUS
10
6.285837007874016
20
-4.479715748031496
11
6.2861366929133853
21
-4.4782091338582672
0
LINE
8
BLACK
6
CONTINUOUS
10
6.2861366929133853
20
-4.4782091338582672
11
6.2869901181102357
21
-4.4769318503937008
0
LINE
8
BLACK
6
CONTINUOUS
10
6.2869901181102357
20
-4.4769318503937008
11
6.288267401574803
21
-4.4760784251968504
0
LINE
8
BLACK
6
CONTINUOUS
10
6.288267401574803
20
-4.4760784251968504
11
6.2897740157480317
21
-4.4757787401574802
0
LINE
8
BLACK
6
CONTINUOUS
10
6.2897740157480317
20
-4.4757787401574802
11
6.3399708661417318
21
-4.4757787401574802
0
LINE
8
BLACK
6
CONTINUOUS
10
6.3399708661417318
20
-4.4757787401574802
11
6.3414774803149605
21
-4.4760784251968504
0
LINE
8
BLACK
6
CONTINUOUS
10
6.5668711811023623
20
-4.4760784251968504
11
6.5681484645669288
21
-4.4769318503937008
0
LINE
8
BLACK
6
CONTINUOUS
10
6.5681484645669288
20
-4.4769318503937008
11
6.5690018897637792
21
-4.4782091338582672
0
LINE
8
BLACK
6
CONTINUOUS
10
6.5690018897637792
20
-4.4782091338582672
11
6.5693015748031494
21
-4.479715748031496
0
LINE
8
BLACK
6
CONTINUOUS
10
6.5693015748031494
20
-4.479715748031496
11
6.5693015748031494
21
-4.4875897637795275
0
LINE
8
BLACK
6
CONTINUOUS
10
6.5693015748031494
20
-4.4875897637795275
11
6.5690018897637792
21
-4.4890963779527562
0
LINE
8
BLACK
6
CONTINUOUS
10
6.5690018897637792
20
-4.4890963779527562
11
6.5681484645669288
21
-4.4903736614173226
0
LINE
8
BLACK
6
CONTINUOUS
10
6.5681484645669288
20
-4.4903736614173226
11
6.5668711811023623
21
-4.491227086614173
0
LINE
8
BLACK
6
CONTINUOUS
10
6.5668711811023623
20
-4.491227086614173
11
6.5653645669291336
21
-4.4915267716535432
0
LINE
8
BLACK
6
CONTINUOUS
10
6.5653645669291336
20
-4.4915267716535432
11
6.5151677165354327
21
-4.4915267716535432
0
LINE
8
BLACK
6
CONTINUOUS
10
6.5151677165354327
20
-4.4915267716535432
11
6.5136611023622049
21
-4.491227086614173
0
LINE
8
BLACK
6
CONTINUOUS
10
6.5136611023622049
20
-4.491227086614173
11
6.5123838188976375
21
-4.4903736614173226
0
LINE
8
BLACK
6
CONTINUOUS
10
6.5123838188976375
20
-4.4903736614173226
11
6.5115303937007871
21
-4.4890963779527562
0
LINE
8
BLACK
6
CONTINUOUS
10
6.5115303937007871
20
-4.4890963779527562
11
6.511230708661417
21
-4.4875897637795275
0
LINE
8
BLACK
6
CONTINUOUS
10
6.511230708661417
20
-4.4875897637795275
11
6.511230708661417
21
-4.479715748031496
0
LINE
8
BLACK
6
CONTINUOUS
10
6.511230708661417
20
-4.479715748031496
11
6.5115303937007871
21
-4.4782091338582672
0
LINE
8
BLACK
6
CONTINUOUS
10
6.5115303937007871
20
-4.4782091338582672
11
6.5123838188976375
21
-4.4769318503937008
0
LINE
8
BLACK
6
CONTINUOUS
10
6.5123838188976375
20
-4.4769318503937008
11
6.5136611023622049
21
-4.4760784251968504
0
LINE
8
BLACK
6
CONTINUOUS
10
6.5136611023622049
20
-4.4760784251968504
11
6.5151677165354327
21
-4.4757787401574802
0
LINE
8
BLACK
6
CONTINUOUS
10
6.5151677165354327
20
-4.4757787401574802
11
6.5653645669291336
21
-4.4757787401574802
0
LINE
8
BLACK
6
CONTINUOUS
10
6.5653645669291336
20
-4.4757787401574802
11
6.5668711811023623
21
-4.4760784251968504
0
LINE
8
BLACK
6
CONTINUOUS
10
5.9738291338582679
20
-4.4761724409448815
11
5.8068999999999997
21
-4.4761724409448815
0
LINE
8
BLACK
6
CONTINUOUS
10
5.8068999999999997
20
-4.4761724409448815
11
5.8068999999999997
21
-4.3261724409448821
0
LINE
8
BLACK
6
CONTINUOUS
10
5.8068999999999997
20
-4.3261724409448821
11
5.9738291338582679
21
-4.3261724409448821
0
LINE
8
BLACK
6
CONTINUOUS
10
5.9738291338582679
20
-4.3261724409448821
11
5.9738291338582679
21
-4.4761724409448815
0
LINE
8
BLACK
6
CONTINUOUS
10
6.2246165354330705
20
-4.4761724409448815
11
6.0576874015748032
21
-4.4761724409448815
0
LINE
8
BLACK
6
CONTINUOUS
10
6.0576874015748032
20
-4.4761724409448815
11
6.0576874015748032
21
-4.3261724409448821
0
LINE
8
BLACK
6
CONTINUOUS
10
6.0576874015748032
20
-4.3261724409448821
11
6.2246165354330705
21
-4.3261724409448821
0
LINE
8
BLACK
6
CONTINUOUS
10
6.2246165354330705
20
-4.3261724409448821
11
6.2246165354330705
21
-4.4761724409448815
0
LINE
8
BLACK
6
CONTINUOUS
10
4.6962964960629918
20
-4.4147169291338582
11
4.6994896456692912
21
-4.4168505118110239
0
LINE
8
BLACK
6
CONTINUOUS
10
4.6994896456692912
20
-4.4168505118110239
11
4.701623228346457
21
-4.4200436614173224
0
LINE
8
BLACK
6
CONTINUOUS
10
4.701623228346457
20
-4.4200436614173224
11
4.7023724409448819
21
-4.4238102362204721
0
LINE
8
BLACK
6
CONTINUOUS
10
4.7023724409448819
20
-4.4238102362204721
11
4.7023724409448819
21
-4.4612118110236221
0
LINE
8
BLACK
6
CONTINUOUS
10
4.7023724409448819
20
-4.4612118110236221
11
4.701623228346457
21
-4.4649783858267718
0
LINE
8
BLACK
6
CONTINUOUS
10
4.701623228346457
20
-4.4649783858267718
11
4.6994896456692912
21
-4.4681715354330711
0
LINE
8
BLACK
6
CONTINUOUS
10
4.6994896456692912
20
-4.4681715354330711
11
4.6962964960629918
21
-4.470305118110236
0
LINE
8
BLACK
6
CONTINUOUS
10
4.6962964960629918
20
-4.470305118110236
11
4.6925299212598421
21
-4.471054330708661
0
LINE
8
BLACK
6
CONTINUOUS
10
4.6925299212598421
20
-4.471054330708661
11
4.6728448818897634
21
-4.471054330708661
0
LINE
8
BLACK
6
CONTINUOUS
10
4.6728448818897634
20
-4.471054330708661
11
4.6690783070866138
21
-4.470305118110236
0
LINE
8
BLACK
6
CONTINUOUS
10
4.6690783070866138
20
-4.470305118110236
11
4.6658851574803153
21
-4.4681715354330711
0
LINE
8
BLACK
6
CONTINUOUS
10
4.6658851574803153
20
-4.4681715354330711
11
4.6637515748031495
21
-4.4649783858267718
0
LINE
8
BLACK
6
CONTINUOUS
10
4.6637515748031495
20
-4.4649783858267718
11
4.6630023622047245
21
-4.4612118110236221
0
LINE
8
BLACK
6
CONTINUOUS
10
4.6630023622047245
20
-4.4612118110236221
11
4.6630023622047245
21
-4.4238102362204721
0
LINE
8
BLACK
6
CONTINUOUS
10
4.6630023622047245
20
-4.4238102362204721
11
4.6637515748031495
21
-4.4200436614173224
0
LINE
8
BLACK
6
CONTINUOUS
10
4.6637515748031495
20
-4.4200436614173224
11
4.6658851574803153
21
-4.4168505118110239
0
LINE
8
BLACK
6
CONTINUOUS
10
4.6658851574803153
20
-4.4168505118110239
11
4.6690783070866138
21
-4.4147169291338582
0
LINE
8
BLACK
6
CONTINUOUS
10
4.6690783070866138
20
-4.4147169291338582
11
4.6728448818897634
21
-4.4139677165354332
0
LINE
8
BLACK
6
CONTINUOUS
10
4.6728448818897634
20
-4.4139677165354332
11
4.6925299212598421
21
-4.4139677165354332
0
LINE
8
BLACK
6
CONTINUOUS
10
4.6925299212598421
20
-4.4139677165354332
11
4.6962964960629918
21
-4.4147169291338582
0
LINE
8
BLACK
6
CONTINUOUS
10
4.7710996456692909
20
-4.4147169291338582
11
4.7742927952755903
21
-4.4168505118110239
0
LINE
8
BLACK
6
CONTINUOUS
10
4.7742927952755903
20
-4.4168505118110239
11
4.776426377952756
21
-4.4200436614173224
0
LINE
8
BLACK
6
CONTINUOUS
10
4.776426377952756
20
-4.4200436614173224
11
4.777175590551181
21
-4.4238102362204721
0
LINE
8
BLACK
6
CONTINUOUS
10
4.777175590551181
20
-4.4238102362204721
11
4.777175590551181
21
-4.4612118110236221
0
LINE
8
BLACK
6
CONTINUOUS
10
4.777175590551181
20
-4.4612118110236221
11
4.776426377952756
21
-4.4649783858267718
0
LINE
8
BLACK
6
CONTINUOUS
10
4.776426377952756
20
-4.4649783858267718
11
4.7742927952755903
21
-4.4681715354330711
0
LINE
8
BLACK
6
CONTINUOUS
10
4.7742927952755903
20
-4.4681715354330711
11
4.7710996456692909
21
-4.470305118110236
0
LINE
8
BLACK
6
CONTINUOUS
10
4.7710996456692909
20
-4.470305118110236
11
4.7673330708661412
21
-4.471054330708661
0
LINE
8
BLACK
6
CONTINUOUS
10
4.7673330708661412
20
-4.471054330708661
11
4.7476480314960625
21
-4.471054330708661
0
LINE
8
BLACK
6
CONTINUOUS
10
4.7476480314960625
20
-4.471054330708661
11
4.7438814566929128
21
-4.470305118110236
0
LINE
8
BLACK
6
CONTINUOUS
10
4.7438814566929128
20
-4.470305118110236
11
4.7406883070866144
21
-4.4681715354330711
0
LINE
8
BLACK
6
CONTINUOUS
10
4.7406883070866144
20
-4.4681715354330711
11
4.7385547244094486
21
-4.4649783858267718
0
LINE
8
BLACK
6
CONTINUOUS
10
4.7385547244094486
20
-4.4649783858267718
11
4.7378055118110236
21
-4.4612118110236221
0
LINE
8
BLACK
6
CONTINUOUS
10
4.7378055118110236
20
-4.4612118110236221
11
4.7378055118110236
21
-4.4238102362204721
0
LINE
8
BLACK
6
CONTINUOUS
10
4.7378055118110236
20
-4.4238102362204721
11
4.7385547244094486
21
-4.4200436614173224
0
LINE
8
BLACK
6
CONTINUOUS
10
4.7385547244094486
20
-4.4200436614173224
11
4.7406883070866144
21
-4.4168505118110239
0
LINE
8
BLACK
6
CONTINUOUS
10
4.7406883070866144
20
-4.4168505118110239
11
4.7438814566929128
21
-4.4147169291338582
0
LINE
8
BLACK
6
CONTINUOUS
10
4.7438814566929128
20
-4.4147169291338582
11
4.7476480314960625
21
-4.4139677165354332
0
LINE
8
BLACK
6
CONTINUOUS
10
4.7476480314960625
20
-4.4139677165354332
11
4.7673330708661412
21
-4.4139677165354332
0
LINE
8
BLACK
6
CONTINUOUS
10
4.7673330708661412
20
-4.4139677165354332
11
4.7710996456692909
21
-4.4147169291338582
0
LINE
8
BLACK
6
CONTINUOUS
10
4.8714933464566927
20
-4.4147169291338582
11
4.8746864960629921
21
-4.4168505118110239
0
LINE
8
BLACK
6
CONTINUOUS
10
4.8746864960629921
20
-4.4168505118110239
11
4.876820078740157
21
-4.4200436614173224
0
LINE
8
BLACK
6
CONTINUOUS
10
4.876820078740157
20
-4.4200436614173224
11
4.8775692913385829
21
-4.4238102362204721
0
LINE
8
BLACK
6
CONTINUOUS
10
4.8775692913385829
20
-4.4238102362204721
11
4.8775692913385829
21
-4.4612118110236221
0
LINE
8
BLACK
6
CONTINUOUS
10
4.8775692913385829
20
-4.4612118110236221
11
4.876820078740157
21
-4.4649783858267718
0
LINE
8
BLACK
6
CONTINUOUS
10
4.876820078740157
20
-4.4649783858267718
11
4.8746864960629921
21
-4.4681715354330711
0
LINE
8
BLACK
6
CONTINUOUS
10
4.8746864960629921
20
-4.4681715354330711
11
4.8714933464566927
21
-4.470305118110236
0
LINE
8
BLACK
6
CONTINUOUS
10
4.8714933464566927
20
-4.470305118110236
11
4.8677267716535431
21
-4.471054330708661
0
LINE
8
BLACK
6
CONTINUOUS
10
4.8677267716535431
20
-4.471054330708661
11
4.8480417322834644
21
-4.471054330708661
0
LINE
8
BLACK
6
CONTINUOUS
10
4.8480417322834644
20
-4.471054330708661
11
4.8442751574803147
21
-4.470305118110236
0
LINE
8
BLACK
6
CONTINUOUS
10
4.8442751574803147
20
-4.470305118110236
11
4.8410820078740153
21
-4.4681715354330711
0
LINE
8
BLACK
6
CONTINUOUS
10
4.8410820078740153
20
-4.4681715354330711
11
4.8389484251968504
21
-4.4649783858267718
0
LINE
8
BLACK
6
CONTINUOUS
10
4.8389484251968504
20
-4.4649783858267718
11
4.8381992125984254
21
-4.4612118110236221
0
LINE
8
BLACK
6
CONTINUOUS
10
4.8381992125984254
20
-4.4612118110236221
11
4.8381992125984254
21
-4.4238102362204721
0
LINE
8
BLACK
6
CONTINUOUS
10
4.8381992125984254
20
-4.4238102362204721
11
4.8389484251968504
21
-4.4200436614173224
0
LINE
8
BLACK
6
CONTINUOUS
10
4.8389484251968504
20
-4.4200436614173224
11
4.8410820078740153
21
-4.4168505118110239
0
LINE
8
BLACK
6
CONTINUOUS
10
4.8410820078740153
20
-4.4168505118110239
11
4.8442751574803147
21
-4.4147169291338582
0
LINE
8
BLACK
6
CONTINUOUS
10
4.8442751574803147
20
-4.4147169291338582
11
4.8480417322834644
21
-4.4139677165354332
0
LINE
8
BLACK
6
CONTINUOUS
10
4.8480417322834644
20
-4.4139677165354332
11
4.8677267716535431
21
-4.4139677165354332
0
LINE
8
BLACK
6
CONTINUOUS
10
4.8677267716535431
20
-4.4139677165354332
11
4.8714933464566927
21
-4.4147169291338582
0
LINE
8
BLACK
6
CONTINUOUS
10
4.9462964960629918
20
-4.4147169291338582
11
4.9494896456692912
21
-4.4168505118110239
0
LINE
8
BLACK
6
CONTINUOUS
10
4.9494896456692912
20
-4.4168505118110239
11
4.951623228346457
21
-4.4200436614173224
0
LINE
8
BLACK
6
CONTINUOUS
10
4.951623228346457
20
-4.4200436614173224
11
4.9523724409448819
21
-4.4238102362204721
0
LINE
8
BLACK
6
CONTINUOUS
10
4.9523724409448819
20
-4.4238102362204721
11
4.9523724409448819
21
-4.4612118110236221
0
LINE
8
BLACK
6
CONTINUOUS
10
4.9523724409448819
20
-4.4612118110236221
11
4.951623228346457
21
-4.4649783858267718
0
LINE
8
BLACK
6
CONTINUOUS
10
4.951623228346457
20
-4.4649783858267718
11
4.9494896456692912
21
-4.4681715354330711
0
LINE
8
BLACK
6
CONTINUOUS
10
4.9494896456692912
20
-4.4681715354330711
11
4.9462964960629918
21
-4.470305118110236
0
LINE
8
BLACK
6
CONTINUOUS
10
4.9462964960629918
20
-4.470305118110236
11
4.9425299212598421
21
-4.471054330708661
0
LINE
8
BLACK
6
CONTINUOUS
10
4.9425299212598421
20
-4.471054330708661
11
4.9228448818897634
21
-4.471054330708661
0
LINE
8
BLACK
6
CONTINUOUS
10
4.9228448818897634
20
-4.471054330708661
11
4.9190783070866138
21
-4.470305118110236
0
LINE
8
BLACK
6
CONTINUOUS
10
4.9190783070866138
20
-4.470305118110236
11
4.9158851574803153
21
-4.4681715354330711
0
LINE
8
BLACK
6
CONTINUOUS
10
4.9158851574803153
20
-4.4681715354330711
11
4.9137515748031495
21
-4.4649783858267718
0
LINE
8
BLACK
6
CONTINUOUS
10
4.9137515748031495
20
-4.4649783858267718
11
4.9130023622047245
21
-4.4612118110236221
0
LINE
8
BLACK
6
CONTINUOUS
10
4.9130023622047245
20
-4.4612118110236221
11
4.9130023622047245
21
-4.4238102362204721
0
LINE
8
BLACK
6
CONTINUOUS
10
4.9130023622047245
20
-4.4238102362204721
11
4.9137515748031495
21
-4.4200436614173224
0
LINE
8
BLACK
6
CONTINUOUS
10
4.9137515748031495
20
-4.4200436614173224
11
4.9158851574803153
21
-4.4168505118110239
0
LINE
8
BLACK
6
CONTINUOUS
10
4.9158851574803153
20
-4.4168505118110239
11
4.9190783070866138
21
-4.4147169291338582
0
LINE
8
BLACK
6
CONTINUOUS
10
4.9190783070866138
20
-4.4147169291338582
11
4.9228448818897634
21
-4.4139677165354332
0
LINE
8
BLACK
6
CONTINUOUS
10
4.9228448818897634
20
-4.4139677165354332
11
4.9425299212598421
21
-4.4139677165354332
0
LINE
8
BLACK
6
CONTINUOUS
10
4.9425299212598421
20
-4.4139677165354332
11
4.9462964960629918
21
-4.4147169291338582
0
LINE
8
BLACK
6
CONTINUOUS
10
6.3414774803149605
20
-4.4504878740157476
11
6.3427547637795278
21
-4.451341299212598
0
LINE
8
BLACK
6
CONTINUOUS
10
6.3427547637795278
20
-4.451341299212598
11
6.3436081889763782
21
-4.4526185826771654
0
LINE
8
BLACK
6
CONTINUOUS
10
6.3436081889763782
20
-4.4526185826771654
11
6.3439078740157475
21
-4.4541251968503932
0
LINE
8
BLACK
6
CONTINUOUS
10
6.3439078740157475
20
-4.4541251968503932
11
6.3439078740157475
21
-4.4619992125984247
0
LINE
8
BLACK
6
CONTINUOUS
10
6.3439078740157475
20
-4.4619992125984247
11
6.3436081889763782
21
-4.4635058267716534
0
LINE
8
BLACK
6
CONTINUOUS
10
6.3436081889763782
20
-4.4635058267716534
11
6.3427547637795278
21
-4.4647831102362208
0
LINE
8
BLACK
6
CONTINUOUS
10
6.3427547637795278
20
-4.4647831102362208
11
6.3414774803149605
21
-4.4656365354330712
0
LINE
8
BLACK
6
CONTINUOUS
10
6.3414774803149605
20
-4.4656365354330712
11
6.3399708661417318
21
-4.4659362204724404
0
LINE
8
BLACK
6
CONTINUOUS
10
6.3399708661417318
20
-4.4659362204724404
11
6.2897740157480317
21
-4.4659362204724404
0
LINE
8
BLACK
6
CONTINUOUS
10
6.2897740157480317
20
-4.4659362204724404
11
6.288267401574803
21
-4.4656365354330712
0
LINE
8
BLACK
6
CONTINUOUS
10
6.288267401574803
20
-4.4656365354330712
11
6.2869901181102357
21
-4.4647831102362208
0
LINE
8
BLACK
6
CONTINUOUS
10
6.2869901181102357
20
-4.4647831102362208
11
6.2861366929133853
21
-4.4635058267716534
0
LINE
8
BLACK
6
CONTINUOUS
10
6.2861366929133853
20
-4.4635058267716534
11
6.285837007874016
21
-4.4619992125984247
0
LINE
8
BLACK
6
CONTINUOUS
10
6.285837007874016
20
-4.4619992125984247
11
6.285837007874016
21
-4.4541251968503932
0
LINE
8
BLACK
6
CONTINUOUS
10
6.285837007874016
20
-4.4541251968503932
11
6.2861366929133853
21
-4.4526185826771654
0
LINE
8
BLACK
6
CONTINUOUS
10
6.2861366929133853
20
-4.4526185826771654
11
6.2869901181102357
21
-4.451341299212598
0
LINE
8
BLACK
6
CONTINUOUS
10
6.2869901181102357
20
-4.451341299212598
11
6.288267401574803
21
-4.4504878740157476
0
LINE
8
BLACK
6
CONTINUOUS
10
6.288267401574803
20
-4.4504878740157476
11
6.2897740157480317
21
-4.4501881889763775
0
LINE
8
BLACK
6
CONTINUOUS
10
6.2897740157480317
20
-4.4501881889763775
11
6.3399708661417318
21
-4.4501881889763775
0
LINE
8
BLACK
6
CONTINUOUS
10
6.3399708661417318
20
-4.4501881889763775
11
6.3414774803149605
21
-4.4504878740157476
0
LINE
8
BLACK
6
CONTINUOUS
10
6.5668711811023623
20
-4.4504878740157476
11
6.5681484645669288
21
-4.451341299212598
0
LINE
8
BLACK
6
CONTINUOUS
10
6.5681484645669288
20
-4.451341299212598
11
6.5690018897637792
21
-4.4526185826771654
0
LINE
8
BLACK
6
CONTINUOUS
10
6.5690018897637792
20
-4.4526185826771654
11
6.5693015748031494
21
-4.4541251968503932
0
LINE
8
BLACK
6
CONTINUOUS
10
6.5693015748031494
20
-4.4541251968503932
11
6.5693015748031494
21
-4.4619992125984247
0
LINE
8
BLACK
6
CONTINUOUS
10
6.5693015748031494
20
-4.4619992125984247
11
6.5690018897637792
21
-4.4635058267716534
0
LINE
8
BLACK
6
CONTINUOUS
10
6.5690018897637792
20
-4.4635058267716534
11
6.5681484645669288
21
-4.4647831102362208
0
LINE
8
BLACK
6
CONTINUOUS
10
6.5681484645669288
20
-4.4647831102362208
11
6.5668711811023623
21
-4.4656365354330712
0
LINE
8
BLACK
6
CONTINUOUS
10
6.5668711811023623
20
-4.4656365354330712
11
6.5653645669291336
21
-4.4659362204724404
0
LINE
8
BLACK
6
CONTINUOUS
10
6.5653645669291336
20
-4.4659362204724404
11
6.5151677165354327
21
-4.4659362204724404
0
LINE
8
BLACK
6
CONTINUOUS
10
6.5151677165354327
20
-4.4659362204724404
11
6.5136611023622049
21
-4.4656365354330712
0
LINE
8
BLACK
6
CONTINUOUS
10
6.5136611023622049
20
-4.4656365354330712
11
6.5123838188976375
21
-4.4647831102362208
0
LINE
8
BLACK
6
CONTINUOUS
10
6.5123838188976375
20
-4.4647831102362208
11
6.5115303937007871
21
-4.4635058267716534
0
LINE
8
BLACK
6
CONTINUOUS
10
6.5115303937007871
20
-4.4635058267716534
11
6.511230708661417
21
-4.4619992125984247
0
LINE
8
BLACK
6
CONTINUOUS
10
6.511230708661417
20
-4.4619992125984247
11
6.511230708661417
21
-4.4541251968503932
0
LINE
8
BLACK
6
CONTINUOUS
10
6.511230708661417
20
-4.4541251968503932
11
6.5115303937007871
21
-4.4526185826771654
0
LINE
8
BLACK
6
CONTINUOUS
10
6.5115303937007871
20
-4.4526185826771654
11
6.5123838188976375
21
-4.451341299212598
0
LINE
8
BLACK
6
CONTINUOUS
10
6.5123838188976375
20
-4.451341299212598
11
6.5136611023622049
21
-4.4504878740157476
0
LINE
8
BLACK
6
CONTINUOUS
10
6.5136611023622049
20
-4.4504878740157476
11
6.5151677165354327
21
-4.4501881889763775
0
LINE
8
BLACK
6
CONTINUOUS
10
6.5151677165354327
20
-4.4501881889763775
11
6.5653645669291336
21
-4.4501881889763775
0
LINE
8
BLACK
6
CONTINUOUS
10
6.5653645669291336
20
-4.4501881889763775
11
6.5668711811023623
21
-4.4504878740157476
0
LINE
8
BLACK
6
CONTINUOUS
10
3.8293673622047244
20
-4.4027090551181098
11
3.8325605118110238
21
-4.4048426377952756
0
LINE
8
BLACK
6
CONTINUOUS
10
3.8325605118110238
20
-4.4048426377952756
11
3.8346940944881891
21
-4.408035787401575
0
LINE
8
BLACK
6
CONTINUOUS
10
3.8346940944881891
20
-4.408035787401575
11
3.8354433070866141
21
-4.4118023622047247
0
LINE
8
BLACK
6
CONTINUOUS
10
3.8354433070866141
20
-4.4118023622047247
11
3.8354433070866141
21
-4.4472354330708663
0
LINE
8
BLACK
6
CONTINUOUS
10
3.8354433070866141
20
-4.4472354330708663
11
3.8346940944881891
21
-4.451002007874016
0
LINE
8
BLACK
6
CONTINUOUS
10
3.8346940944881891
20
-4.451002007874016
11
3.8325605118110238
21
-4.4541951574803145
0
LINE
8
BLACK
6
CONTINUOUS
10
3.8325605118110238
20
-4.4541951574803145
11
3.8293673622047244
21
-4.4563287401574803
0
LINE
8
BLACK
6
CONTINUOUS
10
3.8293673622047244
20
-4.4563287401574803
11
3.8256007874015747
21
-4.4570779527559052
0
LINE
8
BLACK
6
CONTINUOUS
10
3.8256007874015747
20
-4.4570779527559052
11
3.8049314960629919
21
-4.4570779527559052
0
LINE
8
BLACK
6
CONTINUOUS
10
3.8049314960629919
20
-4.4570779527559052
11
3.8011649212598426
21
-4.4563287401574803
0
LINE
8
BLACK
6
CONTINUOUS
10
3.8011649212598426
20
-4.4563287401574803
11
3.7979717716535433
21
-4.4541951574803145
0
LINE
8
BLACK
6
CONTINUOUS
10
3.7979717716535433
20
-4.4541951574803145
11
3.7958381889763779
21
-4.451002007874016
0
LINE
8
BLACK
6
CONTINUOUS
10
3.7958381889763779
20
-4.451002007874016
11
3.7950889763779525
21
-4.4472354330708663
0
LINE
8
BLACK
6
CONTINUOUS
10
3.7950889763779525
20
-4.4472354330708663
11
3.7950889763779525
21
-4.4118023622047247
0
LINE
8
BLACK
6
CONTINUOUS
10
3.7950889763779525
20
-4.4118023622047247
11
3.7958381889763779
21
-4.408035787401575
0
LINE
8
BLACK
6
CONTINUOUS
10
3.7958381889763779
20
-4.408035787401575
11
3.7979717716535433
21
-4.4048426377952756
0
LINE
8
BLACK
6
CONTINUOUS
10
3.7979717716535433
20
-4.4048426377952756
11
3.8011649212598426
21
-4.4027090551181098
0
LINE
8
BLACK
6
CONTINUOUS
10
3.8011649212598426
20
-4.4027090551181098
11
3.8049314960629919
21
-4.4019598425196849
0
LINE
8
BLACK
6
CONTINUOUS
10
3.8049314960629919
20
-4.4019598425196849
11
3.8256007874015747
21
-4.4019598425196849
0
LINE
8
BLACK
6
CONTINUOUS
10
3.8256007874015747
20
-4.4019598425196849
11
3.8293673622047244
21
-4.4027090551181098
0
LINE
8
BLACK
6
CONTINUOUS
10
3.9012177559055119
20
-4.4027090551181098
11
3.9044109055118108
21
-4.4048426377952756
0
LINE
8
BLACK
6
CONTINUOUS
10
3.9044109055118108
20
-4.4048426377952756
11
3.9065444881889761
21
-4.408035787401575
0
LINE
8
BLACK
6
CONTINUOUS
10
3.9065444881889761
20
-4.408035787401575
11
3.9072937007874016
21
-4.4118023622047247
0
LINE
8
BLACK
6
CONTINUOUS
10
3.9072937007874016
20
-4.4118023622047247
11
3.9072937007874016
21
-4.4472354330708663
0
LINE
8
BLACK
6
CONTINUOUS
10
3.9072937007874016
20
-4.4472354330708663
11
3.9065444881889761
21
-4.451002007874016
0
LINE
8
BLACK
6
CONTINUOUS
10
3.9065444881889761
20
-4.451002007874016
11
3.9044109055118108
21
-4.4541951574803145
0
LINE
8
BLACK
6
CONTINUOUS
10
3.9044109055118108
20
-4.4541951574803145
11
3.9012177559055119
21
-4.4563287401574803
0
LINE
8
BLACK
6
CONTINUOUS
10
3.9012177559055119
20
-4.4563287401574803
11
3.8974511811023622
21
-4.4570779527559052
0
LINE
8
BLACK
6
CONTINUOUS
10
3.8974511811023622
20
-4.4570779527559052
11
3.8767818897637794
21
-4.4570779527559052
0
LINE
8
BLACK
6
CONTINUOUS
10
3.8767818897637794
20
-4.4570779527559052
11
3.8730153149606297
21
-4.4563287401574803
0
LINE
8
BLACK
6
CONTINUOUS
10
3.8730153149606297
20
-4.4563287401574803
11
3.8698221653543308
21
-4.4541951574803145
0
LINE
8
BLACK
6
CONTINUOUS
10
3.8698221653543308
20
-4.4541951574803145
11
3.8676885826771654
21
-4.451002007874016
0
LINE
8
BLACK
6
CONTINUOUS
10
3.8676885826771654
20
-4.451002007874016
11
3.86693937007874
21
-4.4472354330708663
0
LINE
8
BLACK
6
CONTINUOUS
10
3.86693937007874
20
-4.4472354330708663
11
3.86693937007874
21
-4.4118023622047247
0
LINE
8
BLACK
6
CONTINUOUS
10
3.86693937007874
20
-4.4118023622047247
11
3.8676885826771654
21
-4.408035787401575
0
LINE
8
BLACK
6
CONTINUOUS
10
3.8676885826771654
20
-4.408035787401575
11
3.8698221653543308
21
-4.4048426377952756
0
LINE
8
BLACK
6
CONTINUOUS
10
3.8698221653543308
20
-4.4048426377952756
11
3.8730153149606297
21
-4.4027090551181098
0
LINE
8
BLACK
6
CONTINUOUS
10
3.8730153149606297
20
-4.4027090551181098
11
3.8767818897637794
21
-4.4019598425196849
0
LINE
8
BLACK
6
CONTINUOUS
10
3.8767818897637794
20
-4.4019598425196849
11
3.8974511811023622
21
-4.4019598425196849
0
LINE
8
BLACK
6
CONTINUOUS
10
3.8974511811023622
20
-4.4019598425196849
11
3.9012177559055119
21
-4.4027090551181098
0
LINE
8
BLACK
6
CONTINUOUS
10
4.0029894094488192
20
-4.4027090551181098
11
4.0061825590551177
21
-4.4048426377952756
0
LINE
8
BLACK
6
CONTINUOUS
10
4.0061825590551177
20
-4.4048426377952756
11
4.0083161417322835
21
-4.408035787401575
0
LINE
8
BLACK
6
CONTINUOUS
10
4.0083161417322835
20
-4.408035787401575
11
4.0090653543307084
21
-4.4118023622047247
0
LINE
8
BLACK
6
CONTINUOUS
10
4.0090653543307084
20
-4.4118023622047247
11
4.0090653543307084
21
-4.4472354330708663
0
LINE
8
BLACK
6
CONTINUOUS
10
4.0090653543307084
20
-4.4472354330708663
11
4.0083161417322835
21
-4.451002007874016
0
LINE
8
BLACK
6
CONTINUOUS
10
4.0083161417322835
20
-4.451002007874016
11
4.0061825590551177
21
-4.4541951574803145
0
LINE
8
BLACK
6
CONTINUOUS
10
4.0061825590551177
20
-4.4541951574803145
11
4.0029894094488192
21
-4.4563287401574803
0
LINE
8
BLACK
6
CONTINUOUS
10
4.0029894094488192
20
-4.4563287401574803
11
3.9992228346456691
21
-4.4570779527559052
0
LINE
8
BLACK
6
CONTINUOUS
10
3.9992228346456691
20
-4.4570779527559052
11
3.9785535433070867
21
-4.4570779527559052
0
LINE
8
BLACK
6
CONTINUOUS
10
3.9785535433070867
20
-4.4570779527559052
11
3.974786968503937
21
-4.4563287401574803
0
LINE
8
BLACK
6
CONTINUOUS
10
3.974786968503937
20
-4.4563287401574803
11
3.9715938188976376
21
-4.4541951574803145
0
LINE
8
BLACK
6
CONTINUOUS
10
3.9715938188976376
20
-4.4541951574803145
11
3.9694602362204723
21
-4.451002007874016
0
LINE
8
BLACK
6
CONTINUOUS
10
3.9694602362204723
20
-4.451002007874016
11
3.9687110236220473
21
-4.4472354330708663
0
LINE
8
BLACK
6
CONTINUOUS
10
3.9687110236220473
20
-4.4472354330708663
11
3.9687110236220473
21
-4.4118023622047247
0
LINE
8
BLACK
6
CONTINUOUS
10
3.9687110236220473
20
-4.4118023622047247
11
3.9694602362204723
21
-4.408035787401575
0
LINE
8
BLACK
6
CONTINUOUS
10
3.9694602362204723
20
-4.408035787401575
11
3.9715938188976376
21
-4.4048426377952756
0
LINE
8
BLACK
6
CONTINUOUS
10
3.9715938188976376
20
-4.4048426377952756
11
3.974786968503937
21
-4.4027090551181098
0
LINE
8
BLACK
6
CONTINUOUS
10
3.974786968503937
20
-4.4027090551181098
11
3.9785535433070867
21
-4.4019598425196849
0
LINE
8
BLACK
6
CONTINUOUS
10
3.9785535433070867
20
-4.4019598425196849
11
3.9992228346456691
21
-4.4019598425196849
0
LINE
8
BLACK
6
CONTINUOUS
10
3.9992228346456691
20
-4.4019598425196849
11
4.0029894094488192
21
-4.4027090551181098
0
LINE
8
BLACK
6
CONTINUOUS
10
4.0748398031496063
20
-4.4027090551181098
11
4.0780329527559056
21
-4.4048426377952756
0
LINE
8
BLACK
6
CONTINUOUS
10
4.0780329527559056
20
-4.4048426377952756
11
4.0801665354330705
21
-4.408035787401575
0
LINE
8
BLACK
6
CONTINUOUS
10
4.0801665354330705
20
-4.408035787401575
11
4.0809157480314964
21
-4.4118023622047247
0
LINE
8
BLACK
6
CONTINUOUS
10
4.0809157480314964
20
-4.4118023622047247
11
4.0809157480314964
21
-4.4472354330708663
0
LINE
8
BLACK
6
CONTINUOUS
10
4.0809157480314964
20
-4.4472354330708663
11
4.0801665354330705
21
-4.451002007874016
0
LINE
8
BLACK
6
CONTINUOUS
10
4.0801665354330705
20
-4.451002007874016
11
4.0780329527559056
21
-4.4541951574803145
0
LINE
8
BLACK
6
CONTINUOUS
10
4.0780329527559056
20
-4.4541951574803145
11
4.0748398031496063
21
-4.4563287401574803
0
LINE
8
BLACK
6
CONTINUOUS
10
4.0748398031496063
20
-4.4563287401574803
11
4.0710732283464566
21
-4.4570779527559052
0
LINE
8
BLACK
6
CONTINUOUS
10
4.0710732283464566
20
-4.4570779527559052
11
4.0504039370078742
21
-4.4570779527559052
0
LINE
8
BLACK
6
CONTINUOUS
10
4.0504039370078742
20
-4.4570779527559052
11
4.0466373622047245
21
-4.4563287401574803
0
LINE
8
BLACK
6
CONTINUOUS
10
4.0466373622047245
20
-4.4563287401574803
11
4.0434442125984251
21
-4.4541951574803145
0
LINE
8
BLACK
6
CONTINUOUS
10
4.0434442125984251
20
-4.4541951574803145
11
4.0413106299212593
21
-4.451002007874016
0
LINE
8
BLACK
6
CONTINUOUS
10
4.0413106299212593
20
-4.451002007874016
11
4.0405614173228344
21
-4.4472354330708663
0
LINE
8
BLACK
6
CONTINUOUS
10
4.0405614173228344
20
-4.4472354330708663
11
4.0405614173228344
21
-4.4118023622047247
0
LINE
8
BLACK
6
CONTINUOUS
10
4.0405614173228344
20
-4.4118023622047247
11
4.0413106299212593
21
-4.408035787401575
0
LINE
8
BLACK
6
CONTINUOUS
10
4.0413106299212593
20
-4.408035787401575
11
4.0434442125984251
21
-4.4048426377952756
0
LINE
8
BLACK
6
CONTINUOUS
10
4.0434442125984251
20
-4.4048426377952756
11
4.0466373622047245
21
-4.4027090551181098
0
LINE
8
BLACK
6
CONTINUOUS
10
4.0466373622047245
20
-4.4027090551181098
11
4.0504039370078742
21
-4.4019598425196849
0
LINE
8
BLACK
6
CONTINUOUS
10
4.0504039370078742
20
-4.4019598425196849
11
4.0710732283464566
21
-4.4019598425196849
0
LINE
8
BLACK
6
CONTINUOUS
10
4.0710732283464566
20
-4.4019598425196849
11
4.0748398031496063
21
-4.4027090551181098
0
LINE
8
BLACK
6
CONTINUOUS
10
4.1766114566929131
20
-4.4027090551181098
11
4.1798046062992125
21
-4.4048426377952756
0
LINE
8
BLACK
6
CONTINUOUS
10
4.1798046062992125
20
-4.4048426377952756
11
4.1819381889763783
21
-4.408035787401575
0
LINE
8
BLACK
6
CONTINUOUS
10
4.1819381889763783
20
-4.408035787401575
11
4.1826874015748032
21
-4.4118023622047247
0
LINE
8
BLACK
6
CONTINUOUS
10
4.1826874015748032
20
-4.4118023622047247
11
4.1826874015748032
21
-4.4472354330708663
0
LINE
8
BLACK
6
CONTINUOUS
10
4.1826874015748032
20
-4.4472354330708663
11
4.1819381889763783
21
-4.451002007874016
0
LINE
8
BLACK
6
CONTINUOUS
10
4.1819381889763783
20
-4.451002007874016
11
4.1798046062992125
21
-4.4541951574803145
0
LINE
8
BLACK
6
CONTINUOUS
10
4.1798046062992125
20
-4.4541951574803145
11
4.1766114566929131
21
-4.4563287401574803
0
LINE
8
BLACK
6
CONTINUOUS
10
4.1766114566929131
20
-4.4563287401574803
11
4.1728448818897634
21
-4.4570779527559052
0
LINE
8
BLACK
6
CONTINUOUS
10
4.1728448818897634
20
-4.4570779527559052
11
4.152175590551181
21
-4.4570779527559052
0
LINE
8
BLACK
6
CONTINUOUS
10
4.152175590551181
20
-4.4570779527559052
11
4.1484090157480313
21
-4.4563287401574803
0
LINE
8
BLACK
6
CONTINUOUS
10
4.1484090157480313
20
-4.4563287401574803
11
4.145215866141732
21
-4.4541951574803145
0
LINE
8
BLACK
6
CONTINUOUS
10
4.145215866141732
20
-4.4541951574803145
11
4.1430822834645671
21
-4.451002007874016
0
LINE
8
BLACK
6
CONTINUOUS
10
4.1430822834645671
20
-4.451002007874016
11
4.1423330708661412
21
-4.4472354330708663
0
LINE
8
BLACK
6
CONTINUOUS
10
4.1423330708661412
20
-4.4472354330708663
11
4.1423330708661412
21
-4.4118023622047247
0
LINE
8
BLACK
6
CONTINUOUS
10
4.1423330708661412
20
-4.4118023622047247
11
4.1430822834645671
21
-4.408035787401575
0
LINE
8
BLACK
6
CONTINUOUS
10
4.1430822834645671
20
-4.408035787401575
11
4.145215866141732
21
-4.4048426377952756
0
LINE
8
BLACK
6
CONTINUOUS
10
4.145215866141732
20
-4.4048426377952756
11
4.1484090157480313
21
-4.4027090551181098
0
LINE
8
BLACK
6
CONTINUOUS
10
4.1484090157480313
20
-4.4027090551181098
11
4.152175590551181
21
-4.4019598425196849
0
LINE
8
BLACK
6
CONTINUOUS
10
4.152175590551181
20
-4.4019598425196849
11
4.1728448818897634
21
-4.4019598425196849
0
LINE
8
BLACK
6
CONTINUOUS
10
4.1728448818897634
20
-4.4019598425196849
11
4.1766114566929131
21
-4.4027090551181098
0
LINE
8
BLACK
6
CONTINUOUS
10
4.2484618503937011
20
-4.4027090551181098
11
4.2516549999999995
21
-4.4048426377952756
0
LINE
8
BLACK
6
CONTINUOUS
10
4.2516549999999995
20
-4.4048426377952756
11
4.2537885826771653
21
-4.408035787401575
0
LINE
8
BLACK
6
CONTINUOUS
10
4.2537885826771653
20
-4.408035787401575
11
4.2545377952755903
21
-4.4118023622047247
0
LINE
8
BLACK
6
CONTINUOUS
10
4.2545377952755903
20
-4.4118023622047247
11
4.2545377952755903
21
-4.4472354330708663
0
LINE
8
BLACK
6
CONTINUOUS
10
4.2545377952755903
20
-4.4472354330708663
11
4.2537885826771653
21
-4.451002007874016
0
LINE
8
BLACK
6
CONTINUOUS
10
4.2537885826771653
20
-4.451002007874016
11
4.2516549999999995
21
-4.4541951574803145
0
LINE
8
BLACK
6
CONTINUOUS
10
4.2516549999999995
20
-4.4541951574803145
11
4.2484618503937011
21
-4.4563287401574803
0
LINE
8
BLACK
6
CONTINUOUS
10
4.2484618503937011
20
-4.4563287401574803
11
4.2446952755905514
21
-4.4570779527559052
0
LINE
8
BLACK
6
CONTINUOUS
10
4.2446952755905514
20
-4.4570779527559052
11
4.2240259842519681
21
-4.4570779527559052
0
LINE
8
BLACK
6
CONTINUOUS
10
4.2240259842519681
20
-4.4570779527559052
11
4.2202594094488184
21
-4.4563287401574803
0
LINE
8
BLACK
6
CONTINUOUS
10
4.2202594094488184
20
-4.4563287401574803
11
4.2170662598425199
21
-4.4541951574803145
0
LINE
8
BLACK
6
CONTINUOUS
10
4.2170662598425199
20
-4.4541951574803145
11
4.2149326771653541
21
-4.451002007874016
0
LINE
8
BLACK
6
CONTINUOUS
10
4.2149326771653541
20
-4.451002007874016
11
4.2141834645669292
21
-4.4472354330708663
0
LINE
8
BLACK
6
CONTINUOUS
10
4.2141834645669292
20
-4.4472354330708663
11
4.2141834645669292
21
-4.4118023622047247
0
LINE
8
BLACK
6
CONTINUOUS
10
4.2141834645669292
20
-4.4118023622047247
11
4.2149326771653541
21
-4.408035787401575
0
LINE
8
BLACK
6
CONTINUOUS
10
4.2149326771653541
20
-4.408035787401575
11
4.2170662598425199
21
-4.4048426377952756
0
LINE
8
BLACK
6
CONTINUOUS
10
4.2170662598425199
20
-4.4048426377952756
11
4.2202594094488184
21
-4.4027090551181098
0
LINE
8
BLACK
6
CONTINUOUS
10
4.2202594094488184
20
-4.4027090551181098
11
4.2240259842519681
21
-4.4019598425196849
0
LINE
8
BLACK
6
CONTINUOUS
10
4.2240259842519681
20
-4.4019598425196849
11
4.2446952755905514
21
-4.4019598425196849
0
LINE
8
BLACK
6
CONTINUOUS
10
4.2446952755905514
20
-4.4019598425196849
11
4.2484618503937011
21
-4.4027090551181098
0
LINE
8
BLACK
6
CONTINUOUS
10
4.3502335039370079
20
-4.4027090551181098
11
4.3534266535433073
21
-4.4048426377952756
0
LINE
8
BLACK
6
CONTINUOUS
10
4.3534266535433073
20
-4.4048426377952756
11
4.3555602362204722
21
-4.408035787401575
0
LINE
8
BLACK
6
CONTINUOUS
10
4.3555602362204722
20
-4.408035787401575
11
4.3563094488188971
21
-4.4118023622047247
0
LINE
8
BLACK
6
CONTINUOUS
10
4.3563094488188971
20
-4.4118023622047247
11
4.3563094488188971
21
-4.4472354330708663
0
LINE
8
BLACK
6
CONTINUOUS
10
4.3563094488188971
20
-4.4472354330708663
11
4.3555602362204722
21
-4.451002007874016
0
LINE
8
BLACK
6
CONTINUOUS
10
4.3555602362204722
20
-4.451002007874016
11
4.3534266535433073
21
-4.4541951574803145
0
LINE
8
BLACK
6
CONTINUOUS
10
4.3534266535433073
20
-4.4541951574803145
11
4.3502335039370079
21
-4.4563287401574803
0
LINE
8
BLACK
6
CONTINUOUS
10
4.3502335039370079
20
-4.4563287401574803
11
4.3464669291338582
21
-4.4570779527559052
0
LINE
8
BLACK
6
CONTINUOUS
10
4.3464669291338582
20
-4.4570779527559052
11
4.3257976377952758
21
-4.4570779527559052
0
LINE
8
BLACK
6
CONTINUOUS
10
4.3257976377952758
20
-4.4570779527559052
11
4.3220310629921261
21
-4.4563287401574803
0
LINE
8
BLACK
6
CONTINUOUS
10
4.3220310629921261
20
-4.4563287401574803
11
4.3188379133858268
21
-4.4541951574803145
0
LINE
8
BLACK
6
CONTINUOUS
10
4.3188379133858268
20
-4.4541951574803145
11
4.316704330708661
21
-4.451002007874016
0
LINE
8
BLACK
6
CONTINUOUS
10
4.316704330708661
20
-4.451002007874016
11
4.315955118110236
21
-4.4472354330708663
0
LINE
8
BLACK
6
CONTINUOUS
10
4.315955118110236
20
-4.4472354330708663
11
4.315955118110236
21
-4.4118023622047247
0
LINE
8
BLACK
6
CONTINUOUS
10
4.315955118110236
20
-4.4118023622047247
11
4.316704330708661
21
-4.408035787401575
0
LINE
8
BLACK
6
CONTINUOUS
10
4.316704330708661
20
-4.408035787401575
11
4.3188379133858268
21
-4.4048426377952756
0
LINE
8
BLACK
6
CONTINUOUS
10
4.3188379133858268
20
-4.4048426377952756
11
4.3220310629921261
21
-4.4027090551181098
0
LINE
8
BLACK
6
CONTINUOUS
10
4.3220310629921261
20
-4.4027090551181098
11
4.3257976377952758
21
-4.4019598425196849
0
LINE
8
BLACK
6
CONTINUOUS
10
4.3257976377952758
20
-4.4019598425196849
11
4.3464669291338582
21
-4.4019598425196849
0
LINE
8
BLACK
6
CONTINUOUS
10
4.3464669291338582
20
-4.4019598425196849
11
4.3502335039370079
21
-4.4027090551181098
0
LINE
8
BLACK
6
CONTINUOUS
10
4.422083897637795
20
-4.4027090551181098
11
4.4252770472440943
21
-4.4048426377952756
0
LINE
8
BLACK
6
CONTINUOUS
10
4.4252770472440943
20
-4.4048426377952756
11
4.4274106299212601
21
-4.408035787401575
0
LINE
8
BLACK
6
CONTINUOUS
10
4.4274106299212601
20
-4.408035787401575
11
4.4281598425196851
21
-4.4118023622047247
0
LINE
8
BLACK
6
CONTINUOUS
10
4.4281598425196851
20
-4.4118023622047247
11
4.4281598425196851
21
-4.4472354330708663
0
LINE
8
BLACK
6
CONTINUOUS
10
4.4281598425196851
20
-4.4472354330708663
11
4.4274106299212601
21
-4.451002007874016
0
LINE
8
BLACK
6
CONTINUOUS
10
4.4274106299212601
20
-4.451002007874016
11
4.4252770472440943
21
-4.4541951574803145
0
LINE
8
BLACK
6
CONTINUOUS
10
4.4252770472440943
20
-4.4541951574803145
11
4.422083897637795
21
-4.4563287401574803
0
LINE
8
BLACK
6
CONTINUOUS
10
4.422083897637795
20
-4.4563287401574803
11
4.4183173228346453
21
-4.4570779527559052
0
LINE
8
BLACK
6
CONTINUOUS
10
4.4183173228346453
20
-4.4570779527559052
11
4.3976480314960629
21
-4.4570779527559052
0
LINE
8
BLACK
6
CONTINUOUS
10
4.3976480314960629
20
-4.4570779527559052
11
4.3938814566929132
21
-4.4563287401574803
0
LINE
8
BLACK
6
CONTINUOUS
10
4.3938814566929132
20
-4.4563287401574803
11
4.3906883070866138
21
-4.4541951574803145
0
LINE
8
BLACK
6
CONTINUOUS
10
4.3906883070866138
20
-4.4541951574803145
11
4.3885547244094489
21
-4.451002007874016
0
LINE
8
BLACK
6
CONTINUOUS
10
4.3885547244094489
20
-4.451002007874016
11
4.387805511811024
21
-4.4472354330708663
0
LINE
8
BLACK
6
CONTINUOUS
10
4.387805511811024
20
-4.4472354330708663
11
4.387805511811024
21
-4.4118023622047247
0
LINE
8
BLACK
6
CONTINUOUS
10
4.387805511811024
20
-4.4118023622047247
11
4.3885547244094489
21
-4.408035787401575
0
LINE
8
BLACK
6
CONTINUOUS
10
4.3885547244094489
20
-4.408035787401575
11
4.3906883070866138
21
-4.4048426377952756
0
LINE
8
BLACK
6
CONTINUOUS
10
4.3906883070866138
20
-4.4048426377952756
11
4.3938814566929132
21
-4.4027090551181098
0
LINE
8
BLACK
6
CONTINUOUS
10
4.3938814566929132
20
-4.4027090551181098
11
4.3976480314960629
21
-4.4019598425196849
0
LINE
8
BLACK
6
CONTINUOUS
10
4.3976480314960629
20
-4.4019598425196849
11
4.4183173228346453
21
-4.4019598425196849
0
LINE
8
BLACK
6
CONTINUOUS
10
4.4183173228346453
20
-4.4019598425196849
11
4.422083897637795
21
-4.4027090551181098
0
LINE
8
BLACK
6
CONTINUOUS
10
4.5238555511811018
20
-4.4027090551181098
11
4.5270487007874012
21
-4.4048426377952756
0
LINE
8
BLACK
6
CONTINUOUS
10
4.5270487007874012
20
-4.4048426377952756
11
4.529182283464567
21
-4.408035787401575
0
LINE
8
BLACK
6
CONTINUOUS
10
4.529182283464567
20
-4.408035787401575
11
4.5299314960629919
21
-4.4118023622047247
0
LINE
8
BLACK
6
CONTINUOUS
10
4.5299314960629919
20
-4.4118023622047247
11
4.5299314960629919
21
-4.4472354330708663
0
LINE
8
BLACK
6
CONTINUOUS
10
4.5299314960629919
20
-4.4472354330708663
11
4.529182283464567
21
-4.451002007874016
0
LINE
8
BLACK
6
CONTINUOUS
10
4.529182283464567
20
-4.451002007874016
11
4.5270487007874012
21
-4.4541951574803145
0
LINE
8
BLACK
6
CONTINUOUS
10
4.5270487007874012
20
-4.4541951574803145
11
4.5238555511811018
21
-4.4563287401574803
0
LINE
8
BLACK
6
CONTINUOUS
10
4.5238555511811018
20
-4.4563287401574803
11
4.520088976377953
21
-4.4570779527559052
0
LINE
8
BLACK
6
CONTINUOUS
10
4.520088976377953
20
-4.4570779527559052
11
4.4994196850393697
21
-4.4570779527559052
0
LINE
8
BLACK
6
CONTINUOUS
10
4.4994196850393697
20
-4.4570779527559052
11
4.4956531102362201
21
-4.4563287401574803
0
LINE
8
BLACK
6
CONTINUOUS
10
4.4956531102362201
20
-4.4563287401574803
11
4.4924599606299216
21
-4.4541951574803145
0
LINE
8
BLACK
6
CONTINUOUS
10
4.4924599606299216
20
-4.4541951574803145
11
4.4903263779527558
21
-4.451002007874016
0
LINE
8
BLACK
6
CONTINUOUS
10
4.4903263779527558
20
-4.451002007874016
11
4.4895771653543308
21
-4.4472354330708663
0
LINE
8
BLACK
6
CONTINUOUS
10
4.4895771653543308
20
-4.4472354330708663
11
4.4895771653543308
21
-4.4118023622047247
0
LINE
8
BLACK
6
CONTINUOUS
10
4.4895771653543308
20
-4.4118023622047247
11
4.4903263779527558
21
-4.408035787401575
0
LINE
8
BLACK
6
CONTINUOUS
10
4.4903263779527558
20
-4.408035787401575
11
4.4924599606299216
21
-4.4048426377952756
0
LINE
8
BLACK
6
CONTINUOUS
10
4.4924599606299216
20
-4.4048426377952756
11
4.4956531102362201
21
-4.4027090551181098
0
LINE
8
BLACK
6
CONTINUOUS
10
4.4956531102362201
20
-4.4027090551181098
11
4.4994196850393697
21
-4.4019598425196849
0
LINE
8
BLACK
6
CONTINUOUS
10
4.4994196850393697
20
-4.4019598425196849
11
4.520088976377953
21
-4.4019598425196849
0
LINE
8
BLACK
6
CONTINUOUS
10
4.520088976377953
20
-4.4019598425196849
11
4.5238555511811018
21
-4.4027090551181098
0
LINE
8
BLACK
6
CONTINUOUS
10
4.5957059448818898
20
-4.4027090551181098
11
4.5988990944881891
21
-4.4048426377952756
0
LINE
8
BLACK
6
CONTINUOUS
10
4.5988990944881891
20
-4.4048426377952756
11
4.601032677165354
21
-4.408035787401575
0
LINE
8
BLACK
6
CONTINUOUS
10
4.601032677165354
20
-4.408035787401575
11
4.601781889763779
21
-4.4118023622047247
0
LINE
8
BLACK
6
CONTINUOUS
10
4.601781889763779
20
-4.4118023622047247
11
4.601781889763779
21
-4.4472354330708663
0
LINE
8
BLACK
6
CONTINUOUS
10
4.601781889763779
20
-4.4472354330708663
11
4.601032677165354
21
-4.451002007874016
0
LINE
8
BLACK
6
CONTINUOUS
10
4.601032677165354
20
-4.451002007874016
11
4.5988990944881891
21
-4.4541951574803145
0
LINE
8
BLACK
6
CONTINUOUS
10
4.5988990944881891
20
-4.4541951574803145
11
4.5957059448818898
21
-4.4563287401574803
0
LINE
8
BLACK
6
CONTINUOUS
10
4.5957059448818898
20
-4.4563287401574803
11
4.5919393700787401
21
-4.4570779527559052
0
LINE
8
BLACK
6
CONTINUOUS
10
4.5919393700787401
20
-4.4570779527559052
11
4.5712700787401577
21
-4.4570779527559052
0
LINE
8
BLACK
6
CONTINUOUS
10
4.5712700787401577
20
-4.4570779527559052
11
4.567503503937008
21
-4.4563287401574803
0
LINE
8
BLACK
6
CONTINUOUS
10
4.567503503937008
20
-4.4563287401574803
11
4.5643103543307086
21
-4.4541951574803145
0
LINE
8
BLACK
6
CONTINUOUS
10
4.5643103543307086
20
-4.4541951574803145
11
4.5621767716535429
21
-4.451002007874016
0
LINE
8
BLACK
6
CONTINUOUS
10
4.5621767716535429
20
-4.451002007874016
11
4.5614275590551179
21
-4.4472354330708663
0
LINE
8
BLACK
6
CONTINUOUS
10
4.5614275590551179
20
-4.4472354330708663
11
4.5614275590551179
21
-4.4118023622047247
0
LINE
8
BLACK
6
CONTINUOUS
10
4.5614275590551179
20
-4.4118023622047247
11
4.5621767716535429
21
-4.408035787401575
0
LINE
8
BLACK
6
CONTINUOUS
10
4.5621767716535429
20
-4.408035787401575
11
4.5643103543307086
21
-4.4048426377952756
0
LINE
8
BLACK
6
CONTINUOUS
10
4.5643103543307086
20
-4.4048426377952756
11
4.567503503937008
21
-4.4027090551181098
0
LINE
8
BLACK
6
CONTINUOUS
10
4.567503503937008
20
-4.4027090551181098
11
4.5712700787401577
21
-4.4019598425196849
0
LINE
8
BLACK
6
CONTINUOUS
10
4.5712700787401577
20
-4.4019598425196849
11
4.5919393700787401
21
-4.4019598425196849
0
LINE
8
BLACK
6
CONTINUOUS
10
4.5919393700787401
20
-4.4019598425196849
11
4.5957059448818898
21
-4.4027090551181098
0
LINE
8
BLACK
6
CONTINUOUS
10
5.2371127165354325
20
-4.4299684251968499
11
5.2390285826771654
21
-4.4312485826771653
0
LINE
8
BLACK
6
CONTINUOUS
10
5.2390285826771654
20
-4.4312485826771653
11
5.2403087401574799
21
-4.4331644488188973
0
LINE
8
BLACK
6
CONTINUOUS
10
5.2403087401574799
20
-4.4331644488188973
11
5.2407582677165356
21
-4.4354244094488191
0
LINE
8
BLACK
6
CONTINUOUS
10
5.2407582677165356
20
-4.4354244094488191
11
5.2407582677165356
21
-4.4472354330708663
0
LINE
8
BLACK
6
CONTINUOUS
10
5.2407582677165356
20
-4.4472354330708663
11
5.2403087401574799
21
-4.4494953937007873
0
LINE
8
BLACK
6
CONTINUOUS
10
5.2403087401574799
20
-4.4494953937007873
11
5.2390285826771654
21
-4.4514112598425193
0
LINE
8
BLACK
6
CONTINUOUS
10
5.2390285826771654
20
-4.4514112598425193
11
5.2371127165354325
21
-4.4526914173228347
0
LINE
8
BLACK
6
CONTINUOUS
10
5.2371127165354325
20
-4.4526914173228347
11
5.2348527559055116
21
-4.4531409448818895
0
LINE
8
BLACK
6
CONTINUOUS
10
5.2348527559055116
20
-4.4531409448818895
11
5.1944984251968505
21
-4.4531409448818895
0
LINE
8
BLACK
6
CONTINUOUS
10
5.1944984251968505
20
-4.4531409448818895
11
5.1922384645669286
21
-4.4526914173228347
0
LINE
8
BLACK
6
CONTINUOUS
10
5.1922384645669286
20
-4.4526914173228347
11
5.1903225984251966
21
-4.4514112598425193
0
LINE
8
BLACK
6
CONTINUOUS
10
5.1903225984251966
20
-4.4514112598425193
11
5.1890424409448821
21
-4.4494953937007873
0
LINE
8
BLACK
6
CONTINUOUS
10
5.1890424409448821
20
-4.4494953937007873
11
5.1885929133858264
21
-4.4472354330708663
0
LINE
8
BLACK
6
CONTINUOUS
10
5.1885929133858264
20
-4.4472354330708663
11
5.1885929133858264
21
-4.4354244094488191
0
LINE
8
BLACK
6
CONTINUOUS
10
5.1885929133858264
20
-4.4354244094488191
11
5.1890424409448821
21
-4.4331644488188973
0
LINE
8
BLACK
6
CONTINUOUS
10
5.1890424409448821
20
-4.4331644488188973
11
5.1903225984251966
21
-4.4312485826771653
0
LINE
8
BLACK
6
CONTINUOUS
10
5.1903225984251966
20
-4.4312485826771653
11
5.1922384645669286
21
-4.4299684251968499
0
LINE
8
BLACK
6
CONTINUOUS
10
5.1922384645669286
20
-4.4299684251968499
11
5.1944984251968505
21
-4.429518897637795
0
LINE
8
BLACK
6
CONTINUOUS
10
5.1944984251968505
20
-4.429518897637795
11
5.2348527559055116
21
-4.429518897637795
0
LINE
8
BLACK
6
CONTINUOUS
10
5.2348527559055116
20
-4.429518897637795
11
5.2371127165354325
21
-4.4299684251968499
0
LINE
8
BLACK
6
CONTINUOUS
10
6.3414774803149605
20
-4.4248973228346458
11
6.3427547637795278
21
-4.4257507480314962
0
LINE
8
BLACK
6
CONTINUOUS
10
6.3427547637795278
20
-4.4257507480314962
11
6.3436081889763782
21
-4.4270280314960626
0
LINE
8
BLACK
6
CONTINUOUS
10
6.3436081889763782
20
-4.4270280314960626
11
6.3439078740157475
21
-4.4285346456692913
0
LINE
8
BLACK
6
CONTINUOUS
10
6.3439078740157475
20
-4.4285346456692913
11
6.3439078740157475
21
-4.4364086614173228
0
LINE
8
BLACK
6
CONTINUOUS
10
6.3439078740157475
20
-4.4364086614173228
11
6.3436081889763782
21
-4.4379152755905507
0
LINE
8
BLACK
6
CONTINUOUS
10
6.3436081889763782
20
-4.4379152755905507
11
6.3427547637795278
21
-4.439192559055118
0
LINE
8
BLACK
6
CONTINUOUS
10
6.3427547637795278
20
-4.439192559055118
11
6.3414774803149605
21
-4.4400459842519684
0
LINE
8
BLACK
6
CONTINUOUS
10
6.3414774803149605
20
-4.4400459842519684
11
6.3399708661417318
21
-4.4403456692913386
0
LINE
8
BLACK
6
CONTINUOUS
10
6.3399708661417318
20
-4.4403456692913386
11
6.2897740157480317
21
-4.4403456692913386
0
LINE
8
BLACK
6
CONTINUOUS
10
6.2897740157480317
20
-4.4403456692913386
11
6.288267401574803
21
-4.4400459842519684
0
LINE
8
BLACK
6
CONTINUOUS
10
6.288267401574803
20
-4.4400459842519684
11
6.2869901181102357
21
-4.439192559055118
0
LINE
8
BLACK
6
CONTINUOUS
10
6.2869901181102357
20
-4.439192559055118
11
6.2861366929133853
21
-4.4379152755905507
0
LINE
8
BLACK
6
CONTINUOUS
10
6.2861366929133853
20
-4.4379152755905507
11
6.285837007874016
21
-4.4364086614173228
0
LINE
8
BLACK
6
CONTINUOUS
10
6.285837007874016
20
-4.4364086614173228
11
6.285837007874016
21
-4.4285346456692913
0
LINE
8
BLACK
6
CONTINUOUS
10
6.285837007874016
20
-4.4285346456692913
11
6.2861366929133853
21
-4.4270280314960626
0
LINE
8
BLACK
6
CONTINUOUS
10
6.2861366929133853
20
-4.4270280314960626
11
6.2869901181102357
21
-4.4257507480314962
0
LINE
8
BLACK
6
CONTINUOUS
10
6.2869901181102357
20
-4.4257507480314962
11
6.288267401574803
21
-4.4248973228346458
0
LINE
8
BLACK
6
CONTINUOUS
10
6.288267401574803
20
-4.4248973228346458
11
6.2897740157480317
21
-4.4245976377952756
0
LINE
8
BLACK
6
CONTINUOUS
10
6.2897740157480317
20
-4.4245976377952756
11
6.3399708661417318
21
-4.4245976377952756
0
LINE
8
BLACK
6
CONTINUOUS
10
6.3399708661417318
20
-4.4245976377952756
11
6.3414774803149605
21
-4.4248973228346458
0
LINE
8
BLACK
6
CONTINUOUS
10
6.5668711811023623
20
-4.4248973228346458
11
6.5681484645669288
21
-4.4257507480314962
0
LINE
8
BLACK
6
CONTINUOUS
10
6.5681484645669288
20
-4.4257507480314962
11
6.5690018897637792
21
-4.4270280314960626
0
LINE
8
BLACK
6
CONTINUOUS
10
6.5690018897637792
20
-4.4270280314960626
11
6.5693015748031494
21
-4.4285346456692913
0
LINE
8
BLACK
6
CONTINUOUS
10
6.5693015748031494
20
-4.4285346456692913
11
6.5693015748031494
21
-4.4364086614173228
0
LINE
8
BLACK
6
CONTINUOUS
10
6.5693015748031494
20
-4.4364086614173228
11
6.5690018897637792
21
-4.4379152755905507
0
LINE
8
BLACK
6
CONTINUOUS
10
6.5690018897637792
20
-4.4379152755905507
11
6.5681484645669288
21
-4.439192559055118
0
LINE
8
BLACK
6
CONTINUOUS
10
6.5681484645669288
20
-4.439192559055118
11
6.5668711811023623
21
-4.4400459842519684
0
LINE
8
BLACK
6
CONTINUOUS
10
6.5668711811023623
20
-4.4400459842519684
11
6.5653645669291336
21
-4.4403456692913386
0
LINE
8
BLACK
6
CONTINUOUS
10
6.5653645669291336
20
-4.4403456692913386
11
6.5151677165354327
21
-4.4403456692913386
0
LINE
8
BLACK
6
CONTINUOUS
10
6.5151677165354327
20
-4.4403456692913386
11
6.5136611023622049
21
-4.4400459842519684
0
LINE
8
BLACK
6
CONTINUOUS
10
6.5136611023622049
20
-4.4400459842519684
11
6.5123838188976375
21
-4.439192559055118
0
LINE
8
BLACK
6
CONTINUOUS
10
6.5123838188976375
20
-4.439192559055118
11
6.5115303937007871
21
-4.4379152755905507
0
LINE
8
BLACK
6
CONTINUOUS
10
6.5115303937007871
20
-4.4379152755905507
11
6.511230708661417
21
-4.4364086614173228
0
LINE
8
BLACK
6
CONTINUOUS
10
6.511230708661417
20
-4.4364086614173228
11
6.511230708661417
21
-4.4285346456692913
0
LINE
8
BLACK
6
CONTINUOUS
10
6.511230708661417
20
-4.4285346456692913
11
6.5115303937007871
21
-4.4270280314960626
0
LINE
8
BLACK
6
CONTINUOUS
10
6.5115303937007871
20
-4.4270280314960626
11
6.5123838188976375
21
-4.4257507480314962
0
LINE
8
BLACK
6
CONTINUOUS
10
6.5123838188976375
20
-4.4257507480314962
11
6.5136611023622049
21
-4.4248973228346458
0
LINE
8
BLACK
6
CONTINUOUS
10
6.5136611023622049
20
-4.4248973228346458
11
6.5151677165354327
21
-4.4245976377952756
0
LINE
8
BLACK
6
CONTINUOUS
10
6.5151677165354327
20
-4.4245976377952756
11
6.5653645669291336
21
-4.4245976377952756
0
LINE
8
BLACK
6
CONTINUOUS
10
6.5653645669291336
20
-4.4245976377952756
11
6.5668711811023623
21
-4.4248973228346458
0
LINE
8
BLACK
6
CONTINUOUS
10
5.3266796456692909
20
-4.3925668503937008
11
5.3285955118110238
21
-4.3938470078740153
0
LINE
8
BLACK
6
CONTINUOUS
10
5.3285955118110238
20
-4.3938470078740153
11
5.3298756692913383
21
-4.3957628740157482
0
LINE
8
BLACK
6
CONTINUOUS
10
5.3298756692913383
20
-4.3957628740157482
11
5.330325196850394
21
-4.3980228346456691
0
LINE
8
BLACK
6
CONTINUOUS
10
5.330325196850394
20
-4.3980228346456691
11
5.330325196850394
21
-4.4098338582677163
0
LINE
8
BLACK
6
CONTINUOUS
10
5.330325196850394
20
-4.4098338582677163
11
5.3298756692913383
21
-4.4120938188976373
0
LINE
8
BLACK
6
CONTINUOUS
10
5.3298756692913383
20
-4.4120938188976373
11
5.3285955118110238
21
-4.4140096850393702
0
LINE
8
BLACK
6
CONTINUOUS
10
5.3285955118110238
20
-4.4140096850393702
11
5.3266796456692909
21
-4.4152898425196847
0
LINE
8
BLACK
6
CONTINUOUS
10
5.3266796456692909
20
-4.4152898425196847
11
5.3244196850393699
21
-4.4157393700787404
0
LINE
8
BLACK
6
CONTINUOUS
10
5.3244196850393699
20
-4.4157393700787404
11
5.2840653543307088
21
-4.4157393700787404
0
LINE
8
BLACK
6
CONTINUOUS
10
5.2840653543307088
20
-4.4157393700787404
11
5.2818053937007869
21
-4.4152898425196847
0
LINE
8
BLACK
6
CONTINUOUS
10
5.2818053937007869
20
-4.4152898425196847
11
5.2798895275590549
21
-4.4140096850393702
0
LINE
8
BLACK
6
CONTINUOUS
10
5.2798895275590549
20
-4.4140096850393702
11
5.2786093700787404
21
-4.4120938188976373
0
LINE
8
BLACK
6
CONTINUOUS
10
5.2786093700787404
20
-4.4120938188976373
11
5.2781598425196847
21
-4.4098338582677163
0
LINE
8
BLACK
6
CONTINUOUS
10
5.2781598425196847
20
-4.4098338582677163
11
5.2781598425196847
21
-4.3980228346456691
0
LINE
8
BLACK
6
CONTINUOUS
10
5.2781598425196847
20
-4.3980228346456691
11
5.2786093700787404
21
-4.3957628740157482
0
LINE
8
BLACK
6
CONTINUOUS
10
5.2786093700787404
20
-4.3957628740157482
11
5.2798895275590549
21
-4.3938470078740153
0
LINE
8
BLACK
6
CONTINUOUS
10
5.2798895275590549
20
-4.3938470078740153
11
5.2818053937007869
21
-4.3925668503937008
0
LINE
8
BLACK
6
CONTINUOUS
10
5.2818053937007869
20
-4.3925668503937008
11
5.2840653543307088
21
-4.392117322834646
0
LINE
8
BLACK
6
CONTINUOUS
10
5.2840653543307088
20
-4.392117322834646
11
5.3244196850393699
21
-4.392117322834646
0
LINE
8
BLACK
6
CONTINUOUS
10
5.3244196850393699
20
-4.392117322834646
11
5.3266796456692909
21
-4.3925668503937008
0
LINE
8
BLACK
6
CONTINUOUS
10
6.3414774803149605
20
-4.399306771653543
11
6.3427547637795278
21
-4.4001601968503934
0
LINE
8
BLACK
6
CONTINUOUS
10
6.3427547637795278
20
-4.4001601968503934
11
6.3436081889763782
21
-4.4014374803149607
0
LINE
8
BLACK
6
CONTINUOUS
10
6.3436081889763782
20
-4.4014374803149607
11
6.3439078740157475
21
-4.4029440944881886
0
LINE
8
BLACK
6
CONTINUOUS
10
6.3439078740157475
20
-4.4029440944881886
11
6.3439078740157475
21
-4.4108181102362201
0
LINE
8
BLACK
6
CONTINUOUS
10
6.3439078740157475
20
-4.4108181102362201
11
6.3436081889763782
21
-4.4123247244094488
0
LINE
8
BLACK
6
CONTINUOUS
10
6.3436081889763782
20
-4.4123247244094488
11
6.3427547637795278
21
-4.4136020078740152
0
LINE
8
BLACK
6
CONTINUOUS
10
6.3427547637795278
20
-4.4136020078740152
11
6.3414774803149605
21
-4.4144554330708656
0
LINE
8
BLACK
6
CONTINUOUS
10
6.3414774803149605
20
-4.4144554330708656
11
6.3399708661417318
21
-4.4147551181102358
0
LINE
8
BLACK
6
CONTINUOUS
10
6.3399708661417318
20
-4.4147551181102358
11
6.2897740157480317
21
-4.4147551181102358
0
LINE
8
BLACK
6
CONTINUOUS
10
6.2897740157480317
20
-4.4147551181102358
11
6.288267401574803
21
-4.4144554330708656
0
LINE
8
BLACK
6
CONTINUOUS
10
6.288267401574803
20
-4.4144554330708656
11
6.2869901181102357
21
-4.4136020078740152
0
LINE
8
BLACK
6
CONTINUOUS
10
6.2869901181102357
20
-4.4136020078740152
11
6.2861366929133853
21
-4.4123247244094488
0
LINE
8
BLACK
6
CONTINUOUS
10
6.2861366929133853
20
-4.4123247244094488
11
6.285837007874016
21
-4.4108181102362201
0
LINE
8
BLACK
6
CONTINUOUS
10
6.285837007874016
20
-4.4108181102362201
11
6.285837007874016
21
-4.4029440944881886
0
LINE
8
BLACK
6
CONTINUOUS
10
6.285837007874016
20
-4.4029440944881886
11
6.2861366929133853
21
-4.4014374803149607
0
LINE
8
BLACK
6
CONTINUOUS
10
6.2861366929133853
20
-4.4014374803149607
11
6.2869901181102357
21
-4.4001601968503934
0
LINE
8
BLACK
6
CONTINUOUS
10
6.2869901181102357
20
-4.4001601968503934
11
6.288267401574803
21
-4.399306771653543
0
LINE
8
BLACK
6
CONTINUOUS
10
6.288267401574803
20
-4.399306771653543
11
6.2897740157480317
21
-4.3990070866141728
0
LINE
8
BLACK
6
CONTINUOUS
10
6.2897740157480317
20
-4.3990070866141728
11
6.3399708661417318
21
-4.3990070866141728
0
LINE
8
BLACK
6
CONTINUOUS
10
6.3399708661417318
20
-4.3990070866141728
11
6.3414774803149605
21
-4.399306771653543
0
LINE
8
BLACK
6
CONTINUOUS
10
6.5668711811023623
20
-4.399306771653543
11
6.5681484645669288
21
-4.4001601968503934
0
LINE
8
BLACK
6
CONTINUOUS
10
6.5681484645669288
20
-4.4001601968503934
11
6.5690018897637792
21
-4.4014374803149607
0
LINE
8
BLACK
6
CONTINUOUS
10
6.5690018897637792
20
-4.4014374803149607
11
6.5693015748031494
21
-4.4029440944881886
0
LINE
8
BLACK
6
CONTINUOUS
10
6.5693015748031494
20
-4.4029440944881886
11
6.5693015748031494
21
-4.4108181102362201
0
LINE
8
BLACK
6
CONTINUOUS
10
6.5693015748031494
20
-4.4108181102362201
11
6.5690018897637792
21
-4.4123247244094488
0
LINE
8
BLACK
6
CONTINUOUS
10
6.5690018897637792
20
-4.4123247244094488
11
6.5681484645669288
21
-4.4136020078740152
0
LINE
8
BLACK
6
CONTINUOUS
10
6.5681484645669288
20
-4.4136020078740152
11
6.5668711811023623
21
-4.4144554330708656
0
LINE
8
BLACK
6
CONTINUOUS
10
6.5668711811023623
20
-4.4144554330708656
11
6.5653645669291336
21
-4.4147551181102358
0
LINE
8
BLACK
6
CONTINUOUS
10
6.5653645669291336
20
-4.4147551181102358
11
6.5151677165354327
21
-4.4147551181102358
0
LINE
8
BLACK
6
CONTINUOUS
10
6.5151677165354327
20
-4.4147551181102358
11
6.5136611023622049
21
-4.4144554330708656
0
LINE
8
BLACK
6
CONTINUOUS
10
6.5136611023622049
20
-4.4144554330708656
11
6.5123838188976375
21
-4.4136020078740152
0
LINE
8
BLACK
6
CONTINUOUS
10
6.5123838188976375
20
-4.4136020078740152
11
6.5115303937007871
21
-4.4123247244094488
0
LINE
8
BLACK
6
CONTINUOUS
10
6.5115303937007871
20
-4.4123247244094488
11
6.511230708661417
21
-4.4108181102362201
0
LINE
8
BLACK
6
CONTINUOUS
10
6.511230708661417
20
-4.4108181102362201
11
6.511230708661417
21
-4.4029440944881886
0
LINE
8
BLACK
6
CONTINUOUS
10
6.511230708661417
20
-4.4029440944881886
11
6.5115303937007871
21
-4.4014374803149607
0
LINE
8
BLACK
6
CONTINUOUS
10
6.5115303937007871
20
-4.4014374803149607
11
6.5123838188976375
21
-4.4001601968503934
0
LINE
8
BLACK
6
CONTINUOUS
10
6.5123838188976375
20
-4.4001601968503934
11
6.5136611023622049
21
-4.399306771653543
0
LINE
8
BLACK
6
CONTINUOUS
10
6.5136611023622049
20
-4.399306771653543
11
6.5151677165354327
21
-4.3990070866141728
0
LINE
8
BLACK
6
CONTINUOUS
10
6.5151677165354327
20
-4.3990070866141728
11
6.5653645669291336
21
-4.3990070866141728
0
LINE
8
BLACK
6
CONTINUOUS
10
6.5653645669291336
20
-4.3990070866141728
11
6.5668711811023623
21
-4.399306771653543
0
LINE
8
BLACK
6
CONTINUOUS
10
6.3414774803149605
20
-4.3737162204724411
11
6.3427547637795278
21
-4.3745696456692915
0
LINE
8
BLACK
6
CONTINUOUS
10
6.3427547637795278
20
-4.3745696456692915
11
6.3436081889763782
21
-4.375846929133858
0
LINE
8
BLACK
6
CONTINUOUS
10
6.3436081889763782
20
-4.375846929133858
11
6.3439078740157475
21
-4.3773535433070867
0
LINE
8
BLACK
6
CONTINUOUS
10
6.3439078740157475
20
-4.3773535433070867
11
6.3439078740157475
21
-4.3852275590551182
0
LINE
8
BLACK
6
CONTINUOUS
10
6.3439078740157475
20
-4.3852275590551182
11
6.3436081889763782
21
-4.386734173228346
0
LINE
8
BLACK
6
CONTINUOUS
10
6.3436081889763782
20
-4.386734173228346
11
6.3427547637795278
21
-4.3880114566929134
0
LINE
8
BLACK
6
CONTINUOUS
10
6.3427547637795278
20
-4.3880114566929134
11
6.3414774803149605
21
-4.3888648818897638
0
LINE
8
BLACK
6
CONTINUOUS
10
6.3414774803149605
20
-4.3888648818897638
11
6.3399708661417318
21
-4.3891645669291339
0
LINE
8
BLACK
6
CONTINUOUS
10
6.3399708661417318
20
-4.3891645669291339
11
6.2897740157480317
21
-4.3891645669291339
0
LINE
8
BLACK
6
CONTINUOUS
10
6.2897740157480317
20
-4.3891645669291339
11
6.288267401574803
21
-4.3888648818897638
0
LINE
8
BLACK
6
CONTINUOUS
10
6.288267401574803
20
-4.3888648818897638
11
6.2869901181102357
21
-4.3880114566929134
0
LINE
8
BLACK
6
CONTINUOUS
10
6.2869901181102357
20
-4.3880114566929134
11
6.2861366929133853
21
-4.386734173228346
0
LINE
8
BLACK
6
CONTINUOUS
10
6.2861366929133853
20
-4.386734173228346
11
6.285837007874016
21
-4.3852275590551182
0
LINE
8
BLACK
6
CONTINUOUS
10
6.285837007874016
20
-4.3852275590551182
11
6.285837007874016
21
-4.3773535433070867
0
LINE
8
BLACK
6
CONTINUOUS
10
6.285837007874016
20
-4.3773535433070867
11
6.2861366929133853
21
-4.375846929133858
0
LINE
8
BLACK
6
CONTINUOUS
10
6.2861366929133853
20
-4.375846929133858
11
6.2869901181102357
21
-4.3745696456692915
0
LINE
8
BLACK
6
CONTINUOUS
10
6.2869901181102357
20
-4.3745696456692915
11
6.288267401574803
21
-4.3737162204724411
0
LINE
8
BLACK
6
CONTINUOUS
10
6.288267401574803
20
-4.3737162204724411
11
6.2897740157480317
21
-4.373416535433071
0
LINE
8
BLACK
6
CONTINUOUS
10
6.2897740157480317
20
-4.373416535433071
11
6.3399708661417318
21
-4.373416535433071
0
LINE
8
BLACK
6
CONTINUOUS
10
6.3399708661417318
20
-4.373416535433071
11
6.3414774803149605
21
-4.3737162204724411
0
LINE
8
BLACK
6
CONTINUOUS
10
6.5668711811023623
20
-4.3737162204724411
11
6.5681484645669288
21
-4.3745696456692915
0
LINE
8
BLACK
6
CONTINUOUS
10
6.5681484645669288
20
-4.3745696456692915
11
6.5690018897637792
21
-4.375846929133858
0
LINE
8
BLACK
6
CONTINUOUS
10
6.5690018897637792
20
-4.375846929133858
11
6.5693015748031494
21
-4.3773535433070867
0
LINE
8
BLACK
6
CONTINUOUS
10
6.5693015748031494
20
-4.3773535433070867
11
6.5693015748031494
21
-4.3852275590551182
0
LINE
8
BLACK
6
CONTINUOUS
10
6.5693015748031494
20
-4.3852275590551182
11
6.5690018897637792
21
-4.386734173228346
0
LINE
8
BLACK
6
CONTINUOUS
10
6.5690018897637792
20
-4.386734173228346
11
6.5681484645669288
21
-4.3880114566929134
0
LINE
8
BLACK
6
CONTINUOUS
10
6.5681484645669288
20
-4.3880114566929134
11
6.5668711811023623
21
-4.3888648818897638
0
LINE
8
BLACK
6
CONTINUOUS
10
6.5668711811023623
20
-4.3888648818897638
11
6.5653645669291336
21
-4.3891645669291339
0
LINE
8
BLACK
6
CONTINUOUS
10
6.5653645669291336
20
-4.3891645669291339
11
6.5151677165354327
21
-4.3891645669291339
0
LINE
8
BLACK
6
CONTINUOUS
10
6.5151677165354327
20
-4.3891645669291339
11
6.5136611023622049
21
-4.3888648818897638
0
LINE
8
BLACK
6
CONTINUOUS
10
6.5136611023622049
20
-4.3888648818897638
11
6.5123838188976375
21
-4.3880114566929134
0
LINE
8
BLACK
6
CONTINUOUS
10
6.5123838188976375
20
-4.3880114566929134
11
6.5115303937007871
21
-4.386734173228346
0
LINE
8
BLACK
6
CONTINUOUS
10
6.5115303937007871
20
-4.386734173228346
11
6.511230708661417
21
-4.3852275590551182
0
LINE
8
BLACK
6
CONTINUOUS
10
6.511230708661417
20
-4.3852275590551182
11
6.511230708661417
21
-4.3773535433070867
0
LINE
8
BLACK
6
CONTINUOUS
10
6.511230708661417
20
-4.3773535433070867
11
6.5115303937007871
21
-4.375846929133858
0
LINE
8
BLACK
6
CONTINUOUS
10
6.5115303937007871
20
-4.375846929133858
11
6.5123838188976375
21
-4.3745696456692915
0
LINE
8
BLACK
6
CONTINUOUS
10
6.5123838188976375
20
-4.3745696456692915
11
6.5136611023622049
21
-4.3737162204724411
0
LINE
8
BLACK
6
CONTINUOUS
10
6.5136611023622049
20
-4.3737162204724411
11
6.5151677165354327
21
-4.373416535433071
0
LINE
8
BLACK
6
CONTINUOUS
10
6.5151677165354327
20
-4.373416535433071
11
6.5653645669291336
21
-4.373416535433071
0
LINE
8
BLACK
6
CONTINUOUS
10
6.5653645669291336
20
-4.373416535433071
11
6.5668711811023623
21
-4.3737162204724411
0
LINE
8
BLACK
6
CONTINUOUS
10
5.2371127165354325
20
-4.3551652755905508
11
5.2390285826771654
21
-4.3564454330708662
0
LINE
8
BLACK
6
CONTINUOUS
10
5.2390285826771654
20
-4.3564454330708662
11
5.2403087401574799
21
-4.3583612992125982
0
LINE
8
BLACK
6
CONTINUOUS
10
5.2403087401574799
20
-4.3583612992125982
11
5.2407582677165356
21
-4.36062125984252
0
LINE
8
BLACK
6
CONTINUOUS
10
5.2407582677165356
20
-4.36062125984252
11
5.2407582677165356
21
-4.3724322834645672
0
LINE
8
BLACK
6
CONTINUOUS
10
5.2407582677165356
20
-4.3724322834645672
11
5.2403087401574799
21
-4.3746922440944882
0
LINE
8
BLACK
6
CONTINUOUS
10
5.2403087401574799
20
-4.3746922440944882
11
5.2390285826771654
21
-4.3766081102362202
0
LINE
8
BLACK
6
CONTINUOUS
10
5.2390285826771654
20
-4.3766081102362202
11
5.2371127165354325
21
-4.3778882677165356
0
LINE
8
BLACK
6
CONTINUOUS
10
5.2371127165354325
20
-4.3778882677165356
11
5.2348527559055116
21
-4.3783377952755904
0
LINE
8
BLACK
6
CONTINUOUS
10
5.2348527559055116
20
-4.3783377952755904
11
5.1944984251968505
21
-4.3783377952755904
0
LINE
8
BLACK
6
CONTINUOUS
10
5.1944984251968505
20
-4.3783377952755904
11
5.1922384645669286
21
-4.3778882677165356
0
LINE
8
BLACK
6
CONTINUOUS
10
5.1922384645669286
20
-4.3778882677165356
11
5.1903225984251966
21
-4.3766081102362202
0
LINE
8
BLACK
6
CONTINUOUS
10
5.1903225984251966
20
-4.3766081102362202
11
5.1890424409448821
21
-4.3746922440944882
0
LINE
8
BLACK
6
CONTINUOUS
10
5.1890424409448821
20
-4.3746922440944882
11
5.1885929133858264
21
-4.3724322834645672
0
LINE
8
BLACK
6
CONTINUOUS
10
5.1885929133858264
20
-4.3724322834645672
11
5.1885929133858264
21
-4.36062125984252
0
LINE
8
BLACK
6
CONTINUOUS
10
5.1885929133858264
20
-4.36062125984252
11
5.1890424409448821
21
-4.3583612992125982
0
LINE
8
BLACK
6
CONTINUOUS
10
5.1890424409448821
20
-4.3583612992125982
11
5.1903225984251966
21
-4.3564454330708662
0
LINE
8
BLACK
6
CONTINUOUS
10
5.1903225984251966
20
-4.3564454330708662
11
5.1922384645669286
21
-4.3551652755905508
0
LINE
8
BLACK
6
CONTINUOUS
10
5.1922384645669286
20
-4.3551652755905508
11
5.1944984251968505
21
-4.354715748031496
0
LINE
8
BLACK
6
CONTINUOUS
10
5.1944984251968505
20
-4.354715748031496
11
5.2348527559055116
21
-4.354715748031496
0
LINE
8
BLACK
6
CONTINUOUS
10
5.2348527559055116
20
-4.354715748031496
11
5.2371127165354325
21
-4.3551652755905508
0
LINE
8
BLACK
6
CONTINUOUS
10
6.3414774803149605
20
-4.3481256692913384
11
6.3427547637795278
21
-4.3489790944881888
0
LINE
8
BLACK
6
CONTINUOUS
10
6.3427547637795278
20
-4.3489790944881888
11
6.3436081889763782
21
-4.3502563779527561
0
LINE
8
BLACK
6
CONTINUOUS
10
6.3436081889763782
20
-4.3502563779527561
11
6.3439078740157475
21
-4.3517629921259839
0
LINE
8
BLACK
6
CONTINUOUS
10
6.3439078740157475
20
-4.3517629921259839
11
6.3439078740157475
21
-4.3596370078740154
0
LINE
8
BLACK
6
CONTINUOUS
10
6.3439078740157475
20
-4.3596370078740154
11
6.3436081889763782
21
-4.3611436220472442
0
LINE
8
BLACK
6
CONTINUOUS
10
6.3436081889763782
20
-4.3611436220472442
11
6.3427547637795278
21
-4.3624209055118106
0
LINE
8
BLACK
6
CONTINUOUS
10
6.3427547637795278
20
-4.3624209055118106
11
6.3414774803149605
21
-4.363274330708661
0
LINE
8
BLACK
6
CONTINUOUS
10
6.3414774803149605
20
-4.363274330708661
11
6.3399708661417318
21
-4.3635740157480312
0
LINE
8
BLACK
6
CONTINUOUS
10
6.3399708661417318
20
-4.3635740157480312
11
6.2897740157480317
21
-4.3635740157480312
0
LINE
8
BLACK
6
CONTINUOUS
10
6.2897740157480317
20
-4.3635740157480312
11
6.288267401574803
21
-4.363274330708661
0
LINE
8
BLACK
6
CONTINUOUS
10
6.288267401574803
20
-4.363274330708661
11
6.2869901181102357
21
-4.3624209055118106
0
LINE
8
BLACK
6
CONTINUOUS
10
6.2869901181102357
20
-4.3624209055118106
11
6.2861366929133853
21
-4.3611436220472442
0
LINE
8
BLACK
6
CONTINUOUS
10
6.2861366929133853
20
-4.3611436220472442
11
6.285837007874016
21
-4.3596370078740154
0
LINE
8
BLACK
6
CONTINUOUS
10
6.285837007874016
20
-4.3596370078740154
11
6.285837007874016
21
-4.3517629921259839
0
LINE
8
BLACK
6
CONTINUOUS
10
6.285837007874016
20
-4.3517629921259839
11
6.2861366929133853
21
-4.3502563779527561
0
LINE
8
BLACK
6
CONTINUOUS
10
6.2861366929133853
20
-4.3502563779527561
11
6.2869901181102357
21
-4.3489790944881888
0
LINE
8
BLACK
6
CONTINUOUS
10
6.2869901181102357
20
-4.3489790944881888
11
6.288267401574803
21
-4.3481256692913384
0
LINE
8
BLACK
6
CONTINUOUS
10
6.288267401574803
20
-4.3481256692913384
11
6.2897740157480317
21
-4.3478259842519682
0
LINE
8
BLACK
6
CONTINUOUS
10
6.2897740157480317
20
-4.3478259842519682
11
6.3399708661417318
21
-4.3478259842519682
0
LINE
8
BLACK
6
CONTINUOUS
10
6.3399708661417318
20
-4.3478259842519682
11
6.3414774803149605
21
-4.3481256692913384
0
LINE
8
BLACK
6
CONTINUOUS
10
6.5668711811023623
20
-4.3481256692913384
11
6.5681484645669288
21
-4.3489790944881888
0
LINE
8
BLACK
6
CONTINUOUS
10
6.5681484645669288
20
-4.3489790944881888
11
6.5690018897637792
21
-4.3502563779527561
0
LINE
8
BLACK
6
CONTINUOUS
10
6.5690018897637792
20
-4.3502563779527561
11
6.5693015748031494
21
-4.3517629921259839
0
LINE
8
BLACK
6
CONTINUOUS
10
6.5693015748031494
20
-4.3517629921259839
11
6.5693015748031494
21
-4.3596370078740154
0
LINE
8
BLACK
6
CONTINUOUS
10
6.5693015748031494
20
-4.3596370078740154
11
6.5690018897637792
21
-4.3611436220472442
0
LINE
8
BLACK
6
CONTINUOUS
10
6.5690018897637792
20
-4.3611436220472442
11
6.5681484645669288
21
-4.3624209055118106
0
LINE
8
BLACK
6
CONTINUOUS
10
6.5681484645669288
20
-4.3624209055118106
11
6.5668711811023623
21
-4.363274330708661
0
LINE
8
BLACK
6
CONTINUOUS
10
6.5668711811023623
20
-4.363274330708661
11
6.5653645669291336
21
-4.3635740157480312
0
LINE
8
BLACK
6
CONTINUOUS
10
6.5653645669291336
20
-4.3635740157480312
11
6.5151677165354327
21
-4.3635740157480312
0
LINE
8
BLACK
6
CONTINUOUS
10
6.5151677165354327
20
-4.3635740157480312
11
6.5136611023622049
21
-4.363274330708661
0
LINE
8
BLACK
6
CONTINUOUS
10
6.5136611023622049
20
-4.363274330708661
11
6.5123838188976375
21
-4.3624209055118106
0
LINE
8
BLACK
6
CONTINUOUS
10
6.5123838188976375
20
-4.3624209055118106
11
6.5115303937007871
21
-4.3611436220472442
0
LINE
8
BLACK
6
CONTINUOUS
10
6.5115303937007871
20
-4.3611436220472442
11
6.511230708661417
21
-4.3596370078740154
0
LINE
8
BLACK
6
CONTINUOUS
10
6.511230708661417
20
-4.3596370078740154
11
6.511230708661417
21
-4.3517629921259839
0
LINE
8
BLACK
6
CONTINUOUS
10
6.511230708661417
20
-4.3517629921259839
11
6.5115303937007871
21
-4.3502563779527561
0
LINE
8
BLACK
6
CONTINUOUS
10
6.5115303937007871
20
-4.3502563779527561
11
6.5123838188976375
21
-4.3489790944881888
0
LINE
8
BLACK
6
CONTINUOUS
10
6.5123838188976375
20
-4.3489790944881888
11
6.5136611023622049
21
-4.3481256692913384
0
LINE
8
BLACK
6
CONTINUOUS
10
6.5136611023622049
20
-4.3481256692913384
11
6.5151677165354327
21
-4.3478259842519682
0
LINE
8
BLACK
6
CONTINUOUS
10
6.5151677165354327
20
-4.3478259842519682
11
6.5653645669291336
21
-4.3478259842519682
0
LINE
8
BLACK
6
CONTINUOUS
10
6.5653645669291336
20
-4.3478259842519682
11
6.5668711811023623
21
-4.3481256692913384
0
LINE
8
BLACK
6
CONTINUOUS
10
4.6962964960629918
20
-4.2962129921259837
11
4.6994896456692912
21
-4.2983465748031495
0
LINE
8
BLACK
6
CONTINUOUS
10
4.6994896456692912
20
-4.2983465748031495
11
4.701623228346457
21
-4.3015397244094489
0
LINE
8
BLACK
6
CONTINUOUS
10
4.701623228346457
20
-4.3015397244094489
11
4.7023724409448819
21
-4.3053062992125986
0
LINE
8
BLACK
6
CONTINUOUS
10
4.7023724409448819
20
-4.3053062992125986
11
4.7023724409448819
21
-4.3427078740157476
0
LINE
8
BLACK
6
CONTINUOUS
10
4.7023724409448819
20
-4.3427078740157476
11
4.701623228346457
21
-4.3464744488188973
0
LINE
8
BLACK
6
CONTINUOUS
10
4.701623228346457
20
-4.3464744488188973
11
4.6994896456692912
21
-4.3496675984251967
0
LINE
8
BLACK
6
CONTINUOUS
10
4.6994896456692912
20
-4.3496675984251967
11
4.6962964960629918
21
-4.3518011811023625
0
LINE
8
BLACK
6
CONTINUOUS
10
4.6962964960629918
20
-4.3518011811023625
11
4.6925299212598421
21
-4.3525503937007874
0
LINE
8
BLACK
6
CONTINUOUS
10
4.6925299212598421
20
-4.3525503937007874
11
4.6728448818897634
21
-4.3525503937007874
0
LINE
8
BLACK
6
CONTINUOUS
10
4.6728448818897634
20
-4.3525503937007874
11
4.6690783070866138
21
-4.3518011811023625
0
LINE
8
BLACK
6
CONTINUOUS
10
4.6690783070866138
20
-4.3518011811023625
11
4.6658851574803153
21
-4.3496675984251967
0
LINE
8
BLACK
6
CONTINUOUS
10
4.6658851574803153
20
-4.3496675984251967
11
4.6637515748031495
21
-4.3464744488188973
0
LINE
8
BLACK
6
CONTINUOUS
10
4.6637515748031495
20
-4.3464744488188973
11
4.6630023622047245
21
-4.3427078740157476
0
LINE
8
BLACK
6
CONTINUOUS
10
4.6630023622047245
20
-4.3427078740157476
11
4.6630023622047245
21
-4.3053062992125986
0
LINE
8
BLACK
6
CONTINUOUS
10
4.6630023622047245
20
-4.3053062992125986
11
4.6637515748031495
21
-4.3015397244094489
0
LINE
8
BLACK
6
CONTINUOUS
10
4.6637515748031495
20
-4.3015397244094489
11
4.6658851574803153
21
-4.2983465748031495
0
LINE
8
BLACK
6
CONTINUOUS
10
4.6658851574803153
20
-4.2983465748031495
11
4.6690783070866138
21
-4.2962129921259837
0
LINE
8
BLACK
6
CONTINUOUS
10
4.6690783070866138
20
-4.2962129921259837
11
4.6728448818897634
21
-4.2954637795275588
0
LINE
8
BLACK
6
CONTINUOUS
10
4.6728448818897634
20
-4.2954637795275588
11
4.6925299212598421
21
-4.2954637795275588
0
LINE
8
BLACK
6
CONTINUOUS
10
4.6925299212598421
20
-4.2954637795275588
11
4.6962964960629918
21
-4.2962129921259837
0
LINE
8
BLACK
6
CONTINUOUS
10
4.7710996456692909
20
-4.2962129921259837
11
4.7742927952755903
21
-4.2983465748031495
0
LINE
8
BLACK
6
CONTINUOUS
10
4.7742927952755903
20
-4.2983465748031495
11
4.776426377952756
21
-4.3015397244094489
0
LINE
8
BLACK
6
CONTINUOUS
10
4.776426377952756
20
-4.3015397244094489
11
4.777175590551181
21
-4.3053062992125986
0
LINE
8
BLACK
6
CONTINUOUS
10
4.777175590551181
20
-4.3053062992125986
11
4.777175590551181
21
-4.3427078740157476
0
LINE
8
BLACK
6
CONTINUOUS
10
4.777175590551181
20
-4.3427078740157476
11
4.776426377952756
21
-4.3464744488188973
0
LINE
8
BLACK
6
CONTINUOUS
10
4.776426377952756
20
-4.3464744488188973
11
4.7742927952755903
21
-4.3496675984251967
0
LINE
8
BLACK
6
CONTINUOUS
10
4.7742927952755903
20
-4.3496675984251967
11
4.7710996456692909
21
-4.3518011811023625
0
LINE
8
BLACK
6
CONTINUOUS
10
4.7710996456692909
20
-4.3518011811023625
11
4.7673330708661412
21
-4.3525503937007874
0
LINE
8
BLACK
6
CONTINUOUS
10
4.7673330708661412
20
-4.3525503937007874
11
4.7476480314960625
21
-4.3525503937007874
0
LINE
8
BLACK
6
CONTINUOUS
10
4.7476480314960625
20
-4.3525503937007874
11
4.7438814566929128
21
-4.3518011811023625
0
LINE
8
BLACK
6
CONTINUOUS
10
4.7438814566929128
20
-4.3518011811023625
11
4.7406883070866144
21
-4.3496675984251967
0
LINE
8
BLACK
6
CONTINUOUS
10
4.7406883070866144
20
-4.3496675984251967
11
4.7385547244094486
21
-4.3464744488188973
0
LINE
8
BLACK
6
CONTINUOUS
10
4.7385547244094486
20
-4.3464744488188973
11
4.7378055118110236
21
-4.3427078740157476
0
LINE
8
BLACK
6
CONTINUOUS
10
4.7378055118110236
20
-4.3427078740157476
11
4.7378055118110236
21
-4.3053062992125986
0
LINE
8
BLACK
6
CONTINUOUS
10
4.7378055118110236
20
-4.3053062992125986
11
4.7385547244094486
21
-4.3015397244094489
0
LINE
8
BLACK
6
CONTINUOUS
10
4.7385547244094486
20
-4.3015397244094489
11
4.7406883070866144
21
-4.2983465748031495
0
LINE
8
BLACK
6
CONTINUOUS
10
4.7406883070866144
20
-4.2983465748031495
11
4.7438814566929128
21
-4.2962129921259837
0
LINE
8
BLACK
6
CONTINUOUS
10
4.7438814566929128
20
-4.2962129921259837
11
4.7476480314960625
21
-4.2954637795275588
0
LINE
8
BLACK
6
CONTINUOUS
10
4.7476480314960625
20
-4.2954637795275588
11
4.7673330708661412
21
-4.2954637795275588
0
LINE
8
BLACK
6
CONTINUOUS
10
4.7673330708661412
20
-4.2954637795275588
11
4.7710996456692909
21
-4.2962129921259837
0
LINE
8
BLACK
6
CONTINUOUS
10
4.8714933464566927
20
-4.2962129921259837
11
4.8746864960629921
21
-4.2983465748031495
0
LINE
8
BLACK
6
CONTINUOUS
10
4.8746864960629921
20
-4.2983465748031495
11
4.876820078740157
21
-4.3015397244094489
0
LINE
8
BLACK
6
CONTINUOUS
10
4.876820078740157
20
-4.3015397244094489
11
4.8775692913385829
21
-4.3053062992125986
0
LINE
8
BLACK
6
CONTINUOUS
10
4.8775692913385829
20
-4.3053062992125986
11
4.8775692913385829
21
-4.3427078740157476
0
LINE
8
BLACK
6
CONTINUOUS
10
4.8775692913385829
20
-4.3427078740157476
11
4.876820078740157
21
-4.3464744488188973
0
LINE
8
BLACK
6
CONTINUOUS
10
4.876820078740157
20
-4.3464744488188973
11
4.8746864960629921
21
-4.3496675984251967
0
LINE
8
BLACK
6
CONTINUOUS
10
4.8746864960629921
20
-4.3496675984251967
11
4.8714933464566927
21
-4.3518011811023625
0
LINE
8
BLACK
6
CONTINUOUS
10
4.8714933464566927
20
-4.3518011811023625
11
4.8677267716535431
21
-4.3525503937007874
0
LINE
8
BLACK
6
CONTINUOUS
10
4.8677267716535431
20
-4.3525503937007874
11
4.8480417322834644
21
-4.3525503937007874
0
LINE
8
BLACK
6
CONTINUOUS
10
4.8480417322834644
20
-4.3525503937007874
11
4.8442751574803147
21
-4.3518011811023625
0
LINE
8
BLACK
6
CONTINUOUS
10
4.8442751574803147
20
-4.3518011811023625
11
4.8410820078740153
21
-4.3496675984251967
0
LINE
8
BLACK
6
CONTINUOUS
10
4.8410820078740153
20
-4.3496675984251967
11
4.8389484251968504
21
-4.3464744488188973
0
LINE
8
BLACK
6
CONTINUOUS
10
4.8389484251968504
20
-4.3464744488188973
11
4.8381992125984254
21
-4.3427078740157476
0
LINE
8
BLACK
6
CONTINUOUS
10
4.8381992125984254
20
-4.3427078740157476
11
4.8381992125984254
21
-4.3053062992125986
0
LINE
8
BLACK
6
CONTINUOUS
10
4.8381992125984254
20
-4.3053062992125986
11
4.8389484251968504
21
-4.3015397244094489
0
LINE
8
BLACK
6
CONTINUOUS
10
4.8389484251968504
20
-4.3015397244094489
11
4.8410820078740153
21
-4.2983465748031495
0
LINE
8
BLACK
6
CONTINUOUS
10
4.8410820078740153
20
-4.2983465748031495
11
4.8442751574803147
21
-4.2962129921259837
0
LINE
8
BLACK
6
CONTINUOUS
10
4.8442751574803147
20
-4.2962129921259837
11
4.8480417322834644
21
-4.2954637795275588
0
LINE
8
BLACK
6
CONTINUOUS
10
4.8480417322834644
20
-4.2954637795275588
11
4.8677267716535431
21
-4.2954637795275588
0
LINE
8
BLACK
6
CONTINUOUS
10
4.8677267716535431
20
-4.2954637795275588
11
4.8714933464566927
21
-4.2962129921259837
0
LINE
8
BLACK
6
CONTINUOUS
10
4.9462964960629918
20
-4.2962129921259837
11
4.9494896456692912
21
-4.2983465748031495
0
LINE
8
BLACK
6
CONTINUOUS
10
4.9494896456692912
20
-4.2983465748031495
11
4.951623228346457
21
-4.3015397244094489
0
LINE
8
BLACK
6
CONTINUOUS
10
4.951623228346457
20
-4.3015397244094489
11
4.9523724409448819
21
-4.3053062992125986
0
LINE
8
BLACK
6
CONTINUOUS
10
4.9523724409448819
20
-4.3053062992125986
11
4.9523724409448819
21
-4.3427078740157476
0
LINE
8
BLACK
6
CONTINUOUS
10
4.9523724409448819
20
-4.3427078740157476
11
4.951623228346457
21
-4.3464744488188973
0
LINE
8
BLACK
6
CONTINUOUS
10
4.951623228346457
20
-4.3464744488188973
11
4.9494896456692912
21
-4.3496675984251967
0
LINE
8
BLACK
6
CONTINUOUS
10
4.9494896456692912
20
-4.3496675984251967
11
4.9462964960629918
21
-4.3518011811023625
0
LINE
8
BLACK
6
CONTINUOUS
10
4.9462964960629918
20
-4.3518011811023625
11
4.9425299212598421
21
-4.3525503937007874
0
LINE
8
BLACK
6
CONTINUOUS
10
4.9425299212598421
20
-4.3525503937007874
11
4.9228448818897634
21
-4.3525503937007874
0
LINE
8
BLACK
6
CONTINUOUS
10
4.9228448818897634
20
-4.3525503937007874
11
4.9190783070866138
21
-4.3518011811023625
0
LINE
8
BLACK
6
CONTINUOUS
10
4.9190783070866138
20
-4.3518011811023625
11
4.9158851574803153
21
-4.3496675984251967
0
LINE
8
BLACK
6
CONTINUOUS
10
4.9158851574803153
20
-4.3496675984251967
11
4.9137515748031495
21
-4.3464744488188973
0
LINE
8
BLACK
6
CONTINUOUS
10
4.9137515748031495
20
-4.3464744488188973
11
4.9130023622047245
21
-4.3427078740157476
0
LINE
8
BLACK
6
CONTINUOUS
10
4.9130023622047245
20
-4.3427078740157476
11
4.9130023622047245
21
-4.3053062992125986
0
LINE
8
BLACK
6
CONTINUOUS
10
4.9130023622047245
20
-4.3053062992125986
11
4.9137515748031495
21
-4.3015397244094489
0
LINE
8
BLACK
6
CONTINUOUS
10
4.9137515748031495
20
-4.3015397244094489
11
4.9158851574803153
21
-4.2983465748031495
0
LINE
8
BLACK
6
CONTINUOUS
10
4.9158851574803153
20
-4.2983465748031495
11
4.9190783070866138
21
-4.2962129921259837
0
LINE
8
BLACK
6
CONTINUOUS
10
4.9190783070866138
20
-4.2962129921259837
11
4.9228448818897634
21
-4.2954637795275588
0
LINE
8
BLACK
6
CONTINUOUS
10
4.9228448818897634
20
-4.2954637795275588
11
4.9425299212598421
21
-4.2954637795275588
0
LINE
8
BLACK
6
CONTINUOUS
10
4.9425299212598421
20
-4.2954637795275588
11
4.9462964960629918
21
-4.2962129921259837
0
LINE
8
BLACK
6
CONTINUOUS
10
5.0466901968503937
20
-4.2962129921259837
11
5.049883346456693
21
-4.2983465748031495
0
LINE
8
BLACK
6
CONTINUOUS
10
5.049883346456693
20
-4.2983465748031495
11
5.0520169291338579
21
-4.3015397244094489
0
LINE
8
BLACK
6
CONTINUOUS
10
5.0520169291338579
20
-4.3015397244094489
11
5.0527661417322838
21
-4.3053062992125986
0
LINE
8
BLACK
6
CONTINUOUS
10
5.0527661417322838
20
-4.3053062992125986
11
5.0527661417322838
21
-4.3427078740157476
0
LINE
8
BLACK
6
CONTINUOUS
10
5.0527661417322838
20
-4.3427078740157476
11
5.0520169291338579
21
-4.3464744488188973
0
LINE
8
BLACK
6
CONTINUOUS
10
5.0520169291338579
20
-4.3464744488188973
11
5.049883346456693
21
-4.3496675984251967
0
LINE
8
BLACK
6
CONTINUOUS
10
5.049883346456693
20
-4.3496675984251967
11
5.0466901968503937
21
-4.3518011811023625
0
LINE
8
BLACK
6
CONTINUOUS
10
5.0466901968503937
20
-4.3518011811023625
11
5.042923622047244
21
-4.3525503937007874
0
LINE
8
BLACK
6
CONTINUOUS
10
5.042923622047244
20
-4.3525503937007874
11
5.0232385826771653
21
-4.3525503937007874
0
LINE
8
BLACK
6
CONTINUOUS
10
5.0232385826771653
20
-4.3525503937007874
11
5.0194720078740156
21
-4.3518011811023625
0
LINE
8
BLACK
6
CONTINUOUS
10
5.0194720078740156
20
-4.3518011811023625
11
5.0162788582677162
21
-4.3496675984251967
0
LINE
8
BLACK
6
CONTINUOUS
10
5.0162788582677162
20
-4.3496675984251967
11
5.0141452755905513
21
-4.3464744488188973
0
LINE
8
BLACK
6
CONTINUOUS
10
5.0141452755905513
20
-4.3464744488188973
11
5.0133960629921255
21
-4.3427078740157476
0
LINE
8
BLACK
6
CONTINUOUS
10
5.0133960629921255
20
-4.3427078740157476
11
5.0133960629921255
21
-4.3053062992125986
0
LINE
8
BLACK
6
CONTINUOUS
10
5.0133960629921255
20
-4.3053062992125986
11
5.0141452755905513
21
-4.3015397244094489
0
LINE
8
BLACK
6
CONTINUOUS
10
5.0141452755905513
20
-4.3015397244094489
11
5.0162788582677162
21
-4.2983465748031495
0
LINE
8
BLACK
6
CONTINUOUS
10
5.0162788582677162
20
-4.2983465748031495
11
5.0194720078740156
21
-4.2962129921259837
0
LINE
8
BLACK
6
CONTINUOUS
10
5.0194720078740156
20
-4.2962129921259837
11
5.0232385826771653
21
-4.2954637795275588
0
LINE
8
BLACK
6
CONTINUOUS
10
5.0232385826771653
20
-4.2954637795275588
11
5.042923622047244
21
-4.2954637795275588
0
LINE
8
BLACK
6
CONTINUOUS
10
5.042923622047244
20
-4.2954637795275588
11
5.0466901968503937
21
-4.2962129921259837
0
LINE
8
BLACK
6
CONTINUOUS
10
5.1214933464566927
20
-4.2962129921259837
11
5.1246864960629921
21
-4.2983465748031495
0
LINE
8
BLACK
6
CONTINUOUS
10
5.1246864960629921
20
-4.2983465748031495
11
5.126820078740157
21
-4.3015397244094489
0
LINE
8
BLACK
6
CONTINUOUS
10
5.126820078740157
20
-4.3015397244094489
11
5.1275692913385829
21
-4.3053062992125986
0
LINE
8
BLACK
6
CONTINUOUS
10
5.1275692913385829
20
-4.3053062992125986
11
5.1275692913385829
21
-4.3427078740157476
0
LINE
8
BLACK
6
CONTINUOUS
10
5.1275692913385829
20
-4.3427078740157476
11
5.126820078740157
21
-4.3464744488188973
0
LINE
8
BLACK
6
CONTINUOUS
10
5.126820078740157
20
-4.3464744488188973
11
5.1246864960629921
21
-4.3496675984251967
0
LINE
8
BLACK
6
CONTINUOUS
10
5.1246864960629921
20
-4.3496675984251967
11
5.1214933464566927
21
-4.3518011811023625
0
LINE
8
BLACK
6
CONTINUOUS
10
5.1214933464566927
20
-4.3518011811023625
11
5.1177267716535431
21
-4.3525503937007874
0
LINE
8
BLACK
6
CONTINUOUS
10
5.1177267716535431
20
-4.3525503937007874
11
5.0980417322834644
21
-4.3525503937007874
0
LINE
8
BLACK
6
CONTINUOUS
10
5.0980417322834644
20
-4.3525503937007874
11
5.0942751574803147
21
-4.3518011811023625
0
LINE
8
BLACK
6
CONTINUOUS
10
5.0942751574803147
20
-4.3518011811023625
11
5.0910820078740153
21
-4.3496675984251967
0
LINE
8
BLACK
6
CONTINUOUS
10
5.0910820078740153
20
-4.3496675984251967
11
5.0889484251968504
21
-4.3464744488188973
0
LINE
8
BLACK
6
CONTINUOUS
10
5.0889484251968504
20
-4.3464744488188973
11
5.0881992125984254
21
-4.3427078740157476
0
LINE
8
BLACK
6
CONTINUOUS
10
5.0881992125984254
20
-4.3427078740157476
11
5.0881992125984254
21
-4.3053062992125986
0
LINE
8
BLACK
6
CONTINUOUS
10
5.0881992125984254
20
-4.3053062992125986
11
5.0889484251968504
21
-4.3015397244094489
0
LINE
8
BLACK
6
CONTINUOUS
10
5.0889484251968504
20
-4.3015397244094489
11
5.0910820078740153
21
-4.2983465748031495
0
LINE
8
BLACK
6
CONTINUOUS
10
5.0910820078740153
20
-4.2983465748031495
11
5.0942751574803147
21
-4.2962129921259837
0
LINE
8
BLACK
6
CONTINUOUS
10
5.0942751574803147
20
-4.2962129921259837
11
5.0980417322834644
21
-4.2954637795275588
0
LINE
8
BLACK
6
CONTINUOUS
10
5.0980417322834644
20
-4.2954637795275588
11
5.1177267716535431
21
-4.2954637795275588
0
LINE
8
BLACK
6
CONTINUOUS
10
5.1177267716535431
20
-4.2954637795275588
11
5.1214933464566927
21
-4.2962129921259837
0
LINE
8
BLACK
6
CONTINUOUS
10
3.8293673622047244
20
-4.2865673228346459
11
3.8325605118110238
21
-4.2887009055118108
0
LINE
8
BLACK
6
CONTINUOUS
10
3.8325605118110238
20
-4.2887009055118108
11
3.8346940944881891
21
-4.2918940551181102
0
LINE
8
BLACK
6
CONTINUOUS
10
3.8346940944881891
20
-4.2918940551181102
11
3.8354433070866141
21
-4.2956606299212599
0
LINE
8
BLACK
6
CONTINUOUS
10
3.8354433070866141
20
-4.2956606299212599
11
3.8354433070866141
21
-4.3310937007874015
0
LINE
8
BLACK
6
CONTINUOUS
10
3.8354433070866141
20
-4.3310937007874015
11
3.8346940944881891
21
-4.3348602755905512
0
LINE
8
BLACK
6
CONTINUOUS
10
3.8346940944881891
20
-4.3348602755905512
11
3.8325605118110238
21
-4.3380534251968506
0
LINE
8
BLACK
6
CONTINUOUS
10
3.8325605118110238
20
-4.3380534251968506
11
3.8293673622047244
21
-4.3401870078740155
0
LINE
8
BLACK
6
CONTINUOUS
10
3.8293673622047244
20
-4.3401870078740155
11
3.8256007874015747
21
-4.3409362204724404
0
LINE
8
BLACK
6
CONTINUOUS
10
3.8256007874015747
20
-4.3409362204724404
11
3.8049314960629919
21
-4.3409362204724404
0
LINE
8
BLACK
6
CONTINUOUS
10
3.8049314960629919
20
-4.3409362204724404
11
3.8011649212598426
21
-4.3401870078740155
0
LINE
8
BLACK
6
CONTINUOUS
10
3.8011649212598426
20
-4.3401870078740155
11
3.7979717716535433
21
-4.3380534251968506
0
LINE
8
BLACK
6
CONTINUOUS
10
3.7979717716535433
20
-4.3380534251968506
11
3.7958381889763779
21
-4.3348602755905512
0
LINE
8
BLACK
6
CONTINUOUS
10
3.7958381889763779
20
-4.3348602755905512
11
3.7950889763779525
21
-4.3310937007874015
0
LINE
8
BLACK
6
CONTINUOUS
10
3.7950889763779525
20
-4.3310937007874015
11
3.7950889763779525
21
-4.2956606299212599
0
LINE
8
BLACK
6
CONTINUOUS
10
3.7950889763779525
20
-4.2956606299212599
11
3.7958381889763779
21
-4.2918940551181102
0
LINE
8
BLACK
6
CONTINUOUS
10
3.7958381889763779
20
-4.2918940551181102
11
3.7979717716535433
21
-4.2887009055118108
0
LINE
8
BLACK
6
CONTINUOUS
10
3.7979717716535433
20
-4.2887009055118108
11
3.8011649212598426
21
-4.2865673228346459
0
LINE
8
BLACK
6
CONTINUOUS
10
3.8011649212598426
20
-4.2865673228346459
11
3.8049314960629919
21
-4.2858181102362201
0
LINE
8
BLACK
6
CONTINUOUS
10
3.8049314960629919
20
-4.2858181102362201
11
3.8256007874015747
21
-4.2858181102362201
0
LINE
8
BLACK
6
CONTINUOUS
10
3.8256007874015747
20
-4.2858181102362201
11
3.8293673622047244
21
-4.2865673228346459
0
LINE
8
BLACK
6
CONTINUOUS
10
3.9012177559055119
20
-4.2865673228346459
11
3.9044109055118108
21
-4.2887009055118108
0
LINE
8
BLACK
6
CONTINUOUS
10
3.9044109055118108
20
-4.2887009055118108
11
3.9065444881889761
21
-4.2918940551181102
0
LINE
8
BLACK
6
CONTINUOUS
10
3.9065444881889761
20
-4.2918940551181102
11
3.9072937007874016
21
-4.2956606299212599
0
LINE
8
BLACK
6
CONTINUOUS
10
3.9072937007874016
20
-4.2956606299212599
11
3.9072937007874016
21
-4.3310937007874015
0
LINE
8
BLACK
6
CONTINUOUS
10
3.9072937007874016
20
-4.3310937007874015
11
3.9065444881889761
21
-4.3348602755905512
0
LINE
8
BLACK
6
CONTINUOUS
10
3.9065444881889761
20
-4.3348602755905512
11
3.9044109055118108
21
-4.3380534251968506
0
LINE
8
BLACK
6
CONTINUOUS
10
3.9044109055118108
20
-4.3380534251968506
11
3.9012177559055119
21
-4.3401870078740155
0
LINE
8
BLACK
6
CONTINUOUS
10
3.9012177559055119
20
-4.3401870078740155
11
3.8974511811023622
21
-4.3409362204724404
0
LINE
8
BLACK
6
CONTINUOUS
10
3.8974511811023622
20
-4.3409362204724404
11
3.8767818897637794
21
-4.3409362204724404
0
LINE
8
BLACK
6
CONTINUOUS
10
3.8767818897637794
20
-4.3409362204724404
11
3.8730153149606297
21
-4.3401870078740155
0
LINE
8
BLACK
6
CONTINUOUS
10
3.8730153149606297
20
-4.3401870078740155
11
3.8698221653543308
21
-4.3380534251968506
0
LINE
8
BLACK
6
CONTINUOUS
10
3.8698221653543308
20
-4.3380534251968506
11
3.8676885826771654
21
-4.3348602755905512
0
LINE
8
BLACK
6
CONTINUOUS
10
3.8676885826771654
20
-4.3348602755905512
11
3.86693937007874
21
-4.3310937007874015
0
LINE
8
BLACK
6
CONTINUOUS
10
3.86693937007874
20
-4.3310937007874015
11
3.86693937007874
21
-4.2956606299212599
0
LINE
8
BLACK
6
CONTINUOUS
10
3.86693937007874
20
-4.2956606299212599
11
3.8676885826771654
21
-4.2918940551181102
0
LINE
8
BLACK
6
CONTINUOUS
10
3.8676885826771654
20
-4.2918940551181102
11
3.8698221653543308
21
-4.2887009055118108
0
LINE
8
BLACK
6
CONTINUOUS
10
3.8698221653543308
20
-4.2887009055118108
11
3.8730153149606297
21
-4.2865673228346459
0
LINE
8
BLACK
6
CONTINUOUS
10
3.8730153149606297
20
-4.2865673228346459
11
3.8767818897637794
21
-4.2858181102362201
0
LINE
8
BLACK
6
CONTINUOUS
10
3.8767818897637794
20
-4.2858181102362201
11
3.8974511811023622
21
-4.2858181102362201
0
LINE
8
BLACK
6
CONTINUOUS
10
3.8974511811023622
20
-4.2858181102362201
11
3.9012177559055119
21
-4.2865673228346459
0
LINE
8
BLACK
6
CONTINUOUS
10
4.0029894094488192
20
-4.2865673228346459
11
4.0061825590551177
21
-4.2887009055118108
0
LINE
8
BLACK
6
CONTINUOUS
10
4.0061825590551177
20
-4.2887009055118108
11
4.0083161417322835
21
-4.2918940551181102
0
LINE
8
BLACK
6
CONTINUOUS
10
4.0083161417322835
20
-4.2918940551181102
11
4.0090653543307084
21
-4.2956606299212599
0
LINE
8
BLACK
6
CONTINUOUS
10
4.0090653543307084
20
-4.2956606299212599
11
4.0090653543307084
21
-4.3310937007874015
0
LINE
8
BLACK
6
CONTINUOUS
10
4.0090653543307084
20
-4.3310937007874015
11
4.0083161417322835
21
-4.3348602755905512
0
LINE
8
BLACK
6
CONTINUOUS
10
4.0083161417322835
20
-4.3348602755905512
11
4.0061825590551177
21
-4.3380534251968506
0
LINE
8
BLACK
6
CONTINUOUS
10
4.0061825590551177
20
-4.3380534251968506
11
4.0029894094488192
21
-4.3401870078740155
0
LINE
8
BLACK
6
CONTINUOUS
10
4.0029894094488192
20
-4.3401870078740155
11
3.9992228346456691
21
-4.3409362204724404
0
LINE
8
BLACK
6
CONTINUOUS
10
3.9992228346456691
20
-4.3409362204724404
11
3.9785535433070867
21
-4.3409362204724404
0
LINE
8
BLACK
6
CONTINUOUS
10
3.9785535433070867
20
-4.3409362204724404
11
3.974786968503937
21
-4.3401870078740155
0
LINE
8
BLACK
6
CONTINUOUS
10
3.974786968503937
20
-4.3401870078740155
11
3.9715938188976376
21
-4.3380534251968506
0
LINE
8
BLACK
6
CONTINUOUS
10
3.9715938188976376
20
-4.3380534251968506
11
3.9694602362204723
21
-4.3348602755905512
0
LINE
8
BLACK
6
CONTINUOUS
10
3.9694602362204723
20
-4.3348602755905512
11
3.9687110236220473
21
-4.3310937007874015
0
LINE
8
BLACK
6
CONTINUOUS
10
3.9687110236220473
20
-4.3310937007874015
11
3.9687110236220473
21
-4.2956606299212599
0
LINE
8
BLACK
6
CONTINUOUS
10
3.9687110236220473
20
-4.2956606299212599
11
3.9694602362204723
21
-4.2918940551181102
0
LINE
8
BLACK
6
CONTINUOUS
10
3.9694602362204723
20
-4.2918940551181102
11
3.9715938188976376
21
-4.2887009055118108
0
LINE
8
BLACK
6
CONTINUOUS
10
3.9715938188976376
20
-4.2887009055118108
11
3.974786968503937
21
-4.2865673228346459
0
LINE
8
BLACK
6
CONTINUOUS
10
3.974786968503937
20
-4.2865673228346459
11
3.9785535433070867
21
-4.2858181102362201
0
LINE
8
BLACK
6
CONTINUOUS
10
3.9785535433070867
20
-4.2858181102362201
11
3.9992228346456691
21
-4.2858181102362201
0
LINE
8
BLACK
6
CONTINUOUS
10
3.9992228346456691
20
-4.2858181102362201
11
4.0029894094488192
21
-4.2865673228346459
0
LINE
8
BLACK
6
CONTINUOUS
10
4.0748398031496063
20
-4.2865673228346459
11
4.0780329527559056
21
-4.2887009055118108
0
LINE
8
BLACK
6
CONTINUOUS
10
4.0780329527559056
20
-4.2887009055118108
11
4.0801665354330705
21
-4.2918940551181102
0
LINE
8
BLACK
6
CONTINUOUS
10
4.0801665354330705
20
-4.2918940551181102
11
4.0809157480314964
21
-4.2956606299212599
0
LINE
8
BLACK
6
CONTINUOUS
10
4.0809157480314964
20
-4.2956606299212599
11
4.0809157480314964
21
-4.3310937007874015
0
LINE
8
BLACK
6
CONTINUOUS
10
4.0809157480314964
20
-4.3310937007874015
11
4.0801665354330705
21
-4.3348602755905512
0
LINE
8
BLACK
6
CONTINUOUS
10
4.0801665354330705
20
-4.3348602755905512
11
4.0780329527559056
21
-4.3380534251968506
0
LINE
8
BLACK
6
CONTINUOUS
10
4.0780329527559056
20
-4.3380534251968506
11
4.0748398031496063
21
-4.3401870078740155
0
LINE
8
BLACK
6
CONTINUOUS
10
4.0748398031496063
20
-4.3401870078740155
11
4.0710732283464566
21
-4.3409362204724404
0
LINE
8
BLACK
6
CONTINUOUS
10
4.0710732283464566
20
-4.3409362204724404
11
4.0504039370078742
21
-4.3409362204724404
0
LINE
8
BLACK
6
CONTINUOUS
10
4.0504039370078742
20
-4.3409362204724404
11
4.0466373622047245
21
-4.3401870078740155
0
LINE
8
BLACK
6
CONTINUOUS
10
4.0466373622047245
20
-4.3401870078740155
11
4.0434442125984251
21
-4.3380534251968506
0
LINE
8
BLACK
6
CONTINUOUS
10
4.0434442125984251
20
-4.3380534251968506
11
4.0413106299212593
21
-4.3348602755905512
0
LINE
8
BLACK
6
CONTINUOUS
10
4.0413106299212593
20
-4.3348602755905512
11
4.0405614173228344
21
-4.3310937007874015
0
LINE
8
BLACK
6
CONTINUOUS
10
4.0405614173228344
20
-4.3310937007874015
11
4.0405614173228344
21
-4.2956606299212599
0
LINE
8
BLACK
6
CONTINUOUS
10
4.0405614173228344
20
-4.2956606299212599
11
4.0413106299212593
21
-4.2918940551181102
0
LINE
8
BLACK
6
CONTINUOUS
10
4.0413106299212593
20
-4.2918940551181102
11
4.0434442125984251
21
-4.2887009055118108
0
LINE
8
BLACK
6
CONTINUOUS
10
4.0434442125984251
20
-4.2887009055118108
11
4.0466373622047245
21
-4.2865673228346459
0
LINE
8
BLACK
6
CONTINUOUS
10
4.0466373622047245
20
-4.2865673228346459
11
4.0504039370078742
21
-4.2858181102362201
0
LINE
8
BLACK
6
CONTINUOUS
10
4.0504039370078742
20
-4.2858181102362201
11
4.0710732283464566
21
-4.2858181102362201
0
LINE
8
BLACK
6
CONTINUOUS
10
4.0710732283464566
20
-4.2858181102362201
11
4.0748398031496063
21
-4.2865673228346459
0
LINE
8
BLACK
6
CONTINUOUS
10
4.1766114566929131
20
-4.2865673228346459
11
4.1798046062992125
21
-4.2887009055118108
0
LINE
8
BLACK
6
CONTINUOUS
10
4.1798046062992125
20
-4.2887009055118108
11
4.1819381889763783
21
-4.2918940551181102
0
LINE
8
BLACK
6
CONTINUOUS
10
4.1819381889763783
20
-4.2918940551181102
11
4.1826874015748032
21
-4.2956606299212599
0
LINE
8
BLACK
6
CONTINUOUS
10
4.1826874015748032
20
-4.2956606299212599
11
4.1826874015748032
21
-4.3310937007874015
0
LINE
8
BLACK
6
CONTINUOUS
10
4.1826874015748032
20
-4.3310937007874015
11
4.1819381889763783
21
-4.3348602755905512
0
LINE
8
BLACK
6
CONTINUOUS
10
4.1819381889763783
20
-4.3348602755905512
11
4.1798046062992125
21
-4.3380534251968506
0
LINE
8
BLACK
6
CONTINUOUS
10
4.1798046062992125
20
-4.3380534251968506
11
4.1766114566929131
21
-4.3401870078740155
0
LINE
8
BLACK
6
CONTINUOUS
10
4.1766114566929131
20
-4.3401870078740155
11
4.1728448818897634
21
-4.3409362204724404
0
LINE
8
BLACK
6
CONTINUOUS
10
4.1728448818897634
20
-4.3409362204724404
11
4.152175590551181
21
-4.3409362204724404
0
LINE
8
BLACK
6
CONTINUOUS
10
4.152175590551181
20
-4.3409362204724404
11
4.1484090157480313
21
-4.3401870078740155
0
LINE
8
BLACK
6
CONTINUOUS
10
4.1484090157480313
20
-4.3401870078740155
11
4.145215866141732
21
-4.3380534251968506
0
LINE
8
BLACK
6
CONTINUOUS
10
4.145215866141732
20
-4.3380534251968506
11
4.1430822834645671
21
-4.3348602755905512
0
LINE
8
BLACK
6
CONTINUOUS
10
4.1430822834645671
20
-4.3348602755905512
11
4.1423330708661412
21
-4.3310937007874015
0
LINE
8
BLACK
6
CONTINUOUS
10
4.1423330708661412
20
-4.3310937007874015
11
4.1423330708661412
21
-4.2956606299212599
0
LINE
8
BLACK
6
CONTINUOUS
10
4.1423330708661412
20
-4.2956606299212599
11
4.1430822834645671
21
-4.2918940551181102
0
LINE
8
BLACK
6
CONTINUOUS
10
4.1430822834645671
20
-4.2918940551181102
11
4.145215866141732
21
-4.2887009055118108
0
LINE
8
BLACK
6
CONTINUOUS
10
4.145215866141732
20
-4.2887009055118108
11
4.1484090157480313
21
-4.2865673228346459
0
LINE
8
BLACK
6
CONTINUOUS
10
4.1484090157480313
20
-4.2865673228346459
11
4.152175590551181
21
-4.2858181102362201
0
LINE
8
BLACK
6
CONTINUOUS
10
4.152175590551181
20
-4.2858181102362201
11
4.1728448818897634
21
-4.2858181102362201
0
LINE
8
BLACK
6
CONTINUOUS
10
4.1728448818897634
20
-4.2858181102362201
11
4.1766114566929131
21
-4.2865673228346459
0
LINE
8
BLACK
6
CONTINUOUS
10
4.2484618503937011
20
-4.2865673228346459
11
4.2516549999999995
21
-4.2887009055118108
0
LINE
8
BLACK
6
CONTINUOUS
10
4.2516549999999995
20
-4.2887009055118108
11
4.2537885826771653
21
-4.2918940551181102
0
LINE
8
BLACK
6
CONTINUOUS
10
4.2537885826771653
20
-4.2918940551181102
11
4.2545377952755903
21
-4.2956606299212599
0
LINE
8
BLACK
6
CONTINUOUS
10
4.2545377952755903
20
-4.2956606299212599
11
4.2545377952755903
21
-4.3310937007874015
0
LINE
8
BLACK
6
CONTINUOUS
10
4.2545377952755903
20
-4.3310937007874015
11
4.2537885826771653
21
-4.3348602755905512
0
LINE
8
BLACK
6
CONTINUOUS
10
4.2537885826771653
20
-4.3348602755905512
11
4.2516549999999995
21
-4.3380534251968506
0
LINE
8
BLACK
6
CONTINUOUS
10
4.2516549999999995
20
-4.3380534251968506
11
4.2484618503937011
21
-4.3401870078740155
0
LINE
8
BLACK
6
CONTINUOUS
10
4.2484618503937011
20
-4.3401870078740155
11
4.2446952755905514
21
-4.3409362204724404
0
LINE
8
BLACK
6
CONTINUOUS
10
4.2446952755905514
20
-4.3409362204724404
11
4.2240259842519681
21
-4.3409362204724404
0
LINE
8
BLACK
6
CONTINUOUS
10
4.2240259842519681
20
-4.3409362204724404
11
4.2202594094488184
21
-4.3401870078740155
0
LINE
8
BLACK
6
CONTINUOUS
10
4.2202594094488184
20
-4.3401870078740155
11
4.2170662598425199
21
-4.3380534251968506
0
LINE
8
BLACK
6
CONTINUOUS
10
4.2170662598425199
20
-4.3380534251968506
11
4.2149326771653541
21
-4.3348602755905512
0
LINE
8
BLACK
6
CONTINUOUS
10
4.2149326771653541
20
-4.3348602755905512
11
4.2141834645669292
21
-4.3310937007874015
0
LINE
8
BLACK
6
CONTINUOUS
10
4.2141834645669292
20
-4.3310937007874015
11
4.2141834645669292
21
-4.2956606299212599
0
LINE
8
BLACK
6
CONTINUOUS
10
4.2141834645669292
20
-4.2956606299212599
11
4.2149326771653541
21
-4.2918940551181102
0
LINE
8
BLACK
6
CONTINUOUS
10
4.2149326771653541
20
-4.2918940551181102
11
4.2170662598425199
21
-4.2887009055118108
0
LINE
8
BLACK
6
CONTINUOUS
10
4.2170662598425199
20
-4.2887009055118108
11
4.2202594094488184
21
-4.2865673228346459
0
LINE
8
BLACK
6
CONTINUOUS
10
4.2202594094488184
20
-4.2865673228346459
11
4.2240259842519681
21
-4.2858181102362201
0
LINE
8
BLACK
6
CONTINUOUS
10
4.2240259842519681
20
-4.2858181102362201
11
4.2446952755905514
21
-4.2858181102362201
0
LINE
8
BLACK
6
CONTINUOUS
10
4.2446952755905514
20
-4.2858181102362201
11
4.2484618503937011
21
-4.2865673228346459
0
LINE
8
BLACK
6
CONTINUOUS
10
4.3502335039370079
20
-4.2865673228346459
11
4.3534266535433073
21
-4.2887009055118108
0
LINE
8
BLACK
6
CONTINUOUS
10
4.3534266535433073
20
-4.2887009055118108
11
4.3555602362204722
21
-4.2918940551181102
0
LINE
8
BLACK
6
CONTINUOUS
10
4.3555602362204722
20
-4.2918940551181102
11
4.3563094488188971
21
-4.2956606299212599
0
LINE
8
BLACK
6
CONTINUOUS
10
4.3563094488188971
20
-4.2956606299212599
11
4.3563094488188971
21
-4.3310937007874015
0
LINE
8
BLACK
6
CONTINUOUS
10
4.3563094488188971
20
-4.3310937007874015
11
4.3555602362204722
21
-4.3348602755905512
0
LINE
8
BLACK
6
CONTINUOUS
10
4.3555602362204722
20
-4.3348602755905512
11
4.3534266535433073
21
-4.3380534251968506
0
LINE
8
BLACK
6
CONTINUOUS
10
4.3534266535433073
20
-4.3380534251968506
11
4.3502335039370079
21
-4.3401870078740155
0
LINE
8
BLACK
6
CONTINUOUS
10
4.3502335039370079
20
-4.3401870078740155
11
4.3464669291338582
21
-4.3409362204724404
0
LINE
8
BLACK
6
CONTINUOUS
10
4.3464669291338582
20
-4.3409362204724404
11
4.3257976377952758
21
-4.3409362204724404
0
LINE
8
BLACK
6
CONTINUOUS
10
4.3257976377952758
20
-4.3409362204724404
11
4.3220310629921261
21
-4.3401870078740155
0
LINE
8
BLACK
6
CONTINUOUS
10
4.3220310629921261
20
-4.3401870078740155
11
4.3188379133858268
21
-4.3380534251968506
0
LINE
8
BLACK
6
CONTINUOUS
10
4.3188379133858268
20
-4.3380534251968506
11
4.316704330708661
21
-4.3348602755905512
0
LINE
8
BLACK
6
CONTINUOUS
10
4.316704330708661
20
-4.3348602755905512
11
4.315955118110236
21
-4.3310937007874015
0
LINE
8
BLACK
6
CONTINUOUS
10
4.315955118110236
20
-4.3310937007874015
11
4.315955118110236
21
-4.2956606299212599
0
LINE
8
BLACK
6
CONTINUOUS
10
4.315955118110236
20
-4.2956606299212599
11
4.316704330708661
21
-4.2918940551181102
0
LINE
8
BLACK
6
CONTINUOUS
10
4.316704330708661
20
-4.2918940551181102
11
4.3188379133858268
21
-4.2887009055118108
0
LINE
8
BLACK
6
CONTINUOUS
10
4.3188379133858268
20
-4.2887009055118108
11
4.3220310629921261
21
-4.2865673228346459
0
LINE
8
BLACK
6
CONTINUOUS
10
4.3220310629921261
20
-4.2865673228346459
11
4.3257976377952758
21
-4.2858181102362201
0
LINE
8
BLACK
6
CONTINUOUS
10
4.3257976377952758
20
-4.2858181102362201
11
4.3464669291338582
21
-4.2858181102362201
0
LINE
8
BLACK
6
CONTINUOUS
10
4.3464669291338582
20
-4.2858181102362201
11
4.3502335039370079
21
-4.2865673228346459
0
LINE
8
BLACK
6
CONTINUOUS
10
4.422083897637795
20
-4.2865673228346459
11
4.4252770472440943
21
-4.2887009055118108
0
LINE
8
BLACK
6
CONTINUOUS
10
4.4252770472440943
20
-4.2887009055118108
11
4.4274106299212601
21
-4.2918940551181102
0
LINE
8
BLACK
6
CONTINUOUS
10
4.4274106299212601
20
-4.2918940551181102
11
4.4281598425196851
21
-4.2956606299212599
0
LINE
8
BLACK
6
CONTINUOUS
10
4.4281598425196851
20
-4.2956606299212599
11
4.4281598425196851
21
-4.3310937007874015
0
LINE
8
BLACK
6
CONTINUOUS
10
4.4281598425196851
20
-4.3310937007874015
11
4.4274106299212601
21
-4.3348602755905512
0
LINE
8
BLACK
6
CONTINUOUS
10
4.4274106299212601
20
-4.3348602755905512
11
4.4252770472440943
21
-4.3380534251968506
0
LINE
8
BLACK
6
CONTINUOUS
10
4.4252770472440943
20
-4.3380534251968506
11
4.422083897637795
21
-4.3401870078740155
0
LINE
8
BLACK
6
CONTINUOUS
10
4.422083897637795
20
-4.3401870078740155
11
4.4183173228346453
21
-4.3409362204724404
0
LINE
8
BLACK
6
CONTINUOUS
10
4.4183173228346453
20
-4.3409362204724404
11
4.3976480314960629
21
-4.3409362204724404
0
LINE
8
BLACK
6
CONTINUOUS
10
4.3976480314960629
20
-4.3409362204724404
11
4.3938814566929132
21
-4.3401870078740155
0
LINE
8
BLACK
6
CONTINUOUS
10
4.3938814566929132
20
-4.3401870078740155
11
4.3906883070866138
21
-4.3380534251968506
0
LINE
8
BLACK
6
CONTINUOUS
10
4.3906883070866138
20
-4.3380534251968506
11
4.3885547244094489
21
-4.3348602755905512
0
LINE
8
BLACK
6
CONTINUOUS
10
4.3885547244094489
20
-4.3348602755905512
11
4.387805511811024
21
-4.3310937007874015
0
LINE
8
BLACK
6
CONTINUOUS
10
4.387805511811024
20
-4.3310937007874015
11
4.387805511811024
21
-4.2956606299212599
0
LINE
8
BLACK
6
CONTINUOUS
10
4.387805511811024
20
-4.2956606299212599
11
4.3885547244094489
21
-4.2918940551181102
0
LINE
8
BLACK
6
CONTINUOUS
10
4.3885547244094489
20
-4.2918940551181102
11
4.3906883070866138
21
-4.2887009055118108
0
LINE
8
BLACK
6
CONTINUOUS
10
4.3906883070866138
20
-4.2887009055118108
11
4.3938814566929132
21
-4.2865673228346459
0
LINE
8
BLACK
6
CONTINUOUS
10
4.3938814566929132
20
-4.2865673228346459
11
4.3976480314960629
21
-4.2858181102362201
0
LINE
8
BLACK
6
CONTINUOUS
10
4.3976480314960629
20
-4.2858181102362201
11
4.4183173228346453
21
-4.2858181102362201
0
LINE
8
BLACK
6
CONTINUOUS
10
4.4183173228346453
20
-4.2858181102362201
11
4.422083897637795
21
-4.2865673228346459
0
LINE
8
BLACK
6
CONTINUOUS
10
4.5238555511811018
20
-4.2865673228346459
11
4.5270487007874012
21
-4.2887009055118108
0
LINE
8
BLACK
6
CONTINUOUS
10
4.5270487007874012
20
-4.2887009055118108
11
4.529182283464567
21
-4.2918940551181102
0
LINE
8
BLACK
6
CONTINUOUS
10
4.529182283464567
20
-4.2918940551181102
11
4.5299314960629919
21
-4.2956606299212599
0
LINE
8
BLACK
6
CONTINUOUS
10
4.5299314960629919
20
-4.2956606299212599
11
4.5299314960629919
21
-4.3310937007874015
0
LINE
8
BLACK
6
CONTINUOUS
10
4.5299314960629919
20
-4.3310937007874015
11
4.529182283464567
21
-4.3348602755905512
0
LINE
8
BLACK
6
CONTINUOUS
10
4.529182283464567
20
-4.3348602755905512
11
4.5270487007874012
21
-4.3380534251968506
0
LINE
8
BLACK
6
CONTINUOUS
10
4.5270487007874012
20
-4.3380534251968506
11
4.5238555511811018
21
-4.3401870078740155
0
LINE
8
BLACK
6
CONTINUOUS
10
4.5238555511811018
20
-4.3401870078740155
11
4.520088976377953
21
-4.3409362204724404
0
LINE
8
BLACK
6
CONTINUOUS
10
4.520088976377953
20
-4.3409362204724404
11
4.4994196850393697
21
-4.3409362204724404
0
LINE
8
BLACK
6
CONTINUOUS
10
4.4994196850393697
20
-4.3409362204724404
11
4.4956531102362201
21
-4.3401870078740155
0
LINE
8
BLACK
6
CONTINUOUS
10
4.4956531102362201
20
-4.3401870078740155
11
4.4924599606299216
21
-4.3380534251968506
0
LINE
8
BLACK
6
CONTINUOUS
10
4.4924599606299216
20
-4.3380534251968506
11
4.4903263779527558
21
-4.3348602755905512
0
LINE
8
BLACK
6
CONTINUOUS
10
4.4903263779527558
20
-4.3348602755905512
11
4.4895771653543308
21
-4.3310937007874015
0
LINE
8
BLACK
6
CONTINUOUS
10
4.4895771653543308
20
-4.3310937007874015
11
4.4895771653543308
21
-4.2956606299212599
0
LINE
8
BLACK
6
CONTINUOUS
10
4.4895771653543308
20
-4.2956606299212599
11
4.4903263779527558
21
-4.2918940551181102
0
LINE
8
BLACK
6
CONTINUOUS
10
4.4903263779527558
20
-4.2918940551181102
11
4.4924599606299216
21
-4.2887009055118108
0
LINE
8
BLACK
6
CONTINUOUS
10
4.4924599606299216
20
-4.2887009055118108
11
4.4956531102362201
21
-4.2865673228346459
0
LINE
8
BLACK
6
CONTINUOUS
10
4.4956531102362201
20
-4.2865673228346459
11
4.4994196850393697
21
-4.2858181102362201
0
LINE
8
BLACK
6
CONTINUOUS
10
4.4994196850393697
20
-4.2858181102362201
11
4.520088976377953
21
-4.2858181102362201
0
LINE
8
BLACK
6
CONTINUOUS
10
4.520088976377953
20
-4.2858181102362201
11
4.5238555511811018
21
-4.2865673228346459
0
LINE
8
BLACK
6
CONTINUOUS
10
4.5957059448818898
20
-4.2865673228346459
11
4.5988990944881891
21
-4.2887009055118108
0
LINE
8
BLACK
6
CONTINUOUS
10
4.5988990944881891
20
-4.2887009055118108
11
4.601032677165354
21
-4.2918940551181102
0
LINE
8
BLACK
6
CONTINUOUS
10
4.601032677165354
20
-4.2918940551181102
11
4.601781889763779
21
-4.2956606299212599
0
LINE
8
BLACK
6
CONTINUOUS
10
4.601781889763779
20
-4.2956606299212599
11
4.601781889763779
21
-4.3310937007874015
0
LINE
8
BLACK
6
CONTINUOUS
10
4.601781889763779
20
-4.3310937007874015
11
4.601032677165354
21
-4.3348602755905512
0
LINE
8
BLACK
6
CONTINUOUS
10
4.601032677165354
20
-4.3348602755905512
11
4.5988990944881891
21
-4.3380534251968506
0
LINE
8
BLACK
6
CONTINUOUS
10
4.5988990944881891
20
-4.3380534251968506
11
4.5957059448818898
21
-4.3401870078740155
0
LINE
8
BLACK
6
CONTINUOUS
10
4.5957059448818898
20
-4.3401870078740155
11
4.5919393700787401
21
-4.3409362204724404
0
LINE
8
BLACK
6
CONTINUOUS
10
4.5919393700787401
20
-4.3409362204724404
11
4.5712700787401577
21
-4.3409362204724404
0
LINE
8
BLACK
6
CONTINUOUS
10
4.5712700787401577
20
-4.3409362204724404
11
4.567503503937008
21
-4.3401870078740155
0
LINE
8
BLACK
6
CONTINUOUS
10
4.567503503937008
20
-4.3401870078740155
11
4.5643103543307086
21
-4.3380534251968506
0
LINE
8
BLACK
6
CONTINUOUS
10
4.5643103543307086
20
-4.3380534251968506
11
4.5621767716535429
21
-4.3348602755905512
0
LINE
8
BLACK
6
CONTINUOUS
10
4.5621767716535429
20
-4.3348602755905512
11
4.5614275590551179
21
-4.3310937007874015
0
LINE
8
BLACK
6
CONTINUOUS
10
4.5614275590551179
20
-4.3310937007874015
11
4.5614275590551179
21
-4.2956606299212599
0
LINE
8
BLACK
6
CONTINUOUS
10
4.5614275590551179
20
-4.2956606299212599
11
4.5621767716535429
21
-4.2918940551181102
0
LINE
8
BLACK
6
CONTINUOUS
10
4.5621767716535429
20
-4.2918940551181102
11
4.5643103543307086
21
-4.2887009055118108
0
LINE
8
BLACK
6
CONTINUOUS
10
4.5643103543307086
20
-4.2887009055118108
11
4.567503503937008
21
-4.2865673228346459
0
LINE
8
BLACK
6
CONTINUOUS
10
4.567503503937008
20
-4.2865673228346459
11
4.5712700787401577
21
-4.2858181102362201
0
LINE
8
BLACK
6
CONTINUOUS
10
4.5712700787401577
20
-4.2858181102362201
11
4.5919393700787401
21
-4.2858181102362201
0
LINE
8
BLACK
6
CONTINUOUS
10
4.5919393700787401
20
-4.2858181102362201
11
4.5957059448818898
21
-4.2865673228346459
0
LINE
8
BLACK
6
CONTINUOUS
10
6.3414774803149605
20
-4.3225351181102365
11
6.3427547637795278
21
-4.3233885433070869
0
LINE
8
BLACK
6
CONTINUOUS
10
6.3427547637795278
20
-4.3233885433070869
11
6.3436081889763782
21
-4.3246658267716533
0
LINE
8
BLACK
6
CONTINUOUS
10
6.3436081889763782
20
-4.3246658267716533
11
6.3439078740157475
21
-4.3261724409448821
0
LINE
8
BLACK
6
CONTINUOUS
10
6.3439078740157475
20
-4.3261724409448821
11
6.3439078740157475
21
-4.3340464566929136
0
LINE
8
BLACK
6
CONTINUOUS
10
6.3439078740157475
20
-4.3340464566929136
11
6.3436081889763782
21
-4.3355530708661414
0
LINE
8
BLACK
6
CONTINUOUS
10
6.3436081889763782
20
-4.3355530708661414
11
6.3427547637795278
21
-4.3368303543307087
0
LINE
8
BLACK
6
CONTINUOUS
10
6.3427547637795278
20
-4.3368303543307087
11
6.3414774803149605
21
-4.3376837795275591
0
LINE
8
BLACK
6
CONTINUOUS
10
6.3414774803149605
20
-4.3376837795275591
11
6.3399708661417318
21
-4.3379834645669293
0
LINE
8
BLACK
6
CONTINUOUS
10
6.3399708661417318
20
-4.3379834645669293
11
6.2897740157480317
21
-4.3379834645669293
0
LINE
8
BLACK
6
CONTINUOUS
10
6.2897740157480317
20
-4.3379834645669293
11
6.288267401574803
21
-4.3376837795275591
0
LINE
8
BLACK
6
CONTINUOUS
10
6.288267401574803
20
-4.3376837795275591
11
6.2869901181102357
21
-4.3368303543307087
0
LINE
8
BLACK
6
CONTINUOUS
10
6.2869901181102357
20
-4.3368303543307087
11
6.2861366929133853
21
-4.3355530708661414
0
LINE
8
BLACK
6
CONTINUOUS
10
6.2861366929133853
20
-4.3355530708661414
11
6.285837007874016
21
-4.3340464566929136
0
LINE
8
BLACK
6
CONTINUOUS
10
6.285837007874016
20
-4.3340464566929136
11
6.285837007874016
21
-4.3261724409448821
0
LINE
8
BLACK
6
CONTINUOUS
10
6.285837007874016
20
-4.3261724409448821
11
6.2861366929133853
21
-4.3246658267716533
0
LINE
8
BLACK
6
CONTINUOUS
10
6.2861366929133853
20
-4.3246658267716533
11
6.2869901181102357
21
-4.3233885433070869
0
LINE
8
BLACK
6
CONTINUOUS
10
6.2869901181102357
20
-4.3233885433070869
11
6.288267401574803
21
-4.3225351181102365
0
LINE
8
BLACK
6
CONTINUOUS
10
6.288267401574803
20
-4.3225351181102365
11
6.2897740157480317
21
-4.3222354330708663
0
LINE
8
BLACK
6
CONTINUOUS
10
6.2897740157480317
20
-4.3222354330708663
11
6.3399708661417318
21
-4.3222354330708663
0
LINE
8
BLACK
6
CONTINUOUS
10
6.3399708661417318
20
-4.3222354330708663
11
6.3414774803149605
21
-4.3225351181102365
0
LINE
8
BLACK
6
CONTINUOUS
10
6.5668711811023623
20
-4.3225351181102365
11
6.5681484645669288
21
-4.3233885433070869
0
LINE
8
BLACK
6
CONTINUOUS
10
6.5681484645669288
20
-4.3233885433070869
11
6.5690018897637792
21
-4.3246658267716533
0
LINE
8
BLACK
6
CONTINUOUS
10
6.5690018897637792
20
-4.3246658267716533
11
6.5693015748031494
21
-4.3261724409448821
0
LINE
8
BLACK
6
CONTINUOUS
10
6.5693015748031494
20
-4.3261724409448821
11
6.5693015748031494
21
-4.3340464566929136
0
LINE
8
BLACK
6
CONTINUOUS
10
6.5693015748031494
20
-4.3340464566929136
11
6.5690018897637792
21
-4.3355530708661414
0
LINE
8
BLACK
6
CONTINUOUS
10
6.5690018897637792
20
-4.3355530708661414
11
6.5681484645669288
21
-4.3368303543307087
0
LINE
8
BLACK
6
CONTINUOUS
10
6.5681484645669288
20
-4.3368303543307087
11
6.5668711811023623
21
-4.3376837795275591
0
LINE
8
BLACK
6
CONTINUOUS
10
6.5668711811023623
20
-4.3376837795275591
11
6.5653645669291336
21
-4.3379834645669293
0
LINE
8
BLACK
6
CONTINUOUS
10
6.5653645669291336
20
-4.3379834645669293
11
6.5151677165354327
21
-4.3379834645669293
0
LINE
8
BLACK
6
CONTINUOUS
10
6.5151677165354327
20
-4.3379834645669293
11
6.5136611023622049
21
-4.3376837795275591
0
LINE
8
BLACK
6
CONTINUOUS
10
6.5136611023622049
20
-4.3376837795275591
11
6.5123838188976375
21
-4.3368303543307087
0
LINE
8
BLACK
6
CONTINUOUS
10
6.5123838188976375
20
-4.3368303543307087
11
6.5115303937007871
21
-4.3355530708661414
0
LINE
8
BLACK
6
CONTINUOUS
10
6.5115303937007871
20
-4.3355530708661414
11
6.511230708661417
21
-4.3340464566929136
0
LINE
8
BLACK
6
CONTINUOUS
10
6.511230708661417
20
-4.3340464566929136
11
6.511230708661417
21
-4.3261724409448821
0
LINE
8
BLACK
6
CONTINUOUS
10
6.511230708661417
20
-4.3261724409448821
11
6.5115303937007871
21
-4.3246658267716533
0
LINE
8
BLACK
6
CONTINUOUS
10
6.5115303937007871
20
-4.3246658267716533
11
6.5123838188976375
21
-4.3233885433070869
0
LINE
8
BLACK
6
CONTINUOUS
10
6.5123838188976375
20
-4.3233885433070869
11
6.5136611023622049
21
-4.3225351181102365
0
LINE
8
BLACK
6
CONTINUOUS
10
6.5136611023622049
20
-4.3225351181102365
11
6.5151677165354327
21
-4.3222354330708663
0
LINE
8
BLACK
6
CONTINUOUS
10
6.5151677165354327
20
-4.3222354330708663
11
6.5653645669291336
21
-4.3222354330708663
0
LINE
8
BLACK
6
CONTINUOUS
10
6.5653645669291336
20
-4.3222354330708663
11
6.5668711811023623
21
-4.3225351181102365
0
LINE
8
BLACK
6
CONTINUOUS
10
5.5557188976377949
20
-4.3123929133858265
11
5.5202858267716532
21
-4.3123929133858265
0
LINE
8
BLACK
6
CONTINUOUS
10
5.5202858267716532
20
-4.3123929133858265
11
5.5202858267716532
21
-4.2730228346456691
0
LINE
8
BLACK
6
CONTINUOUS
10
5.5202858267716532
20
-4.2730228346456691
11
5.5557188976377949
21
-4.2730228346456691
0
LINE
8
BLACK
6
CONTINUOUS
10
5.5557188976377949
20
-4.2730228346456691
11
5.5557188976377949
21
-4.3123929133858265
0
LINE
8
BLACK
6
CONTINUOUS
10
5.6187110236220468
20
-4.3123929133858265
11
5.5832779527559051
21
-4.3123929133858265
0
LINE
8
BLACK
6
CONTINUOUS
10
5.5832779527559051
20
-4.3123929133858265
11
5.5832779527559051
21
-4.2730228346456691
0
LINE
8
BLACK
6
CONTINUOUS
10
5.5832779527559051
20
-4.2730228346456691
11
5.6187110236220468
21
-4.2730228346456691
0
LINE
8
BLACK
6
CONTINUOUS
10
5.6187110236220468
20
-4.2730228346456691
11
5.6187110236220468
21
-4.3123929133858265
0
LINE
8
BLACK
6
CONTINUOUS
10
5.6935141732283467
20
-4.3123929133858265
11
5.6580811023622042
21
-4.3123929133858265
0
LINE
8
BLACK
6
CONTINUOUS
10
5.6580811023622042
20
-4.3123929133858265
11
5.6580811023622042
21
-4.2730228346456691
0
LINE
8
BLACK
6
CONTINUOUS
10
5.6580811023622042
20
-4.2730228346456691
11
5.6935141732283467
21
-4.2730228346456691
0
LINE
8
BLACK
6
CONTINUOUS
10
5.6935141732283467
20
-4.2730228346456691
11
5.6935141732283467
21
-4.3123929133858265
0
LINE
8
BLACK
6
CONTINUOUS
10
5.7565062992125986
20
-4.3123929133858265
11
5.7210732283464569
21
-4.3123929133858265
0
LINE
8
BLACK
6
CONTINUOUS
10
5.7210732283464569
20
-4.3123929133858265
11
5.7210732283464569
21
-4.2730228346456691
0
LINE
8
BLACK
6
CONTINUOUS
10
5.7210732283464569
20
-4.2730228346456691
11
5.7565062992125986
21
-4.2730228346456691
0
LINE
8
BLACK
6
CONTINUOUS
10
5.7565062992125986
20
-4.2730228346456691
11
5.7565062992125986
21
-4.3123929133858265
0
LINE
8
BLACK
6
CONTINUOUS
10
5.2371127165354325
20
-4.2547715748031498
11
5.2390285826771654
21
-4.2560517322834643
0
LINE
8
BLACK
6
CONTINUOUS
10
5.2390285826771654
20
-4.2560517322834643
11
5.2403087401574799
21
-4.2579675984251963
0
LINE
8
BLACK
6
CONTINUOUS
10
5.2403087401574799
20
-4.2579675984251963
11
5.2407582677165356
21
-4.2602275590551182
0
LINE
8
BLACK
6
CONTINUOUS
10
5.2407582677165356
20
-4.2602275590551182
11
5.2407582677165356
21
-4.2720385826771654
0
LINE
8
BLACK
6
CONTINUOUS
10
5.2407582677165356
20
-4.2720385826771654
11
5.2403087401574799
21
-4.2742985433070864
0
LINE
8
BLACK
6
CONTINUOUS
10
5.2403087401574799
20
-4.2742985433070864
11
5.2390285826771654
21
-4.2762144094488184
0
LINE
8
BLACK
6
CONTINUOUS
10
5.2390285826771654
20
-4.2762144094488184
11
5.2371127165354325
21
-4.2774945669291338
0
LINE
8
BLACK
6
CONTINUOUS
10
5.2371127165354325
20
-4.2774945669291338
11
5.2348527559055116
21
-4.2779440944881886
0
LINE
8
BLACK
6
CONTINUOUS
10
5.2348527559055116
20
-4.2779440944881886
11
5.1944984251968505
21
-4.2779440944881886
0
LINE
8
BLACK
6
CONTINUOUS
10
5.1944984251968505
20
-4.2779440944881886
11
5.1922384645669286
21
-4.2774945669291338
0
LINE
8
BLACK
6
CONTINUOUS
10
5.1922384645669286
20
-4.2774945669291338
11
5.1903225984251966
21
-4.2762144094488184
0
LINE
8
BLACK
6
CONTINUOUS
10
5.1903225984251966
20
-4.2762144094488184
11
5.1890424409448821
21
-4.2742985433070864
0
LINE
8
BLACK
6
CONTINUOUS
10
5.1890424409448821
20
-4.2742985433070864
11
5.1885929133858264
21
-4.2720385826771654
0
LINE
8
BLACK
6
CONTINUOUS
10
5.1885929133858264
20
-4.2720385826771654
11
5.1885929133858264
21
-4.2602275590551182
0
LINE
8
BLACK
6
CONTINUOUS
10
5.1885929133858264
20
-4.2602275590551182
11
5.1890424409448821
21
-4.2579675984251963
0
LINE
8
BLACK
6
CONTINUOUS
10
5.1890424409448821
20
-4.2579675984251963
11
5.1903225984251966
21
-4.2560517322834643
0
LINE
8
BLACK
6
CONTINUOUS
10
5.1903225984251966
20
-4.2560517322834643
11
5.1922384645669286
21
-4.2547715748031498
0
LINE
8
BLACK
6
CONTINUOUS
10
5.1922384645669286
20
-4.2547715748031498
11
5.1944984251968505
21
-4.2543220472440941
0
LINE
8
BLACK
6
CONTINUOUS
10
5.1944984251968505
20
-4.2543220472440941
11
5.2348527559055116
21
-4.2543220472440941
0
LINE
8
BLACK
6
CONTINUOUS
10
5.2348527559055116
20
-4.2543220472440941
11
5.2371127165354325
21
-4.2547715748031498
0
LINE
8
BLACK
6
CONTINUOUS
10
5.3266796456692909
20
-4.2173699999999998
11
5.3285955118110238
21
-4.2186501574803152
0
LINE
8
BLACK
6
CONTINUOUS
10
5.3285955118110238
20
-4.2186501574803152
11
5.3298756692913383
21
-4.2205660236220472
0
LINE
8
BLACK
6
CONTINUOUS
10
5.3298756692913383
20
-4.2205660236220472
11
5.330325196850394
21
-4.2228259842519682
0
LINE
8
BLACK
6
CONTINUOUS
10
5.330325196850394
20
-4.2228259842519682
11
5.330325196850394
21
-4.2346370078740154
0
LINE
8
BLACK
6
CONTINUOUS
10
5.330325196850394
20
-4.2346370078740154
11
5.3298756692913383
21
-4.2368969685039373
0
LINE
8
BLACK
6
CONTINUOUS
10
5.3298756692913383
20
-4.2368969685039373
11
5.3285955118110238
21
-4.2388128346456693
0
LINE
8
BLACK
6
CONTINUOUS
10
5.3285955118110238
20
-4.2388128346456693
11
5.3266796456692909
21
-4.2400929921259838
0
LINE
8
BLACK
6
CONTINUOUS
10
5.3266796456692909
20
-4.2400929921259838
11
5.3244196850393699
21
-4.2405425196850395
0
LINE
8
BLACK
6
CONTINUOUS
10
5.3244196850393699
20
-4.2405425196850395
11
5.2840653543307088
21
-4.2405425196850395
0
LINE
8
BLACK
6
CONTINUOUS
10
5.2840653543307088
20
-4.2405425196850395
11
5.2818053937007869
21
-4.2400929921259838
0
LINE
8
BLACK
6
CONTINUOUS
10
5.2818053937007869
20
-4.2400929921259838
11
5.2798895275590549
21
-4.2388128346456693
0
LINE
8
BLACK
6
CONTINUOUS
10
5.2798895275590549
20
-4.2388128346456693
11
5.2786093700787404
21
-4.2368969685039373
0
LINE
8
BLACK
6
CONTINUOUS
10
5.2786093700787404
20
-4.2368969685039373
11
5.2781598425196847
21
-4.2346370078740154
0
LINE
8
BLACK
6
CONTINUOUS
10
5.2781598425196847
20
-4.2346370078740154
11
5.2781598425196847
21
-4.2228259842519682
0
LINE
8
BLACK
6
CONTINUOUS
10
5.2781598425196847
20
-4.2228259842519682
11
5.2786093700787404
21
-4.2205660236220472
0
LINE
8
BLACK
6
CONTINUOUS
10
5.2786093700787404
20
-4.2205660236220472
11
5.2798895275590549
21
-4.2186501574803152
0
LINE
8
BLACK
6
CONTINUOUS
10
5.2798895275590549
20
-4.2186501574803152
11
5.2818053937007869
21
-4.2173699999999998
0
LINE
8
BLACK
6
CONTINUOUS
10
5.2818053937007869
20
-4.2173699999999998
11
5.2840653543307088
21
-4.216920472440945
0
LINE
8
BLACK
6
CONTINUOUS
10
5.2840653543307088
20
-4.216920472440945
11
5.3244196850393699
21
-4.216920472440945
0
LINE
8
BLACK
6
CONTINUOUS
10
5.3244196850393699
20
-4.216920472440945
11
5.3266796456692909
21
-4.2173699999999998
0
LINE
8
BLACK
6
CONTINUOUS
10
4.6962964960629918
20
-4.1777090551181102
11
4.6994896456692912
21
-4.1798426377952751
0
LINE
8
BLACK
6
CONTINUOUS
10
4.6994896456692912
20
-4.1798426377952751
11
4.701623228346457
21
-4.1830357874015744
0
LINE
8
BLACK
6
CONTINUOUS
10
4.701623228346457
20
-4.1830357874015744
11
4.7023724409448819
21
-4.1868023622047241
0
LINE
8
BLACK
6
CONTINUOUS
10
4.7023724409448819
20
-4.1868023622047241
11
4.7023724409448819
21
-4.2242039370078741
0
LINE
8
BLACK
6
CONTINUOUS
10
4.7023724409448819
20
-4.2242039370078741
11
4.701623228346457
21
-4.2279705118110238
0
LINE
8
BLACK
6
CONTINUOUS
10
4.701623228346457
20
-4.2279705118110238
11
4.6994896456692912
21
-4.2311636614173231
0
LINE
8
BLACK
6
CONTINUOUS
10
4.6994896456692912
20
-4.2311636614173231
11
4.6962964960629918
21
-4.233297244094488
0
LINE
8
BLACK
6
CONTINUOUS
10
4.6962964960629918
20
-4.233297244094488
11
4.6925299212598421
21
-4.234046456692913
0
LINE
8
BLACK
6
CONTINUOUS
10
4.6925299212598421
20
-4.234046456692913
11
4.6728448818897634
21
-4.234046456692913
0
LINE
8
BLACK
6
CONTINUOUS
10
4.6728448818897634
20
-4.234046456692913
11
4.6690783070866138
21
-4.233297244094488
0
LINE
8
BLACK
6
CONTINUOUS
10
4.6690783070866138
20
-4.233297244094488
11
4.6658851574803153
21
-4.2311636614173231
0
LINE
8
BLACK
6
CONTINUOUS
10
4.6658851574803153
20
-4.2311636614173231
11
4.6637515748031495
21
-4.2279705118110238
0
LINE
8
BLACK
6
CONTINUOUS
10
4.6637515748031495
20
-4.2279705118110238
11
4.6630023622047245
21
-4.2242039370078741
0
LINE
8
BLACK
6
CONTINUOUS
10
4.6630023622047245
20
-4.2242039370078741
11
4.6630023622047245
21
-4.1868023622047241
0
LINE
8
BLACK
6
CONTINUOUS
10
4.6630023622047245
20
-4.1868023622047241
11
4.6637515748031495
21
-4.1830357874015744
0
LINE
8
BLACK
6
CONTINUOUS
10
4.6637515748031495
20
-4.1830357874015744
11
4.6658851574803153
21
-4.1798426377952751
0
LINE
8
BLACK
6
CONTINUOUS
10
4.6658851574803153
20
-4.1798426377952751
11
4.6690783070866138
21
-4.1777090551181102
0
LINE
8
BLACK
6
CONTINUOUS
10
4.6690783070866138
20
-4.1777090551181102
11
4.6728448818897634
21
-4.1769598425196852
0
LINE
8
BLACK
6
CONTINUOUS
10
4.6728448818897634
20
-4.1769598425196852
11
4.6925299212598421
21
-4.1769598425196852
0
LINE
8
BLACK
6
CONTINUOUS
10
4.6925299212598421
20
-4.1769598425196852
11
4.6962964960629918
21
-4.1777090551181102
0
LINE
8
BLACK
6
CONTINUOUS
10
4.7710996456692909
20
-4.1777090551181102
11
4.7742927952755903
21
-4.1798426377952751
0
LINE
8
BLACK
6
CONTINUOUS
10
4.7742927952755903
20
-4.1798426377952751
11
4.776426377952756
21
-4.1830357874015744
0
LINE
8
BLACK
6
CONTINUOUS
10
4.776426377952756
20
-4.1830357874015744
11
4.777175590551181
21
-4.1868023622047241
0
LINE
8
BLACK
6
CONTINUOUS
10
4.777175590551181
20
-4.1868023622047241
11
4.777175590551181
21
-4.2242039370078741
0
LINE
8
BLACK
6
CONTINUOUS
10
4.777175590551181
20
-4.2242039370078741
11
4.776426377952756
21
-4.2279705118110238
0
LINE
8
BLACK
6
CONTINUOUS
10
4.776426377952756
20
-4.2279705118110238
11
4.7742927952755903
21
-4.2311636614173231
0
LINE
8
BLACK
6
CONTINUOUS
10
4.7742927952755903
20
-4.2311636614173231
11
4.7710996456692909
21
-4.233297244094488
0
LINE
8
BLACK
6
CONTINUOUS
10
4.7710996456692909
20
-4.233297244094488
11
4.7673330708661412
21
-4.234046456692913
0
LINE
8
BLACK
6
CONTINUOUS
10
4.7673330708661412
20
-4.234046456692913
11
4.7476480314960625
21
-4.234046456692913
0
LINE
8
BLACK
6
CONTINUOUS
10
4.7476480314960625
20
-4.234046456692913
11
4.7438814566929128
21
-4.233297244094488
0
LINE
8
BLACK
6
CONTINUOUS
10
4.7438814566929128
20
-4.233297244094488
11
4.7406883070866144
21
-4.2311636614173231
0
LINE
8
BLACK
6
CONTINUOUS
10
4.7406883070866144
20
-4.2311636614173231
11
4.7385547244094486
21
-4.2279705118110238
0
LINE
8
BLACK
6
CONTINUOUS
10
4.7385547244094486
20
-4.2279705118110238
11
4.7378055118110236
21
-4.2242039370078741
0
LINE
8
BLACK
6
CONTINUOUS
10
4.7378055118110236
20
-4.2242039370078741
11
4.7378055118110236
21
-4.1868023622047241
0
LINE
8
BLACK
6
CONTINUOUS
10
4.7378055118110236
20
-4.1868023622047241
11
4.7385547244094486
21
-4.1830357874015744
0
LINE
8
BLACK
6
CONTINUOUS
10
4.7385547244094486
20
-4.1830357874015744
11
4.7406883070866144
21
-4.1798426377952751
0
LINE
8
BLACK
6
CONTINUOUS
10
4.7406883070866144
20
-4.1798426377952751
11
4.7438814566929128
21
-4.1777090551181102
0
LINE
8
BLACK
6
CONTINUOUS
10
4.7438814566929128
20
-4.1777090551181102
11
4.7476480314960625
21
-4.1769598425196852
0
LINE
8
BLACK
6
CONTINUOUS
10
4.7476480314960625
20
-4.1769598425196852
11
4.7673330708661412
21
-4.1769598425196852
0
LINE
8
BLACK
6
CONTINUOUS
10
4.7673330708661412
20
-4.1769598425196852
11
4.7710996456692909
21
-4.1777090551181102
0
LINE
8
BLACK
6
CONTINUOUS
10
4.8714933464566927
20
-4.1777090551181102
11
4.8746864960629921
21
-4.1798426377952751
0
LINE
8
BLACK
6
CONTINUOUS
10
4.8746864960629921
20
-4.1798426377952751
11
4.876820078740157
21
-4.1830357874015744
0
LINE
8
BLACK
6
CONTINUOUS
10
4.876820078740157
20
-4.1830357874015744
11
4.8775692913385829
21
-4.1868023622047241
0
LINE
8
BLACK
6
CONTINUOUS
10
4.8775692913385829
20
-4.1868023622047241
11
4.8775692913385829
21
-4.2242039370078741
0
LINE
8
BLACK
6
CONTINUOUS
10
4.8775692913385829
20
-4.2242039370078741
11
4.876820078740157
21
-4.2279705118110238
0
LINE
8
BLACK
6
CONTINUOUS
10
4.876820078740157
20
-4.2279705118110238
11
4.8746864960629921
21
-4.2311636614173231
0
LINE
8
BLACK
6
CONTINUOUS
10
4.8746864960629921
20
-4.2311636614173231
11
4.8714933464566927
21
-4.233297244094488
0
LINE
8
BLACK
6
CONTINUOUS
10
4.8714933464566927
20
-4.233297244094488
11
4.8677267716535431
21
-4.234046456692913
0
LINE
8
BLACK
6
CONTINUOUS
10
4.8677267716535431
20
-4.234046456692913
11
4.8480417322834644
21
-4.234046456692913
0
LINE
8
BLACK
6
CONTINUOUS
10
4.8480417322834644
20
-4.234046456692913
11
4.8442751574803147
21
-4.233297244094488
0
LINE
8
BLACK
6
CONTINUOUS
10
4.8442751574803147
20
-4.233297244094488
11
4.8410820078740153
21
-4.2311636614173231
0
LINE
8
BLACK
6
CONTINUOUS
10
4.8410820078740153
20
-4.2311636614173231
11
4.8389484251968504
21
-4.2279705118110238
0
LINE
8
BLACK
6
CONTINUOUS
10
4.8389484251968504
20
-4.2279705118110238
11
4.8381992125984254
21
-4.2242039370078741
0
LINE
8
BLACK
6
CONTINUOUS
10
4.8381992125984254
20
-4.2242039370078741
11
4.8381992125984254
21
-4.1868023622047241
0
LINE
8
BLACK
6
CONTINUOUS
10
4.8381992125984254
20
-4.1868023622047241
11
4.8389484251968504
21
-4.1830357874015744
0
LINE
8
BLACK
6
CONTINUOUS
10
4.8389484251968504
20
-4.1830357874015744
11
4.8410820078740153
21
-4.1798426377952751
0
LINE
8
BLACK
6
CONTINUOUS
10
4.8410820078740153
20
-4.1798426377952751
11
4.8442751574803147
21
-4.1777090551181102
0
LINE
8
BLACK
6
CONTINUOUS
10
4.8442751574803147
20
-4.1777090551181102
11
4.8480417322834644
21
-4.1769598425196852
0
LINE
8
BLACK
6
CONTINUOUS
10
4.8480417322834644
20
-4.1769598425196852
11
4.8677267716535431
21
-4.1769598425196852
0
LINE
8
BLACK
6
CONTINUOUS
10
4.8677267716535431
20
-4.1769598425196852
11
4.8714933464566927
21
-4.1777090551181102
0
LINE
8
BLACK
6
CONTINUOUS
10
4.9462964960629918
20
-4.1777090551181102
11
4.9494896456692912
21
-4.1798426377952751
0
LINE
8
BLACK
6
CONTINUOUS
10
4.9494896456692912
20
-4.1798426377952751
11
4.951623228346457
21
-4.1830357874015744
0
LINE
8
BLACK
6
CONTINUOUS
10
4.951623228346457
20
-4.1830357874015744
11
4.9523724409448819
21
-4.1868023622047241
0
LINE
8
BLACK
6
CONTINUOUS
10
4.9523724409448819
20
-4.1868023622047241
11
4.9523724409448819
21
-4.2242039370078741
0
LINE
8
BLACK
6
CONTINUOUS
10
4.9523724409448819
20
-4.2242039370078741
11
4.951623228346457
21
-4.2279705118110238
0
LINE
8
BLACK
6
CONTINUOUS
10
4.951623228346457
20
-4.2279705118110238
11
4.9494896456692912
21
-4.2311636614173231
0
LINE
8
BLACK
6
CONTINUOUS
10
4.9494896456692912
20
-4.2311636614173231
11
4.9462964960629918
21
-4.233297244094488
0
LINE
8
BLACK
6
CONTINUOUS
10
4.9462964960629918
20
-4.233297244094488
11
4.9425299212598421
21
-4.234046456692913
0
LINE
8
BLACK
6
CONTINUOUS
10
4.9425299212598421
20
-4.234046456692913
11
4.9228448818897634
21
-4.234046456692913
0
LINE
8
BLACK
6
CONTINUOUS
10
4.9228448818897634
20
-4.234046456692913
11
4.9190783070866138
21
-4.233297244094488
0
LINE
8
BLACK
6
CONTINUOUS
10
4.9190783070866138
20
-4.233297244094488
11
4.9158851574803153
21
-4.2311636614173231
0
LINE
8
BLACK
6
CONTINUOUS
10
4.9158851574803153
20
-4.2311636614173231
11
4.9137515748031495
21
-4.2279705118110238
0
LINE
8
BLACK
6
CONTINUOUS
10
4.9137515748031495
20
-4.2279705118110238
11
4.9130023622047245
21
-4.2242039370078741
0
LINE
8
BLACK
6
CONTINUOUS
10
4.9130023622047245
20
-4.2242039370078741
11
4.9130023622047245
21
-4.1868023622047241
0
LINE
8
BLACK
6
CONTINUOUS
10
4.9130023622047245
20
-4.1868023622047241
11
4.9137515748031495
21
-4.1830357874015744
0
LINE
8
BLACK
6
CONTINUOUS
10
4.9137515748031495
20
-4.1830357874015744
11
4.9158851574803153
21
-4.1798426377952751
0
LINE
8
BLACK
6
CONTINUOUS
10
4.9158851574803153
20
-4.1798426377952751
11
4.9190783070866138
21
-4.1777090551181102
0
LINE
8
BLACK
6
CONTINUOUS
10
4.9190783070866138
20
-4.1777090551181102
11
4.9228448818897634
21
-4.1769598425196852
0
LINE
8
BLACK
6
CONTINUOUS
10
4.9228448818897634
20
-4.1769598425196852
11
4.9425299212598421
21
-4.1769598425196852
0
LINE
8
BLACK
6
CONTINUOUS
10
4.9425299212598421
20
-4.1769598425196852
11
4.9462964960629918
21
-4.1777090551181102
0
LINE
8
BLACK
6
CONTINUOUS
10
5.0466901968503937
20
-4.1777090551181102
11
5.049883346456693
21
-4.1798426377952751
0
LINE
8
BLACK
6
CONTINUOUS
10
5.049883346456693
20
-4.1798426377952751
11
5.0520169291338579
21
-4.1830357874015744
0
LINE
8
BLACK
6
CONTINUOUS
10
5.0520169291338579
20
-4.1830357874015744
11
5.0527661417322838
21
-4.1868023622047241
0
LINE
8
BLACK
6
CONTINUOUS
10
5.0527661417322838
20
-4.1868023622047241
11
5.0527661417322838
21
-4.2242039370078741
0
LINE
8
BLACK
6
CONTINUOUS
10
5.0527661417322838
20
-4.2242039370078741
11
5.0520169291338579
21
-4.2279705118110238
0
LINE
8
BLACK
6
CONTINUOUS
10
5.0520169291338579
20
-4.2279705118110238
11
5.049883346456693
21
-4.2311636614173231
0
LINE
8
BLACK
6
CONTINUOUS
10
5.049883346456693
20
-4.2311636614173231
11
5.0466901968503937
21
-4.233297244094488
0
LINE
8
BLACK
6
CONTINUOUS
10
5.0466901968503937
20
-4.233297244094488
11
5.042923622047244
21
-4.234046456692913
0
LINE
8
BLACK
6
CONTINUOUS
10
5.042923622047244
20
-4.234046456692913
11
5.0232385826771653
21
-4.234046456692913
0
LINE
8
BLACK
6
CONTINUOUS
10
5.0232385826771653
20
-4.234046456692913
11
5.0194720078740156
21
-4.233297244094488
0
LINE
8
BLACK
6
CONTINUOUS
10
5.0194720078740156
20
-4.233297244094488
11
5.0162788582677162
21
-4.2311636614173231
0
LINE
8
BLACK
6
CONTINUOUS
10
5.0162788582677162
20
-4.2311636614173231
11
5.0141452755905513
21
-4.2279705118110238
0
LINE
8
BLACK
6
CONTINUOUS
10
5.0141452755905513
20
-4.2279705118110238
11
5.0133960629921255
21
-4.2242039370078741
0
LINE
8
BLACK
6
CONTINUOUS
10
5.0133960629921255
20
-4.2242039370078741
11
5.0133960629921255
21
-4.1868023622047241
0
LINE
8
BLACK
6
CONTINUOUS
10
5.0133960629921255
20
-4.1868023622047241
11
5.0141452755905513
21
-4.1830357874015744
0
LINE
8
BLACK
6
CONTINUOUS
10
5.0141452755905513
20
-4.1830357874015744
11
5.0162788582677162
21
-4.1798426377952751
0
LINE
8
BLACK
6
CONTINUOUS
10
5.0162788582677162
20
-4.1798426377952751
11
5.0194720078740156
21
-4.1777090551181102
0
LINE
8
BLACK
6
CONTINUOUS
10
5.0194720078740156
20
-4.1777090551181102
11
5.0232385826771653
21
-4.1769598425196852
0
LINE
8
BLACK
6
CONTINUOUS
10
5.0232385826771653
20
-4.1769598425196852
11
5.042923622047244
21
-4.1769598425196852
0
LINE
8
BLACK
6
CONTINUOUS
10
5.042923622047244
20
-4.1769598425196852
11
5.0466901968503937
21
-4.1777090551181102
0
LINE
8
BLACK
6
CONTINUOUS
10
5.1214933464566927
20
-4.1777090551181102
11
5.1246864960629921
21
-4.1798426377952751
0
LINE
8
BLACK
6
CONTINUOUS
10
5.1246864960629921
20
-4.1798426377952751
11
5.126820078740157
21
-4.1830357874015744
0
LINE
8
BLACK
6
CONTINUOUS
10
5.126820078740157
20
-4.1830357874015744
11
5.1275692913385829
21
-4.1868023622047241
0
LINE
8
BLACK
6
CONTINUOUS
10
5.1275692913385829
20
-4.1868023622047241
11
5.1275692913385829
21
-4.2242039370078741
0
LINE
8
BLACK
6
CONTINUOUS
10
5.1275692913385829
20
-4.2242039370078741
11
5.126820078740157
21
-4.2279705118110238
0
LINE
8
BLACK
6
CONTINUOUS
10
5.126820078740157
20
-4.2279705118110238
11
5.1246864960629921
21
-4.2311636614173231
0
LINE
8
BLACK
6
CONTINUOUS
10
5.1246864960629921
20
-4.2311636614173231
11
5.1214933464566927
21
-4.233297244094488
0
LINE
8
BLACK
6
CONTINUOUS
10
5.1214933464566927
20
-4.233297244094488
11
5.1177267716535431
21
-4.234046456692913
0
LINE
8
BLACK
6
CONTINUOUS
10
5.1177267716535431
20
-4.234046456692913
11
5.0980417322834644
21
-4.234046456692913
0
LINE
8
BLACK
6
CONTINUOUS
10
5.0980417322834644
20
-4.234046456692913
11
5.0942751574803147
21
-4.233297244094488
0
LINE
8
BLACK
6
CONTINUOUS
10
5.0942751574803147
20
-4.233297244094488
11
5.0910820078740153
21
-4.2311636614173231
0
LINE
8
BLACK
6
CONTINUOUS
10
5.0910820078740153
20
-4.2311636614173231
11
5.0889484251968504
21
-4.2279705118110238
0
LINE
8
BLACK
6
CONTINUOUS
10
5.0889484251968504
20
-4.2279705118110238
11
5.0881992125984254
21
-4.2242039370078741
0
LINE
8
BLACK
6
CONTINUOUS
10
5.0881992125984254
20
-4.2242039370078741
11
5.0881992125984254
21
-4.1868023622047241
0
LINE
8
BLACK
6
CONTINUOUS
10
5.0881992125984254
20
-4.1868023622047241
11
5.0889484251968504
21
-4.1830357874015744
0
LINE
8
BLACK
6
CONTINUOUS
10
5.0889484251968504
20
-4.1830357874015744
11
5.0910820078740153
21
-4.1798426377952751
0
LINE
8
BLACK
6
CONTINUOUS
10
5.0910820078740153
20
-4.1798426377952751
11
5.0942751574803147
21
-4.1777090551181102
0
LINE
8
BLACK
6
CONTINUOUS
10
5.0942751574803147
20
-4.1777090551181102
11
5.0980417322834644
21
-4.1769598425196852
0
LINE
8
BLACK
6
CONTINUOUS
10
5.0980417322834644
20
-4.1769598425196852
11
5.1177267716535431
21
-4.1769598425196852
0
LINE
8
BLACK
6
CONTINUOUS
10
5.1177267716535431
20
-4.1769598425196852
11
5.1214933464566927
21
-4.1777090551181102
0
LINE
8
BLACK
6
CONTINUOUS
10
3.8293673622047244
20
-4.1704255905511811
11
3.8325605118110238
21
-4.172559173228346
0
LINE
8
BLACK
6
CONTINUOUS
10
3.8325605118110238
20
-4.172559173228346
11
3.8346940944881891
21
-4.1757523228346454
0
LINE
8
BLACK
6
CONTINUOUS
10
3.8346940944881891
20
-4.1757523228346454
11
3.8354433070866141
21
-4.179518897637795
0
LINE
8
BLACK
6
CONTINUOUS
10
3.8354433070866141
20
-4.179518897637795
11
3.8354433070866141
21
-4.2149519685039367
0
LINE
8
BLACK
6
CONTINUOUS
10
3.8354433070866141
20
-4.2149519685039367
11
3.8346940944881891
21
-4.2187185433070864
0
LINE
8
BLACK
6
CONTINUOUS
10
3.8346940944881891
20
-4.2187185433070864
11
3.8325605118110238
21
-4.2219116929133857
0
LINE
8
BLACK
6
CONTINUOUS
10
3.8325605118110238
20
-4.2219116929133857
11
3.8293673622047244
21
-4.2240452755905507
0
LINE
8
BLACK
6
CONTINUOUS
10
3.8293673622047244
20
-4.2240452755905507
11
3.8256007874015747
21
-4.2247944881889765
0
LINE
8
BLACK
6
CONTINUOUS
10
3.8256007874015747
20
-4.2247944881889765
11
3.8049314960629919
21
-4.2247944881889765
0
LINE
8
BLACK
6
CONTINUOUS
10
3.8049314960629919
20
-4.2247944881889765
11
3.8011649212598426
21
-4.2240452755905507
0
LINE
8
BLACK
6
CONTINUOUS
10
3.8011649212598426
20
-4.2240452755905507
11
3.7979717716535433
21
-4.2219116929133857
0
LINE
8
BLACK
6
CONTINUOUS
10
3.7979717716535433
20
-4.2219116929133857
11
3.7958381889763779
21
-4.2187185433070864
0
LINE
8
BLACK
6
CONTINUOUS
10
3.7958381889763779
20
-4.2187185433070864
11
3.7950889763779525
21
-4.2149519685039367
0
LINE
8
BLACK
6
CONTINUOUS
10
3.7950889763779525
20
-4.2149519685039367
11
3.7950889763779525
21
-4.179518897637795
0
LINE
8
BLACK
6
CONTINUOUS
10
3.7950889763779525
20
-4.179518897637795
11
3.7958381889763779
21
-4.1757523228346454
0
LINE
8
BLACK
6
CONTINUOUS
10
3.7958381889763779
20
-4.1757523228346454
11
3.7979717716535433
21
-4.172559173228346
0
LINE
8
BLACK
6
CONTINUOUS
10
3.7979717716535433
20
-4.172559173228346
11
3.8011649212598426
21
-4.1704255905511811
0
LINE
8
BLACK
6
CONTINUOUS
10
3.8011649212598426
20
-4.1704255905511811
11
3.8049314960629919
21
-4.1696763779527561
0
LINE
8
BLACK
6
CONTINUOUS
10
3.8049314960629919
20
-4.1696763779527561
11
3.8256007874015747
21
-4.1696763779527561
0
LINE
8
BLACK
6
CONTINUOUS
10
3.8256007874015747
20
-4.1696763779527561
11
3.8293673622047244
21
-4.1704255905511811
0
LINE
8
BLACK
6
CONTINUOUS
10
3.9012177559055119
20
-4.1704255905511811
11
3.9044109055118108
21
-4.172559173228346
0
LINE
8
BLACK
6
CONTINUOUS
10
3.9044109055118108
20
-4.172559173228346
11
3.9065444881889761
21
-4.1757523228346454
0
LINE
8
BLACK
6
CONTINUOUS
10
3.9065444881889761
20
-4.1757523228346454
11
3.9072937007874016
21
-4.179518897637795
0
LINE
8
BLACK
6
CONTINUOUS
10
3.9072937007874016
20
-4.179518897637795
11
3.9072937007874016
21
-4.2149519685039367
0
LINE
8
BLACK
6
CONTINUOUS
10
3.9072937007874016
20
-4.2149519685039367
11
3.9065444881889761
21
-4.2187185433070864
0
LINE
8
BLACK
6
CONTINUOUS
10
3.9065444881889761
20
-4.2187185433070864
11
3.9044109055118108
21
-4.2219116929133857
0
LINE
8
BLACK
6
CONTINUOUS
10
3.9044109055118108
20
-4.2219116929133857
11
3.9012177559055119
21
-4.2240452755905507
0
LINE
8
BLACK
6
CONTINUOUS
10
3.9012177559055119
20
-4.2240452755905507
11
3.8974511811023622
21
-4.2247944881889765
0
LINE
8
BLACK
6
CONTINUOUS
10
3.8974511811023622
20
-4.2247944881889765
11
3.8767818897637794
21
-4.2247944881889765
0
LINE
8
BLACK
6
CONTINUOUS
10
3.8767818897637794
20
-4.2247944881889765
11
3.8730153149606297
21
-4.2240452755905507
0
LINE
8
BLACK
6
CONTINUOUS
10
3.8730153149606297
20
-4.2240452755905507
11
3.8698221653543308
21
-4.2219116929133857
0
LINE
8
BLACK
6
CONTINUOUS
10
3.8698221653543308
20
-4.2219116929133857
11
3.8676885826771654
21
-4.2187185433070864
0
LINE
8
BLACK
6
CONTINUOUS
10
3.8676885826771654
20
-4.2187185433070864
11
3.86693937007874
21
-4.2149519685039367
0
LINE
8
BLACK
6
CONTINUOUS
10
3.86693937007874
20
-4.2149519685039367
11
3.86693937007874
21
-4.179518897637795
0
LINE
8
BLACK
6
CONTINUOUS
10
3.86693937007874
20
-4.179518897637795
11
3.8676885826771654
21
-4.1757523228346454
0
LINE
8
BLACK
6
CONTINUOUS
10
3.8676885826771654
20
-4.1757523228346454
11
3.8698221653543308
21
-4.172559173228346
0
LINE
8
BLACK
6
CONTINUOUS
10
3.8698221653543308
20
-4.172559173228346
11
3.8730153149606297
21
-4.1704255905511811
0
LINE
8
BLACK
6
CONTINUOUS
10
3.8730153149606297
20
-4.1704255905511811
11
3.8767818897637794
21
-4.1696763779527561
0
LINE
8
BLACK
6
CONTINUOUS
10
3.8767818897637794
20
-4.1696763779527561
11
3.8974511811023622
21
-4.1696763779527561
0
LINE
8
BLACK
6
CONTINUOUS
10
3.8974511811023622
20
-4.1696763779527561
11
3.9012177559055119
21
-4.1704255905511811
0
LINE
8
BLACK
6
CONTINUOUS
10
4.0029894094488192
20
-4.1704255905511811
11
4.0061825590551177
21
-4.172559173228346
0
LINE
8
BLACK
6
CONTINUOUS
10
4.0061825590551177
20
-4.172559173228346
11
4.0083161417322835
21
-4.1757523228346454
0
LINE
8
BLACK
6
CONTINUOUS
10
4.0083161417322835
20
-4.1757523228346454
11
4.0090653543307084
21
-4.179518897637795
0
LINE
8
BLACK
6
CONTINUOUS
10
4.0090653543307084
20
-4.179518897637795
11
4.0090653543307084
21
-4.2149519685039367
0
LINE
8
BLACK
6
CONTINUOUS
10
4.0090653543307084
20
-4.2149519685039367
11
4.0083161417322835
21
-4.2187185433070864
0
LINE
8
BLACK
6
CONTINUOUS
10
4.0083161417322835
20
-4.2187185433070864
11
4.0061825590551177
21
-4.2219116929133857
0
LINE
8
BLACK
6
CONTINUOUS
10
4.0061825590551177
20
-4.2219116929133857
11
4.0029894094488192
21
-4.2240452755905507
0
LINE
8
BLACK
6
CONTINUOUS
10
4.0029894094488192
20
-4.2240452755905507
11
3.9992228346456691
21
-4.2247944881889765
0
LINE
8
BLACK
6
CONTINUOUS
10
3.9992228346456691
20
-4.2247944881889765
11
3.9785535433070867
21
-4.2247944881889765
0
LINE
8
BLACK
6
CONTINUOUS
10
3.9785535433070867
20
-4.2247944881889765
11
3.974786968503937
21
-4.2240452755905507
0
LINE
8
BLACK
6
CONTINUOUS
10
3.974786968503937
20
-4.2240452755905507
11
3.9715938188976376
21
-4.2219116929133857
0
LINE
8
BLACK
6
CONTINUOUS
10
3.9715938188976376
20
-4.2219116929133857
11
3.9694602362204723
21
-4.2187185433070864
0
LINE
8
BLACK
6
CONTINUOUS
10
3.9694602362204723
20
-4.2187185433070864
11
3.9687110236220473
21
-4.2149519685039367
0
LINE
8
BLACK
6
CONTINUOUS
10
3.9687110236220473
20
-4.2149519685039367
11
3.9687110236220473
21
-4.179518897637795
0
LINE
8
BLACK
6
CONTINUOUS
10
3.9687110236220473
20
-4.179518897637795
11
3.9694602362204723
21
-4.1757523228346454
0
LINE
8
BLACK
6
CONTINUOUS
10
3.9694602362204723
20
-4.1757523228346454
11
3.9715938188976376
21
-4.172559173228346
0
LINE
8
BLACK
6
CONTINUOUS
10
3.9715938188976376
20
-4.172559173228346
11
3.974786968503937
21
-4.1704255905511811
0
LINE
8
BLACK
6
CONTINUOUS
10
3.974786968503937
20
-4.1704255905511811
11
3.9785535433070867
21
-4.1696763779527561
0
LINE
8
BLACK
6
CONTINUOUS
10
3.9785535433070867
20
-4.1696763779527561
11
3.9992228346456691
21
-4.1696763779527561
0
LINE
8
BLACK
6
CONTINUOUS
10
3.9992228346456691
20
-4.1696763779527561
11
4.0029894094488192
21
-4.1704255905511811
0
LINE
8
BLACK
6
CONTINUOUS
10
4.0748398031496063
20
-4.1704255905511811
11
4.0780329527559056
21
-4.172559173228346
0
LINE
8
BLACK
6
CONTINUOUS
10
4.0780329527559056
20
-4.172559173228346
11
4.0801665354330705
21
-4.1757523228346454
0
LINE
8
BLACK
6
CONTINUOUS
10
4.0801665354330705
20
-4.1757523228346454
11
4.0809157480314964
21
-4.179518897637795
0
LINE
8
BLACK
6
CONTINUOUS
10
4.0809157480314964
20
-4.179518897637795
11
4.0809157480314964
21
-4.2149519685039367
0
LINE
8
BLACK
6
CONTINUOUS
10
4.0809157480314964
20
-4.2149519685039367
11
4.0801665354330705
21
-4.2187185433070864
0
LINE
8
BLACK
6
CONTINUOUS
10
4.0801665354330705
20
-4.2187185433070864
11
4.0780329527559056
21
-4.2219116929133857
0
LINE
8
BLACK
6
CONTINUOUS
10
4.0780329527559056
20
-4.2219116929133857
11
4.0748398031496063
21
-4.2240452755905507
0
LINE
8
BLACK
6
CONTINUOUS
10
4.0748398031496063
20
-4.2240452755905507
11
4.0710732283464566
21
-4.2247944881889765
0
LINE
8
BLACK
6
CONTINUOUS
10
4.0710732283464566
20
-4.2247944881889765
11
4.0504039370078742
21
-4.2247944881889765
0
LINE
8
BLACK
6
CONTINUOUS
10
4.0504039370078742
20
-4.2247944881889765
11
4.0466373622047245
21
-4.2240452755905507
0
LINE
8
BLACK
6
CONTINUOUS
10
4.0466373622047245
20
-4.2240452755905507
11
4.0434442125984251
21
-4.2219116929133857
0
LINE
8
BLACK
6
CONTINUOUS
10
4.0434442125984251
20
-4.2219116929133857
11
4.0413106299212593
21
-4.2187185433070864
0
LINE
8
BLACK
6
CONTINUOUS
10
4.0413106299212593
20
-4.2187185433070864
11
4.0405614173228344
21
-4.2149519685039367
0
LINE
8
BLACK
6
CONTINUOUS
10
4.0405614173228344
20
-4.2149519685039367
11
4.0405614173228344
21
-4.179518897637795
0
LINE
8
BLACK
6
CONTINUOUS
10
4.0405614173228344
20
-4.179518897637795
11
4.0413106299212593
21
-4.1757523228346454
0
LINE
8
BLACK
6
CONTINUOUS
10
4.0413106299212593
20
-4.1757523228346454
11
4.0434442125984251
21
-4.172559173228346
0
LINE
8
BLACK
6
CONTINUOUS
10
4.0434442125984251
20
-4.172559173228346
11
4.0466373622047245
21
-4.1704255905511811
0
LINE
8
BLACK
6
CONTINUOUS
10
4.0466373622047245
20
-4.1704255905511811
11
4.0504039370078742
21
-4.1696763779527561
0
LINE
8
BLACK
6
CONTINUOUS
10
4.0504039370078742
20
-4.1696763779527561
11
4.0710732283464566
21
-4.1696763779527561
0
LINE
8
BLACK
6
CONTINUOUS
10
4.0710732283464566
20
-4.1696763779527561
11
4.0748398031496063
21
-4.1704255905511811
0
LINE
8
BLACK
6
CONTINUOUS
10
4.1766114566929131
20
-4.1704255905511811
11
4.1798046062992125
21
-4.172559173228346
0
LINE
8
BLACK
6
CONTINUOUS
10
4.1798046062992125
20
-4.172559173228346
11
4.1819381889763783
21
-4.1757523228346454
0
LINE
8
BLACK
6
CONTINUOUS
10
4.1819381889763783
20
-4.1757523228346454
11
4.1826874015748032
21
-4.179518897637795
0
LINE
8
BLACK
6
CONTINUOUS
10
4.1826874015748032
20
-4.179518897637795
11
4.1826874015748032
21
-4.2149519685039367
0
LINE
8
BLACK
6
CONTINUOUS
10
4.1826874015748032
20
-4.2149519685039367
11
4.1819381889763783
21
-4.2187185433070864
0
LINE
8
BLACK
6
CONTINUOUS
10
4.1819381889763783
20
-4.2187185433070864
11
4.1798046062992125
21
-4.2219116929133857
0
LINE
8
BLACK
6
CONTINUOUS
10
4.1798046062992125
20
-4.2219116929133857
11
4.1766114566929131
21
-4.2240452755905507
0
LINE
8
BLACK
6
CONTINUOUS
10
4.1766114566929131
20
-4.2240452755905507
11
4.1728448818897634
21
-4.2247944881889765
0
LINE
8
BLACK
6
CONTINUOUS
10
4.1728448818897634
20
-4.2247944881889765
11
4.152175590551181
21
-4.2247944881889765
0
LINE
8
BLACK
6
CONTINUOUS
10
4.152175590551181
20
-4.2247944881889765
11
4.1484090157480313
21
-4.2240452755905507
0
LINE
8
BLACK
6
CONTINUOUS
10
4.1484090157480313
20
-4.2240452755905507
11
4.145215866141732
21
-4.2219116929133857
0
LINE
8
BLACK
6
CONTINUOUS
10
4.145215866141732
20
-4.2219116929133857
11
4.1430822834645671
21
-4.2187185433070864
0
LINE
8
BLACK
6
CONTINUOUS
10
4.1430822834645671
20
-4.2187185433070864
11
4.1423330708661412
21
-4.2149519685039367
0
LINE
8
BLACK
6
CONTINUOUS
10
4.1423330708661412
20
-4.2149519685039367
11
4.1423330708661412
21
-4.179518897637795
0
LINE
8
BLACK
6
CONTINUOUS
10
4.1423330708661412
20
-4.179518897637795
11
4.1430822834645671
21
-4.1757523228346454
0
LINE
8
BLACK
6
CONTINUOUS
10
4.1430822834645671
20
-4.1757523228346454
11
4.145215866141732
21
-4.172559173228346
0
LINE
8
BLACK
6
CONTINUOUS
10
4.145215866141732
20
-4.172559173228346
11
4.1484090157480313
21
-4.1704255905511811
0
LINE
8
BLACK
6
CONTINUOUS
10
4.1484090157480313
20
-4.1704255905511811
11
4.152175590551181
21
-4.1696763779527561
0
LINE
8
BLACK
6
CONTINUOUS
10
4.152175590551181
20
-4.1696763779527561
11
4.1728448818897634
21
-4.1696763779527561
0
LINE
8
BLACK
6
CONTINUOUS
10
4.1728448818897634
20
-4.1696763779527561
11
4.1766114566929131
21
-4.1704255905511811
0
LINE
8
BLACK
6
CONTINUOUS
10
4.2484618503937011
20
-4.1704255905511811
11
4.2516549999999995
21
-4.172559173228346
0
LINE
8
BLACK
6
CONTINUOUS
10
4.2516549999999995
20
-4.172559173228346
11
4.2537885826771653
21
-4.1757523228346454
0
LINE
8
BLACK
6
CONTINUOUS
10
4.2537885826771653
20
-4.1757523228346454
11
4.2545377952755903
21
-4.179518897637795
0
LINE
8
BLACK
6
CONTINUOUS
10
4.2545377952755903
20
-4.179518897637795
11
4.2545377952755903
21
-4.2149519685039367
0
LINE
8
BLACK
6
CONTINUOUS
10
4.2545377952755903
20
-4.2149519685039367
11
4.2537885826771653
21
-4.2187185433070864
0
LINE
8
BLACK
6
CONTINUOUS
10
4.2537885826771653
20
-4.2187185433070864
11
4.2516549999999995
21
-4.2219116929133857
0
LINE
8
BLACK
6
CONTINUOUS
10
4.2516549999999995
20
-4.2219116929133857
11
4.2484618503937011
21
-4.2240452755905507
0
LINE
8
BLACK
6
CONTINUOUS
10
4.2484618503937011
20
-4.2240452755905507
11
4.2446952755905514
21
-4.2247944881889765
0
LINE
8
BLACK
6
CONTINUOUS
10
4.2446952755905514
20
-4.2247944881889765
11
4.2240259842519681
21
-4.2247944881889765
0
LINE
8
BLACK
6
CONTINUOUS
10
4.2240259842519681
20
-4.2247944881889765
11
4.2202594094488184
21
-4.2240452755905507
0
LINE
8
BLACK
6
CONTINUOUS
10
4.2202594094488184
20
-4.2240452755905507
11
4.2170662598425199
21
-4.2219116929133857
0
LINE
8
BLACK
6
CONTINUOUS
10
4.2170662598425199
20
-4.2219116929133857
11
4.2149326771653541
21
-4.2187185433070864
0
LINE
8
BLACK
6
CONTINUOUS
10
4.2149326771653541
20
-4.2187185433070864
11
4.2141834645669292
21
-4.2149519685039367
0
LINE
8
BLACK
6
CONTINUOUS
10
4.2141834645669292
20
-4.2149519685039367
11
4.2141834645669292
21
-4.179518897637795
0
LINE
8
BLACK
6
CONTINUOUS
10
4.2141834645669292
20
-4.179518897637795
11
4.2149326771653541
21
-4.1757523228346454
0
LINE
8
BLACK
6
CONTINUOUS
10
4.2149326771653541
20
-4.1757523228346454
11
4.2170662598425199
21
-4.172559173228346
0
LINE
8
BLACK
6
CONTINUOUS
10
4.2170662598425199
20
-4.172559173228346
11
4.2202594094488184
21
-4.1704255905511811
0
LINE
8
BLACK
6
CONTINUOUS
10
4.2202594094488184
20
-4.1704255905511811
11
4.2240259842519681
21
-4.1696763779527561
0
LINE
8
BLACK
6
CONTINUOUS
10
4.2240259842519681
20
-4.1696763779527561
11
4.2446952755905514
21
-4.1696763779527561
0
LINE
8
BLACK
6
CONTINUOUS
10
4.2446952755905514
20
-4.1696763779527561
11
4.2484618503937011
21
-4.1704255905511811
0
LINE
8
BLACK
6
CONTINUOUS
10
4.3502335039370079
20
-4.1704255905511811
11
4.3534266535433073
21
-4.172559173228346
0
LINE
8
BLACK
6
CONTINUOUS
10
4.3534266535433073
20
-4.172559173228346
11
4.3555602362204722
21
-4.1757523228346454
0
LINE
8
BLACK
6
CONTINUOUS
10
4.3555602362204722
20
-4.1757523228346454
11
4.3563094488188971
21
-4.179518897637795
0
LINE
8
BLACK
6
CONTINUOUS
10
4.3563094488188971
20
-4.179518897637795
11
4.3563094488188971
21
-4.2149519685039367
0
LINE
8
BLACK
6
CONTINUOUS
10
4.3563094488188971
20
-4.2149519685039367
11
4.3555602362204722
21
-4.2187185433070864
0
LINE
8
BLACK
6
CONTINUOUS
10
4.3555602362204722
20
-4.2187185433070864
11
4.3534266535433073
21
-4.2219116929133857
0
LINE
8
BLACK
6
CONTINUOUS
10
4.3534266535433073
20
-4.2219116929133857
11
4.3502335039370079
21
-4.2240452755905507
0
LINE
8
BLACK
6
CONTINUOUS
10
4.3502335039370079
20
-4.2240452755905507
11
4.3464669291338582
21
-4.2247944881889765
0
LINE
8
BLACK
6
CONTINUOUS
10
4.3464669291338582
20
-4.2247944881889765
11
4.3257976377952758
21
-4.2247944881889765
0
LINE
8
BLACK
6
CONTINUOUS
10
4.3257976377952758
20
-4.2247944881889765
11
4.3220310629921261
21
-4.2240452755905507
0
LINE
8
BLACK
6
CONTINUOUS
10
4.3220310629921261
20
-4.2240452755905507
11
4.3188379133858268
21
-4.2219116929133857
0
LINE
8
BLACK
6
CONTINUOUS
10
4.3188379133858268
20
-4.2219116929133857
11
4.316704330708661
21
-4.2187185433070864
0
LINE
8
BLACK
6
CONTINUOUS
10
4.316704330708661
20
-4.2187185433070864
11
4.315955118110236
21
-4.2149519685039367
0
LINE
8
BLACK
6
CONTINUOUS
10
4.315955118110236
20
-4.2149519685039367
11
4.315955118110236
21
-4.179518897637795
0
LINE
8
BLACK
6
CONTINUOUS
10
4.315955118110236
20
-4.179518897637795
11
4.316704330708661
21
-4.1757523228346454
0
LINE
8
BLACK
6
CONTINUOUS
10
4.316704330708661
20
-4.1757523228346454
11
4.3188379133858268
21
-4.172559173228346
0
LINE
8
BLACK
6
CONTINUOUS
10
4.3188379133858268
20
-4.172559173228346
11
4.3220310629921261
21
-4.1704255905511811
0
LINE
8
BLACK
6
CONTINUOUS
10
4.3220310629921261
20
-4.1704255905511811
11
4.3257976377952758
21
-4.1696763779527561
0
LINE
8
BLACK
6
CONTINUOUS
10
4.3257976377952758
20
-4.1696763779527561
11
4.3464669291338582
21
-4.1696763779527561
0
LINE
8
BLACK
6
CONTINUOUS
10
4.3464669291338582
20
-4.1696763779527561
11
4.3502335039370079
21
-4.1704255905511811
0
LINE
8
BLACK
6
CONTINUOUS
10
4.422083897637795
20
-4.1704255905511811
11
4.4252770472440943
21
-4.172559173228346
0
LINE
8
BLACK
6
CONTINUOUS
10
4.4252770472440943
20
-4.172559173228346
11
4.4274106299212601
21
-4.1757523228346454
0
LINE
8
BLACK
6
CONTINUOUS
10
4.4274106299212601
20
-4.1757523228346454
11
4.4281598425196851
21
-4.179518897637795
0
LINE
8
BLACK
6
CONTINUOUS
10
4.4281598425196851
20
-4.179518897637795
11
4.4281598425196851
21
-4.2149519685039367
0
LINE
8
BLACK
6
CONTINUOUS
10
4.4281598425196851
20
-4.2149519685039367
11
4.4274106299212601
21
-4.2187185433070864
0
LINE
8
BLACK
6
CONTINUOUS
10
4.4274106299212601
20
-4.2187185433070864
11
4.4252770472440943
21
-4.2219116929133857
0
LINE
8
BLACK
6
CONTINUOUS
10
4.4252770472440943
20
-4.2219116929133857
11
4.422083897637795
21
-4.2240452755905507
0
LINE
8
BLACK
6
CONTINUOUS
10
4.422083897637795
20
-4.2240452755905507
11
4.4183173228346453
21
-4.2247944881889765
0
LINE
8
BLACK
6
CONTINUOUS
10
4.4183173228346453
20
-4.2247944881889765
11
4.3976480314960629
21
-4.2247944881889765
0
LINE
8
BLACK
6
CONTINUOUS
10
4.3976480314960629
20
-4.2247944881889765
11
4.3938814566929132
21
-4.2240452755905507
0
LINE
8
BLACK
6
CONTINUOUS
10
4.3938814566929132
20
-4.2240452755905507
11
4.3906883070866138
21
-4.2219116929133857
0
LINE
8
BLACK
6
CONTINUOUS
10
4.3906883070866138
20
-4.2219116929133857
11
4.3885547244094489
21
-4.2187185433070864
0
LINE
8
BLACK
6
CONTINUOUS
10
4.3885547244094489
20
-4.2187185433070864
11
4.387805511811024
21
-4.2149519685039367
0
LINE
8
BLACK
6
CONTINUOUS
10
4.387805511811024
20
-4.2149519685039367
11
4.387805511811024
21
-4.179518897637795
0
LINE
8
BLACK
6
CONTINUOUS
10
4.387805511811024
20
-4.179518897637795
11
4.3885547244094489
21
-4.1757523228346454
0
LINE
8
BLACK
6
CONTINUOUS
10
4.3885547244094489
20
-4.1757523228346454
11
4.3906883070866138
21
-4.172559173228346
0
LINE
8
BLACK
6
CONTINUOUS
10
4.3906883070866138
20
-4.172559173228346
11
4.3938814566929132
21
-4.1704255905511811
0
LINE
8
BLACK
6
CONTINUOUS
10
4.3938814566929132
20
-4.1704255905511811
11
4.3976480314960629
21
-4.1696763779527561
0
LINE
8
BLACK
6
CONTINUOUS
10
4.3976480314960629
20
-4.1696763779527561
11
4.4183173228346453
21
-4.1696763779527561
0
LINE
8
BLACK
6
CONTINUOUS
10
4.4183173228346453
20
-4.1696763779527561
11
4.422083897637795
21
-4.1704255905511811
0
LINE
8
BLACK
6
CONTINUOUS
10
4.5238555511811018
20
-4.1704255905511811
11
4.5270487007874012
21
-4.172559173228346
0
LINE
8
BLACK
6
CONTINUOUS
10
4.5270487007874012
20
-4.172559173228346
11
4.529182283464567
21
-4.1757523228346454
0
LINE
8
BLACK
6
CONTINUOUS
10
4.529182283464567
20
-4.1757523228346454
11
4.5299314960629919
21
-4.179518897637795
0
LINE
8
BLACK
6
CONTINUOUS
10
4.5299314960629919
20
-4.179518897637795
11
4.5299314960629919
21
-4.2149519685039367
0
LINE
8
BLACK
6
CONTINUOUS
10
4.5299314960629919
20
-4.2149519685039367
11
4.529182283464567
21
-4.2187185433070864
0
LINE
8
BLACK
6
CONTINUOUS
10
4.529182283464567
20
-4.2187185433070864
11
4.5270487007874012
21
-4.2219116929133857
0
LINE
8
BLACK
6
CONTINUOUS
10
4.5270487007874012
20
-4.2219116929133857
11
4.5238555511811018
21
-4.2240452755905507
0
LINE
8
BLACK
6
CONTINUOUS
10
4.5238555511811018
20
-4.2240452755905507
11
4.520088976377953
21
-4.2247944881889765
0
LINE
8
BLACK
6
CONTINUOUS
10
4.520088976377953
20
-4.2247944881889765
11
4.4994196850393697
21
-4.2247944881889765
0
LINE
8
BLACK
6
CONTINUOUS
10
4.4994196850393697
20
-4.2247944881889765
11
4.4956531102362201
21
-4.2240452755905507
0
LINE
8
BLACK
6
CONTINUOUS
10
4.4956531102362201
20
-4.2240452755905507
11
4.4924599606299216
21
-4.2219116929133857
0
LINE
8
BLACK
6
CONTINUOUS
10
4.4924599606299216
20
-4.2219116929133857
11
4.4903263779527558
21
-4.2187185433070864
0
LINE
8
BLACK
6
CONTINUOUS
10
4.4903263779527558
20
-4.2187185433070864
11
4.4895771653543308
21
-4.2149519685039367
0
LINE
8
BLACK
6
CONTINUOUS
10
4.4895771653543308
20
-4.2149519685039367
11
4.4895771653543308
21
-4.179518897637795
0
LINE
8
BLACK
6
CONTINUOUS
10
4.4895771653543308
20
-4.179518897637795
11
4.4903263779527558
21
-4.1757523228346454
0
LINE
8
BLACK
6
CONTINUOUS
10
4.4903263779527558
20
-4.1757523228346454
11
4.4924599606299216
21
-4.172559173228346
0
LINE
8
BLACK
6
CONTINUOUS
10
4.4924599606299216
20
-4.172559173228346
11
4.4956531102362201
21
-4.1704255905511811
0
LINE
8
BLACK
6
CONTINUOUS
10
4.4956531102362201
20
-4.1704255905511811
11
4.4994196850393697
21
-4.1696763779527561
0
LINE
8
BLACK
6
CONTINUOUS
10
4.4994196850393697
20
-4.1696763779527561
11
4.520088976377953
21
-4.1696763779527561
0
LINE
8
BLACK
6
CONTINUOUS
10
4.520088976377953
20
-4.1696763779527561
11
4.5238555511811018
21
-4.1704255905511811
0
LINE
8
BLACK
6
CONTINUOUS
10
4.5957059448818898
20
-4.1704255905511811
11
4.5988990944881891
21
-4.172559173228346
0
LINE
8
BLACK
6
CONTINUOUS
10
4.5988990944881891
20
-4.172559173228346
11
4.601032677165354
21
-4.1757523228346454
0
LINE
8
BLACK
6
CONTINUOUS
10
4.601032677165354
20
-4.1757523228346454
11
4.601781889763779
21
-4.179518897637795
0
LINE
8
BLACK
6
CONTINUOUS
10
4.601781889763779
20
-4.179518897637795
11
4.601781889763779
21
-4.2149519685039367
0
LINE
8
BLACK
6
CONTINUOUS
10
4.601781889763779
20
-4.2149519685039367
11
4.601032677165354
21
-4.2187185433070864
0
LINE
8
BLACK
6
CONTINUOUS
10
4.601032677165354
20
-4.2187185433070864
11
4.5988990944881891
21
-4.2219116929133857
0
LINE
8
BLACK
6
CONTINUOUS
10
4.5988990944881891
20
-4.2219116929133857
11
4.5957059448818898
21
-4.2240452755905507
0
LINE
8
BLACK
6
CONTINUOUS
10
4.5957059448818898
20
-4.2240452755905507
11
4.5919393700787401
21
-4.2247944881889765
0
LINE
8
BLACK
6
CONTINUOUS
10
4.5919393700787401
20
-4.2247944881889765
11
4.5712700787401577
21
-4.2247944881889765
0
LINE
8
BLACK
6
CONTINUOUS
10
4.5712700787401577
20
-4.2247944881889765
11
4.567503503937008
21
-4.2240452755905507
0
LINE
8
BLACK
6
CONTINUOUS
10
4.567503503937008
20
-4.2240452755905507
11
4.5643103543307086
21
-4.2219116929133857
0
LINE
8
BLACK
6
CONTINUOUS
10
4.5643103543307086
20
-4.2219116929133857
11
4.5621767716535429
21
-4.2187185433070864
0
LINE
8
BLACK
6
CONTINUOUS
10
4.5621767716535429
20
-4.2187185433070864
11
4.5614275590551179
21
-4.2149519685039367
0
LINE
8
BLACK
6
CONTINUOUS
10
4.5614275590551179
20
-4.2149519685039367
11
4.5614275590551179
21
-4.179518897637795
0
LINE
8
BLACK
6
CONTINUOUS
10
4.5614275590551179
20
-4.179518897637795
11
4.5621767716535429
21
-4.1757523228346454
0
LINE
8
BLACK
6
CONTINUOUS
10
4.5621767716535429
20
-4.1757523228346454
11
4.5643103543307086
21
-4.172559173228346
0
LINE
8
BLACK
6
CONTINUOUS
10
4.5643103543307086
20
-4.172559173228346
11
4.567503503937008
21
-4.1704255905511811
0
LINE
8
BLACK
6
CONTINUOUS
10
4.567503503937008
20
-4.1704255905511811
11
4.5712700787401577
21
-4.1696763779527561
0
LINE
8
BLACK
6
CONTINUOUS
10
4.5712700787401577
20
-4.1696763779527561
11
4.5919393700787401
21
-4.1696763779527561
0
LINE
8
BLACK
6
CONTINUOUS
10
4.5919393700787401
20
-4.1696763779527561
11
4.5957059448818898
21
-4.1704255905511811
0
LINE
8
BLACK
6
CONTINUOUS
10
6.387309566929134
20
-4.1996534645669295
11
6.389225433070866
21
-4.200933622047244
0
LINE
8
BLACK
6
CONTINUOUS
10
6.389225433070866
20
-4.200933622047244
11
6.3905055905511814
21
-4.202849488188976
0
LINE
8
BLACK
6
CONTINUOUS
10
6.3905055905511814
20
-4.202849488188976
11
6.3909551181102362
21
-4.2051094488188978
0
LINE
8
BLACK
6
CONTINUOUS
10
6.3909551181102362
20
-4.2051094488188978
11
6.3909551181102362
21
-4.216920472440945
0
LINE
8
BLACK
6
CONTINUOUS
10
6.3909551181102362
20
-4.216920472440945
11
6.3905055905511814
21
-4.219180433070866
0
LINE
8
BLACK
6
CONTINUOUS
10
6.3905055905511814
20
-4.219180433070866
11
6.389225433070866
21
-4.221096299212598
0
LINE
8
BLACK
6
CONTINUOUS
10
6.389225433070866
20
-4.221096299212598
11
6.387309566929134
21
-4.2223764566929134
0
LINE
8
BLACK
6
CONTINUOUS
10
6.387309566929134
20
-4.2223764566929134
11
6.3850496062992121
21
-4.2228259842519682
0
LINE
8
BLACK
6
CONTINUOUS
10
6.3850496062992121
20
-4.2228259842519682
11
6.3387897637795279
21
-4.2228259842519682
0
LINE
8
BLACK
6
CONTINUOUS
10
6.3387897637795279
20
-4.2228259842519682
11
6.336529803149606
21
-4.2223764566929134
0
LINE
8
BLACK
6
CONTINUOUS
10
6.336529803149606
20
-4.2223764566929134
11
6.334613937007874
21
-4.221096299212598
0
LINE
8
BLACK
6
CONTINUOUS
10
6.334613937007874
20
-4.221096299212598
11
6.3333337795275586
21
-4.219180433070866
0
LINE
8
BLACK
6
CONTINUOUS
10
6.3333337795275586
20
-4.219180433070866
11
6.3328842519685038
21
-4.216920472440945
0
LINE
8
BLACK
6
CONTINUOUS
10
6.3328842519685038
20
-4.216920472440945
11
6.3328842519685038
21
-4.2051094488188978
0
LINE
8
BLACK
6
CONTINUOUS
10
6.3328842519685038
20
-4.2051094488188978
11
6.3333337795275586
21
-4.202849488188976
0
LINE
8
BLACK
6
CONTINUOUS
10
6.3333337795275586
20
-4.202849488188976
11
6.334613937007874
21
-4.200933622047244
0
LINE
8
BLACK
6
CONTINUOUS
10
6.334613937007874
20
-4.200933622047244
11
6.336529803149606
21
-4.1996534645669295
0
LINE
8
BLACK
6
CONTINUOUS
10
6.336529803149606
20
-4.1996534645669295
11
6.3387897637795279
21
-4.1992039370078738
0
LINE
8
BLACK
6
CONTINUOUS
10
6.3387897637795279
20
-4.1992039370078738
11
6.3850496062992121
21
-4.1992039370078738
0
LINE
8
BLACK
6
CONTINUOUS
10
6.3850496062992121
20
-4.1992039370078738
11
6.387309566929134
21
-4.1996534645669295
0
LINE
8
BLACK
6
CONTINUOUS
10
5.5557188976377949
20
-4.2041251968503932
11
5.5202858267716532
21
-4.2041251968503932
0
LINE
8
BLACK
6
CONTINUOUS
10
5.5202858267716532
20
-4.2041251968503932
11
5.5202858267716532
21
-4.1647551181102358
0
LINE
8
BLACK
6
CONTINUOUS
10
5.5202858267716532
20
-4.1647551181102358
11
5.5557188976377949
21
-4.1647551181102358
0
LINE
8
BLACK
6
CONTINUOUS
10
5.5557188976377949
20
-4.1647551181102358
11
5.5557188976377949
21
-4.2041251968503932
0
LINE
8
BLACK
6
CONTINUOUS
10
5.6187110236220468
20
-4.2041251968503932
11
5.5832779527559051
21
-4.2041251968503932
0
LINE
8
BLACK
6
CONTINUOUS
10
5.5832779527559051
20
-4.2041251968503932
11
5.5832779527559051
21
-4.1647551181102358
0
LINE
8
BLACK
6
CONTINUOUS
10
5.5832779527559051
20
-4.1647551181102358
11
5.6187110236220468
21
-4.1647551181102358
0
LINE
8
BLACK
6
CONTINUOUS
10
5.6187110236220468
20
-4.1647551181102358
11
5.6187110236220468
21
-4.2041251968503932
0
LINE
8
BLACK
6
CONTINUOUS
10
5.6935141732283467
20
-4.2041251968503932
11
5.6580811023622042
21
-4.2041251968503932
0
LINE
8
BLACK
6
CONTINUOUS
10
5.6580811023622042
20
-4.2041251968503932
11
5.6580811023622042
21
-4.1647551181102358
0
LINE
8
BLACK
6
CONTINUOUS
10
5.6580811023622042
20
-4.1647551181102358
11
5.6935141732283467
21
-4.1647551181102358
0
LINE
8
BLACK
6
CONTINUOUS
10
5.6935141732283467
20
-4.1647551181102358
11
5.6935141732283467
21
-4.2041251968503932
0
LINE
8
BLACK
6
CONTINUOUS
10
5.7565062992125986
20
-4.2041251968503932
11
5.7210732283464569
21
-4.2041251968503932
0
LINE
8
BLACK
6
CONTINUOUS
10
5.7210732283464569
20
-4.2041251968503932
11
5.7210732283464569
21
-4.1647551181102358
0
LINE
8
BLACK
6
CONTINUOUS
10
5.7210732283464569
20
-4.1647551181102358
11
5.7565062992125986
21
-4.1647551181102358
0
LINE
8
BLACK
6
CONTINUOUS
10
5.7565062992125986
20
-4.1647551181102358
11
5.7565062992125986
21
-4.2041251968503932
0
LINE
8
BLACK
6
CONTINUOUS
10
5.2371127165354325
20
-4.1799684251968499
11
5.2390285826771654
21
-4.1812485826771653
0
LINE
8
BLACK
6
CONTINUOUS
10
5.2390285826771654
20
-4.1812485826771653
11
5.2403087401574799
21
-4.1831644488188973
0
LINE
8
BLACK
6
CONTINUOUS
10
5.2403087401574799
20
-4.1831644488188973
11
5.2407582677165356
21
-4.1854244094488191
0
LINE
8
BLACK
6
CONTINUOUS
10
5.2407582677165356
20
-4.1854244094488191
11
5.2407582677165356
21
-4.1972354330708663
0
LINE
8
BLACK
6
CONTINUOUS
10
5.2407582677165356
20
-4.1972354330708663
11
5.2403087401574799
21
-4.1994953937007873
0
LINE
8
BLACK
6
CONTINUOUS
10
5.2403087401574799
20
-4.1994953937007873
11
5.2390285826771654
21
-4.2014112598425193
0
LINE
8
BLACK
6
CONTINUOUS
10
5.2390285826771654
20
-4.2014112598425193
11
5.2371127165354325
21
-4.2026914173228347
0
LINE
8
BLACK
6
CONTINUOUS
10
5.2371127165354325
20
-4.2026914173228347
11
5.2348527559055116
21
-4.2031409448818895
0
LINE
8
BLACK
6
CONTINUOUS
10
5.2348527559055116
20
-4.2031409448818895
11
5.1944984251968505
21
-4.2031409448818895
0
LINE
8
BLACK
6
CONTINUOUS
10
5.1944984251968505
20
-4.2031409448818895
11
5.1922384645669286
21
-4.2026914173228347
0
LINE
8
BLACK
6
CONTINUOUS
10
5.1922384645669286
20
-4.2026914173228347
11
5.1903225984251966
21
-4.2014112598425193
0
LINE
8
BLACK
6
CONTINUOUS
10
5.1903225984251966
20
-4.2014112598425193
11
5.1890424409448821
21
-4.1994953937007873
0
LINE
8
BLACK
6
CONTINUOUS
10
5.1890424409448821
20
-4.1994953937007873
11
5.1885929133858264
21
-4.1972354330708663
0
LINE
8
BLACK
6
CONTINUOUS
10
5.1885929133858264
20
-4.1972354330708663
11
5.1885929133858264
21
-4.1854244094488191
0
LINE
8
BLACK
6
CONTINUOUS
10
5.1885929133858264
20
-4.1854244094488191
11
5.1890424409448821
21
-4.1831644488188973
0
LINE
8
BLACK
6
CONTINUOUS
10
5.1890424409448821
20
-4.1831644488188973
11
5.1903225984251966
21
-4.1812485826771653
0
LINE
8
BLACK
6
CONTINUOUS
10
5.1903225984251966
20
-4.1812485826771653
11
5.1922384645669286
21
-4.1799684251968499
0
LINE
8
BLACK
6
CONTINUOUS
10
5.1922384645669286
20
-4.1799684251968499
11
5.1944984251968505
21
-4.179518897637795
0
LINE
8
BLACK
6
CONTINUOUS
10
5.1944984251968505
20
-4.179518897637795
11
5.2348527559055116
21
-4.179518897637795
0
LINE
8
BLACK
6
CONTINUOUS
10
5.2348527559055116
20
-4.179518897637795
11
5.2371127165354325
21
-4.1799684251968499
0
LINE
8
BLACK
6
CONTINUOUS
10
6.4611284645669294
20
-4.1622518897637795
11
6.4630443307086614
21
-4.163532047244094
0
LINE
8
BLACK
6
CONTINUOUS
10
6.4630443307086614
20
-4.163532047244094
11
6.4643244881889759
21
-4.1654479133858269
0
LINE
8
BLACK
6
CONTINUOUS
10
6.4643244881889759
20
-4.1654479133858269
11
6.4647740157480316
21
-4.1677078740157478
0
LINE
8
BLACK
6
CONTINUOUS
10
6.4647740157480316
20
-4.1677078740157478
11
6.4647740157480316
21
-4.179518897637795
0
LINE
8
BLACK
6
CONTINUOUS
10
6.4647740157480316
20
-4.179518897637795
11
6.4643244881889759
21
-4.181778858267716
0
LINE
8
BLACK
6
CONTINUOUS
10
6.4643244881889759
20
-4.181778858267716
11
6.4630443307086614
21
-4.1836947244094489
0
LINE
8
BLACK
6
CONTINUOUS
10
6.4630443307086614
20
-4.1836947244094489
11
6.4611284645669294
21
-4.1849748818897634
0
LINE
8
BLACK
6
CONTINUOUS
10
6.4611284645669294
20
-4.1849748818897634
11
6.4588685039370075
21
-4.1854244094488191
0
LINE
8
BLACK
6
CONTINUOUS
10
6.4588685039370075
20
-4.1854244094488191
11
6.4126086614173223
21
-4.1854244094488191
0
LINE
8
BLACK
6
CONTINUOUS
10
6.4126086614173223
20
-4.1854244094488191
11
6.4103487007874014
21
-4.1849748818897634
0
LINE
8
BLACK
6
CONTINUOUS
10
6.4103487007874014
20
-4.1849748818897634
11
6.4084328346456694
21
-4.1836947244094489
0
LINE
8
BLACK
6
CONTINUOUS
10
6.4084328346456694
20
-4.1836947244094489
11
6.407152677165354
21
-4.181778858267716
0
LINE
8
BLACK
6
CONTINUOUS
10
6.407152677165354
20
-4.181778858267716
11
6.4067031496062992
21
-4.179518897637795
0
LINE
8
BLACK
6
CONTINUOUS
10
6.4067031496062992
20
-4.179518897637795
11
6.4067031496062992
21
-4.1677078740157478
0
LINE
8
BLACK
6
CONTINUOUS
10
6.4067031496062992
20
-4.1677078740157478
11
6.407152677165354
21
-4.1654479133858269
0
LINE
8
BLACK
6
CONTINUOUS
10
6.407152677165354
20
-4.1654479133858269
11
6.4084328346456694
21
-4.163532047244094
0
LINE
8
BLACK
6
CONTINUOUS
10
6.4084328346456694
20
-4.163532047244094
11
6.4103487007874014
21
-4.1622518897637795
0
LINE
8
BLACK
6
CONTINUOUS
10
6.4103487007874014
20
-4.1622518897637795
11
6.4126086614173223
21
-4.1618023622047247
0
LINE
8
BLACK
6
CONTINUOUS
10
6.4126086614173223
20
-4.1618023622047247
11
6.4588685039370075
21
-4.1618023622047247
0
LINE
8
BLACK
6
CONTINUOUS
10
6.4588685039370075
20
-4.1618023622047247
11
6.4611284645669294
21
-4.1622518897637795
0
LINE
8
BLACK
6
CONTINUOUS
10
6.5643803149606299
20
-4.164944251968504
11
6.5663005118110238
21
-4.164944251968504
0
LINE
8
BLACK
6
CONTINUOUS
10
6.5663005118110238
20
-4.164944251968504
11
6.5698485433070868
21
-4.1664138976377956
0
LINE
8
BLACK
6
CONTINUOUS
10
6.5698485433070868
20
-4.1664138976377956
11
6.5725640551181099
21
-4.1691294094488187
0
LINE
8
BLACK
6
CONTINUOUS
10
6.5725640551181099
20
-4.1691294094488187
11
6.5740337007874015
21
-4.1726774409448817
0
LINE
8
BLACK
6
CONTINUOUS
10
6.5740337007874015
20
-4.1726774409448817
11
6.5740337007874015
21
-4.1765178346456695
0
LINE
8
BLACK
6
CONTINUOUS
10
6.5740337007874015
20
-4.1765178346456695
11
6.5725640551181099
21
-4.1800658661417325
0
LINE
8
BLACK
6
CONTINUOUS
10
6.5725640551181099
20
-4.1800658661417325
11
6.5698485433070868
21
-4.1827813779527556
0
LINE
8
BLACK
6
CONTINUOUS
10
6.5698485433070868
20
-4.1827813779527556
11
6.5663005118110238
21
-4.1842510236220471
0
LINE
8
BLACK
6
CONTINUOUS
10
6.5663005118110238
20
-4.1842510236220471
11
6.5643803149606299
21
-4.1842510236220471
0
LINE
8
BLACK
6
CONTINUOUS
10
6.5643803149606299
20
-4.1842510236220471
11
6.5643803149606299
21
-4.1844401574803145
0
LINE
8
BLACK
6
CONTINUOUS
10
6.5643803149606299
20
-4.1844401574803145
11
6.5250102362204725
21
-4.1844401574803145
0
LINE
8
BLACK
6
CONTINUOUS
10
6.5250102362204725
20
-4.1844401574803145
11
6.5250102362204725
21
-4.1842510236220471
0
LINE
8
BLACK
6
CONTINUOUS
10
6.5250102362204725
20
-4.1842510236220471
11
6.5230900393700786
21
-4.1842510236220471
0
LINE
8
BLACK
6
CONTINUOUS
10
6.5230900393700786
20
-4.1842510236220471
11
6.5195420078740156
21
-4.1827813779527556
0
LINE
8
BLACK
6
CONTINUOUS
10
6.5195420078740156
20
-4.1827813779527556
11
6.5168264960629916
21
-4.1800658661417325
0
LINE
8
BLACK
6
CONTINUOUS
10
6.5168264960629916
20
-4.1800658661417325
11
6.5153568503937009
21
-4.1765178346456695
0
LINE
8
BLACK
6
CONTINUOUS
10
6.5153568503937009
20
-4.1765178346456695
11
6.5153568503937009
21
-4.1726774409448817
0
LINE
8
BLACK
6
CONTINUOUS
10
6.5153568503937009
20
-4.1726774409448817
11
6.5168264960629916
21
-4.1691294094488187
0
LINE
8
BLACK
6
CONTINUOUS
10
6.5168264960629916
20
-4.1691294094488187
11
6.5195420078740156
21
-4.1664138976377956
0
LINE
8
BLACK
6
CONTINUOUS
10
6.5195420078740156
20
-4.1664138976377956
11
6.5230900393700786
21
-4.164944251968504
0
LINE
8
BLACK
6
CONTINUOUS
10
6.5230900393700786
20
-4.164944251968504
11
6.5250102362204725
21
-4.164944251968504
0
LINE
8
BLACK
6
CONTINUOUS
10
6.5250102362204725
20
-4.164944251968504
11
6.5250102362204725
21
-4.1647551181102358
0
LINE
8
BLACK
6
CONTINUOUS
10
6.5250102362204725
20
-4.1647551181102358
11
6.5643803149606299
21
-4.1647551181102358
0
LINE
8
BLACK
6
CONTINUOUS
10
6.5643803149606299
20
-4.1647551181102358
11
6.5643803149606299
21
-4.164944251968504
0
LINE
8
BLACK
6
CONTINUOUS
10
6.387309566929134
20
-4.1248503149606295
11
6.389225433070866
21
-4.1261304724409449
0
LINE
8
BLACK
6
CONTINUOUS
10
6.389225433070866
20
-4.1261304724409449
11
6.3905055905511814
21
-4.1280463385826769
0
LINE
8
BLACK
6
CONTINUOUS
10
6.3905055905511814
20
-4.1280463385826769
11
6.3909551181102362
21
-4.1303062992125987
0
LINE
8
BLACK
6
CONTINUOUS
10
6.3909551181102362
20
-4.1303062992125987
11
6.3909551181102362
21
-4.142117322834646
0
LINE
8
BLACK
6
CONTINUOUS
10
6.3909551181102362
20
-4.142117322834646
11
6.3905055905511814
21
-4.1443772834645669
0
LINE
8
BLACK
6
CONTINUOUS
10
6.3905055905511814
20
-4.1443772834645669
11
6.389225433070866
21
-4.1462931496062989
0
LINE
8
BLACK
6
CONTINUOUS
10
6.389225433070866
20
-4.1462931496062989
11
6.387309566929134
21
-4.1475733070866143
0
LINE
8
BLACK
6
CONTINUOUS
10
6.387309566929134
20
-4.1475733070866143
11
6.3850496062992121
21
-4.1480228346456691
0
LINE
8
BLACK
6
CONTINUOUS
10
6.3850496062992121
20
-4.1480228346456691
11
6.3387897637795279
21
-4.1480228346456691
0
LINE
8
BLACK
6
CONTINUOUS
10
6.3387897637795279
20
-4.1480228346456691
11
6.336529803149606
21
-4.1475733070866143
0
LINE
8
BLACK
6
CONTINUOUS
10
6.336529803149606
20
-4.1475733070866143
11
6.334613937007874
21
-4.1462931496062989
0
LINE
8
BLACK
6
CONTINUOUS
10
6.334613937007874
20
-4.1462931496062989
11
6.3333337795275586
21
-4.1443772834645669
0
LINE
8
BLACK
6
CONTINUOUS
10
6.3333337795275586
20
-4.1443772834645669
11
6.3328842519685038
21
-4.142117322834646
0
LINE
8
BLACK
6
CONTINUOUS
10
6.3328842519685038
20
-4.142117322834646
11
6.3328842519685038
21
-4.1303062992125987
0
LINE
8
BLACK
6
CONTINUOUS
10
6.3328842519685038
20
-4.1303062992125987
11
6.3333337795275586
21
-4.1280463385826769
0
LINE
8
BLACK
6
CONTINUOUS
10
6.3333337795275586
20
-4.1280463385826769
11
6.334613937007874
21
-4.1261304724409449
0
LINE
8
BLACK
6
CONTINUOUS
10
6.334613937007874
20
-4.1261304724409449
11
6.336529803149606
21
-4.1248503149606295
0
LINE
8
BLACK
6
CONTINUOUS
10
6.336529803149606
20
-4.1248503149606295
11
6.3387897637795279
21
-4.1244007874015747
0
LINE
8
BLACK
6
CONTINUOUS
10
6.3387897637795279
20
-4.1244007874015747
11
6.3850496062992121
21
-4.1244007874015747
0
LINE
8
BLACK
6
CONTINUOUS
10
6.3850496062992121
20
-4.1244007874015747
11
6.387309566929134
21
-4.1248503149606295
0
LINE
8
BLACK
6
CONTINUOUS
10
6.5643803149606299
20
-4.1058891338582679
11
6.5663005118110238
21
-4.1058891338582679
0
LINE
8
BLACK
6
CONTINUOUS
10
6.5663005118110238
20
-4.1058891338582679
11
6.5698485433070868
21
-4.1073587795275586
0
LINE
8
BLACK
6
CONTINUOUS
10
6.5698485433070868
20
-4.1073587795275586
11
6.5725640551181099
21
-4.1100742913385826
0
LINE
8
BLACK
6
CONTINUOUS
10
6.5725640551181099
20
-4.1100742913385826
11
6.5740337007874015
21
-4.1136223228346456
0
LINE
8
BLACK
6
CONTINUOUS
10
6.5740337007874015
20
-4.1136223228346456
11
6.5740337007874015
21
-4.1174627165354334
0
LINE
8
BLACK
6
CONTINUOUS
10
6.5740337007874015
20
-4.1174627165354334
11
6.5725640551181099
21
-4.1210107480314964
0
LINE
8
BLACK
6
CONTINUOUS
10
6.5725640551181099
20
-4.1210107480314964
11
6.5698485433070868
21
-4.1237262598425195
0
LINE
8
BLACK
6
CONTINUOUS
10
6.5698485433070868
20
-4.1237262598425195
11
6.5663005118110238
21
-4.125195905511811
0
LINE
8
BLACK
6
CONTINUOUS
10
6.5663005118110238
20
-4.125195905511811
11
6.5643803149606299
21
-4.125195905511811
0
LINE
8
BLACK
6
CONTINUOUS
10
6.5643803149606299
20
-4.125195905511811
11
6.5643803149606299
21
-4.1253850393700784
0
LINE
8
BLACK
6
CONTINUOUS
10
6.5643803149606299
20
-4.1253850393700784
11
6.5250102362204725
21
-4.1253850393700784
0
LINE
8
BLACK
6
CONTINUOUS
10
6.5250102362204725
20
-4.1253850393700784
11
6.5250102362204725
21
-4.125195905511811
0
LINE
8
BLACK
6
CONTINUOUS
10
6.5250102362204725
20
-4.125195905511811
11
6.5230900393700786
21
-4.125195905511811
0
LINE
8
BLACK
6
CONTINUOUS
10
6.5230900393700786
20
-4.125195905511811
11
6.5195420078740156
21
-4.1237262598425195
0
LINE
8
BLACK
6
CONTINUOUS
10
6.5195420078740156
20
-4.1237262598425195
11
6.5168264960629916
21
-4.1210107480314964
0
LINE
8
BLACK
6
CONTINUOUS
10
6.5168264960629916
20
-4.1210107480314964
11
6.5153568503937009
21
-4.1174627165354334
0
LINE
8
BLACK
6
CONTINUOUS
10
6.5153568503937009
20
-4.1174627165354334
11
6.5153568503937009
21
-4.1136223228346456
0
LINE
8
BLACK
6
CONTINUOUS
10
6.5153568503937009
20
-4.1136223228346456
11
6.5168264960629916
21
-4.1100742913385826
0
LINE
8
BLACK
6
CONTINUOUS
10
6.5168264960629916
20
-4.1100742913385826
11
6.5195420078740156
21
-4.1073587795275586
0
LINE
8
BLACK
6
CONTINUOUS
10
6.5195420078740156
20
-4.1073587795275586
11
6.5230900393700786
21
-4.1058891338582679
0
LINE
8
BLACK
6
CONTINUOUS
10
6.5230900393700786
20
-4.1058891338582679
11
6.5250102362204725
21
-4.1058891338582679
0
LINE
8
BLACK
6
CONTINUOUS
10
6.5250102362204725
20
-4.1058891338582679
11
6.5250102362204725
21
-4.1056999999999997
0
LINE
8
BLACK
6
CONTINUOUS
10
6.5250102362204725
20
-4.1056999999999997
11
6.5643803149606299
21
-4.1056999999999997
0
LINE
8
BLACK
6
CONTINUOUS
10
6.5643803149606299
20
-4.1056999999999997
11
6.5643803149606299
21
-4.1058891338582679
0
LINE
8
BLACK
6
CONTINUOUS
10
4.6962964960629918
20
-4.0592051181102358
11
4.6994896456692912
21
-4.0613387007874016
0
LINE
8
BLACK
6
CONTINUOUS
10
4.6994896456692912
20
-4.0613387007874016
11
4.701623228346457
21
-4.0645318503937009
0
LINE
8
BLACK
6
CONTINUOUS
10
4.701623228346457
20
-4.0645318503937009
11
4.7023724409448819
21
-4.0682984251968506
0
LINE
8
BLACK
6
CONTINUOUS
10
4.7023724409448819
20
-4.0682984251968506
11
4.7023724409448819
21
-4.1056999999999997
0
LINE
8
BLACK
6
CONTINUOUS
10
4.7023724409448819
20
-4.1056999999999997
11
4.701623228346457
21
-4.1094665748031494
0
LINE
8
BLACK
6
CONTINUOUS
10
4.701623228346457
20
-4.1094665748031494
11
4.6994896456692912
21
-4.1126597244094487
0
LINE
8
BLACK
6
CONTINUOUS
10
4.6994896456692912
20
-4.1126597244094487
11
4.6962964960629918
21
-4.1147933070866145
0
LINE
8
BLACK
6
CONTINUOUS
10
4.6962964960629918
20
-4.1147933070866145
11
4.6925299212598421
21
-4.1155425196850395
0
LINE
8
BLACK
6
CONTINUOUS
10
4.6925299212598421
20
-4.1155425196850395
11
4.6728448818897634
21
-4.1155425196850395
0
LINE
8
BLACK
6
CONTINUOUS
10
4.6728448818897634
20
-4.1155425196850395
11
4.6690783070866138
21
-4.1147933070866145
0
LINE
8
BLACK
6
CONTINUOUS
10
4.6690783070866138
20
-4.1147933070866145
11
4.6658851574803153
21
-4.1126597244094487
0
LINE
8
BLACK
6
CONTINUOUS
10
4.6658851574803153
20
-4.1126597244094487
11
4.6637515748031495
21
-4.1094665748031494
0
LINE
8
BLACK
6
CONTINUOUS
10
4.6637515748031495
20
-4.1094665748031494
11
4.6630023622047245
21
-4.1056999999999997
0
LINE
8
BLACK
6
CONTINUOUS
10
4.6630023622047245
20
-4.1056999999999997
11
4.6630023622047245
21
-4.0682984251968506
0
LINE
8
BLACK
6
CONTINUOUS
10
4.6630023622047245
20
-4.0682984251968506
11
4.6637515748031495
21
-4.0645318503937009
0
LINE
8
BLACK
6
CONTINUOUS
10
4.6637515748031495
20
-4.0645318503937009
11
4.6658851574803153
21
-4.0613387007874016
0
LINE
8
BLACK
6
CONTINUOUS
10
4.6658851574803153
20
-4.0613387007874016
11
4.6690783070866138
21
-4.0592051181102358
0
LINE
8
BLACK
6
CONTINUOUS
10
4.6690783070866138
20
-4.0592051181102358
11
4.6728448818897634
21
-4.0584559055118108
0
LINE
8
BLACK
6
CONTINUOUS
10
4.6728448818897634
20
-4.0584559055118108
11
4.6925299212598421
21
-4.0584559055118108
0
LINE
8
BLACK
6
CONTINUOUS
10
4.6925299212598421
20
-4.0584559055118108
11
4.6962964960629918
21
-4.0592051181102358
0
LINE
8
BLACK
6
CONTINUOUS
10
4.7710996456692909
20
-4.0592051181102358
11
4.7742927952755903
21
-4.0613387007874016
0
LINE
8
BLACK
6
CONTINUOUS
10
4.7742927952755903
20
-4.0613387007874016
11
4.776426377952756
21
-4.0645318503937009
0
LINE
8
BLACK
6
CONTINUOUS
10
4.776426377952756
20
-4.0645318503937009
11
4.777175590551181
21
-4.0682984251968506
0
LINE
8
BLACK
6
CONTINUOUS
10
4.777175590551181
20
-4.0682984251968506
11
4.777175590551181
21
-4.1056999999999997
0
LINE
8
BLACK
6
CONTINUOUS
10
4.777175590551181
20
-4.1056999999999997
11
4.776426377952756
21
-4.1094665748031494
0
LINE
8
BLACK
6
CONTINUOUS
10
4.776426377952756
20
-4.1094665748031494
11
4.7742927952755903
21
-4.1126597244094487
0
LINE
8
BLACK
6
CONTINUOUS
10
4.7742927952755903
20
-4.1126597244094487
11
4.7710996456692909
21
-4.1147933070866145
0
LINE
8
BLACK
6
CONTINUOUS
10
4.7710996456692909
20
-4.1147933070866145
11
4.7673330708661412
21
-4.1155425196850395
0
LINE
8
BLACK
6
CONTINUOUS
10
4.7673330708661412
20
-4.1155425196850395
11
4.7476480314960625
21
-4.1155425196850395
0
LINE
8
BLACK
6
CONTINUOUS
10
4.7476480314960625
20
-4.1155425196850395
11
4.7438814566929128
21
-4.1147933070866145
0
LINE
8
BLACK
6
CONTINUOUS
10
4.7438814566929128
20
-4.1147933070866145
11
4.7406883070866144
21
-4.1126597244094487
0
LINE
8
BLACK
6
CONTINUOUS
10
4.7406883070866144
20
-4.1126597244094487
11
4.7385547244094486
21
-4.1094665748031494
0
LINE
8
BLACK
6
CONTINUOUS
10
4.7385547244094486
20
-4.1094665748031494
11
4.7378055118110236
21
-4.1056999999999997
0
LINE
8
BLACK
6
CONTINUOUS
10
4.7378055118110236
20
-4.1056999999999997
11
4.7378055118110236
21
-4.0682984251968506
0
LINE
8
BLACK
6
CONTINUOUS
10
4.7378055118110236
20
-4.0682984251968506
11
4.7385547244094486
21
-4.0645318503937009
0
LINE
8
BLACK
6
CONTINUOUS
10
4.7385547244094486
20
-4.0645318503937009
11
4.7406883070866144
21
-4.0613387007874016
0
LINE
8
BLACK
6
CONTINUOUS
10
4.7406883070866144
20
-4.0613387007874016
11
4.7438814566929128
21
-4.0592051181102358
0
LINE
8
BLACK
6
CONTINUOUS
10
4.7438814566929128
20
-4.0592051181102358
11
4.7476480314960625
21
-4.0584559055118108
0
LINE
8
BLACK
6
CONTINUOUS
10
4.7476480314960625
20
-4.0584559055118108
11
4.7673330708661412
21
-4.0584559055118108
0
LINE
8
BLACK
6
CONTINUOUS
10
4.7673330708661412
20
-4.0584559055118108
11
4.7710996456692909
21
-4.0592051181102358
0
LINE
8
BLACK
6
CONTINUOUS
10
4.8714933464566927
20
-4.0592051181102358
11
4.8746864960629921
21
-4.0613387007874016
0
LINE
8
BLACK
6
CONTINUOUS
10
4.8746864960629921
20
-4.0613387007874016
11
4.876820078740157
21
-4.0645318503937009
0
LINE
8
BLACK
6
CONTINUOUS
10
4.876820078740157
20
-4.0645318503937009
11
4.8775692913385829
21
-4.0682984251968506
0
LINE
8
BLACK
6
CONTINUOUS
10
4.8775692913385829
20
-4.0682984251968506
11
4.8775692913385829
21
-4.1056999999999997
0
LINE
8
BLACK
6
CONTINUOUS
10
4.8775692913385829
20
-4.1056999999999997
11
4.876820078740157
21
-4.1094665748031494
0
LINE
8
BLACK
6
CONTINUOUS
10
4.876820078740157
20
-4.1094665748031494
11
4.8746864960629921
21
-4.1126597244094487
0
LINE
8
BLACK
6
CONTINUOUS
10
4.8746864960629921
20
-4.1126597244094487
11
4.8714933464566927
21
-4.1147933070866145
0
LINE
8
BLACK
6
CONTINUOUS
10
4.8714933464566927
20
-4.1147933070866145
11
4.8677267716535431
21
-4.1155425196850395
0
LINE
8
BLACK
6
CONTINUOUS
10
4.8677267716535431
20
-4.1155425196850395
11
4.8480417322834644
21
-4.1155425196850395
0
LINE
8
BLACK
6
CONTINUOUS
10
4.8480417322834644
20
-4.1155425196850395
11
4.8442751574803147
21
-4.1147933070866145
0
LINE
8
BLACK
6
CONTINUOUS
10
4.8442751574803147
20
-4.1147933070866145
11
4.8410820078740153
21
-4.1126597244094487
0
LINE
8
BLACK
6
CONTINUOUS
10
4.8410820078740153
20
-4.1126597244094487
11
4.8389484251968504
21
-4.1094665748031494
0
LINE
8
BLACK
6
CONTINUOUS
10
4.8389484251968504
20
-4.1094665748031494
11
4.8381992125984254
21
-4.1056999999999997
0
LINE
8
BLACK
6
CONTINUOUS
10
4.8381992125984254
20
-4.1056999999999997
11
4.8381992125984254
21
-4.0682984251968506
0
LINE
8
BLACK
6
CONTINUOUS
10
4.8381992125984254
20
-4.0682984251968506
11
4.8389484251968504
21
-4.0645318503937009
0
LINE
8
BLACK
6
CONTINUOUS
10
4.8389484251968504
20
-4.0645318503937009
11
4.8410820078740153
21
-4.0613387007874016
0
LINE
8
BLACK
6
CONTINUOUS
10
4.8410820078740153
20
-4.0613387007874016
11
4.8442751574803147
21
-4.0592051181102358
0
LINE
8
BLACK
6
CONTINUOUS
10
4.8442751574803147
20
-4.0592051181102358
11
4.8480417322834644
21
-4.0584559055118108
0
LINE
8
BLACK
6
CONTINUOUS
10
4.8480417322834644
20
-4.0584559055118108
11
4.8677267716535431
21
-4.0584559055118108
0
LINE
8
BLACK
6
CONTINUOUS
10
4.8677267716535431
20
-4.0584559055118108
11
4.8714933464566927
21
-4.0592051181102358
0
LINE
8
BLACK
6
CONTINUOUS
10
4.9462964960629918
20
-4.0592051181102358
11
4.9494896456692912
21
-4.0613387007874016
0
LINE
8
BLACK
6
CONTINUOUS
10
4.9494896456692912
20
-4.0613387007874016
11
4.951623228346457
21
-4.0645318503937009
0
LINE
8
BLACK
6
CONTINUOUS
10
4.951623228346457
20
-4.0645318503937009
11
4.9523724409448819
21
-4.0682984251968506
0
LINE
8
BLACK
6
CONTINUOUS
10
4.9523724409448819
20
-4.0682984251968506
11
4.9523724409448819
21
-4.1056999999999997
0
LINE
8
BLACK
6
CONTINUOUS
10
4.9523724409448819
20
-4.1056999999999997
11
4.951623228346457
21
-4.1094665748031494
0
LINE
8
BLACK
6
CONTINUOUS
10
4.951623228346457
20
-4.1094665748031494
11
4.9494896456692912
21
-4.1126597244094487
0
LINE
8
BLACK
6
CONTINUOUS
10
4.9494896456692912
20
-4.1126597244094487
11
4.9462964960629918
21
-4.1147933070866145
0
LINE
8
BLACK
6
CONTINUOUS
10
4.9462964960629918
20
-4.1147933070866145
11
4.9425299212598421
21
-4.1155425196850395
0
LINE
8
BLACK
6
CONTINUOUS
10
4.9425299212598421
20
-4.1155425196850395
11
4.9228448818897634
21
-4.1155425196850395
0
LINE
8
BLACK
6
CONTINUOUS
10
4.9228448818897634
20
-4.1155425196850395
11
4.9190783070866138
21
-4.1147933070866145
0
LINE
8
BLACK
6
CONTINUOUS
10
4.9190783070866138
20
-4.1147933070866145
11
4.9158851574803153
21
-4.1126597244094487
0
LINE
8
BLACK
6
CONTINUOUS
10
4.9158851574803153
20
-4.1126597244094487
11
4.9137515748031495
21
-4.1094665748031494
0
LINE
8
BLACK
6
CONTINUOUS
10
4.9137515748031495
20
-4.1094665748031494
11
4.9130023622047245
21
-4.1056999999999997
0
LINE
8
BLACK
6
CONTINUOUS
10
4.9130023622047245
20
-4.1056999999999997
11
4.9130023622047245
21
-4.0682984251968506
0
LINE
8
BLACK
6
CONTINUOUS
10
4.9130023622047245
20
-4.0682984251968506
11
4.9137515748031495
21
-4.0645318503937009
0
LINE
8
BLACK
6
CONTINUOUS
10
4.9137515748031495
20
-4.0645318503937009
11
4.9158851574803153
21
-4.0613387007874016
0
LINE
8
BLACK
6
CONTINUOUS
10
4.9158851574803153
20
-4.0613387007874016
11
4.9190783070866138
21
-4.0592051181102358
0
LINE
8
BLACK
6
CONTINUOUS
10
4.9190783070866138
20
-4.0592051181102358
11
4.9228448818897634
21
-4.0584559055118108
0
LINE
8
BLACK
6
CONTINUOUS
10
4.9228448818897634
20
-4.0584559055118108
11
4.9425299212598421
21
-4.0584559055118108
0
LINE
8
BLACK
6
CONTINUOUS
10
4.9425299212598421
20
-4.0584559055118108
11
4.9462964960629918
21
-4.0592051181102358
0
LINE
8
BLACK
6
CONTINUOUS
10
5.0466901968503937
20
-4.0592051181102358
11
5.049883346456693
21
-4.0613387007874016
0
LINE
8
BLACK
6
CONTINUOUS
10
5.049883346456693
20
-4.0613387007874016
11
5.0520169291338579
21
-4.0645318503937009
0
LINE
8
BLACK
6
CONTINUOUS
10
5.0520169291338579
20
-4.0645318503937009
11
5.0527661417322838
21
-4.0682984251968506
0
LINE
8
BLACK
6
CONTINUOUS
10
5.0527661417322838
20
-4.0682984251968506
11
5.0527661417322838
21
-4.1056999999999997
0
LINE
8
BLACK
6
CONTINUOUS
10
5.0527661417322838
20
-4.1056999999999997
11
5.0520169291338579
21
-4.1094665748031494
0
LINE
8
BLACK
6
CONTINUOUS
10
5.0520169291338579
20
-4.1094665748031494
11
5.049883346456693
21
-4.1126597244094487
0
LINE
8
BLACK
6
CONTINUOUS
10
5.049883346456693
20
-4.1126597244094487
11
5.0466901968503937
21
-4.1147933070866145
0
LINE
8
BLACK
6
CONTINUOUS
10
5.0466901968503937
20
-4.1147933070866145
11
5.042923622047244
21
-4.1155425196850395
0
LINE
8
BLACK
6
CONTINUOUS
10
5.042923622047244
20
-4.1155425196850395
11
5.0232385826771653
21
-4.1155425196850395
0
LINE
8
BLACK
6
CONTINUOUS
10
5.0232385826771653
20
-4.1155425196850395
11
5.0194720078740156
21
-4.1147933070866145
0
LINE
8
BLACK
6
CONTINUOUS
10
5.0194720078740156
20
-4.1147933070866145
11
5.0162788582677162
21
-4.1126597244094487
0
LINE
8
BLACK
6
CONTINUOUS
10
5.0162788582677162
20
-4.1126597244094487
11
5.0141452755905513
21
-4.1094665748031494
0
LINE
8
BLACK
6
CONTINUOUS
10
5.0141452755905513
20
-4.1094665748031494
11
5.0133960629921255
21
-4.1056999999999997
0
LINE
8
BLACK
6
CONTINUOUS
10
5.0133960629921255
20
-4.1056999999999997
11
5.0133960629921255
21
-4.0682984251968506
0
LINE
8
BLACK
6
CONTINUOUS
10
5.0133960629921255
20
-4.0682984251968506
11
5.0141452755905513
21
-4.0645318503937009
0
LINE
8
BLACK
6
CONTINUOUS
10
5.0141452755905513
20
-4.0645318503937009
11
5.0162788582677162
21
-4.0613387007874016
0
LINE
8
BLACK
6
CONTINUOUS
10
5.0162788582677162
20
-4.0613387007874016
11
5.0194720078740156
21
-4.0592051181102358
0
LINE
8
BLACK
6
CONTINUOUS
10
5.0194720078740156
20
-4.0592051181102358
11
5.0232385826771653
21
-4.0584559055118108
0
LINE
8
BLACK
6
CONTINUOUS
10
5.0232385826771653
20
-4.0584559055118108
11
5.042923622047244
21
-4.0584559055118108
0
LINE
8
BLACK
6
CONTINUOUS
10
5.042923622047244
20
-4.0584559055118108
11
5.0466901968503937
21
-4.0592051181102358
0
LINE
8
BLACK
6
CONTINUOUS
10
5.1214933464566927
20
-4.0592051181102358
11
5.1246864960629921
21
-4.0613387007874016
0
LINE
8
BLACK
6
CONTINUOUS
10
5.1246864960629921
20
-4.0613387007874016
11
5.126820078740157
21
-4.0645318503937009
0
LINE
8
BLACK
6
CONTINUOUS
10
5.126820078740157
20
-4.0645318503937009
11
5.1275692913385829
21
-4.0682984251968506
0
LINE
8
BLACK
6
CONTINUOUS
10
5.1275692913385829
20
-4.0682984251968506
11
5.1275692913385829
21
-4.1056999999999997
0
LINE
8
BLACK
6
CONTINUOUS
10
5.1275692913385829
20
-4.1056999999999997
11
5.126820078740157
21
-4.1094665748031494
0
LINE
8
BLACK
6
CONTINUOUS
10
5.126820078740157
20
-4.1094665748031494
11
5.1246864960629921
21
-4.1126597244094487
0
LINE
8
BLACK
6
CONTINUOUS
10
5.1246864960629921
20
-4.1126597244094487
11
5.1214933464566927
21
-4.1147933070866145
0
LINE
8
BLACK
6
CONTINUOUS
10
5.1214933464566927
20
-4.1147933070866145
11
5.1177267716535431
21
-4.1155425196850395
0
LINE
8
BLACK
6
CONTINUOUS
10
5.1177267716535431
20
-4.1155425196850395
11
5.0980417322834644
21
-4.1155425196850395
0
LINE
8
BLACK
6
CONTINUOUS
10
5.0980417322834644
20
-4.1155425196850395
11
5.0942751574803147
21
-4.1147933070866145
0
LINE
8
BLACK
6
CONTINUOUS
10
5.0942751574803147
20
-4.1147933070866145
11
5.0910820078740153
21
-4.1126597244094487
0
LINE
8
BLACK
6
CONTINUOUS
10
5.0910820078740153
20
-4.1126597244094487
11
5.0889484251968504
21
-4.1094665748031494
0
LINE
8
BLACK
6
CONTINUOUS
10
5.0889484251968504
20
-4.1094665748031494
11
5.0881992125984254
21
-4.1056999999999997
0
LINE
8
BLACK
6
CONTINUOUS
10
5.0881992125984254
20
-4.1056999999999997
11
5.0881992125984254
21
-4.0682984251968506
0
LINE
8
BLACK
6
CONTINUOUS
10
5.0881992125984254
20
-4.0682984251968506
11
5.0889484251968504
21
-4.0645318503937009
0
LINE
8
BLACK
6
CONTINUOUS
10
5.0889484251968504
20
-4.0645318503937009
11
5.0910820078740153
21
-4.0613387007874016
0
LINE
8
BLACK
6
CONTINUOUS
10
5.0910820078740153
20
-4.0613387007874016
11
5.0942751574803147
21
-4.0592051181102358
0
LINE
8
BLACK
6
CONTINUOUS
10
5.0942751574803147
20
-4.0592051181102358
11
5.0980417322834644
21
-4.0584559055118108
0
LINE
8
BLACK
6
CONTINUOUS
10
5.0980417322834644
20
-4.0584559055118108
11
5.1177267716535431
21
-4.0584559055118108
0
LINE
8
BLACK
6
CONTINUOUS
10
5.1177267716535431
20
-4.0584559055118108
11
5.1214933464566927
21
-4.0592051181102358
0
LINE
8
BLACK
6
CONTINUOUS
10
3.8293673622047244
20
-4.0542838582677163
11
3.8325605118110238
21
-4.0564174409448821
0
LINE
8
BLACK
6
CONTINUOUS
10
3.8325605118110238
20
-4.0564174409448821
11
3.8346940944881891
21
-4.0596105905511815
0
LINE
8
BLACK
6
CONTINUOUS
10
3.8346940944881891
20
-4.0596105905511815
11
3.8354433070866141
21
-4.0633771653543302
0
LINE
8
BLACK
6
CONTINUOUS
10
3.8354433070866141
20
-4.0633771653543302
11
3.8354433070866141
21
-4.0988102362204719
0
LINE
8
BLACK
6
CONTINUOUS
10
3.8354433070866141
20
-4.0988102362204719
11
3.8346940944881891
21
-4.1025768110236216
0
LINE
8
BLACK
6
CONTINUOUS
10
3.8346940944881891
20
-4.1025768110236216
11
3.8325605118110238
21
-4.1057699606299209
0
LINE
8
BLACK
6
CONTINUOUS
10
3.8325605118110238
20
-4.1057699606299209
11
3.8293673622047244
21
-4.1079035433070867
0
LINE
8
BLACK
6
CONTINUOUS
10
3.8293673622047244
20
-4.1079035433070867
11
3.8256007874015747
21
-4.1086527559055117
0
LINE
8
BLACK
6
CONTINUOUS
10
3.8256007874015747
20
-4.1086527559055117
11
3.8049314960629919
21
-4.1086527559055117
0
LINE
8
BLACK
6
CONTINUOUS
10
3.8049314960629919
20
-4.1086527559055117
11
3.8011649212598426
21
-4.1079035433070867
0
LINE
8
BLACK
6
CONTINUOUS
10
3.8011649212598426
20
-4.1079035433070867
11
3.7979717716535433
21
-4.1057699606299209
0
LINE
8
BLACK
6
CONTINUOUS
10
3.7979717716535433
20
-4.1057699606299209
11
3.7958381889763779
21
-4.1025768110236216
0
LINE
8
BLACK
6
CONTINUOUS
10
3.7958381889763779
20
-4.1025768110236216
11
3.7950889763779525
21
-4.0988102362204719
0
LINE
8
BLACK
6
CONTINUOUS
10
3.7950889763779525
20
-4.0988102362204719
11
3.7950889763779525
21
-4.0633771653543302
0
LINE
8
BLACK
6
CONTINUOUS
10
3.7950889763779525
20
-4.0633771653543302
11
3.7958381889763779
21
-4.0596105905511815
0
LINE
8
BLACK
6
CONTINUOUS
10
3.7958381889763779
20
-4.0596105905511815
11
3.7979717716535433
21
-4.0564174409448821
0
LINE
8
BLACK
6
CONTINUOUS
10
3.7979717716535433
20
-4.0564174409448821
11
3.8011649212598426
21
-4.0542838582677163
0
LINE
8
BLACK
6
CONTINUOUS
10
3.8011649212598426
20
-4.0542838582677163
11
3.8049314960629919
21
-4.0535346456692913
0
LINE
8
BLACK
6
CONTINUOUS
10
3.8049314960629919
20
-4.0535346456692913
11
3.8256007874015747
21
-4.0535346456692913
0
LINE
8
BLACK
6
CONTINUOUS
10
3.8256007874015747
20
-4.0535346456692913
11
3.8293673622047244
21
-4.0542838582677163
0
LINE
8
BLACK
6
CONTINUOUS
10
3.9012177559055119
20
-4.0542838582677163
11
3.9044109055118108
21
-4.0564174409448821
0
LINE
8
BLACK
6
CONTINUOUS
10
3.9044109055118108
20
-4.0564174409448821
11
3.9065444881889761
21
-4.0596105905511815
0
LINE
8
BLACK
6
CONTINUOUS
10
3.9065444881889761
20
-4.0596105905511815
11
3.9072937007874016
21
-4.0633771653543302
0
LINE
8
BLACK
6
CONTINUOUS
10
3.9072937007874016
20
-4.0633771653543302
11
3.9072937007874016
21
-4.0988102362204719
0
LINE
8
BLACK
6
CONTINUOUS
10
3.9072937007874016
20
-4.0988102362204719
11
3.9065444881889761
21
-4.1025768110236216
0
LINE
8
BLACK
6
CONTINUOUS
10
3.9065444881889761
20
-4.1025768110236216
11
3.9044109055118108
21
-4.1057699606299209
0
LINE
8
BLACK
6
CONTINUOUS
10
3.9044109055118108
20
-4.1057699606299209
11
3.9012177559055119
21
-4.1079035433070867
0
LINE
8
BLACK
6
CONTINUOUS
10
3.9012177559055119
20
-4.1079035433070867
11
3.8974511811023622
21
-4.1086527559055117
0
LINE
8
BLACK
6
CONTINUOUS
10
3.8974511811023622
20
-4.1086527559055117
11
3.8767818897637794
21
-4.1086527559055117
0
LINE
8
BLACK
6
CONTINUOUS
10
3.8767818897637794
20
-4.1086527559055117
11
3.8730153149606297
21
-4.1079035433070867
0
LINE
8
BLACK
6
CONTINUOUS
10
3.8730153149606297
20
-4.1079035433070867
11
3.8698221653543308
21
-4.1057699606299209
0
LINE
8
BLACK
6
CONTINUOUS
10
3.8698221653543308
20
-4.1057699606299209
11
3.8676885826771654
21
-4.1025768110236216
0
LINE
8
BLACK
6
CONTINUOUS
10
3.8676885826771654
20
-4.1025768110236216
11
3.86693937007874
21
-4.0988102362204719
0
LINE
8
BLACK
6
CONTINUOUS
10
3.86693937007874
20
-4.0988102362204719
11
3.86693937007874
21
-4.0633771653543302
0
LINE
8
BLACK
6
CONTINUOUS
10
3.86693937007874
20
-4.0633771653543302
11
3.8676885826771654
21
-4.0596105905511815
0
LINE
8
BLACK
6
CONTINUOUS
10
3.8676885826771654
20
-4.0596105905511815
11
3.8698221653543308
21
-4.0564174409448821
0
LINE
8
BLACK
6
CONTINUOUS
10
3.8698221653543308
20
-4.0564174409448821
11
3.8730153149606297
21
-4.0542838582677163
0
LINE
8
BLACK
6
CONTINUOUS
10
3.8730153149606297
20
-4.0542838582677163
11
3.8767818897637794
21
-4.0535346456692913
0
LINE
8
BLACK
6
CONTINUOUS
10
3.8767818897637794
20
-4.0535346456692913
11
3.8974511811023622
21
-4.0535346456692913
0
LINE
8
BLACK
6
CONTINUOUS
10
3.8974511811023622
20
-4.0535346456692913
11
3.9012177559055119
21
-4.0542838582677163
0
LINE
8
BLACK
6
CONTINUOUS
10
4.0029894094488192
20
-4.0542838582677163
11
4.0061825590551177
21
-4.0564174409448821
0
LINE
8
BLACK
6
CONTINUOUS
10
4.0061825590551177
20
-4.0564174409448821
11
4.0083161417322835
21
-4.0596105905511815
0
LINE
8
BLACK
6
CONTINUOUS
10
4.0083161417322835
20
-4.0596105905511815
11
4.0090653543307084
21
-4.0633771653543302
0
LINE
8
BLACK
6
CONTINUOUS
10
4.0090653543307084
20
-4.0633771653543302
11
4.0090653543307084
21
-4.0988102362204719
0
LINE
8
BLACK
6
CONTINUOUS
10
4.0090653543307084
20
-4.0988102362204719
11
4.0083161417322835
21
-4.1025768110236216
0
LINE
8
BLACK
6
CONTINUOUS
10
4.0083161417322835
20
-4.1025768110236216
11
4.0061825590551177
21
-4.1057699606299209
0
LINE
8
BLACK
6
CONTINUOUS
10
4.0061825590551177
20
-4.1057699606299209
11
4.0029894094488192
21
-4.1079035433070867
0
LINE
8
BLACK
6
CONTINUOUS
10
4.0029894094488192
20
-4.1079035433070867
11
3.9992228346456691
21
-4.1086527559055117
0
LINE
8
BLACK
6
CONTINUOUS
10
3.9992228346456691
20
-4.1086527559055117
11
3.9785535433070867
21
-4.1086527559055117
0
LINE
8
BLACK
6
CONTINUOUS
10
3.9785535433070867
20
-4.1086527559055117
11
3.974786968503937
21
-4.1079035433070867
0
LINE
8
BLACK
6
CONTINUOUS
10
3.974786968503937
20
-4.1079035433070867
11
3.9715938188976376
21
-4.1057699606299209
0
LINE
8
BLACK
6
CONTINUOUS
10
3.9715938188976376
20
-4.1057699606299209
11
3.9694602362204723
21
-4.1025768110236216
0
LINE
8
BLACK
6
CONTINUOUS
10
3.9694602362204723
20
-4.1025768110236216
11
3.9687110236220473
21
-4.0988102362204719
0
LINE
8
BLACK
6
CONTINUOUS
10
3.9687110236220473
20
-4.0988102362204719
11
3.9687110236220473
21
-4.0633771653543302
0
LINE
8
BLACK
6
CONTINUOUS
10
3.9687110236220473
20
-4.0633771653543302
11
3.9694602362204723
21
-4.0596105905511815
0
LINE
8
BLACK
6
CONTINUOUS
10
3.9694602362204723
20
-4.0596105905511815
11
3.9715938188976376
21
-4.0564174409448821
0
LINE
8
BLACK
6
CONTINUOUS
10
3.9715938188976376
20
-4.0564174409448821
11
3.974786968503937
21
-4.0542838582677163
0
LINE
8
BLACK
6
CONTINUOUS
10
3.974786968503937
20
-4.0542838582677163
11
3.9785535433070867
21
-4.0535346456692913
0
LINE
8
BLACK
6
CONTINUOUS
10
3.9785535433070867
20
-4.0535346456692913
11
3.9992228346456691
21
-4.0535346456692913
0
LINE
8
BLACK
6
CONTINUOUS
10
3.9992228346456691
20
-4.0535346456692913
11
4.0029894094488192
21
-4.0542838582677163
0
LINE
8
BLACK
6
CONTINUOUS
10
4.0748398031496063
20
-4.0542838582677163
11
4.0780329527559056
21
-4.0564174409448821
0
LINE
8
BLACK
6
CONTINUOUS
10
4.0780329527559056
20
-4.0564174409448821
11
4.0801665354330705
21
-4.0596105905511815
0
LINE
8
BLACK
6
CONTINUOUS
10
4.0801665354330705
20
-4.0596105905511815
11
4.0809157480314964
21
-4.0633771653543302
0
LINE
8
BLACK
6
CONTINUOUS
10
4.0809157480314964
20
-4.0633771653543302
11
4.0809157480314964
21
-4.0988102362204719
0
LINE
8
BLACK
6
CONTINUOUS
10
4.0809157480314964
20
-4.0988102362204719
11
4.0801665354330705
21
-4.1025768110236216
0
LINE
8
BLACK
6
CONTINUOUS
10
4.0801665354330705
20
-4.1025768110236216
11
4.0780329527559056
21
-4.1057699606299209
0
LINE
8
BLACK
6
CONTINUOUS
10
4.0780329527559056
20
-4.1057699606299209
11
4.0748398031496063
21
-4.1079035433070867
0
LINE
8
BLACK
6
CONTINUOUS
10
4.0748398031496063
20
-4.1079035433070867
11
4.0710732283464566
21
-4.1086527559055117
0
LINE
8
BLACK
6
CONTINUOUS
10
4.0710732283464566
20
-4.1086527559055117
11
4.0504039370078742
21
-4.1086527559055117
0
LINE
8
BLACK
6
CONTINUOUS
10
4.0504039370078742
20
-4.1086527559055117
11
4.0466373622047245
21
-4.1079035433070867
0
LINE
8
BLACK
6
CONTINUOUS
10
4.0466373622047245
20
-4.1079035433070867
11
4.0434442125984251
21
-4.1057699606299209
0
LINE
8
BLACK
6
CONTINUOUS
10
4.0434442125984251
20
-4.1057699606299209
11
4.0413106299212593
21
-4.1025768110236216
0
LINE
8
BLACK
6
CONTINUOUS
10
4.0413106299212593
20
-4.1025768110236216
11
4.0405614173228344
21
-4.0988102362204719
0
LINE
8
BLACK
6
CONTINUOUS
10
4.0405614173228344
20
-4.0988102362204719
11
4.0405614173228344
21
-4.0633771653543302
0
LINE
8
BLACK
6
CONTINUOUS
10
4.0405614173228344
20
-4.0633771653543302
11
4.0413106299212593
21
-4.0596105905511815
0
LINE
8
BLACK
6
CONTINUOUS
10
4.0413106299212593
20
-4.0596105905511815
11
4.0434442125984251
21
-4.0564174409448821
0
LINE
8
BLACK
6
CONTINUOUS
10
4.0434442125984251
20
-4.0564174409448821
11
4.0466373622047245
21
-4.0542838582677163
0
LINE
8
BLACK
6
CONTINUOUS
10
4.0466373622047245
20
-4.0542838582677163
11
4.0504039370078742
21
-4.0535346456692913
0
LINE
8
BLACK
6
CONTINUOUS
10
4.0504039370078742
20
-4.0535346456692913
11
4.0710732283464566
21
-4.0535346456692913
0
LINE
8
BLACK
6
CONTINUOUS
10
4.0710732283464566
20
-4.0535346456692913
11
4.0748398031496063
21
-4.0542838582677163
0
LINE
8
BLACK
6
CONTINUOUS
10
4.1766114566929131
20
-4.0542838582677163
11
4.1798046062992125
21
-4.0564174409448821
0
LINE
8
BLACK
6
CONTINUOUS
10
4.1798046062992125
20
-4.0564174409448821
11
4.1819381889763783
21
-4.0596105905511815
0
LINE
8
BLACK
6
CONTINUOUS
10
4.1819381889763783
20
-4.0596105905511815
11
4.1826874015748032
21
-4.0633771653543302
0
LINE
8
BLACK
6
CONTINUOUS
10
4.1826874015748032
20
-4.0633771653543302
11
4.1826874015748032
21
-4.0988102362204719
0
LINE
8
BLACK
6
CONTINUOUS
10
4.1826874015748032
20
-4.0988102362204719
11
4.1819381889763783
21
-4.1025768110236216
0
LINE
8
BLACK
6
CONTINUOUS
10
4.1819381889763783
20
-4.1025768110236216
11
4.1798046062992125
21
-4.1057699606299209
0
LINE
8
BLACK
6
CONTINUOUS
10
4.1798046062992125
20
-4.1057699606299209
11
4.1766114566929131
21
-4.1079035433070867
0
LINE
8
BLACK
6
CONTINUOUS
10
4.1766114566929131
20
-4.1079035433070867
11
4.1728448818897634
21
-4.1086527559055117
0
LINE
8
BLACK
6
CONTINUOUS
10
4.1728448818897634
20
-4.1086527559055117
11
4.152175590551181
21
-4.1086527559055117
0
LINE
8
BLACK
6
CONTINUOUS
10
4.152175590551181
20
-4.1086527559055117
11
4.1484090157480313
21
-4.1079035433070867
0
LINE
8
BLACK
6
CONTINUOUS
10
4.1484090157480313
20
-4.1079035433070867
11
4.145215866141732
21
-4.1057699606299209
0
LINE
8
BLACK
6
CONTINUOUS
10
4.145215866141732
20
-4.1057699606299209
11
4.1430822834645671
21
-4.1025768110236216
0
LINE
8
BLACK
6
CONTINUOUS
10
4.1430822834645671
20
-4.1025768110236216
11
4.1423330708661412
21
-4.0988102362204719
0
LINE
8
BLACK
6
CONTINUOUS
10
4.1423330708661412
20
-4.0988102362204719
11
4.1423330708661412
21
-4.0633771653543302
0
LINE
8
BLACK
6
CONTINUOUS
10
4.1423330708661412
20
-4.0633771653543302
11
4.1430822834645671
21
-4.0596105905511815
0
LINE
8
BLACK
6
CONTINUOUS
10
4.1430822834645671
20
-4.0596105905511815
11
4.145215866141732
21
-4.0564174409448821
0
LINE
8
BLACK
6
CONTINUOUS
10
4.145215866141732
20
-4.0564174409448821
11
4.1484090157480313
21
-4.0542838582677163
0
LINE
8
BLACK
6
CONTINUOUS
10
4.1484090157480313
20
-4.0542838582677163
11
4.152175590551181
21
-4.0535346456692913
0
LINE
8
BLACK
6
CONTINUOUS
10
4.152175590551181
20
-4.0535346456692913
11
4.1728448818897634
21
-4.0535346456692913
0
LINE
8
BLACK
6
CONTINUOUS
10
4.1728448818897634
20
-4.0535346456692913
11
4.1766114566929131
21
-4.0542838582677163
0
LINE
8
BLACK
6
CONTINUOUS
10
4.2484618503937011
20
-4.0542838582677163
11
4.2516549999999995
21
-4.0564174409448821
0
LINE
8
BLACK
6
CONTINUOUS
10
4.2516549999999995
20
-4.0564174409448821
11
4.2537885826771653
21
-4.0596105905511815
0
LINE
8
BLACK
6
CONTINUOUS
10
4.2537885826771653
20
-4.0596105905511815
11
4.2545377952755903
21
-4.0633771653543302
0
LINE
8
BLACK
6
CONTINUOUS
10
4.2545377952755903
20
-4.0633771653543302
11
4.2545377952755903
21
-4.0988102362204719
0
LINE
8
BLACK
6
CONTINUOUS
10
4.2545377952755903
20
-4.0988102362204719
11
4.2537885826771653
21
-4.1025768110236216
0
LINE
8
BLACK
6
CONTINUOUS
10
4.2537885826771653
20
-4.1025768110236216
11
4.2516549999999995
21
-4.1057699606299209
0
LINE
8
BLACK
6
CONTINUOUS
10
4.2516549999999995
20
-4.1057699606299209
11
4.2484618503937011
21
-4.1079035433070867
0
LINE
8
BLACK
6
CONTINUOUS
10
4.2484618503937011
20
-4.1079035433070867
11
4.2446952755905514
21
-4.1086527559055117
0
LINE
8
BLACK
6
CONTINUOUS
10
4.2446952755905514
20
-4.1086527559055117
11
4.2240259842519681
21
-4.1086527559055117
0
LINE
8
BLACK
6
CONTINUOUS
10
4.2240259842519681
20
-4.1086527559055117
11
4.2202594094488184
21
-4.1079035433070867
0
LINE
8
BLACK
6
CONTINUOUS
10
4.2202594094488184
20
-4.1079035433070867
11
4.2170662598425199
21
-4.1057699606299209
0
LINE
8
BLACK
6
CONTINUOUS
10
4.2170662598425199
20
-4.1057699606299209
11
4.2149326771653541
21
-4.1025768110236216
0
LINE
8
BLACK
6
CONTINUOUS
10
4.2149326771653541
20
-4.1025768110236216
11
4.2141834645669292
21
-4.0988102362204719
0
LINE
8
BLACK
6
CONTINUOUS
10
4.2141834645669292
20
-4.0988102362204719
11
4.2141834645669292
21
-4.0633771653543302
0
LINE
8
BLACK
6
CONTINUOUS
10
4.2141834645669292
20
-4.0633771653543302
11
4.2149326771653541
21
-4.0596105905511815
0
LINE
8
BLACK
6
CONTINUOUS
10
4.2149326771653541
20
-4.0596105905511815
11
4.2170662598425199
21
-4.0564174409448821
0
LINE
8
BLACK
6
CONTINUOUS
10
4.2170662598425199
20
-4.0564174409448821
11
4.2202594094488184
21
-4.0542838582677163
0
LINE
8
BLACK
6
CONTINUOUS
10
4.2202594094488184
20
-4.0542838582677163
11
4.2240259842519681
21
-4.0535346456692913
0
LINE
8
BLACK
6
CONTINUOUS
10
4.2240259842519681
20
-4.0535346456692913
11
4.2446952755905514
21
-4.0535346456692913
0
LINE
8
BLACK
6
CONTINUOUS
10
4.2446952755905514
20
-4.0535346456692913
11
4.2484618503937011
21
-4.0542838582677163
0
LINE
8
BLACK
6
CONTINUOUS
10
4.3502335039370079
20
-4.0542838582677163
11
4.3534266535433073
21
-4.0564174409448821
0
LINE
8
BLACK
6
CONTINUOUS
10
4.3534266535433073
20
-4.0564174409448821
11
4.3555602362204722
21
-4.0596105905511815
0
LINE
8
BLACK
6
CONTINUOUS
10
4.3555602362204722
20
-4.0596105905511815
11
4.3563094488188971
21
-4.0633771653543302
0
LINE
8
BLACK
6
CONTINUOUS
10
4.3563094488188971
20
-4.0633771653543302
11
4.3563094488188971
21
-4.0988102362204719
0
LINE
8
BLACK
6
CONTINUOUS
10
4.3563094488188971
20
-4.0988102362204719
11
4.3555602362204722
21
-4.1025768110236216
0
LINE
8
BLACK
6
CONTINUOUS
10
4.3555602362204722
20
-4.1025768110236216
11
4.3534266535433073
21
-4.1057699606299209
0
LINE
8
BLACK
6
CONTINUOUS
10
4.3534266535433073
20
-4.1057699606299209
11
4.3502335039370079
21
-4.1079035433070867
0
LINE
8
BLACK
6
CONTINUOUS
10
4.3502335039370079
20
-4.1079035433070867
11
4.3464669291338582
21
-4.1086527559055117
0
LINE
8
BLACK
6
CONTINUOUS
10
4.3464669291338582
20
-4.1086527559055117
11
4.3257976377952758
21
-4.1086527559055117
0
LINE
8
BLACK
6
CONTINUOUS
10
4.3257976377952758
20
-4.1086527559055117
11
4.3220310629921261
21
-4.1079035433070867
0
LINE
8
BLACK
6
CONTINUOUS
10
4.3220310629921261
20
-4.1079035433070867
11
4.3188379133858268
21
-4.1057699606299209
0
LINE
8
BLACK
6
CONTINUOUS
10
4.3188379133858268
20
-4.1057699606299209
11
4.316704330708661
21
-4.1025768110236216
0
LINE
8
BLACK
6
CONTINUOUS
10
4.316704330708661
20
-4.1025768110236216
11
4.315955118110236
21
-4.0988102362204719
0
LINE
8
BLACK
6
CONTINUOUS
10
4.315955118110236
20
-4.0988102362204719
11
4.315955118110236
21
-4.0633771653543302
0
LINE
8
BLACK
6
CONTINUOUS
10
4.315955118110236
20
-4.0633771653543302
11
4.316704330708661
21
-4.0596105905511815
0
LINE
8
BLACK
6
CONTINUOUS
10
4.316704330708661
20
-4.0596105905511815
11
4.3188379133858268
21
-4.0564174409448821
0
LINE
8
BLACK
6
CONTINUOUS
10
4.3188379133858268
20
-4.0564174409448821
11
4.3220310629921261
21
-4.0542838582677163
0
LINE
8
BLACK
6
CONTINUOUS
10
4.3220310629921261
20
-4.0542838582677163
11
4.3257976377952758
21
-4.0535346456692913
0
LINE
8
BLACK
6
CONTINUOUS
10
4.3257976377952758
20
-4.0535346456692913
11
4.3464669291338582
21
-4.0535346456692913
0
LINE
8
BLACK
6
CONTINUOUS
10
4.3464669291338582
20
-4.0535346456692913
11
4.3502335039370079
21
-4.0542838582677163
0
LINE
8
BLACK
6
CONTINUOUS
10
4.422083897637795
20
-4.0542838582677163
11
4.4252770472440943
21
-4.0564174409448821
0
LINE
8
BLACK
6
CONTINUOUS
10
4.4252770472440943
20
-4.0564174409448821
11
4.4274106299212601
21
-4.0596105905511815
0
LINE
8
BLACK
6
CONTINUOUS
10
4.4274106299212601
20
-4.0596105905511815
11
4.4281598425196851
21
-4.0633771653543302
0
LINE
8
BLACK
6
CONTINUOUS
10
4.4281598425196851
20
-4.0633771653543302
11
4.4281598425196851
21
-4.0988102362204719
0
LINE
8
BLACK
6
CONTINUOUS
10
4.4281598425196851
20
-4.0988102362204719
11
4.4274106299212601
21
-4.1025768110236216
0
LINE
8
BLACK
6
CONTINUOUS
10
4.4274106299212601
20
-4.1025768110236216
11
4.4252770472440943
21
-4.1057699606299209
0
LINE
8
BLACK
6
CONTINUOUS
10
4.4252770472440943
20
-4.1057699606299209
11
4.422083897637795
21
-4.1079035433070867
0
LINE
8
BLACK
6
CONTINUOUS
10
4.422083897637795
20
-4.1079035433070867
11
4.4183173228346453
21
-4.1086527559055117
0
LINE
8
BLACK
6
CONTINUOUS
10
4.4183173228346453
20
-4.1086527559055117
11
4.3976480314960629
21
-4.1086527559055117
0
LINE
8
BLACK
6
CONTINUOUS
10
4.3976480314960629
20
-4.1086527559055117
11
4.3938814566929132
21
-4.1079035433070867
0
LINE
8
BLACK
6
CONTINUOUS
10
4.3938814566929132
20
-4.1079035433070867
11
4.3906883070866138
21
-4.1057699606299209
0
LINE
8
BLACK
6
CONTINUOUS
10
4.3906883070866138
20
-4.1057699606299209
11
4.3885547244094489
21
-4.1025768110236216
0
LINE
8
BLACK
6
CONTINUOUS
10
4.3885547244094489
20
-4.1025768110236216
11
4.387805511811024
21
-4.0988102362204719
0
LINE
8
BLACK
6
CONTINUOUS
10
4.387805511811024
20
-4.0988102362204719
11
4.387805511811024
21
-4.0633771653543302
0
LINE
8
BLACK
6
CONTINUOUS
10
4.387805511811024
20
-4.0633771653543302
11
4.3885547244094489
21
-4.0596105905511815
0
LINE
8
BLACK
6
CONTINUOUS
10
4.3885547244094489
20
-4.0596105905511815
11
4.3906883070866138
21
-4.0564174409448821
0
LINE
8
BLACK
6
CONTINUOUS
10
4.3906883070866138
20
-4.0564174409448821
11
4.3938814566929132
21
-4.0542838582677163
0
LINE
8
BLACK
6
CONTINUOUS
10
4.3938814566929132
20
-4.0542838582677163
11
4.3976480314960629
21
-4.0535346456692913
0
LINE
8
BLACK
6
CONTINUOUS
10
4.3976480314960629
20
-4.0535346456692913
11
4.4183173228346453
21
-4.0535346456692913
0
LINE
8
BLACK
6
CONTINUOUS
10
4.4183173228346453
20
-4.0535346456692913
11
4.422083897637795
21
-4.0542838582677163
0
LINE
8
BLACK
6
CONTINUOUS
10
4.5238555511811018
20
-4.0542838582677163
11
4.5270487007874012
21
-4.0564174409448821
0
LINE
8
BLACK
6
CONTINUOUS
10
4.5270487007874012
20
-4.0564174409448821
11
4.529182283464567
21
-4.0596105905511815
0
LINE
8
BLACK
6
CONTINUOUS
10
4.529182283464567
20
-4.0596105905511815
11
4.5299314960629919
21
-4.0633771653543302
0
LINE
8
BLACK
6
CONTINUOUS
10
4.5299314960629919
20
-4.0633771653543302
11
4.5299314960629919
21
-4.0988102362204719
0
LINE
8
BLACK
6
CONTINUOUS
10
4.5299314960629919
20
-4.0988102362204719
11
4.529182283464567
21
-4.1025768110236216
0
LINE
8
BLACK
6
CONTINUOUS
10
4.529182283464567
20
-4.1025768110236216
11
4.5270487007874012
21
-4.1057699606299209
0
LINE
8
BLACK
6
CONTINUOUS
10
4.5270487007874012
20
-4.1057699606299209
11
4.5238555511811018
21
-4.1079035433070867
0
LINE
8
BLACK
6
CONTINUOUS
10
4.5238555511811018
20
-4.1079035433070867
11
4.520088976377953
21
-4.1086527559055117
0
LINE
8
BLACK
6
CONTINUOUS
10
4.520088976377953
20
-4.1086527559055117
11
4.4994196850393697
21
-4.1086527559055117
0
LINE
8
BLACK
6
CONTINUOUS
10
4.4994196850393697
20
-4.1086527559055117
11
4.4956531102362201
21
-4.1079035433070867
0
LINE
8
BLACK
6
CONTINUOUS
10
4.4956531102362201
20
-4.1079035433070867
11
4.4924599606299216
21
-4.1057699606299209
0
LINE
8
BLACK
6
CONTINUOUS
10
4.4924599606299216
20
-4.1057699606299209
11
4.4903263779527558
21
-4.1025768110236216
0
LINE
8
BLACK
6
CONTINUOUS
10
4.4903263779527558
20
-4.1025768110236216
11
4.4895771653543308
21
-4.0988102362204719
0
LINE
8
BLACK
6
CONTINUOUS
10
4.4895771653543308
20
-4.0988102362204719
11
4.4895771653543308
21
-4.0633771653543302
0
LINE
8
BLACK
6
CONTINUOUS
10
4.4895771653543308
20
-4.0633771653543302
11
4.4903263779527558
21
-4.0596105905511815
0
LINE
8
BLACK
6
CONTINUOUS
10
4.4903263779527558
20
-4.0596105905511815
11
4.4924599606299216
21
-4.0564174409448821
0
LINE
8
BLACK
6
CONTINUOUS
10
4.4924599606299216
20
-4.0564174409448821
11
4.4956531102362201
21
-4.0542838582677163
0
LINE
8
BLACK
6
CONTINUOUS
10
4.4956531102362201
20
-4.0542838582677163
11
4.4994196850393697
21
-4.0535346456692913
0
LINE
8
BLACK
6
CONTINUOUS
10
4.4994196850393697
20
-4.0535346456692913
11
4.520088976377953
21
-4.0535346456692913
0
LINE
8
BLACK
6
CONTINUOUS
10
4.520088976377953
20
-4.0535346456692913
11
4.5238555511811018
21
-4.0542838582677163
0
LINE
8
BLACK
6
CONTINUOUS
10
4.5957059448818898
20
-4.0542838582677163
11
4.5988990944881891
21
-4.0564174409448821
0
LINE
8
BLACK
6
CONTINUOUS
10
4.5988990944881891
20
-4.0564174409448821
11
4.601032677165354
21
-4.0596105905511815
0
LINE
8
BLACK
6
CONTINUOUS
10
4.601032677165354
20
-4.0596105905511815
11
4.601781889763779
21
-4.0633771653543302
0
LINE
8
BLACK
6
CONTINUOUS
10
4.601781889763779
20
-4.0633771653543302
11
4.601781889763779
21
-4.0988102362204719
0
LINE
8
BLACK
6
CONTINUOUS
10
4.601781889763779
20
-4.0988102362204719
11
4.601032677165354
21
-4.1025768110236216
0
LINE
8
BLACK
6
CONTINUOUS
10
4.601032677165354
20
-4.1025768110236216
11
4.5988990944881891
21
-4.1057699606299209
0
LINE
8
BLACK
6
CONTINUOUS
10
4.5988990944881891
20
-4.1057699606299209
11
4.5957059448818898
21
-4.1079035433070867
0
LINE
8
BLACK
6
CONTINUOUS
10
4.5957059448818898
20
-4.1079035433070867
11
4.5919393700787401
21
-4.1086527559055117
0
LINE
8
BLACK
6
CONTINUOUS
10
4.5919393700787401
20
-4.1086527559055117
11
4.5712700787401577
21
-4.1086527559055117
0
LINE
8
BLACK
6
CONTINUOUS
10
4.5712700787401577
20
-4.1086527559055117
11
4.567503503937008
21
-4.1079035433070867
0
LINE
8
BLACK
6
CONTINUOUS
10
4.567503503937008
20
-4.1079035433070867
11
4.5643103543307086
21
-4.1057699606299209
0
LINE
8
BLACK
6
CONTINUOUS
10
4.5643103543307086
20
-4.1057699606299209
11
4.5621767716535429
21
-4.1025768110236216
0
LINE
8
BLACK
6
CONTINUOUS
10
4.5621767716535429
20
-4.1025768110236216
11
4.5614275590551179
21
-4.0988102362204719
0
LINE
8
BLACK
6
CONTINUOUS
10
4.5614275590551179
20
-4.0988102362204719
11
4.5614275590551179
21
-4.0633771653543302
0
LINE
8
BLACK
6
CONTINUOUS
10
4.5614275590551179
20
-4.0633771653543302
11
4.5621767716535429
21
-4.0596105905511815
0
LINE
8
BLACK
6
CONTINUOUS
10
4.5621767716535429
20
-4.0596105905511815
11
4.5643103543307086
21
-4.0564174409448821
0
LINE
8
BLACK
6
CONTINUOUS
10
4.5643103543307086
20
-4.0564174409448821
11
4.567503503937008
21
-4.0542838582677163
0
LINE
8
BLACK
6
CONTINUOUS
10
4.567503503937008
20
-4.0542838582677163
11
4.5712700787401577
21
-4.0535346456692913
0
LINE
8
BLACK
6
CONTINUOUS
10
4.5712700787401577
20
-4.0535346456692913
11
4.5919393700787401
21
-4.0535346456692913
0
LINE
8
BLACK
6
CONTINUOUS
10
4.5919393700787401
20
-4.0535346456692913
11
4.5957059448818898
21
-4.0542838582677163
0
LINE
8
BLACK
6
CONTINUOUS
10
5.2371127165354325
20
-4.0795747244094489
11
5.2390285826771654
21
-4.0808548818897634
0
LINE
8
BLACK
6
CONTINUOUS
10
5.2390285826771654
20
-4.0808548818897634
11
5.2403087401574799
21
-4.0827707480314963
0
LINE
8
BLACK
6
CONTINUOUS
10
5.2403087401574799
20
-4.0827707480314963
11
5.2407582677165356
21
-4.0850307086614173
0
LINE
8
BLACK
6
CONTINUOUS
10
5.2407582677165356
20
-4.0850307086614173
11
5.2407582677165356
21
-4.0968417322834645
0
LINE
8
BLACK
6
CONTINUOUS
10
5.2407582677165356
20
-4.0968417322834645
11
5.2403087401574799
21
-4.0991016929133854
0
LINE
8
BLACK
6
CONTINUOUS
10
5.2403087401574799
20
-4.0991016929133854
11
5.2390285826771654
21
-4.1010175590551183
0
LINE
8
BLACK
6
CONTINUOUS
10
5.2390285826771654
20
-4.1010175590551183
11
5.2371127165354325
21
-4.1022977165354328
0
LINE
8
BLACK
6
CONTINUOUS
10
5.2371127165354325
20
-4.1022977165354328
11
5.2348527559055116
21
-4.1027472440944877
0
LINE
8
BLACK
6
CONTINUOUS
10
5.2348527559055116
20
-4.1027472440944877
11
5.1944984251968505
21
-4.1027472440944877
0
LINE
8
BLACK
6
CONTINUOUS
10
5.1944984251968505
20
-4.1027472440944877
11
5.1922384645669286
21
-4.1022977165354328
0
LINE
8
BLACK
6
CONTINUOUS
10
5.1922384645669286
20
-4.1022977165354328
11
5.1903225984251966
21
-4.1010175590551183
0
LINE
8
BLACK
6
CONTINUOUS
10
5.1903225984251966
20
-4.1010175590551183
11
5.1890424409448821
21
-4.0991016929133854
0
LINE
8
BLACK
6
CONTINUOUS
10
5.1890424409448821
20
-4.0991016929133854
11
5.1885929133858264
21
-4.0968417322834645
0
LINE
8
BLACK
6
CONTINUOUS
10
5.1885929133858264
20
-4.0968417322834645
11
5.1885929133858264
21
-4.0850307086614173
0
LINE
8
BLACK
6
CONTINUOUS
10
5.1885929133858264
20
-4.0850307086614173
11
5.1890424409448821
21
-4.0827707480314963
0
LINE
8
BLACK
6
CONTINUOUS
10
5.1890424409448821
20
-4.0827707480314963
11
5.1903225984251966
21
-4.0808548818897634
0
LINE
8
BLACK
6
CONTINUOUS
10
5.1903225984251966
20
-4.0808548818897634
11
5.1922384645669286
21
-4.0795747244094489
0
LINE
8
BLACK
6
CONTINUOUS
10
5.1922384645669286
20
-4.0795747244094489
11
5.1944984251968505
21
-4.0791251968503932
0
LINE
8
BLACK
6
CONTINUOUS
10
5.1944984251968505
20
-4.0791251968503932
11
5.2348527559055116
21
-4.0791251968503932
0
LINE
8
BLACK
6
CONTINUOUS
10
5.2348527559055116
20
-4.0791251968503932
11
5.2371127165354325
21
-4.0795747244094489
0
LINE
8
BLACK
6
CONTINUOUS
10
5.5557188976377949
20
-4.0958574803149608
11
5.5202858267716532
21
-4.0958574803149608
0
LINE
8
BLACK
6
CONTINUOUS
10
5.5202858267716532
20
-4.0958574803149608
11
5.5202858267716532
21
-4.0564874015748034
0
LINE
8
BLACK
6
CONTINUOUS
10
5.5202858267716532
20
-4.0564874015748034
11
5.5557188976377949
21
-4.0564874015748034
0
LINE
8
BLACK
6
CONTINUOUS
10
5.5557188976377949
20
-4.0564874015748034
11
5.5557188976377949
21
-4.0958574803149608
0
LINE
8
BLACK
6
CONTINUOUS
10
5.6187110236220468
20
-4.0958574803149608
11
5.5832779527559051
21
-4.0958574803149608
0
LINE
8
BLACK
6
CONTINUOUS
10
5.5832779527559051
20
-4.0958574803149608
11
5.5832779527559051
21
-4.0564874015748034
0
LINE
8
BLACK
6
CONTINUOUS
10
5.5832779527559051
20
-4.0564874015748034
11
5.6187110236220468
21
-4.0564874015748034
0
LINE
8
BLACK
6
CONTINUOUS
10
5.6187110236220468
20
-4.0564874015748034
11
5.6187110236220468
21
-4.0958574803149608
0
LINE
8
BLACK
6
CONTINUOUS
10
5.6935141732283467
20
-4.0958574803149608
11
5.6580811023622042
21
-4.0958574803149608
0
LINE
8
BLACK
6
CONTINUOUS
10
5.6580811023622042
20
-4.0958574803149608
11
5.6580811023622042
21
-4.0564874015748034
0
LINE
8
BLACK
6
CONTINUOUS
10
5.6580811023622042
20
-4.0564874015748034
11
5.6935141732283467
21
-4.0564874015748034
0
LINE
8
BLACK
6
CONTINUOUS
10
5.6935141732283467
20
-4.0564874015748034
11
5.6935141732283467
21
-4.0958574803149608
0
LINE
8
BLACK
6
CONTINUOUS
10
5.7565062992125986
20
-4.0958574803149608
11
5.7210732283464569
21
-4.0958574803149608
0
LINE
8
BLACK
6
CONTINUOUS
10
5.7210732283464569
20
-4.0958574803149608
11
5.7210732283464569
21
-4.0564874015748034
0
LINE
8
BLACK
6
CONTINUOUS
10
5.7210732283464569
20
-4.0564874015748034
11
5.7565062992125986
21
-4.0564874015748034
0
LINE
8
BLACK
6
CONTINUOUS
10
5.7565062992125986
20
-4.0564874015748034
11
5.7565062992125986
21
-4.0958574803149608
0
LINE
8
BLACK
6
CONTINUOUS
10
5.3266796456692909
20
-4.0421731496062989
11
5.3285955118110238
21
-4.0434533070866143
0
LINE
8
BLACK
6
CONTINUOUS
10
5.3285955118110238
20
-4.0434533070866143
11
5.3298756692913383
21
-4.0453691732283463
0
LINE
8
BLACK
6
CONTINUOUS
10
5.3298756692913383
20
-4.0453691732283463
11
5.330325196850394
21
-4.0476291338582673
0
LINE
8
BLACK
6
CONTINUOUS
10
5.330325196850394
20
-4.0476291338582673
11
5.330325196850394
21
-4.0594401574803145
0
LINE
8
BLACK
6
CONTINUOUS
10
5.330325196850394
20
-4.0594401574803145
11
5.3298756692913383
21
-4.0617001181102363
0
LINE
8
BLACK
6
CONTINUOUS
10
5.3298756692913383
20
-4.0617001181102363
11
5.3285955118110238
21
-4.0636159842519683
0
LINE
8
BLACK
6
CONTINUOUS
10
5.3285955118110238
20
-4.0636159842519683
11
5.3266796456692909
21
-4.0648961417322838
0
LINE
8
BLACK
6
CONTINUOUS
10
5.3266796456692909
20
-4.0648961417322838
11
5.3244196850393699
21
-4.0653456692913386
0
LINE
8
BLACK
6
CONTINUOUS
10
5.3244196850393699
20
-4.0653456692913386
11
5.2840653543307088
21
-4.0653456692913386
0
LINE
8
BLACK
6
CONTINUOUS
10
5.2840653543307088
20
-4.0653456692913386
11
5.2818053937007869
21
-4.0648961417322838
0
LINE
8
BLACK
6
CONTINUOUS
10
5.2818053937007869
20
-4.0648961417322838
11
5.2798895275590549
21
-4.0636159842519683
0
LINE
8
BLACK
6
CONTINUOUS
10
5.2798895275590549
20
-4.0636159842519683
11
5.2786093700787404
21
-4.0617001181102363
0
LINE
8
BLACK
6
CONTINUOUS
10
5.2786093700787404
20
-4.0617001181102363
11
5.2781598425196847
21
-4.0594401574803145
0
LINE
8
BLACK
6
CONTINUOUS
10
5.2781598425196847
20
-4.0594401574803145
11
5.2781598425196847
21
-4.0476291338582673
0
LINE
8
BLACK
6
CONTINUOUS
10
5.2781598425196847
20
-4.0476291338582673
11
5.2786093700787404
21
-4.0453691732283463
0
LINE
8
BLACK
6
CONTINUOUS
10
5.2786093700787404
20
-4.0453691732283463
11
5.2798895275590549
21
-4.0434533070866143
0
LINE
8
BLACK
6
CONTINUOUS
10
5.2798895275590549
20
-4.0434533070866143
11
5.2818053937007869
21
-4.0421731496062989
0
LINE
8
BLACK
6
CONTINUOUS
10
5.2818053937007869
20
-4.0421731496062989
11
5.2840653543307088
21
-4.0417236220472441
0
LINE
8
BLACK
6
CONTINUOUS
10
5.2840653543307088
20
-4.0417236220472441
11
5.3244196850393699
21
-4.0417236220472441
0
LINE
8
BLACK
6
CONTINUOUS
10
5.3244196850393699
20
-4.0417236220472441
11
5.3266796456692909
21
-4.0421731496062989
0
LINE
8
BLACK
6
CONTINUOUS
10
6.3758240551181098
20
-3.9696381889763779
11
6.3790172047244091
21
-3.9717717716535432
0
LINE
8
BLACK
6
CONTINUOUS
10
6.3790172047244091
20
-3.9717717716535432
11
6.3811507874015749
21
-3.9749649212598426
0
LINE
8
BLACK
6
CONTINUOUS
10
6.3811507874015749
20
-3.9749649212598426
11
6.3818999999999999
21
-3.9787314960629923
0
LINE
8
BLACK
6
CONTINUOUS
10
6.3818999999999999
20
-3.9787314960629923
11
6.3818999999999999
21
-4.0456606299212599
0
LINE
8
BLACK
6
CONTINUOUS
10
6.3818999999999999
20
-4.0456606299212599
11
6.3811507874015749
21
-4.0494272047244095
0
LINE
8
BLACK
6
CONTINUOUS
10
6.3811507874015749
20
-4.0494272047244095
11
6.3790172047244091
21
-4.0526203543307089
0
LINE
8
BLACK
6
CONTINUOUS
10
6.3790172047244091
20
-4.0526203543307089
11
6.3758240551181098
21
-4.0547539370078738
0
LINE
8
BLACK
6
CONTINUOUS
10
6.3758240551181098
20
-4.0547539370078738
11
6.3720574803149601
21
-4.0555031496062988
0
LINE
8
BLACK
6
CONTINUOUS
10
6.3720574803149601
20
-4.0555031496062988
11
6.3425299212598425
21
-4.0555031496062988
0
LINE
8
BLACK
6
CONTINUOUS
10
6.3425299212598425
20
-4.0555031496062988
11
6.3387633464566928
21
-4.0547539370078738
0
LINE
8
BLACK
6
CONTINUOUS
10
6.3387633464566928
20
-4.0547539370078738
11
6.3355701968503935
21
-4.0526203543307089
0
LINE
8
BLACK
6
CONTINUOUS
10
6.3355701968503935
20
-4.0526203543307089
11
6.3334366141732286
21
-4.0494272047244095
0
LINE
8
BLACK
6
CONTINUOUS
10
6.3334366141732286
20
-4.0494272047244095
11
6.3326874015748027
21
-4.0456606299212599
0
LINE
8
BLACK
6
CONTINUOUS
10
6.3326874015748027
20
-4.0456606299212599
11
6.3326874015748027
21
-3.9787314960629923
0
LINE
8
BLACK
6
CONTINUOUS
10
6.3326874015748027
20
-3.9787314960629923
11
6.3334366141732286
21
-3.9749649212598426
0
LINE
8
BLACK
6
CONTINUOUS
10
6.3334366141732286
20
-3.9749649212598426
11
6.3355701968503935
21
-3.9717717716535432
0
LINE
8
BLACK
6
CONTINUOUS
10
6.3355701968503935
20
-3.9717717716535432
11
6.3387633464566928
21
-3.9696381889763779
0
LINE
8
BLACK
6
CONTINUOUS
10
6.3387633464566928
20
-3.9696381889763779
11
6.3425299212598425
21
-3.9688889763779525
0
LINE
8
BLACK
6
CONTINUOUS
10
6.3425299212598425
20
-3.9688889763779525
11
6.3720574803149601
21
-3.9688889763779525
0
LINE
8
BLACK
6
CONTINUOUS
10
6.3720574803149601
20
-3.9688889763779525
11
6.3758240551181098
21
-3.9696381889763779
0
LINE
8
BLACK
6
CONTINUOUS
10
6.4604697244094487
20
-3.9696381889763779
11
6.463662874015748
21
-3.9717717716535432
0
LINE
8
BLACK
6
CONTINUOUS
10
6.463662874015748
20
-3.9717717716535432
11
6.4657964566929129
21
-3.9749649212598426
0
LINE
8
BLACK
6
CONTINUOUS
10
6.4657964566929129
20
-3.9749649212598426
11
6.4665456692913388
21
-3.9787314960629923
0
LINE
8
BLACK
6
CONTINUOUS
10
6.4665456692913388
20
-3.9787314960629923
11
6.4665456692913388
21
-4.0456606299212599
0
LINE
8
BLACK
6
CONTINUOUS
10
6.4665456692913388
20
-4.0456606299212599
11
6.4657964566929129
21
-4.0494272047244095
0
LINE
8
BLACK
6
CONTINUOUS
10
6.4657964566929129
20
-4.0494272047244095
11
6.463662874015748
21
-4.0526203543307089
0
LINE
8
BLACK
6
CONTINUOUS
10
6.463662874015748
20
-4.0526203543307089
11
6.4604697244094487
21
-4.0547539370078738
0
LINE
8
BLACK
6
CONTINUOUS
10
6.4604697244094487
20
-4.0547539370078738
11
6.456703149606299
21
-4.0555031496062988
0
LINE
8
BLACK
6
CONTINUOUS
10
6.456703149606299
20
-4.0555031496062988
11
6.4271755905511814
21
-4.0555031496062988
0
LINE
8
BLACK
6
CONTINUOUS
10
6.4271755905511814
20
-4.0555031496062988
11
6.4234090157480317
21
-4.0547539370078738
0
LINE
8
BLACK
6
CONTINUOUS
10
6.4234090157480317
20
-4.0547539370078738
11
6.4202158661417323
21
-4.0526203543307089
0
LINE
8
BLACK
6
CONTINUOUS
10
6.4202158661417323
20
-4.0526203543307089
11
6.4180822834645666
21
-4.0494272047244095
0
LINE
8
BLACK
6
CONTINUOUS
10
6.4180822834645666
20
-4.0494272047244095
11
6.4173330708661416
21
-4.0456606299212599
0
LINE
8
BLACK
6
CONTINUOUS
10
6.4173330708661416
20
-4.0456606299212599
11
6.4173330708661416
21
-3.9787314960629923
0
LINE
8
BLACK
6
CONTINUOUS
10
6.4173330708661416
20
-3.9787314960629923
11
6.4180822834645666
21
-3.9749649212598426
0
LINE
8
BLACK
6
CONTINUOUS
10
6.4180822834645666
20
-3.9749649212598426
11
6.4202158661417323
21
-3.9717717716535432
0
LINE
8
BLACK
6
CONTINUOUS
10
6.4202158661417323
20
-3.9717717716535432
11
6.4234090157480317
21
-3.9696381889763779
0
LINE
8
BLACK
6
CONTINUOUS
10
6.4234090157480317
20
-3.9696381889763779
11
6.4271755905511814
21
-3.9688889763779525
0
LINE
8
BLACK
6
CONTINUOUS
10
6.4271755905511814
20
-3.9688889763779525
11
6.456703149606299
21
-3.9688889763779525
0
LINE
8
BLACK
6
CONTINUOUS
10
6.456703149606299
20
-3.9688889763779525
11
6.4604697244094487
21
-3.9696381889763779
0
LINE
8
BLACK
6
CONTINUOUS
10
5.2371127165354325
20
-4.0047715748031498
11
5.2390285826771654
21
-4.0060517322834643
0
LINE
8
BLACK
6
CONTINUOUS
10
5.2390285826771654
20
-4.0060517322834643
11
5.2403087401574799
21
-4.0079675984251963
0
LINE
8
BLACK
6
CONTINUOUS
10
5.2403087401574799
20
-4.0079675984251963
11
5.2407582677165356
21
-4.0102275590551182
0
LINE
8
BLACK
6
CONTINUOUS
10
5.2407582677165356
20
-4.0102275590551182
11
5.2407582677165356
21
-4.0220385826771654
0
LINE
8
BLACK
6
CONTINUOUS
10
5.2407582677165356
20
-4.0220385826771654
11
5.2403087401574799
21
-4.0242985433070864
0
LINE
8
BLACK
6
CONTINUOUS
10
5.2403087401574799
20
-4.0242985433070864
11
5.2390285826771654
21
-4.0262144094488184
0
LINE
8
BLACK
6
CONTINUOUS
10
5.2390285826771654
20
-4.0262144094488184
11
5.2371127165354325
21
-4.0274945669291338
0
LINE
8
BLACK
6
CONTINUOUS
10
5.2371127165354325
20
-4.0274945669291338
11
5.2348527559055116
21
-4.0279440944881886
0
LINE
8
BLACK
6
CONTINUOUS
10
5.2348527559055116
20
-4.0279440944881886
11
5.1944984251968505
21
-4.0279440944881886
0
LINE
8
BLACK
6
CONTINUOUS
10
5.1944984251968505
20
-4.0279440944881886
11
5.1922384645669286
21
-4.0274945669291338
0
LINE
8
BLACK
6
CONTINUOUS
10
5.1922384645669286
20
-4.0274945669291338
11
5.1903225984251966
21
-4.0262144094488184
0
LINE
8
BLACK
6
CONTINUOUS
10
5.1903225984251966
20
-4.0262144094488184
11
5.1890424409448821
21
-4.0242985433070864
0
LINE
8
BLACK
6
CONTINUOUS
10
5.1890424409448821
20
-4.0242985433070864
11
5.1885929133858264
21
-4.0220385826771654
0
LINE
8
BLACK
6
CONTINUOUS
10
5.1885929133858264
20
-4.0220385826771654
11
5.1885929133858264
21
-4.0102275590551182
0
LINE
8
BLACK
6
CONTINUOUS
10
5.1885929133858264
20
-4.0102275590551182
11
5.1890424409448821
21
-4.0079675984251963
0
LINE
8
BLACK
6
CONTINUOUS
10
5.1890424409448821
20
-4.0079675984251963
11
5.1903225984251966
21
-4.0060517322834643
0
LINE
8
BLACK
6
CONTINUOUS
10
5.1903225984251966
20
-4.0060517322834643
11
5.1922384645669286
21
-4.0047715748031498
0
LINE
8
BLACK
6
CONTINUOUS
10
5.1922384645669286
20
-4.0047715748031498
11
5.1944984251968505
21
-4.0043220472440941
0
LINE
8
BLACK
6
CONTINUOUS
10
5.1944984251968505
20
-4.0043220472440941
11
5.2348527559055116
21
-4.0043220472440941
0
LINE
8
BLACK
6
CONTINUOUS
10
5.2348527559055116
20
-4.0043220472440941
11
5.2371127165354325
21
-4.0047715748031498
0
LINE
8
BLACK
6
CONTINUOUS
10
4.6962964960629918
20
-3.9407011811023622
11
4.6994896456692912
21
-3.9428347637795276
0
LINE
8
BLACK
6
CONTINUOUS
10
4.6994896456692912
20
-3.9428347637795276
11
4.701623228346457
21
-3.9460279133858265
0
LINE
8
BLACK
6
CONTINUOUS
10
4.701623228346457
20
-3.9460279133858265
11
4.7023724409448819
21
-3.9497944881889762
0
LINE
8
BLACK
6
CONTINUOUS
10
4.7023724409448819
20
-3.9497944881889762
11
4.7023724409448819
21
-3.9871960629921257
0
LINE
8
BLACK
6
CONTINUOUS
10
4.7023724409448819
20
-3.9871960629921257
11
4.701623228346457
21
-3.9909626377952754
0
LINE
8
BLACK
6
CONTINUOUS
10
4.701623228346457
20
-3.9909626377952754
11
4.6994896456692912
21
-3.9941557874015747
0
LINE
8
BLACK
6
CONTINUOUS
10
4.6994896456692912
20
-3.9941557874015747
11
4.6962964960629918
21
-3.9962893700787401
0
LINE
8
BLACK
6
CONTINUOUS
10
4.6962964960629918
20
-3.9962893700787401
11
4.6925299212598421
21
-3.9970385826771651
0
LINE
8
BLACK
6
CONTINUOUS
10
4.6925299212598421
20
-3.9970385826771651
11
4.6728448818897634
21
-3.9970385826771651
0
LINE
8
BLACK
6
CONTINUOUS
10
4.6728448818897634
20
-3.9970385826771651
11
4.6690783070866138
21
-3.9962893700787401
0
LINE
8
BLACK
6
CONTINUOUS
10
4.6690783070866138
20
-3.9962893700787401
11
4.6658851574803153
21
-3.9941557874015747
0
LINE
8
BLACK
6
CONTINUOUS
10
4.6658851574803153
20
-3.9941557874015747
11
4.6637515748031495
21
-3.9909626377952754
0
LINE
8
BLACK
6
CONTINUOUS
10
4.6637515748031495
20
-3.9909626377952754
11
4.6630023622047245
21
-3.9871960629921257
0
LINE
8
BLACK
6
CONTINUOUS
10
4.6630023622047245
20
-3.9871960629921257
11
4.6630023622047245
21
-3.9497944881889762
0
LINE
8
BLACK
6
CONTINUOUS
10
4.6630023622047245
20
-3.9497944881889762
11
4.6637515748031495
21
-3.9460279133858265
0
LINE
8
BLACK
6
CONTINUOUS
10
4.6637515748031495
20
-3.9460279133858265
11
4.6658851574803153
21
-3.9428347637795276
0
LINE
8
BLACK
6
CONTINUOUS
10
4.6658851574803153
20
-3.9428347637795276
11
4.6690783070866138
21
-3.9407011811023622
0
LINE
8
BLACK
6
CONTINUOUS
10
4.6690783070866138
20
-3.9407011811023622
11
4.6728448818897634
21
-3.9399519685039368
0
LINE
8
BLACK
6
CONTINUOUS
10
4.6728448818897634
20
-3.9399519685039368
11
4.6925299212598421
21
-3.9399519685039368
0
LINE
8
BLACK
6
CONTINUOUS
10
4.6925299212598421
20
-3.9399519685039368
11
4.6962964960629918
21
-3.9407011811023622
0
LINE
8
BLACK
6
CONTINUOUS
10
4.7710996456692909
20
-3.9407011811023622
11
4.7742927952755903
21
-3.9428347637795276
0
LINE
8
BLACK
6
CONTINUOUS
10
4.7742927952755903
20
-3.9428347637795276
11
4.776426377952756
21
-3.9460279133858265
0
LINE
8
BLACK
6
CONTINUOUS
10
4.776426377952756
20
-3.9460279133858265
11
4.777175590551181
21
-3.9497944881889762
0
LINE
8
BLACK
6
CONTINUOUS
10
4.777175590551181
20
-3.9497944881889762
11
4.777175590551181
21
-3.9871960629921257
0
LINE
8
BLACK
6
CONTINUOUS
10
4.777175590551181
20
-3.9871960629921257
11
4.776426377952756
21
-3.9909626377952754
0
LINE
8
BLACK
6
CONTINUOUS
10
4.776426377952756
20
-3.9909626377952754
11
4.7742927952755903
21
-3.9941557874015747
0
LINE
8
BLACK
6
CONTINUOUS
10
4.7742927952755903
20
-3.9941557874015747
11
4.7710996456692909
21
-3.9962893700787401
0
LINE
8
BLACK
6
CONTINUOUS
10
4.7710996456692909
20
-3.9962893700787401
11
4.7673330708661412
21
-3.9970385826771651
0
LINE
8
BLACK
6
CONTINUOUS
10
4.7673330708661412
20
-3.9970385826771651
11
4.7476480314960625
21
-3.9970385826771651
0
LINE
8
BLACK
6
CONTINUOUS
10
4.7476480314960625
20
-3.9970385826771651
11
4.7438814566929128
21
-3.9962893700787401
0
LINE
8
BLACK
6
CONTINUOUS
10
4.7438814566929128
20
-3.9962893700787401
11
4.7406883070866144
21
-3.9941557874015747
0
LINE
8
BLACK
6
CONTINUOUS
10
4.7406883070866144
20
-3.9941557874015747
11
4.7385547244094486
21
-3.9909626377952754
0
LINE
8
BLACK
6
CONTINUOUS
10
4.7385547244094486
20
-3.9909626377952754
11
4.7378055118110236
21
-3.9871960629921257
0
LINE
8
BLACK
6
CONTINUOUS
10
4.7378055118110236
20
-3.9871960629921257
11
4.7378055118110236
21
-3.9497944881889762
0
LINE
8
BLACK
6
CONTINUOUS
10
4.7378055118110236
20
-3.9497944881889762
11
4.7385547244094486
21
-3.9460279133858265
0
LINE
8
BLACK
6
CONTINUOUS
10
4.7385547244094486
20
-3.9460279133858265
11
4.7406883070866144
21
-3.9428347637795276
0
LINE
8
BLACK
6
CONTINUOUS
10
4.7406883070866144
20
-3.9428347637795276
11
4.7438814566929128
21
-3.9407011811023622
0
LINE
8
BLACK
6
CONTINUOUS
10
4.7438814566929128
20
-3.9407011811023622
11
4.7476480314960625
21
-3.9399519685039368
0
LINE
8
BLACK
6
CONTINUOUS
10
4.7476480314960625
20
-3.9399519685039368
11
4.7673330708661412
21
-3.9399519685039368
0
LINE
8
BLACK
6
CONTINUOUS
10
4.7673330708661412
20
-3.9399519685039368
11
4.7710996456692909
21
-3.9407011811023622
0
LINE
8
BLACK
6
CONTINUOUS
10
4.8714933464566927
20
-3.9407011811023622
11
4.8746864960629921
21
-3.9428347637795276
0
LINE
8
BLACK
6
CONTINUOUS
10
4.8746864960629921
20
-3.9428347637795276
11
4.876820078740157
21
-3.9460279133858265
0
LINE
8
BLACK
6
CONTINUOUS
10
4.876820078740157
20
-3.9460279133858265
11
4.8775692913385829
21
-3.9497944881889762
0
LINE
8
BLACK
6
CONTINUOUS
10
4.8775692913385829
20
-3.9497944881889762
11
4.8775692913385829
21
-3.9871960629921257
0
LINE
8
BLACK
6
CONTINUOUS
10
4.8775692913385829
20
-3.9871960629921257
11
4.876820078740157
21
-3.9909626377952754
0
LINE
8
BLACK
6
CONTINUOUS
10
4.876820078740157
20
-3.9909626377952754
11
4.8746864960629921
21
-3.9941557874015747
0
LINE
8
BLACK
6
CONTINUOUS
10
4.8746864960629921
20
-3.9941557874015747
11
4.8714933464566927
21
-3.9962893700787401
0
LINE
8
BLACK
6
CONTINUOUS
10
4.8714933464566927
20
-3.9962893700787401
11
4.8677267716535431
21
-3.9970385826771651
0
LINE
8
BLACK
6
CONTINUOUS
10
4.8677267716535431
20
-3.9970385826771651
11
4.8480417322834644
21
-3.9970385826771651
0
LINE
8
BLACK
6
CONTINUOUS
10
4.8480417322834644
20
-3.9970385826771651
11
4.8442751574803147
21
-3.9962893700787401
0
LINE
8
BLACK
6
CONTINUOUS
10
4.8442751574803147
20
-3.9962893700787401
11
4.8410820078740153
21
-3.9941557874015747
0
LINE
8
BLACK
6
CONTINUOUS
10
4.8410820078740153
20
-3.9941557874015747
11
4.8389484251968504
21
-3.9909626377952754
0
LINE
8
BLACK
6
CONTINUOUS
10
4.8389484251968504
20
-3.9909626377952754
11
4.8381992125984254
21
-3.9871960629921257
0
LINE
8
BLACK
6
CONTINUOUS
10
4.8381992125984254
20
-3.9871960629921257
11
4.8381992125984254
21
-3.9497944881889762
0
LINE
8
BLACK
6
CONTINUOUS
10
4.8381992125984254
20
-3.9497944881889762
11
4.8389484251968504
21
-3.9460279133858265
0
LINE
8
BLACK
6
CONTINUOUS
10
4.8389484251968504
20
-3.9460279133858265
11
4.8410820078740153
21
-3.9428347637795276
0
LINE
8
BLACK
6
CONTINUOUS
10
4.8410820078740153
20
-3.9428347637795276
11
4.8442751574803147
21
-3.9407011811023622
0
LINE
8
BLACK
6
CONTINUOUS
10
4.8442751574803147
20
-3.9407011811023622
11
4.8480417322834644
21
-3.9399519685039368
0
LINE
8
BLACK
6
CONTINUOUS
10
4.8480417322834644
20
-3.9399519685039368
11
4.8677267716535431
21
-3.9399519685039368
0
LINE
8
BLACK
6
CONTINUOUS
10
4.8677267716535431
20
-3.9399519685039368
11
4.8714933464566927
21
-3.9407011811023622
0
LINE
8
BLACK
6
CONTINUOUS
10
4.9462964960629918
20
-3.9407011811023622
11
4.9494896456692912
21
-3.9428347637795276
0
LINE
8
BLACK
6
CONTINUOUS
10
4.9494896456692912
20
-3.9428347637795276
11
4.951623228346457
21
-3.9460279133858265
0
LINE
8
BLACK
6
CONTINUOUS
10
4.951623228346457
20
-3.9460279133858265
11
4.9523724409448819
21
-3.9497944881889762
0
LINE
8
BLACK
6
CONTINUOUS
10
4.9523724409448819
20
-3.9497944881889762
11
4.9523724409448819
21
-3.9871960629921257
0
LINE
8
BLACK
6
CONTINUOUS
10
4.9523724409448819
20
-3.9871960629921257
11
4.951623228346457
21
-3.9909626377952754
0
LINE
8
BLACK
6
CONTINUOUS
10
4.951623228346457
20
-3.9909626377952754
11
4.9494896456692912
21
-3.9941557874015747
0
LINE
8
BLACK
6
CONTINUOUS
10
4.9494896456692912
20
-3.9941557874015747
11
4.9462964960629918
21
-3.9962893700787401
0
LINE
8
BLACK
6
CONTINUOUS
10
4.9462964960629918
20
-3.9962893700787401
11
4.9425299212598421
21
-3.9970385826771651
0
LINE
8
BLACK
6
CONTINUOUS
10
4.9425299212598421
20
-3.9970385826771651
11
4.9228448818897634
21
-3.9970385826771651
0
LINE
8
BLACK
6
CONTINUOUS
10
4.9228448818897634
20
-3.9970385826771651
11
4.9190783070866138
21
-3.9962893700787401
0
LINE
8
BLACK
6
CONTINUOUS
10
4.9190783070866138
20
-3.9962893700787401
11
4.9158851574803153
21
-3.9941557874015747
0
LINE
8
BLACK
6
CONTINUOUS
10
4.9158851574803153
20
-3.9941557874015747
11
4.9137515748031495
21
-3.9909626377952754
0
LINE
8
BLACK
6
CONTINUOUS
10
4.9137515748031495
20
-3.9909626377952754
11
4.9130023622047245
21
-3.9871960629921257
0
LINE
8
BLACK
6
CONTINUOUS
10
4.9130023622047245
20
-3.9871960629921257
11
4.9130023622047245
21
-3.9497944881889762
0
LINE
8
BLACK
6
CONTINUOUS
10
4.9130023622047245
20
-3.9497944881889762
11
4.9137515748031495
21
-3.9460279133858265
0
LINE
8
BLACK
6
CONTINUOUS
10
4.9137515748031495
20
-3.9460279133858265
11
4.9158851574803153
21
-3.9428347637795276
0
LINE
8
BLACK
6
CONTINUOUS
10
4.9158851574803153
20
-3.9428347637795276
11
4.9190783070866138
21
-3.9407011811023622
0
LINE
8
BLACK
6
CONTINUOUS
10
4.9190783070866138
20
-3.9407011811023622
11
4.9228448818897634
21
-3.9399519685039368
0
LINE
8
BLACK
6
CONTINUOUS
10
4.9228448818897634
20
-3.9399519685039368
11
4.9425299212598421
21
-3.9399519685039368
0
LINE
8
BLACK
6
CONTINUOUS
10
4.9425299212598421
20
-3.9399519685039368
11
4.9462964960629918
21
-3.9407011811023622
0
LINE
8
BLACK
6
CONTINUOUS
10
5.0466901968503937
20
-3.9407011811023622
11
5.049883346456693
21
-3.9428347637795276
0
LINE
8
BLACK
6
CONTINUOUS
10
5.049883346456693
20
-3.9428347637795276
11
5.0520169291338579
21
-3.9460279133858265
0
LINE
8
BLACK
6
CONTINUOUS
10
5.0520169291338579
20
-3.9460279133858265
11
5.0527661417322838
21
-3.9497944881889762
0
LINE
8
BLACK
6
CONTINUOUS
10
5.0527661417322838
20
-3.9497944881889762
11
5.0527661417322838
21
-3.9871960629921257
0
LINE
8
BLACK
6
CONTINUOUS
10
5.0527661417322838
20
-3.9871960629921257
11
5.0520169291338579
21
-3.9909626377952754
0
LINE
8
BLACK
6
CONTINUOUS
10
5.0520169291338579
20
-3.9909626377952754
11
5.049883346456693
21
-3.9941557874015747
0
LINE
8
BLACK
6
CONTINUOUS
10
5.049883346456693
20
-3.9941557874015747
11
5.0466901968503937
21
-3.9962893700787401
0
LINE
8
BLACK
6
CONTINUOUS
10
5.0466901968503937
20
-3.9962893700787401
11
5.042923622047244
21
-3.9970385826771651
0
LINE
8
BLACK
6
CONTINUOUS
10
5.042923622047244
20
-3.9970385826771651
11
5.0232385826771653
21
-3.9970385826771651
0
LINE
8
BLACK
6
CONTINUOUS
10
5.0232385826771653
20
-3.9970385826771651
11
5.0194720078740156
21
-3.9962893700787401
0
LINE
8
BLACK
6
CONTINUOUS
10
5.0194720078740156
20
-3.9962893700787401
11
5.0162788582677162
21
-3.9941557874015747
0
LINE
8
BLACK
6
CONTINUOUS
10
5.0162788582677162
20
-3.9941557874015747
11
5.0141452755905513
21
-3.9909626377952754
0
LINE
8
BLACK
6
CONTINUOUS
10
5.0141452755905513
20
-3.9909626377952754
11
5.0133960629921255
21
-3.9871960629921257
0
LINE
8
BLACK
6
CONTINUOUS
10
5.0133960629921255
20
-3.9871960629921257
11
5.0133960629921255
21
-3.9497944881889762
0
LINE
8
BLACK
6
CONTINUOUS
10
5.0133960629921255
20
-3.9497944881889762
11
5.0141452755905513
21
-3.9460279133858265
0
LINE
8
BLACK
6
CONTINUOUS
10
5.0141452755905513
20
-3.9460279133858265
11
5.0162788582677162
21
-3.9428347637795276
0
LINE
8
BLACK
6
CONTINUOUS
10
5.0162788582677162
20
-3.9428347637795276
11
5.0194720078740156
21
-3.9407011811023622
0
LINE
8
BLACK
6
CONTINUOUS
10
5.0194720078740156
20
-3.9407011811023622
11
5.0232385826771653
21
-3.9399519685039368
0
LINE
8
BLACK
6
CONTINUOUS
10
5.0232385826771653
20
-3.9399519685039368
11
5.042923622047244
21
-3.9399519685039368
0
LINE
8
BLACK
6
CONTINUOUS
10
5.042923622047244
20
-3.9399519685039368
11
5.0466901968503937
21
-3.9407011811023622
0
LINE
8
BLACK
6
CONTINUOUS
10
5.1214933464566927
20
-3.9407011811023622
11
5.1246864960629921
21
-3.9428347637795276
0
LINE
8
BLACK
6
CONTINUOUS
10
5.1246864960629921
20
-3.9428347637795276
11
5.126820078740157
21
-3.9460279133858265
0
LINE
8
BLACK
6
CONTINUOUS
10
5.126820078740157
20
-3.9460279133858265
11
5.1275692913385829
21
-3.9497944881889762
0
LINE
8
BLACK
6
CONTINUOUS
10
5.1275692913385829
20
-3.9497944881889762
11
5.1275692913385829
21
-3.9871960629921257
0
LINE
8
BLACK
6
CONTINUOUS
10
5.1275692913385829
20
-3.9871960629921257
11
5.126820078740157
21
-3.9909626377952754
0
LINE
8
BLACK
6
CONTINUOUS
10
5.126820078740157
20
-3.9909626377952754
11
5.1246864960629921
21
-3.9941557874015747
0
LINE
8
BLACK
6
CONTINUOUS
10
5.1246864960629921
20
-3.9941557874015747
11
5.1214933464566927
21
-3.9962893700787401
0
LINE
8
BLACK
6
CONTINUOUS
10
5.1214933464566927
20
-3.9962893700787401
11
5.1177267716535431
21
-3.9970385826771651
0
LINE
8
BLACK
6
CONTINUOUS
10
5.1177267716535431
20
-3.9970385826771651
11
5.0980417322834644
21
-3.9970385826771651
0
LINE
8
BLACK
6
CONTINUOUS
10
5.0980417322834644
20
-3.9970385826771651
11
5.0942751574803147
21
-3.9962893700787401
0
LINE
8
BLACK
6
CONTINUOUS
10
5.0942751574803147
20
-3.9962893700787401
11
5.0910820078740153
21
-3.9941557874015747
0
LINE
8
BLACK
6
CONTINUOUS
10
5.0910820078740153
20
-3.9941557874015747
11
5.0889484251968504
21
-3.9909626377952754
0
LINE
8
BLACK
6
CONTINUOUS
10
5.0889484251968504
20
-3.9909626377952754
11
5.0881992125984254
21
-3.9871960629921257
0
LINE
8
BLACK
6
CONTINUOUS
10
5.0881992125984254
20
-3.9871960629921257
11
5.0881992125984254
21
-3.9497944881889762
0
LINE
8
BLACK
6
CONTINUOUS
10
5.0881992125984254
20
-3.9497944881889762
11
5.0889484251968504
21
-3.9460279133858265
0
LINE
8
BLACK
6
CONTINUOUS
10
5.0889484251968504
20
-3.9460279133858265
11
5.0910820078740153
21
-3.9428347637795276
0
LINE
8
BLACK
6
CONTINUOUS
10
5.0910820078740153
20
-3.9428347637795276
11
5.0942751574803147
21
-3.9407011811023622
0
LINE
8
BLACK
6
CONTINUOUS
10
5.0942751574803147
20
-3.9407011811023622
11
5.0980417322834644
21
-3.9399519685039368
0
LINE
8
BLACK
6
CONTINUOUS
10
5.0980417322834644
20
-3.9399519685039368
11
5.1177267716535431
21
-3.9399519685039368
0
LINE
8
BLACK
6
CONTINUOUS
10
5.1177267716535431
20
-3.9399519685039368
11
5.1214933464566927
21
-3.9407011811023622
0
LINE
8
BLACK
6
CONTINUOUS
10
3.8293673622047244
20
-3.938142125984252
11
3.8325605118110238
21
-3.9402757086614173
0
LINE
8
BLACK
6
CONTINUOUS
10
3.8325605118110238
20
-3.9402757086614173
11
3.8346940944881891
21
-3.9434688582677166
0
LINE
8
BLACK
6
CONTINUOUS
10
3.8346940944881891
20
-3.9434688582677166
11
3.8354433070866141
21
-3.9472354330708659
0
LINE
8
BLACK
6
CONTINUOUS
10
3.8354433070866141
20
-3.9472354330708659
11
3.8354433070866141
21
-3.982668503937008
0
LINE
8
BLACK
6
CONTINUOUS
10
3.8354433070866141
20
-3.982668503937008
11
3.8346940944881891
21
-3.9864350787401572
0
LINE
8
BLACK
6
CONTINUOUS
10
3.8346940944881891
20
-3.9864350787401572
11
3.8325605118110238
21
-3.9896282283464566
0
LINE
8
BLACK
6
CONTINUOUS
10
3.8325605118110238
20
-3.9896282283464566
11
3.8293673622047244
21
-3.9917618110236219
0
LINE
8
BLACK
6
CONTINUOUS
10
3.8293673622047244
20
-3.9917618110236219
11
3.8256007874015747
21
-3.9925110236220474
0
LINE
8
BLACK
6
CONTINUOUS
10
3.8256007874015747
20
-3.9925110236220474
11
3.8049314960629919
21
-3.9925110236220474
0
LINE
8
BLACK
6
CONTINUOUS
10
3.8049314960629919
20
-3.9925110236220474
11
3.8011649212598426
21
-3.9917618110236219
0
LINE
8
BLACK
6
CONTINUOUS
10
3.8011649212598426
20
-3.9917618110236219
11
3.7979717716535433
21
-3.9896282283464566
0
LINE
8
BLACK
6
CONTINUOUS
10
3.7979717716535433
20
-3.9896282283464566
11
3.7958381889763779
21
-3.9864350787401572
0
LINE
8
BLACK
6
CONTINUOUS
10
3.7958381889763779
20
-3.9864350787401572
11
3.7950889763779525
21
-3.982668503937008
0
LINE
8
BLACK
6
CONTINUOUS
10
3.7950889763779525
20
-3.982668503937008
11
3.7950889763779525
21
-3.9472354330708659
0
LINE
8
BLACK
6
CONTINUOUS
10
3.7950889763779525
20
-3.9472354330708659
11
3.7958381889763779
21
-3.9434688582677166
0
LINE
8
BLACK
6
CONTINUOUS
10
3.7958381889763779
20
-3.9434688582677166
11
3.7979717716535433
21
-3.9402757086614173
0
LINE
8
BLACK
6
CONTINUOUS
10
3.7979717716535433
20
-3.9402757086614173
11
3.8011649212598426
21
-3.938142125984252
0
LINE
8
BLACK
6
CONTINUOUS
10
3.8011649212598426
20
-3.938142125984252
11
3.8049314960629919
21
-3.9373929133858265
0
LINE
8
BLACK
6
CONTINUOUS
10
3.8049314960629919
20
-3.9373929133858265
11
3.8256007874015747
21
-3.9373929133858265
0
LINE
8
BLACK
6
CONTINUOUS
10
3.8256007874015747
20
-3.9373929133858265
11
3.8293673622047244
21
-3.938142125984252
0
LINE
8
BLACK
6
CONTINUOUS
10
3.9012177559055119
20
-3.938142125984252
11
3.9044109055118108
21
-3.9402757086614173
0
LINE
8
BLACK
6
CONTINUOUS
10
3.9044109055118108
20
-3.9402757086614173
11
3.9065444881889761
21
-3.9434688582677166
0
LINE
8
BLACK
6
CONTINUOUS
10
3.9065444881889761
20
-3.9434688582677166
11
3.9072937007874016
21
-3.9472354330708659
0
LINE
8
BLACK
6
CONTINUOUS
10
3.9072937007874016
20
-3.9472354330708659
11
3.9072937007874016
21
-3.982668503937008
0
LINE
8
BLACK
6
CONTINUOUS
10
3.9072937007874016
20
-3.982668503937008
11
3.9065444881889761
21
-3.9864350787401572
0
LINE
8
BLACK
6
CONTINUOUS
10
3.9065444881889761
20
-3.9864350787401572
11
3.9044109055118108
21
-3.9896282283464566
0
LINE
8
BLACK
6
CONTINUOUS
10
3.9044109055118108
20
-3.9896282283464566
11
3.9012177559055119
21
-3.9917618110236219
0
LINE
8
BLACK
6
CONTINUOUS
10
3.9012177559055119
20
-3.9917618110236219
11
3.8974511811023622
21
-3.9925110236220474
0
LINE
8
BLACK
6
CONTINUOUS
10
3.8974511811023622
20
-3.9925110236220474
11
3.8767818897637794
21
-3.9925110236220474
0
LINE
8
BLACK
6
CONTINUOUS
10
3.8767818897637794
20
-3.9925110236220474
11
3.8730153149606297
21
-3.9917618110236219
0
LINE
8
BLACK
6
CONTINUOUS
10
3.8730153149606297
20
-3.9917618110236219
11
3.8698221653543308
21
-3.9896282283464566
0
LINE
8
BLACK
6
CONTINUOUS
10
3.8698221653543308
20
-3.9896282283464566
11
3.8676885826771654
21
-3.9864350787401572
0
LINE
8
BLACK
6
CONTINUOUS
10
3.8676885826771654
20
-3.9864350787401572
11
3.86693937007874
21
-3.982668503937008
0
LINE
8
BLACK
6
CONTINUOUS
10
3.86693937007874
20
-3.982668503937008
11
3.86693937007874
21
-3.9472354330708659
0
LINE
8
BLACK
6
CONTINUOUS
10
3.86693937007874
20
-3.9472354330708659
11
3.8676885826771654
21
-3.9434688582677166
0
LINE
8
BLACK
6
CONTINUOUS
10
3.8676885826771654
20
-3.9434688582677166
11
3.8698221653543308
21
-3.9402757086614173
0
LINE
8
BLACK
6
CONTINUOUS
10
3.8698221653543308
20
-3.9402757086614173
11
3.8730153149606297
21
-3.938142125984252
0
LINE
8
BLACK
6
CONTINUOUS
10
3.8730153149606297
20
-3.938142125984252
11
3.8767818897637794
21
-3.9373929133858265
0
LINE
8
BLACK
6
CONTINUOUS
10
3.8767818897637794
20
-3.9373929133858265
11
3.8974511811023622
21
-3.9373929133858265
0
LINE
8
BLACK
6
CONTINUOUS
10
3.8974511811023622
20
-3.9373929133858265
11
3.9012177559055119
21
-3.938142125984252
0
LINE
8
BLACK
6
CONTINUOUS
10
4.0029894094488192
20
-3.938142125984252
11
4.0061825590551177
21
-3.9402757086614173
0
LINE
8
BLACK
6
CONTINUOUS
10
4.0061825590551177
20
-3.9402757086614173
11
4.0083161417322835
21
-3.9434688582677166
0
LINE
8
BLACK
6
CONTINUOUS
10
4.0083161417322835
20
-3.9434688582677166
11
4.0090653543307084
21
-3.9472354330708659
0
LINE
8
BLACK
6
CONTINUOUS
10
4.0090653543307084
20
-3.9472354330708659
11
4.0090653543307084
21
-3.982668503937008
0
LINE
8
BLACK
6
CONTINUOUS
10
4.0090653543307084
20
-3.982668503937008
11
4.0083161417322835
21
-3.9864350787401572
0
LINE
8
BLACK
6
CONTINUOUS
10
4.0083161417322835
20
-3.9864350787401572
11
4.0061825590551177
21
-3.9896282283464566
0
LINE
8
BLACK
6
CONTINUOUS
10
4.0061825590551177
20
-3.9896282283464566
11
4.0029894094488192
21
-3.9917618110236219
0
LINE
8
BLACK
6
CONTINUOUS
10
4.0029894094488192
20
-3.9917618110236219
11
3.9992228346456691
21
-3.9925110236220474
0
LINE
8
BLACK
6
CONTINUOUS
10
3.9992228346456691
20
-3.9925110236220474
11
3.9785535433070867
21
-3.9925110236220474
0
LINE
8
BLACK
6
CONTINUOUS
10
3.9785535433070867
20
-3.9925110236220474
11
3.974786968503937
21
-3.9917618110236219
0
LINE
8
BLACK
6
CONTINUOUS
10
3.974786968503937
20
-3.9917618110236219
11
3.9715938188976376
21
-3.9896282283464566
0
LINE
8
BLACK
6
CONTINUOUS
10
3.9715938188976376
20
-3.9896282283464566
11
3.9694602362204723
21
-3.9864350787401572
0
LINE
8
BLACK
6
CONTINUOUS
10
3.9694602362204723
20
-3.9864350787401572
11
3.9687110236220473
21
-3.982668503937008
0
LINE
8
BLACK
6
CONTINUOUS
10
3.9687110236220473
20
-3.982668503937008
11
3.9687110236220473
21
-3.9472354330708659
0
LINE
8
BLACK
6
CONTINUOUS
10
3.9687110236220473
20
-3.9472354330708659
11
3.9694602362204723
21
-3.9434688582677166
0
LINE
8
BLACK
6
CONTINUOUS
10
3.9694602362204723
20
-3.9434688582677166
11
3.9715938188976376
21
-3.9402757086614173
0
LINE
8
BLACK
6
CONTINUOUS
10
3.9715938188976376
20
-3.9402757086614173
11
3.974786968503937
21
-3.938142125984252
0
LINE
8
BLACK
6
CONTINUOUS
10
3.974786968503937
20
-3.938142125984252
11
3.9785535433070867
21
-3.9373929133858265
0
LINE
8
BLACK
6
CONTINUOUS
10
3.9785535433070867
20
-3.9373929133858265
11
3.9992228346456691
21
-3.9373929133858265
0
LINE
8
BLACK
6
CONTINUOUS
10
3.9992228346456691
20
-3.9373929133858265
11
4.0029894094488192
21
-3.938142125984252
0
LINE
8
BLACK
6
CONTINUOUS
10
4.0748398031496063
20
-3.938142125984252
11
4.0780329527559056
21
-3.9402757086614173
0
LINE
8
BLACK
6
CONTINUOUS
10
4.0780329527559056
20
-3.9402757086614173
11
4.0801665354330705
21
-3.9434688582677166
0
LINE
8
BLACK
6
CONTINUOUS
10
4.0801665354330705
20
-3.9434688582677166
11
4.0809157480314964
21
-3.9472354330708659
0
LINE
8
BLACK
6
CONTINUOUS
10
4.0809157480314964
20
-3.9472354330708659
11
4.0809157480314964
21
-3.982668503937008
0
LINE
8
BLACK
6
CONTINUOUS
10
4.0809157480314964
20
-3.982668503937008
11
4.0801665354330705
21
-3.9864350787401572
0
LINE
8
BLACK
6
CONTINUOUS
10
4.0801665354330705
20
-3.9864350787401572
11
4.0780329527559056
21
-3.9896282283464566
0
LINE
8
BLACK
6
CONTINUOUS
10
4.0780329527559056
20
-3.9896282283464566
11
4.0748398031496063
21
-3.9917618110236219
0
LINE
8
BLACK
6
CONTINUOUS
10
4.0748398031496063
20
-3.9917618110236219
11
4.0710732283464566
21
-3.9925110236220474
0
LINE
8
BLACK
6
CONTINUOUS
10
4.0710732283464566
20
-3.9925110236220474
11
4.0504039370078742
21
-3.9925110236220474
0
LINE
8
BLACK
6
CONTINUOUS
10
4.0504039370078742
20
-3.9925110236220474
11
4.0466373622047245
21
-3.9917618110236219
0
LINE
8
BLACK
6
CONTINUOUS
10
4.0466373622047245
20
-3.9917618110236219
11
4.0434442125984251
21
-3.9896282283464566
0
LINE
8
BLACK
6
CONTINUOUS
10
4.0434442125984251
20
-3.9896282283464566
11
4.0413106299212593
21
-3.9864350787401572
0
LINE
8
BLACK
6
CONTINUOUS
10
4.0413106299212593
20
-3.9864350787401572
11
4.0405614173228344
21
-3.982668503937008
0
LINE
8
BLACK
6
CONTINUOUS
10
4.0405614173228344
20
-3.982668503937008
11
4.0405614173228344
21
-3.9472354330708659
0
LINE
8
BLACK
6
CONTINUOUS
10
4.0405614173228344
20
-3.9472354330708659
11
4.0413106299212593
21
-3.9434688582677166
0
LINE
8
BLACK
6
CONTINUOUS
10
4.0413106299212593
20
-3.9434688582677166
11
4.0434442125984251
21
-3.9402757086614173
0
LINE
8
BLACK
6
CONTINUOUS
10
4.0434442125984251
20
-3.9402757086614173
11
4.0466373622047245
21
-3.938142125984252
0
LINE
8
BLACK
6
CONTINUOUS
10
4.0466373622047245
20
-3.938142125984252
11
4.0504039370078742
21
-3.9373929133858265
0
LINE
8
BLACK
6
CONTINUOUS
10
4.0504039370078742
20
-3.9373929133858265
11
4.0710732283464566
21
-3.9373929133858265
0
LINE
8
BLACK
6
CONTINUOUS
10
4.0710732283464566
20
-3.9373929133858265
11
4.0748398031496063
21
-3.938142125984252
0
LINE
8
BLACK
6
CONTINUOUS
10
4.1766114566929131
20
-3.938142125984252
11
4.1798046062992125
21
-3.9402757086614173
0
LINE
8
BLACK
6
CONTINUOUS
10
4.1798046062992125
20
-3.9402757086614173
11
4.1819381889763783
21
-3.9434688582677166
0
LINE
8
BLACK
6
CONTINUOUS
10
4.1819381889763783
20
-3.9434688582677166
11
4.1826874015748032
21
-3.9472354330708659
0
LINE
8
BLACK
6
CONTINUOUS
10
4.1826874015748032
20
-3.9472354330708659
11
4.1826874015748032
21
-3.982668503937008
0
LINE
8
BLACK
6
CONTINUOUS
10
4.1826874015748032
20
-3.982668503937008
11
4.1819381889763783
21
-3.9864350787401572
0
LINE
8
BLACK
6
CONTINUOUS
10
4.1819381889763783
20
-3.9864350787401572
11
4.1798046062992125
21
-3.9896282283464566
0
LINE
8
BLACK
6
CONTINUOUS
10
4.1798046062992125
20
-3.9896282283464566
11
4.1766114566929131
21
-3.9917618110236219
0
LINE
8
BLACK
6
CONTINUOUS
10
4.1766114566929131
20
-3.9917618110236219
11
4.1728448818897634
21
-3.9925110236220474
0
LINE
8
BLACK
6
CONTINUOUS
10
4.1728448818897634
20
-3.9925110236220474
11
4.152175590551181
21
-3.9925110236220474
0
LINE
8
BLACK
6
CONTINUOUS
10
4.152175590551181
20
-3.9925110236220474
11
4.1484090157480313
21
-3.9917618110236219
0
LINE
8
BLACK
6
CONTINUOUS
10
4.1484090157480313
20
-3.9917618110236219
11
4.145215866141732
21
-3.9896282283464566
0
LINE
8
BLACK
6
CONTINUOUS
10
4.145215866141732
20
-3.9896282283464566
11
4.1430822834645671
21
-3.9864350787401572
0
LINE
8
BLACK
6
CONTINUOUS
10
4.1430822834645671
20
-3.9864350787401572
11
4.1423330708661412
21
-3.982668503937008
0
LINE
8
BLACK
6
CONTINUOUS
10
4.1423330708661412
20
-3.982668503937008
11
4.1423330708661412
21
-3.9472354330708659
0
LINE
8
BLACK
6
CONTINUOUS
10
4.1423330708661412
20
-3.9472354330708659
11
4.1430822834645671
21
-3.9434688582677166
0
LINE
8
BLACK
6
CONTINUOUS
10
4.1430822834645671
20
-3.9434688582677166
11
4.145215866141732
21
-3.9402757086614173
0
LINE
8
BLACK
6
CONTINUOUS
10
4.145215866141732
20
-3.9402757086614173
11
4.1484090157480313
21
-3.938142125984252
0
LINE
8
BLACK
6
CONTINUOUS
10
4.1484090157480313
20
-3.938142125984252
11
4.152175590551181
21
-3.9373929133858265
0
LINE
8
BLACK
6
CONTINUOUS
10
4.152175590551181
20
-3.9373929133858265
11
4.1728448818897634
21
-3.9373929133858265
0
LINE
8
BLACK
6
CONTINUOUS
10
4.1728448818897634
20
-3.9373929133858265
11
4.1766114566929131
21
-3.938142125984252
0
LINE
8
BLACK
6
CONTINUOUS
10
4.2484618503937011
20
-3.938142125984252
11
4.2516549999999995
21
-3.9402757086614173
0
LINE
8
BLACK
6
CONTINUOUS
10
4.2516549999999995
20
-3.9402757086614173
11
4.2537885826771653
21
-3.9434688582677166
0
LINE
8
BLACK
6
CONTINUOUS
10
4.2537885826771653
20
-3.9434688582677166
11
4.2545377952755903
21
-3.9472354330708659
0
LINE
8
BLACK
6
CONTINUOUS
10
4.2545377952755903
20
-3.9472354330708659
11
4.2545377952755903
21
-3.982668503937008
0
LINE
8
BLACK
6
CONTINUOUS
10
4.2545377952755903
20
-3.982668503937008
11
4.2537885826771653
21
-3.9864350787401572
0
LINE
8
BLACK
6
CONTINUOUS
10
4.2537885826771653
20
-3.9864350787401572
11
4.2516549999999995
21
-3.9896282283464566
0
LINE
8
BLACK
6
CONTINUOUS
10
4.2516549999999995
20
-3.9896282283464566
11
4.2484618503937011
21
-3.9917618110236219
0
LINE
8
BLACK
6
CONTINUOUS
10
4.2484618503937011
20
-3.9917618110236219
11
4.2446952755905514
21
-3.9925110236220474
0
LINE
8
BLACK
6
CONTINUOUS
10
4.2446952755905514
20
-3.9925110236220474
11
4.2240259842519681
21
-3.9925110236220474
0
LINE
8
BLACK
6
CONTINUOUS
10
4.2240259842519681
20
-3.9925110236220474
11
4.2202594094488184
21
-3.9917618110236219
0
LINE
8
BLACK
6
CONTINUOUS
10
4.2202594094488184
20
-3.9917618110236219
11
4.2170662598425199
21
-3.9896282283464566
0
LINE
8
BLACK
6
CONTINUOUS
10
4.2170662598425199
20
-3.9896282283464566
11
4.2149326771653541
21
-3.9864350787401572
0
LINE
8
BLACK
6
CONTINUOUS
10
4.2149326771653541
20
-3.9864350787401572
11
4.2141834645669292
21
-3.982668503937008
0
LINE
8
BLACK
6
CONTINUOUS
10
4.2141834645669292
20
-3.982668503937008
11
4.2141834645669292
21
-3.9472354330708659
0
LINE
8
BLACK
6
CONTINUOUS
10
4.2141834645669292
20
-3.9472354330708659
11
4.2149326771653541
21
-3.9434688582677166
0
LINE
8
BLACK
6
CONTINUOUS
10
4.2149326771653541
20
-3.9434688582677166
11
4.2170662598425199
21
-3.9402757086614173
0
LINE
8
BLACK
6
CONTINUOUS
10
4.2170662598425199
20
-3.9402757086614173
11
4.2202594094488184
21
-3.938142125984252
0
LINE
8
BLACK
6
CONTINUOUS
10
4.2202594094488184
20
-3.938142125984252
11
4.2240259842519681
21
-3.9373929133858265
0
LINE
8
BLACK
6
CONTINUOUS
10
4.2240259842519681
20
-3.9373929133858265
11
4.2446952755905514
21
-3.9373929133858265
0
LINE
8
BLACK
6
CONTINUOUS
10
4.2446952755905514
20
-3.9373929133858265
11
4.2484618503937011
21
-3.938142125984252
0
LINE
8
BLACK
6
CONTINUOUS
10
4.3502335039370079
20
-3.938142125984252
11
4.3534266535433073
21
-3.9402757086614173
0
LINE
8
BLACK
6
CONTINUOUS
10
4.3534266535433073
20
-3.9402757086614173
11
4.3555602362204722
21
-3.9434688582677166
0
LINE
8
BLACK
6
CONTINUOUS
10
4.3555602362204722
20
-3.9434688582677166
11
4.3563094488188971
21
-3.9472354330708659
0
LINE
8
BLACK
6
CONTINUOUS
10
4.3563094488188971
20
-3.9472354330708659
11
4.3563094488188971
21
-3.982668503937008
0
LINE
8
BLACK
6
CONTINUOUS
10
4.3563094488188971
20
-3.982668503937008
11
4.3555602362204722
21
-3.9864350787401572
0
LINE
8
BLACK
6
CONTINUOUS
10
4.3555602362204722
20
-3.9864350787401572
11
4.3534266535433073
21
-3.9896282283464566
0
LINE
8
BLACK
6
CONTINUOUS
10
4.3534266535433073
20
-3.9896282283464566
11
4.3502335039370079
21
-3.9917618110236219
0
LINE
8
BLACK
6
CONTINUOUS
10
4.3502335039370079
20
-3.9917618110236219
11
4.3464669291338582
21
-3.9925110236220474
0
LINE
8
BLACK
6
CONTINUOUS
10
4.3464669291338582
20
-3.9925110236220474
11
4.3257976377952758
21
-3.9925110236220474
0
LINE
8
BLACK
6
CONTINUOUS
10
4.3257976377952758
20
-3.9925110236220474
11
4.3220310629921261
21
-3.9917618110236219
0
LINE
8
BLACK
6
CONTINUOUS
10
4.3220310629921261
20
-3.9917618110236219
11
4.3188379133858268
21
-3.9896282283464566
0
LINE
8
BLACK
6
CONTINUOUS
10
4.3188379133858268
20
-3.9896282283464566
11
4.316704330708661
21
-3.9864350787401572
0
LINE
8
BLACK
6
CONTINUOUS
10
4.316704330708661
20
-3.9864350787401572
11
4.315955118110236
21
-3.982668503937008
0
LINE
8
BLACK
6
CONTINUOUS
10
4.315955118110236
20
-3.982668503937008
11
4.315955118110236
21
-3.9472354330708659
0
LINE
8
BLACK
6
CONTINUOUS
10
4.315955118110236
20
-3.9472354330708659
11
4.316704330708661
21
-3.9434688582677166
0
LINE
8
BLACK
6
CONTINUOUS
10
4.316704330708661
20
-3.9434688582677166
11
4.3188379133858268
21
-3.9402757086614173
0
LINE
8
BLACK
6
CONTINUOUS
10
4.3188379133858268
20
-3.9402757086614173
11
4.3220310629921261
21
-3.938142125984252
0
LINE
8
BLACK
6
CONTINUOUS
10
4.3220310629921261
20
-3.938142125984252
11
4.3257976377952758
21
-3.9373929133858265
0
LINE
8
BLACK
6
CONTINUOUS
10
4.3257976377952758
20
-3.9373929133858265
11
4.3464669291338582
21
-3.9373929133858265
0
LINE
8
BLACK
6
CONTINUOUS
10
4.3464669291338582
20
-3.9373929133858265
11
4.3502335039370079
21
-3.938142125984252
0
LINE
8
BLACK
6
CONTINUOUS
10
4.422083897637795
20
-3.938142125984252
11
4.4252770472440943
21
-3.9402757086614173
0
LINE
8
BLACK
6
CONTINUOUS
10
4.4252770472440943
20
-3.9402757086614173
11
4.4274106299212601
21
-3.9434688582677166
0
LINE
8
BLACK
6
CONTINUOUS
10
4.4274106299212601
20
-3.9434688582677166
11
4.4281598425196851
21
-3.9472354330708659
0
LINE
8
BLACK
6
CONTINUOUS
10
4.4281598425196851
20
-3.9472354330708659
11
4.4281598425196851
21
-3.982668503937008
0
LINE
8
BLACK
6
CONTINUOUS
10
4.4281598425196851
20
-3.982668503937008
11
4.4274106299212601
21
-3.9864350787401572
0
LINE
8
BLACK
6
CONTINUOUS
10
4.4274106299212601
20
-3.9864350787401572
11
4.4252770472440943
21
-3.9896282283464566
0
LINE
8
BLACK
6
CONTINUOUS
10
4.4252770472440943
20
-3.9896282283464566
11
4.422083897637795
21
-3.9917618110236219
0
LINE
8
BLACK
6
CONTINUOUS
10
4.422083897637795
20
-3.9917618110236219
11
4.4183173228346453
21
-3.9925110236220474
0
LINE
8
BLACK
6
CONTINUOUS
10
4.4183173228346453
20
-3.9925110236220474
11
4.3976480314960629
21
-3.9925110236220474
0
LINE
8
BLACK
6
CONTINUOUS
10
4.3976480314960629
20
-3.9925110236220474
11
4.3938814566929132
21
-3.9917618110236219
0
LINE
8
BLACK
6
CONTINUOUS
10
4.3938814566929132
20
-3.9917618110236219
11
4.3906883070866138
21
-3.9896282283464566
0
LINE
8
BLACK
6
CONTINUOUS
10
4.3906883070866138
20
-3.9896282283464566
11
4.3885547244094489
21
-3.9864350787401572
0
LINE
8
BLACK
6
CONTINUOUS
10
4.3885547244094489
20
-3.9864350787401572
11
4.387805511811024
21
-3.982668503937008
0
LINE
8
BLACK
6
CONTINUOUS
10
4.387805511811024
20
-3.982668503937008
11
4.387805511811024
21
-3.9472354330708659
0
LINE
8
BLACK
6
CONTINUOUS
10
4.387805511811024
20
-3.9472354330708659
11
4.3885547244094489
21
-3.9434688582677166
0
LINE
8
BLACK
6
CONTINUOUS
10
4.3885547244094489
20
-3.9434688582677166
11
4.3906883070866138
21
-3.9402757086614173
0
LINE
8
BLACK
6
CONTINUOUS
10
4.3906883070866138
20
-3.9402757086614173
11
4.3938814566929132
21
-3.938142125984252
0
LINE
8
BLACK
6
CONTINUOUS
10
4.3938814566929132
20
-3.938142125984252
11
4.3976480314960629
21
-3.9373929133858265
0
LINE
8
BLACK
6
CONTINUOUS
10
4.3976480314960629
20
-3.9373929133858265
11
4.4183173228346453
21
-3.9373929133858265
0
LINE
8
BLACK
6
CONTINUOUS
10
4.4183173228346453
20
-3.9373929133858265
11
4.422083897637795
21
-3.938142125984252
0
LINE
8
BLACK
6
CONTINUOUS
10
4.5238555511811018
20
-3.938142125984252
11
4.5270487007874012
21
-3.9402757086614173
0
LINE
8
BLACK
6
CONTINUOUS
10
4.5270487007874012
20
-3.9402757086614173
11
4.529182283464567
21
-3.9434688582677166
0
LINE
8
BLACK
6
CONTINUOUS
10
4.529182283464567
20
-3.9434688582677166
11
4.5299314960629919
21
-3.9472354330708659
0
LINE
8
BLACK
6
CONTINUOUS
10
4.5299314960629919
20
-3.9472354330708659
11
4.5299314960629919
21
-3.982668503937008
0
LINE
8
BLACK
6
CONTINUOUS
10
4.5299314960629919
20
-3.982668503937008
11
4.529182283464567
21
-3.9864350787401572
0
LINE
8
BLACK
6
CONTINUOUS
10
4.529182283464567
20
-3.9864350787401572
11
4.5270487007874012
21
-3.9896282283464566
0
LINE
8
BLACK
6
CONTINUOUS
10
4.5270487007874012
20
-3.9896282283464566
11
4.5238555511811018
21
-3.9917618110236219
0
LINE
8
BLACK
6
CONTINUOUS
10
4.5238555511811018
20
-3.9917618110236219
11
4.520088976377953
21
-3.9925110236220474
0
LINE
8
BLACK
6
CONTINUOUS
10
4.520088976377953
20
-3.9925110236220474
11
4.4994196850393697
21
-3.9925110236220474
0
LINE
8
BLACK
6
CONTINUOUS
10
4.4994196850393697
20
-3.9925110236220474
11
4.4956531102362201
21
-3.9917618110236219
0
LINE
8
BLACK
6
CONTINUOUS
10
4.4956531102362201
20
-3.9917618110236219
11
4.4924599606299216
21
-3.9896282283464566
0
LINE
8
BLACK
6
CONTINUOUS
10
4.4924599606299216
20
-3.9896282283464566
11
4.4903263779527558
21
-3.9864350787401572
0
LINE
8
BLACK
6
CONTINUOUS
10
4.4903263779527558
20
-3.9864350787401572
11
4.4895771653543308
21
-3.982668503937008
0
LINE
8
BLACK
6
CONTINUOUS
10
4.4895771653543308
20
-3.982668503937008
11
4.4895771653543308
21
-3.9472354330708659
0
LINE
8
BLACK
6
CONTINUOUS
10
4.4895771653543308
20
-3.9472354330708659
11
4.4903263779527558
21
-3.9434688582677166
0
LINE
8
BLACK
6
CONTINUOUS
10
4.4903263779527558
20
-3.9434688582677166
11
4.4924599606299216
21
-3.9402757086614173
0
LINE
8
BLACK
6
CONTINUOUS
10
4.4924599606299216
20
-3.9402757086614173
11
4.4956531102362201
21
-3.938142125984252
0
LINE
8
BLACK
6
CONTINUOUS
10
4.4956531102362201
20
-3.938142125984252
11
4.4994196850393697
21
-3.9373929133858265
0
LINE
8
BLACK
6
CONTINUOUS
10
4.4994196850393697
20
-3.9373929133858265
11
4.520088976377953
21
-3.9373929133858265
0
LINE
8
BLACK
6
CONTINUOUS
10
4.520088976377953
20
-3.9373929133858265
11
4.5238555511811018
21
-3.938142125984252
0
LINE
8
BLACK
6
CONTINUOUS
10
4.5957059448818898
20
-3.938142125984252
11
4.5988990944881891
21
-3.9402757086614173
0
LINE
8
BLACK
6
CONTINUOUS
10
4.5988990944881891
20
-3.9402757086614173
11
4.601032677165354
21
-3.9434688582677166
0
LINE
8
BLACK
6
CONTINUOUS
10
4.601032677165354
20
-3.9434688582677166
11
4.601781889763779
21
-3.9472354330708659
0
LINE
8
BLACK
6
CONTINUOUS
10
4.601781889763779
20
-3.9472354330708659
11
4.601781889763779
21
-3.982668503937008
0
LINE
8
BLACK
6
CONTINUOUS
10
4.601781889763779
20
-3.982668503937008
11
4.601032677165354
21
-3.9864350787401572
0
LINE
8
BLACK
6
CONTINUOUS
10
4.601032677165354
20
-3.9864350787401572
11
4.5988990944881891
21
-3.9896282283464566
0
LINE
8
BLACK
6
CONTINUOUS
10
4.5988990944881891
20
-3.9896282283464566
11
4.5957059448818898
21
-3.9917618110236219
0
LINE
8
BLACK
6
CONTINUOUS
10
4.5957059448818898
20
-3.9917618110236219
11
4.5919393700787401
21
-3.9925110236220474
0
LINE
8
BLACK
6
CONTINUOUS
10
4.5919393700787401
20
-3.9925110236220474
11
4.5712700787401577
21
-3.9925110236220474
0
LINE
8
BLACK
6
CONTINUOUS
10
4.5712700787401577
20
-3.9925110236220474
11
4.567503503937008
21
-3.9917618110236219
0
LINE
8
BLACK
6
CONTINUOUS
10
4.567503503937008
20
-3.9917618110236219
11
4.5643103543307086
21
-3.9896282283464566
0
LINE
8
BLACK
6
CONTINUOUS
10
4.5643103543307086
20
-3.9896282283464566
11
4.5621767716535429
21
-3.9864350787401572
0
LINE
8
BLACK
6
CONTINUOUS
10
4.5621767716535429
20
-3.9864350787401572
11
4.5614275590551179
21
-3.982668503937008
0
LINE
8
BLACK
6
CONTINUOUS
10
4.5614275590551179
20
-3.982668503937008
11
4.5614275590551179
21
-3.9472354330708659
0
LINE
8
BLACK
6
CONTINUOUS
10
4.5614275590551179
20
-3.9472354330708659
11
4.5621767716535429
21
-3.9434688582677166
0
LINE
8
BLACK
6
CONTINUOUS
10
4.5621767716535429
20
-3.9434688582677166
11
4.5643103543307086
21
-3.9402757086614173
0
LINE
8
BLACK
6
CONTINUOUS
10
4.5643103543307086
20
-3.9402757086614173
11
4.567503503937008
21
-3.938142125984252
0
LINE
8
BLACK
6
CONTINUOUS
10
4.567503503937008
20
-3.938142125984252
11
4.5712700787401577
21
-3.9373929133858265
0
LINE
8
BLACK
6
CONTINUOUS
10
4.5712700787401577
20
-3.9373929133858265
11
4.5919393700787401
21
-3.9373929133858265
0
LINE
8
BLACK
6
CONTINUOUS
10
4.5919393700787401
20
-3.9373929133858265
11
4.5957059448818898
21
-3.938142125984252
0
LINE
8
BLACK
6
CONTINUOUS
10
5.5557188976377949
20
-3.9875897637795275
11
5.5202858267716532
21
-3.9875897637795275
0
LINE
8
BLACK
6
CONTINUOUS
10
5.5202858267716532
20
-3.9875897637795275
11
5.5202858267716532
21
-3.94821968503937
0
LINE
8
BLACK
6
CONTINUOUS
10
5.5202858267716532
20
-3.94821968503937
11
5.5557188976377949
21
-3.94821968503937
0
LINE
8
BLACK
6
CONTINUOUS
10
5.5557188976377949
20
-3.94821968503937
11
5.5557188976377949
21
-3.9875897637795275
0
LINE
8
BLACK
6
CONTINUOUS
10
5.6187110236220468
20
-3.9875897637795275
11
5.5832779527559051
21
-3.9875897637795275
0
LINE
8
BLACK
6
CONTINUOUS
10
5.5832779527559051
20
-3.9875897637795275
11
5.5832779527559051
21
-3.94821968503937
0
LINE
8
BLACK
6
CONTINUOUS
10
5.5832779527559051
20
-3.94821968503937
11
5.6187110236220468
21
-3.94821968503937
0
LINE
8
BLACK
6
CONTINUOUS
10
5.6187110236220468
20
-3.94821968503937
11
5.6187110236220468
21
-3.9875897637795275
0
LINE
8
BLACK
6
CONTINUOUS
10
5.6935141732283467
20
-3.9875897637795275
11
5.6580811023622042
21
-3.9875897637795275
0
LINE
8
BLACK
6
CONTINUOUS
10
5.6580811023622042
20
-3.9875897637795275
11
5.6580811023622042
21
-3.94821968503937
0
LINE
8
BLACK
6
CONTINUOUS
10
5.6580811023622042
20
-3.94821968503937
11
5.6935141732283467
21
-3.94821968503937
0
LINE
8
BLACK
6
CONTINUOUS
10
5.6935141732283467
20
-3.94821968503937
11
5.6935141732283467
21
-3.9875897637795275
0
LINE
8
BLACK
6
CONTINUOUS
10
5.7565062992125986
20
-3.9875897637795275
11
5.7210732283464569
21
-3.9875897637795275
0
LINE
8
BLACK
6
CONTINUOUS
10
5.7210732283464569
20
-3.9875897637795275
11
5.7210732283464569
21
-3.94821968503937
0
LINE
8
BLACK
6
CONTINUOUS
10
5.7210732283464569
20
-3.94821968503937
11
5.7565062992125986
21
-3.94821968503937
0
LINE
8
BLACK
6
CONTINUOUS
10
5.7565062992125986
20
-3.94821968503937
11
5.7565062992125986
21
-3.9875897637795275
0
LINE
8
BLACK
6
CONTINUOUS
10
5.2371127165354325
20
-3.904377874015748
11
5.2390285826771654
21
-3.9056580314960629
0
LINE
8
BLACK
6
CONTINUOUS
10
5.2390285826771654
20
-3.9056580314960629
11
5.2403087401574799
21
-3.9075738976377954
0
LINE
8
BLACK
6
CONTINUOUS
10
5.2403087401574799
20
-3.9075738976377954
11
5.2407582677165356
21
-3.9098338582677163
0
LINE
8
BLACK
6
CONTINUOUS
10
5.2407582677165356
20
-3.9098338582677163
11
5.2407582677165356
21
-3.9216448818897636
0
LINE
8
BLACK
6
CONTINUOUS
10
5.2407582677165356
20
-3.9216448818897636
11
5.2403087401574799
21
-3.923904842519685
0
LINE
8
BLACK
6
CONTINUOUS
10
5.2403087401574799
20
-3.923904842519685
11
5.2390285826771654
21
-3.9258207086614174
0
LINE
8
BLACK
6
CONTINUOUS
10
5.2390285826771654
20
-3.9258207086614174
11
5.2371127165354325
21
-3.9271008661417324
0
LINE
8
BLACK
6
CONTINUOUS
10
5.2371127165354325
20
-3.9271008661417324
11
5.2348527559055116
21
-3.9275503937007872
0
LINE
8
BLACK
6
CONTINUOUS
10
5.2348527559055116
20
-3.9275503937007872
11
5.1944984251968505
21
-3.9275503937007872
0
LINE
8
BLACK
6
CONTINUOUS
10
5.1944984251968505
20
-3.9275503937007872
11
5.1922384645669286
21
-3.9271008661417324
0
LINE
8
BLACK
6
CONTINUOUS
10
5.1922384645669286
20
-3.9271008661417324
11
5.1903225984251966
21
-3.9258207086614174
0
LINE
8
BLACK
6
CONTINUOUS
10
5.1903225984251966
20
-3.9258207086614174
11
5.1890424409448821
21
-3.923904842519685
0
LINE
8
BLACK
6
CONTINUOUS
10
5.1890424409448821
20
-3.923904842519685
11
5.1885929133858264
21
-3.9216448818897636
0
LINE
8
BLACK
6
CONTINUOUS
10
5.1885929133858264
20
-3.9216448818897636
11
5.1885929133858264
21
-3.9098338582677163
0
LINE
8
BLACK
6
CONTINUOUS
10
5.1885929133858264
20
-3.9098338582677163
11
5.1890424409448821
21
-3.9075738976377954
0
LINE
8
BLACK
6
CONTINUOUS
10
5.1890424409448821
20
-3.9075738976377954
11
5.1903225984251966
21
-3.9056580314960629
0
LINE
8
BLACK
6
CONTINUOUS
10
5.1903225984251966
20
-3.9056580314960629
11
5.1922384645669286
21
-3.904377874015748
0
LINE
8
BLACK
6
CONTINUOUS
10
5.1922384645669286
20
-3.904377874015748
11
5.1944984251968505
21
-3.9039283464566927
0
LINE
8
BLACK
6
CONTINUOUS
10
5.1944984251968505
20
-3.9039283464566927
11
5.2348527559055116
21
-3.9039283464566927
0
LINE
8
BLACK
6
CONTINUOUS
10
5.2348527559055116
20
-3.9039283464566927
11
5.2371127165354325
21
-3.904377874015748
0
LINE
8
BLACK
6
CONTINUOUS
10
6.3758240551181098
20
-3.8220003937007871
11
6.3790172047244091
21
-3.8241339763779525
0
LINE
8
BLACK
6
CONTINUOUS
10
6.3790172047244091
20
-3.8241339763779525
11
6.3811507874015749
21
-3.8273271259842518
0
LINE
8
BLACK
6
CONTINUOUS
10
6.3811507874015749
20
-3.8273271259842518
11
6.3818999999999999
21
-3.8310937007874015
0
LINE
8
BLACK
6
CONTINUOUS
10
6.3818999999999999
20
-3.8310937007874015
11
6.3818999999999999
21
-3.8980228346456691
0
LINE
8
BLACK
6
CONTINUOUS
10
6.3818999999999999
20
-3.8980228346456691
11
6.3811507874015749
21
-3.9017894094488188
0
LINE
8
BLACK
6
CONTINUOUS
10
6.3811507874015749
20
-3.9017894094488188
11
6.3790172047244091
21
-3.9049825590551182
0
LINE
8
BLACK
6
CONTINUOUS
10
6.3790172047244091
20
-3.9049825590551182
11
6.3758240551181098
21
-3.9071161417322835
0
LINE
8
BLACK
6
CONTINUOUS
10
6.3758240551181098
20
-3.9071161417322835
11
6.3720574803149601
21
-3.9078653543307085
0
LINE
8
BLACK
6
CONTINUOUS
10
6.3720574803149601
20
-3.9078653543307085
11
6.3425299212598425
21
-3.9078653543307085
0
LINE
8
BLACK
6
CONTINUOUS
10
6.3425299212598425
20
-3.9078653543307085
11
6.3387633464566928
21
-3.9071161417322835
0
LINE
8
BLACK
6
CONTINUOUS
10
6.3387633464566928
20
-3.9071161417322835
11
6.3355701968503935
21
-3.9049825590551182
0
LINE
8
BLACK
6
CONTINUOUS
10
6.3355701968503935
20
-3.9049825590551182
11
6.3334366141732286
21
-3.9017894094488188
0
LINE
8
BLACK
6
CONTINUOUS
10
6.3334366141732286
20
-3.9017894094488188
11
6.3326874015748027
21
-3.8980228346456691
0
LINE
8
BLACK
6
CONTINUOUS
10
6.3326874015748027
20
-3.8980228346456691
11
6.3326874015748027
21
-3.8310937007874015
0
LINE
8
BLACK
6
CONTINUOUS
10
6.3326874015748027
20
-3.8310937007874015
11
6.3334366141732286
21
-3.8273271259842518
0
LINE
8
BLACK
6
CONTINUOUS
10
6.3334366141732286
20
-3.8273271259842518
11
6.3355701968503935
21
-3.8241339763779525
0
LINE
8
BLACK
6
CONTINUOUS
10
6.3355701968503935
20
-3.8241339763779525
11
6.3387633464566928
21
-3.8220003937007871
0
LINE
8
BLACK
6
CONTINUOUS
10
6.3387633464566928
20
-3.8220003937007871
11
6.3425299212598425
21
-3.8212511811023622
0
LINE
8
BLACK
6
CONTINUOUS
10
6.3425299212598425
20
-3.8212511811023622
11
6.3720574803149601
21
-3.8212511811023622
0
LINE
8
BLACK
6
CONTINUOUS
10
6.3720574803149601
20
-3.8212511811023622
11
6.3758240551181098
21
-3.8220003937007871
0
LINE
8
BLACK
6
CONTINUOUS
10
6.4604697244094487
20
-3.8220003937007871
11
6.463662874015748
21
-3.8241339763779525
0
LINE
8
BLACK
6
CONTINUOUS
10
6.463662874015748
20
-3.8241339763779525
11
6.4657964566929129
21
-3.8273271259842518
0
LINE
8
BLACK
6
CONTINUOUS
10
6.4657964566929129
20
-3.8273271259842518
11
6.4665456692913388
21
-3.8310937007874015
0
LINE
8
BLACK
6
CONTINUOUS
10
6.4665456692913388
20
-3.8310937007874015
11
6.4665456692913388
21
-3.8980228346456691
0
LINE
8
BLACK
6
CONTINUOUS
10
6.4665456692913388
20
-3.8980228346456691
11
6.4657964566929129
21
-3.9017894094488188
0
LINE
8
BLACK
6
CONTINUOUS
10
6.4657964566929129
20
-3.9017894094488188
11
6.463662874015748
21
-3.9049825590551182
0
LINE
8
BLACK
6
CONTINUOUS
10
6.463662874015748
20
-3.9049825590551182
11
6.4604697244094487
21
-3.9071161417322835
0
LINE
8
BLACK
6
CONTINUOUS
10
6.4604697244094487
20
-3.9071161417322835
11
6.456703149606299
21
-3.9078653543307085
0
LINE
8
BLACK
6
CONTINUOUS
10
6.456703149606299
20
-3.9078653543307085
11
6.4271755905511814
21
-3.9078653543307085
0
LINE
8
BLACK
6
CONTINUOUS
10
6.4271755905511814
20
-3.9078653543307085
11
6.4234090157480317
21
-3.9071161417322835
0
LINE
8
BLACK
6
CONTINUOUS
10
6.4234090157480317
20
-3.9071161417322835
11
6.4202158661417323
21
-3.9049825590551182
0
LINE
8
BLACK
6
CONTINUOUS
10
6.4202158661417323
20
-3.9049825590551182
11
6.4180822834645666
21
-3.9017894094488188
0
LINE
8
BLACK
6
CONTINUOUS
10
6.4180822834645666
20
-3.9017894094488188
11
6.4173330708661416
21
-3.8980228346456691
0
LINE
8
BLACK
6
CONTINUOUS
10
6.4173330708661416
20
-3.8980228346456691
11
6.4173330708661416
21
-3.8310937007874015
0
LINE
8
BLACK
6
CONTINUOUS
10
6.4173330708661416
20
-3.8310937007874015
11
6.4180822834645666
21
-3.8273271259842518
0
LINE
8
BLACK
6
CONTINUOUS
10
6.4180822834645666
20
-3.8273271259842518
11
6.4202158661417323
21
-3.8241339763779525
0
LINE
8
BLACK
6
CONTINUOUS
10
6.4202158661417323
20
-3.8241339763779525
11
6.4234090157480317
21
-3.8220003937007871
0
LINE
8
BLACK
6
CONTINUOUS
10
6.4234090157480317
20
-3.8220003937007871
11
6.4271755905511814
21
-3.8212511811023622
0
LINE
8
BLACK
6
CONTINUOUS
10
6.4271755905511814
20
-3.8212511811023622
11
6.456703149606299
21
-3.8212511811023622
0
LINE
8
BLACK
6
CONTINUOUS
10
6.456703149606299
20
-3.8212511811023622
11
6.4604697244094487
21
-3.8220003937007871
0
LINE
8
BLACK
6
CONTINUOUS
10
5.3266796456692909
20
-3.8669762992125984
11
5.3285955118110238
21
-3.8682564566929134
0
LINE
8
BLACK
6
CONTINUOUS
10
5.3285955118110238
20
-3.8682564566929134
11
5.3298756692913383
21
-3.8701723228346454
0
LINE
8
BLACK
6
CONTINUOUS
10
5.3298756692913383
20
-3.8701723228346454
11
5.330325196850394
21
-3.8724322834645668
0
LINE
8
BLACK
6
CONTINUOUS
10
5.330325196850394
20
-3.8724322834645668
11
5.330325196850394
21
-3.884243307086614
0
LINE
8
BLACK
6
CONTINUOUS
10
5.330325196850394
20
-3.884243307086614
11
5.3298756692913383
21
-3.8865032677165354
0
LINE
8
BLACK
6
CONTINUOUS
10
5.3298756692913383
20
-3.8865032677165354
11
5.3285955118110238
21
-3.8884191338582674
0
LINE
8
BLACK
6
CONTINUOUS
10
5.3285955118110238
20
-3.8884191338582674
11
5.3266796456692909
21
-3.8896992913385824
0
LINE
8
BLACK
6
CONTINUOUS
10
5.3266796456692909
20
-3.8896992913385824
11
5.3244196850393699
21
-3.8901488188976376
0
LINE
8
BLACK
6
CONTINUOUS
10
5.3244196850393699
20
-3.8901488188976376
11
5.2840653543307088
21
-3.8901488188976376
0
LINE
8
BLACK
6
CONTINUOUS
10
5.2840653543307088
20
-3.8901488188976376
11
5.2818053937007869
21
-3.8896992913385824
0
LINE
8
BLACK
6
CONTINUOUS
10
5.2818053937007869
20
-3.8896992913385824
11
5.2798895275590549
21
-3.8884191338582674
0
LINE
8
BLACK
6
CONTINUOUS
10
5.2798895275590549
20
-3.8884191338582674
11
5.2786093700787404
21
-3.8865032677165354
0
LINE
8
BLACK
6
CONTINUOUS
10
5.2786093700787404
20
-3.8865032677165354
11
5.2781598425196847
21
-3.884243307086614
0
LINE
8
BLACK
6
CONTINUOUS
10
5.2781598425196847
20
-3.884243307086614
11
5.2781598425196847
21
-3.8724322834645668
0
LINE
8
BLACK
6
CONTINUOUS
10
5.2781598425196847
20
-3.8724322834645668
11
5.2786093700787404
21
-3.8701723228346454
0
LINE
8
BLACK
6
CONTINUOUS
10
5.2786093700787404
20
-3.8701723228346454
11
5.2798895275590549
21
-3.8682564566929134
0
LINE
8
BLACK
6
CONTINUOUS
10
5.2798895275590549
20
-3.8682564566929134
11
5.2818053937007869
21
-3.8669762992125984
0
LINE
8
BLACK
6
CONTINUOUS
10
5.2818053937007869
20
-3.8669762992125984
11
5.2840653543307088
21
-3.8665267716535432
0
LINE
8
BLACK
6
CONTINUOUS
10
5.2840653543307088
20
-3.8665267716535432
11
5.3244196850393699
21
-3.8665267716535432
0
LINE
8
BLACK
6
CONTINUOUS
10
5.3244196850393699
20
-3.8665267716535432
11
5.3266796456692909
21
-3.8669762992125984
0
LINE
8
BLACK
6
CONTINUOUS
10
5.5557188976377949
20
-3.8793220472440946
11
5.5202858267716532
21
-3.8793220472440946
0
LINE
8
BLACK
6
CONTINUOUS
10
5.5202858267716532
20
-3.8793220472440946
11
5.5202858267716532
21
-3.8399519685039367
0
LINE
8
BLACK
6
CONTINUOUS
10
5.5202858267716532
20
-3.8399519685039367
11
5.5557188976377949
21
-3.8399519685039367
0
LINE
8
BLACK
6
CONTINUOUS
10
5.5557188976377949
20
-3.8399519685039367
11
5.5557188976377949
21
-3.8793220472440946
0
LINE
8
BLACK
6
CONTINUOUS
10
5.6187110236220468
20
-3.8793220472440946
11
5.5832779527559051
21
-3.8793220472440946
0
LINE
8
BLACK
6
CONTINUOUS
10
5.5832779527559051
20
-3.8793220472440946
11
5.5832779527559051
21
-3.8399519685039367
0
LINE
8
BLACK
6
CONTINUOUS
10
5.5832779527559051
20
-3.8399519685039367
11
5.6187110236220468
21
-3.8399519685039367
0
LINE
8
BLACK
6
CONTINUOUS
10
5.6187110236220468
20
-3.8399519685039367
11
5.6187110236220468
21
-3.8793220472440946
0
LINE
8
BLACK
6
CONTINUOUS
10
5.6935141732283467
20
-3.8793220472440946
11
5.6580811023622042
21
-3.8793220472440946
0
LINE
8
BLACK
6
CONTINUOUS
10
5.6580811023622042
20
-3.8793220472440946
11
5.6580811023622042
21
-3.8399519685039367
0
LINE
8
BLACK
6
CONTINUOUS
10
5.6580811023622042
20
-3.8399519685039367
11
5.6935141732283467
21
-3.8399519685039367
0
LINE
8
BLACK
6
CONTINUOUS
10
5.6935141732283467
20
-3.8399519685039367
11
5.6935141732283467
21
-3.8793220472440946
0
LINE
8
BLACK
6
CONTINUOUS
10
5.7565062992125986
20
-3.8793220472440946
11
5.7210732283464569
21
-3.8793220472440946
0
LINE
8
BLACK
6
CONTINUOUS
10
5.7210732283464569
20
-3.8793220472440946
11
5.7210732283464569
21
-3.8399519685039367
0
LINE
8
BLACK
6
CONTINUOUS
10
5.7210732283464569
20
-3.8399519685039367
11
5.7565062992125986
21
-3.8399519685039367
0
LINE
8
BLACK
6
CONTINUOUS
10
5.7565062992125986
20
-3.8399519685039367
11
5.7565062992125986
21
-3.8793220472440946
0
LINE
8
BLACK
6
CONTINUOUS
10
4.6962964960629918
20
-3.8221972440944882
11
4.6994896456692912
21
-3.8243308267716536
0
LINE
8
BLACK
6
CONTINUOUS
10
4.6994896456692912
20
-3.8243308267716536
11
4.701623228346457
21
-3.8275239763779525
0
LINE
8
BLACK
6
CONTINUOUS
10
4.701623228346457
20
-3.8275239763779525
11
4.7023724409448819
21
-3.8312905511811022
0
LINE
8
BLACK
6
CONTINUOUS
10
4.7023724409448819
20
-3.8312905511811022
11
4.7023724409448819
21
-3.8686921259842517
0
LINE
8
BLACK
6
CONTINUOUS
10
4.7023724409448819
20
-3.8686921259842517
11
4.701623228346457
21
-3.8724587007874014
0
LINE
8
BLACK
6
CONTINUOUS
10
4.701623228346457
20
-3.8724587007874014
11
4.6994896456692912
21
-3.8756518503937007
0
LINE
8
BLACK
6
CONTINUOUS
10
4.6994896456692912
20
-3.8756518503937007
11
4.6962964960629918
21
-3.8777854330708661
0
LINE
8
BLACK
6
CONTINUOUS
10
4.6962964960629918
20
-3.8777854330708661
11
4.6925299212598421
21
-3.8785346456692911
0
LINE
8
BLACK
6
CONTINUOUS
10
4.6925299212598421
20
-3.8785346456692911
11
4.6728448818897634
21
-3.8785346456692911
0
LINE
8
BLACK
6
CONTINUOUS
10
4.6728448818897634
20
-3.8785346456692911
11
4.6690783070866138
21
-3.8777854330708661
0
LINE
8
BLACK
6
CONTINUOUS
10
4.6690783070866138
20
-3.8777854330708661
11
4.6658851574803153
21
-3.8756518503937007
0
LINE
8
BLACK
6
CONTINUOUS
10
4.6658851574803153
20
-3.8756518503937007
11
4.6637515748031495
21
-3.8724587007874014
0
LINE
8
BLACK
6
CONTINUOUS
10
4.6637515748031495
20
-3.8724587007874014
11
4.6630023622047245
21
-3.8686921259842517
0
LINE
8
BLACK
6
CONTINUOUS
10
4.6630023622047245
20
-3.8686921259842517
11
4.6630023622047245
21
-3.8312905511811022
0
LINE
8
BLACK
6
CONTINUOUS
10
4.6630023622047245
20
-3.8312905511811022
11
4.6637515748031495
21
-3.8275239763779525
0
LINE
8
BLACK
6
CONTINUOUS
10
4.6637515748031495
20
-3.8275239763779525
11
4.6658851574803153
21
-3.8243308267716536
0
LINE
8
BLACK
6
CONTINUOUS
10
4.6658851574803153
20
-3.8243308267716536
11
4.6690783070866138
21
-3.8221972440944882
0
LINE
8
BLACK
6
CONTINUOUS
10
4.6690783070866138
20
-3.8221972440944882
11
4.6728448818897634
21
-3.8214480314960628
0
LINE
8
BLACK
6
CONTINUOUS
10
4.6728448818897634
20
-3.8214480314960628
11
4.6925299212598421
21
-3.8214480314960628
0
LINE
8
BLACK
6
CONTINUOUS
10
4.6925299212598421
20
-3.8214480314960628
11
4.6962964960629918
21
-3.8221972440944882
0
LINE
8
BLACK
6
CONTINUOUS
10
4.7710996456692909
20
-3.8221972440944882
11
4.7742927952755903
21
-3.8243308267716536
0
LINE
8
BLACK
6
CONTINUOUS
10
4.7742927952755903
20
-3.8243308267716536
11
4.776426377952756
21
-3.8275239763779525
0
LINE
8
BLACK
6
CONTINUOUS
10
4.776426377952756
20
-3.8275239763779525
11
4.777175590551181
21
-3.8312905511811022
0
LINE
8
BLACK
6
CONTINUOUS
10
4.777175590551181
20
-3.8312905511811022
11
4.777175590551181
21
-3.8686921259842517
0
LINE
8
BLACK
6
CONTINUOUS
10
4.777175590551181
20
-3.8686921259842517
11
4.776426377952756
21
-3.8724587007874014
0
LINE
8
BLACK
6
CONTINUOUS
10
4.776426377952756
20
-3.8724587007874014
11
4.7742927952755903
21
-3.8756518503937007
0
LINE
8
BLACK
6
CONTINUOUS
10
4.7742927952755903
20
-3.8756518503937007
11
4.7710996456692909
21
-3.8777854330708661
0
LINE
8
BLACK
6
CONTINUOUS
10
4.7710996456692909
20
-3.8777854330708661
11
4.7673330708661412
21
-3.8785346456692911
0
LINE
8
BLACK
6
CONTINUOUS
10
4.7673330708661412
20
-3.8785346456692911
11
4.7476480314960625
21
-3.8785346456692911
0
LINE
8
BLACK
6
CONTINUOUS
10
4.7476480314960625
20
-3.8785346456692911
11
4.7438814566929128
21
-3.8777854330708661
0
LINE
8
BLACK
6
CONTINUOUS
10
4.7438814566929128
20
-3.8777854330708661
11
4.7406883070866144
21
-3.8756518503937007
0
LINE
8
BLACK
6
CONTINUOUS
10
4.7406883070866144
20
-3.8756518503937007
11
4.7385547244094486
21
-3.8724587007874014
0
LINE
8
BLACK
6
CONTINUOUS
10
4.7385547244094486
20
-3.8724587007874014
11
4.7378055118110236
21
-3.8686921259842517
0
LINE
8
BLACK
6
CONTINUOUS
10
4.7378055118110236
20
-3.8686921259842517
11
4.7378055118110236
21
-3.8312905511811022
0
LINE
8
BLACK
6
CONTINUOUS
10
4.7378055118110236
20
-3.8312905511811022
11
4.7385547244094486
21
-3.8275239763779525
0
LINE
8
BLACK
6
CONTINUOUS
10
4.7385547244094486
20
-3.8275239763779525
11
4.7406883070866144
21
-3.8243308267716536
0
LINE
8
BLACK
6
CONTINUOUS
10
4.7406883070866144
20
-3.8243308267716536
11
4.7438814566929128
21
-3.8221972440944882
0
LINE
8
BLACK
6
CONTINUOUS
10
4.7438814566929128
20
-3.8221972440944882
11
4.7476480314960625
21
-3.8214480314960628
0
LINE
8
BLACK
6
CONTINUOUS
10
4.7476480314960625
20
-3.8214480314960628
11
4.7673330708661412
21
-3.8214480314960628
0
LINE
8
BLACK
6
CONTINUOUS
10
4.7673330708661412
20
-3.8214480314960628
11
4.7710996456692909
21
-3.8221972440944882
0
LINE
8
BLACK
6
CONTINUOUS
10
4.8714933464566927
20
-3.8221972440944882
11
4.8746864960629921
21
-3.8243308267716536
0
LINE
8
BLACK
6
CONTINUOUS
10
4.8746864960629921
20
-3.8243308267716536
11
4.876820078740157
21
-3.8275239763779525
0
LINE
8
BLACK
6
CONTINUOUS
10
4.876820078740157
20
-3.8275239763779525
11
4.8775692913385829
21
-3.8312905511811022
0
LINE
8
BLACK
6
CONTINUOUS
10
4.8775692913385829
20
-3.8312905511811022
11
4.8775692913385829
21
-3.8686921259842517
0
LINE
8
BLACK
6
CONTINUOUS
10
4.8775692913385829
20
-3.8686921259842517
11
4.876820078740157
21
-3.8724587007874014
0
LINE
8
BLACK
6
CONTINUOUS
10
4.876820078740157
20
-3.8724587007874014
11
4.8746864960629921
21
-3.8756518503937007
0
LINE
8
BLACK
6
CONTINUOUS
10
4.8746864960629921
20
-3.8756518503937007
11
4.8714933464566927
21
-3.8777854330708661
0
LINE
8
BLACK
6
CONTINUOUS
10
4.8714933464566927
20
-3.8777854330708661
11
4.8677267716535431
21
-3.8785346456692911
0
LINE
8
BLACK
6
CONTINUOUS
10
4.8677267716535431
20
-3.8785346456692911
11
4.8480417322834644
21
-3.8785346456692911
0
LINE
8
BLACK
6
CONTINUOUS
10
4.8480417322834644
20
-3.8785346456692911
11
4.8442751574803147
21
-3.8777854330708661
0
LINE
8
BLACK
6
CONTINUOUS
10
4.8442751574803147
20
-3.8777854330708661
11
4.8410820078740153
21
-3.8756518503937007
0
LINE
8
BLACK
6
CONTINUOUS
10
4.8410820078740153
20
-3.8756518503937007
11
4.8389484251968504
21
-3.8724587007874014
0
LINE
8
BLACK
6
CONTINUOUS
10
4.8389484251968504
20
-3.8724587007874014
11
4.8381992125984254
21
-3.8686921259842517
0
LINE
8
BLACK
6
CONTINUOUS
10
4.8381992125984254
20
-3.8686921259842517
11
4.8381992125984254
21
-3.8312905511811022
0
LINE
8
BLACK
6
CONTINUOUS
10
4.8381992125984254
20
-3.8312905511811022
11
4.8389484251968504
21
-3.8275239763779525
0
LINE
8
BLACK
6
CONTINUOUS
10
4.8389484251968504
20
-3.8275239763779525
11
4.8410820078740153
21
-3.8243308267716536
0
LINE
8
BLACK
6
CONTINUOUS
10
4.8410820078740153
20
-3.8243308267716536
11
4.8442751574803147
21
-3.8221972440944882
0
LINE
8
BLACK
6
CONTINUOUS
10
4.8442751574803147
20
-3.8221972440944882
11
4.8480417322834644
21
-3.8214480314960628
0
LINE
8
BLACK
6
CONTINUOUS
10
4.8480417322834644
20
-3.8214480314960628
11
4.8677267716535431
21
-3.8214480314960628
0
LINE
8
BLACK
6
CONTINUOUS
10
4.8677267716535431
20
-3.8214480314960628
11
4.8714933464566927
21
-3.8221972440944882
0
LINE
8
BLACK
6
CONTINUOUS
10
4.9462964960629918
20
-3.8221972440944882
11
4.9494896456692912
21
-3.8243308267716536
0
LINE
8
BLACK
6
CONTINUOUS
10
4.9494896456692912
20
-3.8243308267716536
11
4.951623228346457
21
-3.8275239763779525
0
LINE
8
BLACK
6
CONTINUOUS
10
4.951623228346457
20
-3.8275239763779525
11
4.9523724409448819
21
-3.8312905511811022
0
LINE
8
BLACK
6
CONTINUOUS
10
4.9523724409448819
20
-3.8312905511811022
11
4.9523724409448819
21
-3.8686921259842517
0
LINE
8
BLACK
6
CONTINUOUS
10
4.9523724409448819
20
-3.8686921259842517
11
4.951623228346457
21
-3.8724587007874014
0
LINE
8
BLACK
6
CONTINUOUS
10
4.951623228346457
20
-3.8724587007874014
11
4.9494896456692912
21
-3.8756518503937007
0
LINE
8
BLACK
6
CONTINUOUS
10
4.9494896456692912
20
-3.8756518503937007
11
4.9462964960629918
21
-3.8777854330708661
0
LINE
8
BLACK
6
CONTINUOUS
10
4.9462964960629918
20
-3.8777854330708661
11
4.9425299212598421
21
-3.8785346456692911
0
LINE
8
BLACK
6
CONTINUOUS
10
4.9425299212598421
20
-3.8785346456692911
11
4.9228448818897634
21
-3.8785346456692911
0
LINE
8
BLACK
6
CONTINUOUS
10
4.9228448818897634
20
-3.8785346456692911
11
4.9190783070866138
21
-3.8777854330708661
0
LINE
8
BLACK
6
CONTINUOUS
10
4.9190783070866138
20
-3.8777854330708661
11
4.9158851574803153
21
-3.8756518503937007
0
LINE
8
BLACK
6
CONTINUOUS
10
4.9158851574803153
20
-3.8756518503937007
11
4.9137515748031495
21
-3.8724587007874014
0
LINE
8
BLACK
6
CONTINUOUS
10
4.9137515748031495
20
-3.8724587007874014
11
4.9130023622047245
21
-3.8686921259842517
0
LINE
8
BLACK
6
CONTINUOUS
10
4.9130023622047245
20
-3.8686921259842517
11
4.9130023622047245
21
-3.8312905511811022
0
LINE
8
BLACK
6
CONTINUOUS
10
4.9130023622047245
20
-3.8312905511811022
11
4.9137515748031495
21
-3.8275239763779525
0
LINE
8
BLACK
6
CONTINUOUS
10
4.9137515748031495
20
-3.8275239763779525
11
4.9158851574803153
21
-3.8243308267716536
0
LINE
8
BLACK
6
CONTINUOUS
10
4.9158851574803153
20
-3.8243308267716536
11
4.9190783070866138
21
-3.8221972440944882
0
LINE
8
BLACK
6
CONTINUOUS
10
4.9190783070866138
20
-3.8221972440944882
11
4.9228448818897634
21
-3.8214480314960628
0
LINE
8
BLACK
6
CONTINUOUS
10
4.9228448818897634
20
-3.8214480314960628
11
4.9425299212598421
21
-3.8214480314960628
0
LINE
8
BLACK
6
CONTINUOUS
10
4.9425299212598421
20
-3.8214480314960628
11
4.9462964960629918
21
-3.8221972440944882
0
LINE
8
BLACK
6
CONTINUOUS
10
5.0466901968503937
20
-3.8221972440944882
11
5.049883346456693
21
-3.8243308267716536
0
LINE
8
BLACK
6
CONTINUOUS
10
5.049883346456693
20
-3.8243308267716536
11
5.0520169291338579
21
-3.8275239763779525
0
LINE
8
BLACK
6
CONTINUOUS
10
5.0520169291338579
20
-3.8275239763779525
11
5.0527661417322838
21
-3.8312905511811022
0
LINE
8
BLACK
6
CONTINUOUS
10
5.0527661417322838
20
-3.8312905511811022
11
5.0527661417322838
21
-3.8686921259842517
0
LINE
8
BLACK
6
CONTINUOUS
10
5.0527661417322838
20
-3.8686921259842517
11
5.0520169291338579
21
-3.8724587007874014
0
LINE
8
BLACK
6
CONTINUOUS
10
5.0520169291338579
20
-3.8724587007874014
11
5.049883346456693
21
-3.8756518503937007
0
LINE
8
BLACK
6
CONTINUOUS
10
5.049883346456693
20
-3.8756518503937007
11
5.0466901968503937
21
-3.8777854330708661
0
LINE
8
BLACK
6
CONTINUOUS
10
5.0466901968503937
20
-3.8777854330708661
11
5.042923622047244
21
-3.8785346456692911
0
LINE
8
BLACK
6
CONTINUOUS
10
5.042923622047244
20
-3.8785346456692911
11
5.0232385826771653
21
-3.8785346456692911
0
LINE
8
BLACK
6
CONTINUOUS
10
5.0232385826771653
20
-3.8785346456692911
11
5.0194720078740156
21
-3.8777854330708661
0
LINE
8
BLACK
6
CONTINUOUS
10
5.0194720078740156
20
-3.8777854330708661
11
5.0162788582677162
21
-3.8756518503937007
0
LINE
8
BLACK
6
CONTINUOUS
10
5.0162788582677162
20
-3.8756518503937007
11
5.0141452755905513
21
-3.8724587007874014
0
LINE
8
BLACK
6
CONTINUOUS
10
5.0141452755905513
20
-3.8724587007874014
11
5.0133960629921255
21
-3.8686921259842517
0
LINE
8
BLACK
6
CONTINUOUS
10
5.0133960629921255
20
-3.8686921259842517
11
5.0133960629921255
21
-3.8312905511811022
0
LINE
8
BLACK
6
CONTINUOUS
10
5.0133960629921255
20
-3.8312905511811022
11
5.0141452755905513
21
-3.8275239763779525
0
LINE
8
BLACK
6
CONTINUOUS
10
5.0141452755905513
20
-3.8275239763779525
11
5.0162788582677162
21
-3.8243308267716536
0
LINE
8
BLACK
6
CONTINUOUS
10
5.0162788582677162
20
-3.8243308267716536
11
5.0194720078740156
21
-3.8221972440944882
0
LINE
8
BLACK
6
CONTINUOUS
10
5.0194720078740156
20
-3.8221972440944882
11
5.0232385826771653
21
-3.8214480314960628
0
LINE
8
BLACK
6
CONTINUOUS
10
5.0232385826771653
20
-3.8214480314960628
11
5.042923622047244
21
-3.8214480314960628
0
LINE
8
BLACK
6
CONTINUOUS
10
5.042923622047244
20
-3.8214480314960628
11
5.0466901968503937
21
-3.8221972440944882
0
LINE
8
BLACK
6
CONTINUOUS
10
5.1214933464566927
20
-3.8221972440944882
11
5.1246864960629921
21
-3.8243308267716536
0
LINE
8
BLACK
6
CONTINUOUS
10
5.1246864960629921
20
-3.8243308267716536
11
5.126820078740157
21
-3.8275239763779525
0
LINE
8
BLACK
6
CONTINUOUS
10
5.126820078740157
20
-3.8275239763779525
11
5.1275692913385829
21
-3.8312905511811022
0
LINE
8
BLACK
6
CONTINUOUS
10
5.1275692913385829
20
-3.8312905511811022
11
5.1275692913385829
21
-3.8686921259842517
0
LINE
8
BLACK
6
CONTINUOUS
10
5.1275692913385829
20
-3.8686921259842517
11
5.126820078740157
21
-3.8724587007874014
0
LINE
8
BLACK
6
CONTINUOUS
10
5.126820078740157
20
-3.8724587007874014
11
5.1246864960629921
21
-3.8756518503937007
0
LINE
8
BLACK
6
CONTINUOUS
10
5.1246864960629921
20
-3.8756518503937007
11
5.1214933464566927
21
-3.8777854330708661
0
LINE
8
BLACK
6
CONTINUOUS
10
5.1214933464566927
20
-3.8777854330708661
11
5.1177267716535431
21
-3.8785346456692911
0
LINE
8
BLACK
6
CONTINUOUS
10
5.1177267716535431
20
-3.8785346456692911
11
5.0980417322834644
21
-3.8785346456692911
0
LINE
8
BLACK
6
CONTINUOUS
10
5.0980417322834644
20
-3.8785346456692911
11
5.0942751574803147
21
-3.8777854330708661
0
LINE
8
BLACK
6
CONTINUOUS
10
5.0942751574803147
20
-3.8777854330708661
11
5.0910820078740153
21
-3.8756518503937007
0
LINE
8
BLACK
6
CONTINUOUS
10
5.0910820078740153
20
-3.8756518503937007
11
5.0889484251968504
21
-3.8724587007874014
0
LINE
8
BLACK
6
CONTINUOUS
10
5.0889484251968504
20
-3.8724587007874014
11
5.0881992125984254
21
-3.8686921259842517
0
LINE
8
BLACK
6
CONTINUOUS
10
5.0881992125984254
20
-3.8686921259842517
11
5.0881992125984254
21
-3.8312905511811022
0
LINE
8
BLACK
6
CONTINUOUS
10
5.0881992125984254
20
-3.8312905511811022
11
5.0889484251968504
21
-3.8275239763779525
0
LINE
8
BLACK
6
CONTINUOUS
10
5.0889484251968504
20
-3.8275239763779525
11
5.0910820078740153
21
-3.8243308267716536
0
LINE
8
BLACK
6
CONTINUOUS
10
5.0910820078740153
20
-3.8243308267716536
11
5.0942751574803147
21
-3.8221972440944882
0
LINE
8
BLACK
6
CONTINUOUS
10
5.0942751574803147
20
-3.8221972440944882
11
5.0980417322834644
21
-3.8214480314960628
0
LINE
8
BLACK
6
CONTINUOUS
10
5.0980417322834644
20
-3.8214480314960628
11
5.1177267716535431
21
-3.8214480314960628
0
LINE
8
BLACK
6
CONTINUOUS
10
5.1177267716535431
20
-3.8214480314960628
11
5.1214933464566927
21
-3.8221972440944882
0
LINE
8
BLACK
6
CONTINUOUS
10
3.8293673622047244
20
-3.8220003937007871
11
3.8325605118110238
21
-3.8241339763779525
0
LINE
8
BLACK
6
CONTINUOUS
10
3.8325605118110238
20
-3.8241339763779525
11
3.8346940944881891
21
-3.8273271259842518
0
LINE
8
BLACK
6
CONTINUOUS
10
3.8346940944881891
20
-3.8273271259842518
11
3.8354433070866141
21
-3.8310937007874015
0
LINE
8
BLACK
6
CONTINUOUS
10
3.8354433070866141
20
-3.8310937007874015
11
3.8354433070866141
21
-3.8665267716535432
0
LINE
8
BLACK
6
CONTINUOUS
10
3.8354433070866141
20
-3.8665267716535432
11
3.8346940944881891
21
-3.8702933464566929
0
LINE
8
BLACK
6
CONTINUOUS
10
3.8346940944881891
20
-3.8702933464566929
11
3.8325605118110238
21
-3.8734864960629922
0
LINE
8
BLACK
6
CONTINUOUS
10
3.8325605118110238
20
-3.8734864960629922
11
3.8293673622047244
21
-3.8756200787401576
0
LINE
8
BLACK
6
CONTINUOUS
10
3.8293673622047244
20
-3.8756200787401576
11
3.8256007874015747
21
-3.8763692913385825
0
LINE
8
BLACK
6
CONTINUOUS
10
3.8256007874015747
20
-3.8763692913385825
11
3.8049314960629919
21
-3.8763692913385825
0
LINE
8
BLACK
6
CONTINUOUS
10
3.8049314960629919
20
-3.8763692913385825
11
3.8011649212598426
21
-3.8756200787401576
0
LINE
8
BLACK
6
CONTINUOUS
10
3.8011649212598426
20
-3.8756200787401576
11
3.7979717716535433
21
-3.8734864960629922
0
LINE
8
BLACK
6
CONTINUOUS
10
3.7979717716535433
20
-3.8734864960629922
11
3.7958381889763779
21
-3.8702933464566929
0
LINE
8
BLACK
6
CONTINUOUS
10
3.7958381889763779
20
-3.8702933464566929
11
3.7950889763779525
21
-3.8665267716535432
0
LINE
8
BLACK
6
CONTINUOUS
10
3.7950889763779525
20
-3.8665267716535432
11
3.7950889763779525
21
-3.8310937007874015
0
LINE
8
BLACK
6
CONTINUOUS
10
3.7950889763779525
20
-3.8310937007874015
11
3.7958381889763779
21
-3.8273271259842518
0
LINE
8
BLACK
6
CONTINUOUS
10
3.7958381889763779
20
-3.8273271259842518
11
3.7979717716535433
21
-3.8241339763779525
0
LINE
8
BLACK
6
CONTINUOUS
10
3.7979717716535433
20
-3.8241339763779525
11
3.8011649212598426
21
-3.8220003937007871
0
LINE
8
BLACK
6
CONTINUOUS
10
3.8011649212598426
20
-3.8220003937007871
11
3.8049314960629919
21
-3.8212511811023622
0
LINE
8
BLACK
6
CONTINUOUS
10
3.8049314960629919
20
-3.8212511811023622
11
3.8256007874015747
21
-3.8212511811023622
0
LINE
8
BLACK
6
CONTINUOUS
10
3.8256007874015747
20
-3.8212511811023622
11
3.8293673622047244
21
-3.8220003937007871
0
LINE
8
BLACK
6
CONTINUOUS
10
3.9012177559055119
20
-3.8220003937007871
11
3.9044109055118108
21
-3.8241339763779525
0
LINE
8
BLACK
6
CONTINUOUS
10
3.9044109055118108
20
-3.8241339763779525
11
3.9065444881889761
21
-3.8273271259842518
0
LINE
8
BLACK
6
CONTINUOUS
10
3.9065444881889761
20
-3.8273271259842518
11
3.9072937007874016
21
-3.8310937007874015
0
LINE
8
BLACK
6
CONTINUOUS
10
3.9072937007874016
20
-3.8310937007874015
11
3.9072937007874016
21
-3.8665267716535432
0
LINE
8
BLACK
6
CONTINUOUS
10
3.9072937007874016
20
-3.8665267716535432
11
3.9065444881889761
21
-3.8702933464566929
0
LINE
8
BLACK
6
CONTINUOUS
10
3.9065444881889761
20
-3.8702933464566929
11
3.9044109055118108
21
-3.8734864960629922
0
LINE
8
BLACK
6
CONTINUOUS
10
3.9044109055118108
20
-3.8734864960629922
11
3.9012177559055119
21
-3.8756200787401576
0
LINE
8
BLACK
6
CONTINUOUS
10
3.9012177559055119
20
-3.8756200787401576
11
3.8974511811023622
21
-3.8763692913385825
0
LINE
8
BLACK
6
CONTINUOUS
10
3.8974511811023622
20
-3.8763692913385825
11
3.8767818897637794
21
-3.8763692913385825
0
LINE
8
BLACK
6
CONTINUOUS
10
3.8767818897637794
20
-3.8763692913385825
11
3.8730153149606297
21
-3.8756200787401576
0
LINE
8
BLACK
6
CONTINUOUS
10
3.8730153149606297
20
-3.8756200787401576
11
3.8698221653543308
21
-3.8734864960629922
0
LINE
8
BLACK
6
CONTINUOUS
10
3.8698221653543308
20
-3.8734864960629922
11
3.8676885826771654
21
-3.8702933464566929
0
LINE
8
BLACK
6
CONTINUOUS
10
3.8676885826771654
20
-3.8702933464566929
11
3.86693937007874
21
-3.8665267716535432
0
LINE
8
BLACK
6
CONTINUOUS
10
3.86693937007874
20
-3.8665267716535432
11
3.86693937007874
21
-3.8310937007874015
0
LINE
8
BLACK
6
CONTINUOUS
10
3.86693937007874
20
-3.8310937007874015
11
3.8676885826771654
21
-3.8273271259842518
0
LINE
8
BLACK
6
CONTINUOUS
10
3.8676885826771654
20
-3.8273271259842518
11
3.8698221653543308
21
-3.8241339763779525
0
LINE
8
BLACK
6
CONTINUOUS
10
3.8698221653543308
20
-3.8241339763779525
11
3.8730153149606297
21
-3.8220003937007871
0
LINE
8
BLACK
6
CONTINUOUS
10
3.8730153149606297
20
-3.8220003937007871
11
3.8767818897637794
21
-3.8212511811023622
0
LINE
8
BLACK
6
CONTINUOUS
10
3.8767818897637794
20
-3.8212511811023622
11
3.8974511811023622
21
-3.8212511811023622
0
LINE
8
BLACK
6
CONTINUOUS
10
3.8974511811023622
20
-3.8212511811023622
11
3.9012177559055119
21
-3.8220003937007871
0
LINE
8
BLACK
6
CONTINUOUS
10
4.0029894094488192
20
-3.8220003937007871
11
4.0061825590551177
21
-3.8241339763779525
0
LINE
8
BLACK
6
CONTINUOUS
10
4.0061825590551177
20
-3.8241339763779525
11
4.0083161417322835
21
-3.8273271259842518
0
LINE
8
BLACK
6
CONTINUOUS
10
4.0083161417322835
20
-3.8273271259842518
11
4.0090653543307084
21
-3.8310937007874015
0
LINE
8
BLACK
6
CONTINUOUS
10
4.0090653543307084
20
-3.8310937007874015
11
4.0090653543307084
21
-3.8665267716535432
0
LINE
8
BLACK
6
CONTINUOUS
10
4.0090653543307084
20
-3.8665267716535432
11
4.0083161417322835
21
-3.8702933464566929
0
LINE
8
BLACK
6
CONTINUOUS
10
4.0083161417322835
20
-3.8702933464566929
11
4.0061825590551177
21
-3.8734864960629922
0
LINE
8
BLACK
6
CONTINUOUS
10
4.0061825590551177
20
-3.8734864960629922
11
4.0029894094488192
21
-3.8756200787401576
0
LINE
8
BLACK
6
CONTINUOUS
10
4.0029894094488192
20
-3.8756200787401576
11
3.9992228346456691
21
-3.8763692913385825
0
LINE
8
BLACK
6
CONTINUOUS
10
3.9992228346456691
20
-3.8763692913385825
11
3.9785535433070867
21
-3.8763692913385825
0
LINE
8
BLACK
6
CONTINUOUS
10
3.9785535433070867
20
-3.8763692913385825
11
3.974786968503937
21
-3.8756200787401576
0
LINE
8
BLACK
6
CONTINUOUS
10
3.974786968503937
20
-3.8756200787401576
11
3.9715938188976376
21
-3.8734864960629922
0
LINE
8
BLACK
6
CONTINUOUS
10
3.9715938188976376
20
-3.8734864960629922
11
3.9694602362204723
21
-3.8702933464566929
0
LINE
8
BLACK
6
CONTINUOUS
10
3.9694602362204723
20
-3.8702933464566929
11
3.9687110236220473
21
-3.8665267716535432
0
LINE
8
BLACK
6
CONTINUOUS
10
3.9687110236220473
20
-3.8665267716535432
11
3.9687110236220473
21
-3.8310937007874015
0
LINE
8
BLACK
6
CONTINUOUS
10
3.9687110236220473
20
-3.8310937007874015
11
3.9694602362204723
21
-3.8273271259842518
0
LINE
8
BLACK
6
CONTINUOUS
10
3.9694602362204723
20
-3.8273271259842518
11
3.9715938188976376
21
-3.8241339763779525
0
LINE
8
BLACK
6
CONTINUOUS
10
3.9715938188976376
20
-3.8241339763779525
11
3.974786968503937
21
-3.8220003937007871
0
LINE
8
BLACK
6
CONTINUOUS
10
3.974786968503937
20
-3.8220003937007871
11
3.9785535433070867
21
-3.8212511811023622
0
LINE
8
BLACK
6
CONTINUOUS
10
3.9785535433070867
20
-3.8212511811023622
11
3.9992228346456691
21
-3.8212511811023622
0
LINE
8
BLACK
6
CONTINUOUS
10
3.9992228346456691
20
-3.8212511811023622
11
4.0029894094488192
21
-3.8220003937007871
0
LINE
8
BLACK
6
CONTINUOUS
10
4.0748398031496063
20
-3.8220003937007871
11
4.0780329527559056
21
-3.8241339763779525
0
LINE
8
BLACK
6
CONTINUOUS
10
4.0780329527559056
20
-3.8241339763779525
11
4.0801665354330705
21
-3.8273271259842518
0
LINE
8
BLACK
6
CONTINUOUS
10
4.0801665354330705
20
-3.8273271259842518
11
4.0809157480314964
21
-3.8310937007874015
0
LINE
8
BLACK
6
CONTINUOUS
10
4.0809157480314964
20
-3.8310937007874015
11
4.0809157480314964
21
-3.8665267716535432
0
LINE
8
BLACK
6
CONTINUOUS
10
4.0809157480314964
20
-3.8665267716535432
11
4.0801665354330705
21
-3.8702933464566929
0
LINE
8
BLACK
6
CONTINUOUS
10
4.0801665354330705
20
-3.8702933464566929
11
4.0780329527559056
21
-3.8734864960629922
0
LINE
8
BLACK
6
CONTINUOUS
10
4.0780329527559056
20
-3.8734864960629922
11
4.0748398031496063
21
-3.8756200787401576
0
LINE
8
BLACK
6
CONTINUOUS
10
4.0748398031496063
20
-3.8756200787401576
11
4.0710732283464566
21
-3.8763692913385825
0
LINE
8
BLACK
6
CONTINUOUS
10
4.0710732283464566
20
-3.8763692913385825
11
4.0504039370078742
21
-3.8763692913385825
0
LINE
8
BLACK
6
CONTINUOUS
10
4.0504039370078742
20
-3.8763692913385825
11
4.0466373622047245
21
-3.8756200787401576
0
LINE
8
BLACK
6
CONTINUOUS
10
4.0466373622047245
20
-3.8756200787401576
11
4.0434442125984251
21
-3.8734864960629922
0
LINE
8
BLACK
6
CONTINUOUS
10
4.0434442125984251
20
-3.8734864960629922
11
4.0413106299212593
21
-3.8702933464566929
0
LINE
8
BLACK
6
CONTINUOUS
10
4.0413106299212593
20
-3.8702933464566929
11
4.0405614173228344
21
-3.8665267716535432
0
LINE
8
BLACK
6
CONTINUOUS
10
4.0405614173228344
20
-3.8665267716535432
11
4.0405614173228344
21
-3.8310937007874015
0
LINE
8
BLACK
6
CONTINUOUS
10
4.0405614173228344
20
-3.8310937007874015
11
4.0413106299212593
21
-3.8273271259842518
0
LINE
8
BLACK
6
CONTINUOUS
10
4.0413106299212593
20
-3.8273271259842518
11
4.0434442125984251
21
-3.8241339763779525
0
LINE
8
BLACK
6
CONTINUOUS
10
4.0434442125984251
20
-3.8241339763779525
11
4.0466373622047245
21
-3.8220003937007871
0
LINE
8
BLACK
6
CONTINUOUS
10
4.0466373622047245
20
-3.8220003937007871
11
4.0504039370078742
21
-3.8212511811023622
0
LINE
8
BLACK
6
CONTINUOUS
10
4.0504039370078742
20
-3.8212511811023622
11
4.0710732283464566
21
-3.8212511811023622
0
LINE
8
BLACK
6
CONTINUOUS
10
4.0710732283464566
20
-3.8212511811023622
11
4.0748398031496063
21
-3.8220003937007871
0
LINE
8
BLACK
6
CONTINUOUS
10
4.1766114566929131
20
-3.8220003937007871
11
4.1798046062992125
21
-3.8241339763779525
0
LINE
8
BLACK
6
CONTINUOUS
10
4.1798046062992125
20
-3.8241339763779525
11
4.1819381889763783
21
-3.8273271259842518
0
LINE
8
BLACK
6
CONTINUOUS
10
4.1819381889763783
20
-3.8273271259842518
11
4.1826874015748032
21
-3.8310937007874015
0
LINE
8
BLACK
6
CONTINUOUS
10
4.1826874015748032
20
-3.8310937007874015
11
4.1826874015748032
21
-3.8665267716535432
0
LINE
8
BLACK
6
CONTINUOUS
10
4.1826874015748032
20
-3.8665267716535432
11
4.1819381889763783
21
-3.8702933464566929
0
LINE
8
BLACK
6
CONTINUOUS
10
4.1819381889763783
20
-3.8702933464566929
11
4.1798046062992125
21
-3.8734864960629922
0
LINE
8
BLACK
6
CONTINUOUS
10
4.1798046062992125
20
-3.8734864960629922
11
4.1766114566929131
21
-3.8756200787401576
0
LINE
8
BLACK
6
CONTINUOUS
10
4.1766114566929131
20
-3.8756200787401576
11
4.1728448818897634
21
-3.8763692913385825
0
LINE
8
BLACK
6
CONTINUOUS
10
4.1728448818897634
20
-3.8763692913385825
11
4.152175590551181
21
-3.8763692913385825
0
LINE
8
BLACK
6
CONTINUOUS
10
4.152175590551181
20
-3.8763692913385825
11
4.1484090157480313
21
-3.8756200787401576
0
LINE
8
BLACK
6
CONTINUOUS
10
4.1484090157480313
20
-3.8756200787401576
11
4.145215866141732
21
-3.8734864960629922
0
LINE
8
BLACK
6
CONTINUOUS
10
4.145215866141732
20
-3.8734864960629922
11
4.1430822834645671
21
-3.8702933464566929
0
LINE
8
BLACK
6
CONTINUOUS
10
4.1430822834645671
20
-3.8702933464566929
11
4.1423330708661412
21
-3.8665267716535432
0
LINE
8
BLACK
6
CONTINUOUS
10
4.1423330708661412
20
-3.8665267716535432
11
4.1423330708661412
21
-3.8310937007874015
0
LINE
8
BLACK
6
CONTINUOUS
10
4.1423330708661412
20
-3.8310937007874015
11
4.1430822834645671
21
-3.8273271259842518
0
LINE
8
BLACK
6
CONTINUOUS
10
4.1430822834645671
20
-3.8273271259842518
11
4.145215866141732
21
-3.8241339763779525
0
LINE
8
BLACK
6
CONTINUOUS
10
4.145215866141732
20
-3.8241339763779525
11
4.1484090157480313
21
-3.8220003937007871
0
LINE
8
BLACK
6
CONTINUOUS
10
4.1484090157480313
20
-3.8220003937007871
11
4.152175590551181
21
-3.8212511811023622
0
LINE
8
BLACK
6
CONTINUOUS
10
4.152175590551181
20
-3.8212511811023622
11
4.1728448818897634
21
-3.8212511811023622
0
LINE
8
BLACK
6
CONTINUOUS
10
4.1728448818897634
20
-3.8212511811023622
11
4.1766114566929131
21
-3.8220003937007871
0
LINE
8
BLACK
6
CONTINUOUS
10
4.2484618503937011
20
-3.8220003937007871
11
4.2516549999999995
21
-3.8241339763779525
0
LINE
8
BLACK
6
CONTINUOUS
10
4.2516549999999995
20
-3.8241339763779525
11
4.2537885826771653
21
-3.8273271259842518
0
LINE
8
BLACK
6
CONTINUOUS
10
4.2537885826771653
20
-3.8273271259842518
11
4.2545377952755903
21
-3.8310937007874015
0
LINE
8
BLACK
6
CONTINUOUS
10
4.2545377952755903
20
-3.8310937007874015
11
4.2545377952755903
21
-3.8665267716535432
0
LINE
8
BLACK
6
CONTINUOUS
10
4.2545377952755903
20
-3.8665267716535432
11
4.2537885826771653
21
-3.8702933464566929
0
LINE
8
BLACK
6
CONTINUOUS
10
4.2537885826771653
20
-3.8702933464566929
11
4.2516549999999995
21
-3.8734864960629922
0
LINE
8
BLACK
6
CONTINUOUS
10
4.2516549999999995
20
-3.8734864960629922
11
4.2484618503937011
21
-3.8756200787401576
0
LINE
8
BLACK
6
CONTINUOUS
10
4.2484618503937011
20
-3.8756200787401576
11
4.2446952755905514
21
-3.8763692913385825
0
LINE
8
BLACK
6
CONTINUOUS
10
4.2446952755905514
20
-3.8763692913385825
11
4.2240259842519681
21
-3.8763692913385825
0
LINE
8
BLACK
6
CONTINUOUS
10
4.2240259842519681
20
-3.8763692913385825
11
4.2202594094488184
21
-3.8756200787401576
0
LINE
8
BLACK
6
CONTINUOUS
10
4.2202594094488184
20
-3.8756200787401576
11
4.2170662598425199
21
-3.8734864960629922
0
LINE
8
BLACK
6
CONTINUOUS
10
4.2170662598425199
20
-3.8734864960629922
11
4.2149326771653541
21
-3.8702933464566929
0
LINE
8
BLACK
6
CONTINUOUS
10
4.2149326771653541
20
-3.8702933464566929
11
4.2141834645669292
21
-3.8665267716535432
0
LINE
8
BLACK
6
CONTINUOUS
10
4.2141834645669292
20
-3.8665267716535432
11
4.2141834645669292
21
-3.8310937007874015
0
LINE
8
BLACK
6
CONTINUOUS
10
4.2141834645669292
20
-3.8310937007874015
11
4.2149326771653541
21
-3.8273271259842518
0
LINE
8
BLACK
6
CONTINUOUS
10
4.2149326771653541
20
-3.8273271259842518
11
4.2170662598425199
21
-3.8241339763779525
0
LINE
8
BLACK
6
CONTINUOUS
10
4.2170662598425199
20
-3.8241339763779525
11
4.2202594094488184
21
-3.8220003937007871
0
LINE
8
BLACK
6
CONTINUOUS
10
4.2202594094488184
20
-3.8220003937007871
11
4.2240259842519681
21
-3.8212511811023622
0
LINE
8
BLACK
6
CONTINUOUS
10
4.2240259842519681
20
-3.8212511811023622
11
4.2446952755905514
21
-3.8212511811023622
0
LINE
8
BLACK
6
CONTINUOUS
10
4.2446952755905514
20
-3.8212511811023622
11
4.2484618503937011
21
-3.8220003937007871
0
LINE
8
BLACK
6
CONTINUOUS
10
4.3502335039370079
20
-3.8220003937007871
11
4.3534266535433073
21
-3.8241339763779525
0
LINE
8
BLACK
6
CONTINUOUS
10
4.3534266535433073
20
-3.8241339763779525
11
4.3555602362204722
21
-3.8273271259842518
0
LINE
8
BLACK
6
CONTINUOUS
10
4.3555602362204722
20
-3.8273271259842518
11
4.3563094488188971
21
-3.8310937007874015
0
LINE
8
BLACK
6
CONTINUOUS
10
4.3563094488188971
20
-3.8310937007874015
11
4.3563094488188971
21
-3.8665267716535432
0
LINE
8
BLACK
6
CONTINUOUS
10
4.3563094488188971
20
-3.8665267716535432
11
4.3555602362204722
21
-3.8702933464566929
0
LINE
8
BLACK
6
CONTINUOUS
10
4.3555602362204722
20
-3.8702933464566929
11
4.3534266535433073
21
-3.8734864960629922
0
LINE
8
BLACK
6
CONTINUOUS
10
4.3534266535433073
20
-3.8734864960629922
11
4.3502335039370079
21
-3.8756200787401576
0
LINE
8
BLACK
6
CONTINUOUS
10
4.3502335039370079
20
-3.8756200787401576
11
4.3464669291338582
21
-3.8763692913385825
0
LINE
8
BLACK
6
CONTINUOUS
10
4.3464669291338582
20
-3.8763692913385825
11
4.3257976377952758
21
-3.8763692913385825
0
LINE
8
BLACK
6
CONTINUOUS
10
4.3257976377952758
20
-3.8763692913385825
11
4.3220310629921261
21
-3.8756200787401576
0
LINE
8
BLACK
6
CONTINUOUS
10
4.3220310629921261
20
-3.8756200787401576
11
4.3188379133858268
21
-3.8734864960629922
0
LINE
8
BLACK
6
CONTINUOUS
10
4.3188379133858268
20
-3.8734864960629922
11
4.316704330708661
21
-3.8702933464566929
0
LINE
8
BLACK
6
CONTINUOUS
10
4.316704330708661
20
-3.8702933464566929
11
4.315955118110236
21
-3.8665267716535432
0
LINE
8
BLACK
6
CONTINUOUS
10
4.315955118110236
20
-3.8665267716535432
11
4.315955118110236
21
-3.8310937007874015
0
LINE
8
BLACK
6
CONTINUOUS
10
4.315955118110236
20
-3.8310937007874015
11
4.316704330708661
21
-3.8273271259842518
0
LINE
8
BLACK
6
CONTINUOUS
10
4.316704330708661
20
-3.8273271259842518
11
4.3188379133858268
21
-3.8241339763779525
0
LINE
8
BLACK
6
CONTINUOUS
10
4.3188379133858268
20
-3.8241339763779525
11
4.3220310629921261
21
-3.8220003937007871
0
LINE
8
BLACK
6
CONTINUOUS
10
4.3220310629921261
20
-3.8220003937007871
11
4.3257976377952758
21
-3.8212511811023622
0
LINE
8
BLACK
6
CONTINUOUS
10
4.3257976377952758
20
-3.8212511811023622
11
4.3464669291338582
21
-3.8212511811023622
0
LINE
8
BLACK
6
CONTINUOUS
10
4.3464669291338582
20
-3.8212511811023622
11
4.3502335039370079
21
-3.8220003937007871
0
LINE
8
BLACK
6
CONTINUOUS
10
4.422083897637795
20
-3.8220003937007871
11
4.4252770472440943
21
-3.8241339763779525
0
LINE
8
BLACK
6
CONTINUOUS
10
4.4252770472440943
20
-3.8241339763779525
11
4.4274106299212601
21
-3.8273271259842518
0
LINE
8
BLACK
6
CONTINUOUS
10
4.4274106299212601
20
-3.8273271259842518
11
4.4281598425196851
21
-3.8310937007874015
0
LINE
8
BLACK
6
CONTINUOUS
10
4.4281598425196851
20
-3.8310937007874015
11
4.4281598425196851
21
-3.8665267716535432
0
LINE
8
BLACK
6
CONTINUOUS
10
4.4281598425196851
20
-3.8665267716535432
11
4.4274106299212601
21
-3.8702933464566929
0
LINE
8
BLACK
6
CONTINUOUS
10
4.4274106299212601
20
-3.8702933464566929
11
4.4252770472440943
21
-3.8734864960629922
0
LINE
8
BLACK
6
CONTINUOUS
10
4.4252770472440943
20
-3.8734864960629922
11
4.422083897637795
21
-3.8756200787401576
0
LINE
8
BLACK
6
CONTINUOUS
10
4.422083897637795
20
-3.8756200787401576
11
4.4183173228346453
21
-3.8763692913385825
0
LINE
8
BLACK
6
CONTINUOUS
10
4.4183173228346453
20
-3.8763692913385825
11
4.3976480314960629
21
-3.8763692913385825
0
LINE
8
BLACK
6
CONTINUOUS
10
4.3976480314960629
20
-3.8763692913385825
11
4.3938814566929132
21
-3.8756200787401576
0
LINE
8
BLACK
6
CONTINUOUS
10
4.3938814566929132
20
-3.8756200787401576
11
4.3906883070866138
21
-3.8734864960629922
0
LINE
8
BLACK
6
CONTINUOUS
10
4.3906883070866138
20
-3.8734864960629922
11
4.3885547244094489
21
-3.8702933464566929
0
LINE
8
BLACK
6
CONTINUOUS
10
4.3885547244094489
20
-3.8702933464566929
11
4.387805511811024
21
-3.8665267716535432
0
LINE
8
BLACK
6
CONTINUOUS
10
4.387805511811024
20
-3.8665267716535432
11
4.387805511811024
21
-3.8310937007874015
0
LINE
8
BLACK
6
CONTINUOUS
10
4.387805511811024
20
-3.8310937007874015
11
4.3885547244094489
21
-3.8273271259842518
0
LINE
8
BLACK
6
CONTINUOUS
10
4.3885547244094489
20
-3.8273271259842518
11
4.3906883070866138
21
-3.8241339763779525
0
LINE
8
BLACK
6
CONTINUOUS
10
4.3906883070866138
20
-3.8241339763779525
11
4.3938814566929132
21
-3.8220003937007871
0
LINE
8
BLACK
6
CONTINUOUS
10
4.3938814566929132
20
-3.8220003937007871
11
4.3976480314960629
21
-3.8212511811023622
0
LINE
8
BLACK
6
CONTINUOUS
10
4.3976480314960629
20
-3.8212511811023622
11
4.4183173228346453
21
-3.8212511811023622
0
LINE
8
BLACK
6
CONTINUOUS
10
4.4183173228346453
20
-3.8212511811023622
11
4.422083897637795
21
-3.8220003937007871
0
LINE
8
BLACK
6
CONTINUOUS
10
4.5238555511811018
20
-3.8220003937007871
11
4.5270487007874012
21
-3.8241339763779525
0
LINE
8
BLACK
6
CONTINUOUS
10
4.5270487007874012
20
-3.8241339763779525
11
4.529182283464567
21
-3.8273271259842518
0
LINE
8
BLACK
6
CONTINUOUS
10
4.529182283464567
20
-3.8273271259842518
11
4.5299314960629919
21
-3.8310937007874015
0
LINE
8
BLACK
6
CONTINUOUS
10
4.5299314960629919
20
-3.8310937007874015
11
4.5299314960629919
21
-3.8665267716535432
0
LINE
8
BLACK
6
CONTINUOUS
10
4.5299314960629919
20
-3.8665267716535432
11
4.529182283464567
21
-3.8702933464566929
0
LINE
8
BLACK
6
CONTINUOUS
10
4.529182283464567
20
-3.8702933464566929
11
4.5270487007874012
21
-3.8734864960629922
0
LINE
8
BLACK
6
CONTINUOUS
10
4.5270487007874012
20
-3.8734864960629922
11
4.5238555511811018
21
-3.8756200787401576
0
LINE
8
BLACK
6
CONTINUOUS
10
4.5238555511811018
20
-3.8756200787401576
11
4.520088976377953
21
-3.8763692913385825
0
LINE
8
BLACK
6
CONTINUOUS
10
4.520088976377953
20
-3.8763692913385825
11
4.4994196850393697
21
-3.8763692913385825
0
LINE
8
BLACK
6
CONTINUOUS
10
4.4994196850393697
20
-3.8763692913385825
11
4.4956531102362201
21
-3.8756200787401576
0
LINE
8
BLACK
6
CONTINUOUS
10
4.4956531102362201
20
-3.8756200787401576
11
4.4924599606299216
21
-3.8734864960629922
0
LINE
8
BLACK
6
CONTINUOUS
10
4.4924599606299216
20
-3.8734864960629922
11
4.4903263779527558
21
-3.8702933464566929
0
LINE
8
BLACK
6
CONTINUOUS
10
4.4903263779527558
20
-3.8702933464566929
11
4.4895771653543308
21
-3.8665267716535432
0
LINE
8
BLACK
6
CONTINUOUS
10
4.4895771653543308
20
-3.8665267716535432
11
4.4895771653543308
21
-3.8310937007874015
0
LINE
8
BLACK
6
CONTINUOUS
10
4.4895771653543308
20
-3.8310937007874015
11
4.4903263779527558
21
-3.8273271259842518
0
LINE
8
BLACK
6
CONTINUOUS
10
4.4903263779527558
20
-3.8273271259842518
11
4.4924599606299216
21
-3.8241339763779525
0
LINE
8
BLACK
6
CONTINUOUS
10
4.4924599606299216
20
-3.8241339763779525
11
4.4956531102362201
21
-3.8220003937007871
0
LINE
8
BLACK
6
CONTINUOUS
10
4.4956531102362201
20
-3.8220003937007871
11
4.4994196850393697
21
-3.8212511811023622
0
LINE
8
BLACK
6
CONTINUOUS
10
4.4994196850393697
20
-3.8212511811023622
11
4.520088976377953
21
-3.8212511811023622
0
LINE
8
BLACK
6
CONTINUOUS
10
4.520088976377953
20
-3.8212511811023622
11
4.5238555511811018
21
-3.8220003937007871
0
LINE
8
BLACK
6
CONTINUOUS
10
4.5957059448818898
20
-3.8220003937007871
11
4.5988990944881891
21
-3.8241339763779525
0
LINE
8
BLACK
6
CONTINUOUS
10
4.5988990944881891
20
-3.8241339763779525
11
4.601032677165354
21
-3.8273271259842518
0
LINE
8
BLACK
6
CONTINUOUS
10
4.601032677165354
20
-3.8273271259842518
11
4.601781889763779
21
-3.8310937007874015
0
LINE
8
BLACK
6
CONTINUOUS
10
4.601781889763779
20
-3.8310937007874015
11
4.601781889763779
21
-3.8665267716535432
0
LINE
8
BLACK
6
CONTINUOUS
10
4.601781889763779
20
-3.8665267716535432
11
4.601032677165354
21
-3.8702933464566929
0
LINE
8
BLACK
6
CONTINUOUS
10
4.601032677165354
20
-3.8702933464566929
11
4.5988990944881891
21
-3.8734864960629922
0
LINE
8
BLACK
6
CONTINUOUS
10
4.5988990944881891
20
-3.8734864960629922
11
4.5957059448818898
21
-3.8756200787401576
0
LINE
8
BLACK
6
CONTINUOUS
10
4.5957059448818898
20
-3.8756200787401576
11
4.5919393700787401
21
-3.8763692913385825
0
LINE
8
BLACK
6
CONTINUOUS
10
4.5919393700787401
20
-3.8763692913385825
11
4.5712700787401577
21
-3.8763692913385825
0
LINE
8
BLACK
6
CONTINUOUS
10
4.5712700787401577
20
-3.8763692913385825
11
4.567503503937008
21
-3.8756200787401576
0
LINE
8
BLACK
6
CONTINUOUS
10
4.567503503937008
20
-3.8756200787401576
11
4.5643103543307086
21
-3.8734864960629922
0
LINE
8
BLACK
6
CONTINUOUS
10
4.5643103543307086
20
-3.8734864960629922
11
4.5621767716535429
21
-3.8702933464566929
0
LINE
8
BLACK
6
CONTINUOUS
10
4.5621767716535429
20
-3.8702933464566929
11
4.5614275590551179
21
-3.8665267716535432
0
LINE
8
BLACK
6
CONTINUOUS
10
4.5614275590551179
20
-3.8665267716535432
11
4.5614275590551179
21
-3.8310937007874015
0
LINE
8
BLACK
6
CONTINUOUS
10
4.5614275590551179
20
-3.8310937007874015
11
4.5621767716535429
21
-3.8273271259842518
0
LINE
8
BLACK
6
CONTINUOUS
10
4.5621767716535429
20
-3.8273271259842518
11
4.5643103543307086
21
-3.8241339763779525
0
LINE
8
BLACK
6
CONTINUOUS
10
4.5643103543307086
20
-3.8241339763779525
11
4.567503503937008
21
-3.8220003937007871
0
LINE
8
BLACK
6
CONTINUOUS
10
4.567503503937008
20
-3.8220003937007871
11
4.5712700787401577
21
-3.8212511811023622
0
LINE
8
BLACK
6
CONTINUOUS
10
4.5712700787401577
20
-3.8212511811023622
11
4.5919393700787401
21
-3.8212511811023622
0
LINE
8
BLACK
6
CONTINUOUS
10
4.5919393700787401
20
-3.8212511811023622
11
4.5957059448818898
21
-3.8220003937007871
0
LINE
8
BLACK
6
CONTINUOUS
10
5.2371127165354325
20
-3.8295747244094489
11
5.2390285826771654
21
-3.8308548818897639
0
LINE
8
BLACK
6
CONTINUOUS
10
5.2390285826771654
20
-3.8308548818897639
11
5.2403087401574799
21
-3.8327707480314959
0
LINE
8
BLACK
6
CONTINUOUS
10
5.2403087401574799
20
-3.8327707480314959
11
5.2407582677165356
21
-3.8350307086614173
0
LINE
8
BLACK
6
CONTINUOUS
10
5.2407582677165356
20
-3.8350307086614173
11
5.2407582677165356
21
-3.8468417322834645
0
LINE
8
BLACK
6
CONTINUOUS
10
5.2407582677165356
20
-3.8468417322834645
11
5.2403087401574799
21
-3.8491016929133859
0
LINE
8
BLACK
6
CONTINUOUS
10
5.2403087401574799
20
-3.8491016929133859
11
5.2390285826771654
21
-3.8510175590551179
0
LINE
8
BLACK
6
CONTINUOUS
10
5.2390285826771654
20
-3.8510175590551179
11
5.2371127165354325
21
-3.8522977165354328
0
LINE
8
BLACK
6
CONTINUOUS
10
5.2371127165354325
20
-3.8522977165354328
11
5.2348527559055116
21
-3.8527472440944881
0
LINE
8
BLACK
6
CONTINUOUS
10
5.2348527559055116
20
-3.8527472440944881
11
5.1944984251968505
21
-3.8527472440944881
0
LINE
8
BLACK
6
CONTINUOUS
10
5.1944984251968505
20
-3.8527472440944881
11
5.1922384645669286
21
-3.8522977165354328
0
LINE
8
BLACK
6
CONTINUOUS
10
5.1922384645669286
20
-3.8522977165354328
11
5.1903225984251966
21
-3.8510175590551179
0
LINE
8
BLACK
6
CONTINUOUS
10
5.1903225984251966
20
-3.8510175590551179
11
5.1890424409448821
21
-3.8491016929133859
0
LINE
8
BLACK
6
CONTINUOUS
10
5.1890424409448821
20
-3.8491016929133859
11
5.1885929133858264
21
-3.8468417322834645
0
LINE
8
BLACK
6
CONTINUOUS
10
5.1885929133858264
20
-3.8468417322834645
11
5.1885929133858264
21
-3.8350307086614173
0
LINE
8
BLACK
6
CONTINUOUS
10
5.1885929133858264
20
-3.8350307086614173
11
5.1890424409448821
21
-3.8327707480314959
0
LINE
8
BLACK
6
CONTINUOUS
10
5.1890424409448821
20
-3.8327707480314959
11
5.1903225984251966
21
-3.8308548818897639
0
LINE
8
BLACK
6
CONTINUOUS
10
5.1903225984251966
20
-3.8308548818897639
11
5.1922384645669286
21
-3.8295747244094489
0
LINE
8
BLACK
6
CONTINUOUS
10
5.1922384645669286
20
-3.8295747244094489
11
5.1944984251968505
21
-3.8291251968503937
0
LINE
8
BLACK
6
CONTINUOUS
10
5.1944984251968505
20
-3.8291251968503937
11
5.2348527559055116
21
-3.8291251968503937
0
LINE
8
BLACK
6
CONTINUOUS
10
5.2348527559055116
20
-3.8291251968503937
11
5.2371127165354325
21
-3.8295747244094489
0
LINE
8
BLACK
6
CONTINUOUS
10
5.4325331496062992
20
-3.6268133858267717
11
5.4369835039370074
21
-3.6293827952755904
0
LINE
8
BLACK
6
CONTINUOUS
10
5.4369835039370074
20
-3.6293827952755904
11
5.4406172047244095
21
-3.633016496062992
0
LINE
8
BLACK
6
CONTINUOUS
10
5.4406172047244095
20
-3.633016496062992
11
5.4431866141732286
21
-3.6374668503937007
0
LINE
8
BLACK
6
CONTINUOUS
10
5.4431866141732286
20
-3.6374668503937007
11
5.444516614173228
21
-3.6424305905511809
0
LINE
8
BLACK
6
CONTINUOUS
10
5.444516614173228
20
-3.6424305905511809
11
5.444516614173228
21
-3.6475694094488187
0
LINE
8
BLACK
6
CONTINUOUS
10
5.444516614173228
20
-3.6475694094488187
11
5.4431866141732286
21
-3.6525331496062989
0
LINE
8
BLACK
6
CONTINUOUS
10
5.4431866141732286
20
-3.6525331496062989
11
5.4406172047244095
21
-3.656983503937008
0
LINE
8
BLACK
6
CONTINUOUS
10
5.4406172047244095
20
-3.656983503937008
11
5.4369835039370074
21
-3.6606172047244092
0
LINE
8
BLACK
6
CONTINUOUS
10
5.4369835039370074
20
-3.6606172047244092
11
5.4325331496062992
21
-3.6631866141732283
0
LINE
8
BLACK
6
CONTINUOUS
10
5.4325331496062992
20
-3.6631866141732283
11
5.4275694094488189
21
-3.6645166141732282
0
LINE
8
BLACK
6
CONTINUOUS
10
5.4275694094488189
20
-3.6645166141732282
11
5.4224305905511807
21
-3.6645166141732282
0
LINE
8
BLACK
6
CONTINUOUS
10
5.4224305905511807
20
-3.6645166141732282
11
5.4174668503937005
21
-3.6631866141732283
0
LINE
8
BLACK
6
CONTINUOUS
10
5.4174668503937005
20
-3.6631866141732283
11
5.4130164960629923
21
-3.6606172047244092
0
LINE
8
BLACK
6
CONTINUOUS
10
5.4130164960629923
20
-3.6606172047244092
11
5.4093827952755902
21
-3.656983503937008
0
LINE
8
BLACK
6
CONTINUOUS
10
5.4093827952755902
20
-3.656983503937008
11
5.406813385826772
21
-3.6525331496062989
0
LINE
8
BLACK
6
CONTINUOUS
10
5.406813385826772
20
-3.6525331496062989
11
5.4054833858267717
21
-3.6475694094488187
0
LINE
8
BLACK
6
CONTINUOUS
10
5.4054833858267717
20
-3.6475694094488187
11
5.4054833858267717
21
-3.6424305905511809
0
LINE
8
BLACK
6
CONTINUOUS
10
5.4054833858267717
20
-3.6424305905511809
11
5.406813385826772
21
-3.6374668503937007
0
LINE
8
BLACK
6
CONTINUOUS
10
5.406813385826772
20
-3.6374668503937007
11
5.4093827952755902
21
-3.633016496062992
0
LINE
8
BLACK
6
CONTINUOUS
10
5.4093827952755902
20
-3.633016496062992
11
5.4130164960629923
21
-3.6293827952755904
0
LINE
8
BLACK
6
CONTINUOUS
10
5.4130164960629923
20
-3.6293827952755904
11
5.4174668503937005
21
-3.6268133858267717
0
LINE
8
BLACK
6
CONTINUOUS
10
5.4174668503937005
20
-3.6268133858267717
11
5.4224305905511807
21
-3.6254833858267714
0
LINE
8
BLACK
6
CONTINUOUS
10
5.4224305905511807
20
-3.6254833858267714
11
5.4275694094488189
21
-3.6254833858267714
0
LINE
8
BLACK
6
CONTINUOUS
10
5.4275694094488189
20
-3.6254833858267714
11
5.4325331496062992
21
-3.6268133858267717
0
LINE
8
BLACK
6
CONTINUOUS
10
5.692533149606299
20
-3.6268133858267717
11
5.696983503937008
21
-3.6293827952755904
0
LINE
8
BLACK
6
CONTINUOUS
10
5.696983503937008
20
-3.6293827952755904
11
5.7006172047244092
21
-3.633016496062992
0
LINE
8
BLACK
6
CONTINUOUS
10
5.7006172047244092
20
-3.633016496062992
11
5.7031866141732284
21
-3.6374668503937007
0
LINE
8
BLACK
6
CONTINUOUS
10
5.7031866141732284
20
-3.6374668503937007
11
5.7045166141732286
21
-3.6424305905511809
0
LINE
8
BLACK
6
CONTINUOUS
10
5.7045166141732286
20
-3.6424305905511809
11
5.7045166141732286
21
-3.6475694094488187
0
LINE
8
BLACK
6
CONTINUOUS
10
5.7045166141732286
20
-3.6475694094488187
11
5.7031866141732284
21
-3.6525331496062989
0
LINE
8
BLACK
6
CONTINUOUS
10
5.7031866141732284
20
-3.6525331496062989
11
5.7006172047244092
21
-3.656983503937008
0
LINE
8
BLACK
6
CONTINUOUS
10
5.7006172047244092
20
-3.656983503937008
11
5.696983503937008
21
-3.6606172047244092
0
LINE
8
BLACK
6
CONTINUOUS
10
5.696983503937008
20
-3.6606172047244092
11
5.692533149606299
21
-3.6631866141732283
0
LINE
8
BLACK
6
CONTINUOUS
10
5.692533149606299
20
-3.6631866141732283
11
5.6875694094488187
21
-3.6645166141732282
0
LINE
8
BLACK
6
CONTINUOUS
10
5.6875694094488187
20
-3.6645166141732282
11
5.6824305905511814
21
-3.6645166141732282
0
LINE
8
BLACK
6
CONTINUOUS
10
5.6824305905511814
20
-3.6645166141732282
11
5.6774668503937002
21
-3.6631866141732283
0
LINE
8
BLACK
6
CONTINUOUS
10
5.6774668503937002
20
-3.6631866141732283
11
5.6730164960629921
21
-3.6606172047244092
0
LINE
8
BLACK
6
CONTINUOUS
10
5.6730164960629921
20
-3.6606172047244092
11
5.6693827952755909
21
-3.656983503937008
0
LINE
8
BLACK
6
CONTINUOUS
10
5.6693827952755909
20
-3.656983503937008
11
5.6668133858267717
21
-3.6525331496062989
0
LINE
8
BLACK
6
CONTINUOUS
10
5.6668133858267717
20
-3.6525331496062989
11
5.6654833858267715
21
-3.6475694094488187
0
LINE
8
BLACK
6
CONTINUOUS
10
5.6654833858267715
20
-3.6475694094488187
11
5.6654833858267715
21
-3.6424305905511809
0
LINE
8
BLACK
6
CONTINUOUS
10
5.6654833858267715
20
-3.6424305905511809
11
5.6668133858267717
21
-3.6374668503937007
0
LINE
8
BLACK
6
CONTINUOUS
10
5.6668133858267717
20
-3.6374668503937007
11
5.6693827952755909
21
-3.633016496062992
0
LINE
8
BLACK
6
CONTINUOUS
10
5.6693827952755909
20
-3.633016496062992
11
5.6730164960629921
21
-3.6293827952755904
0
LINE
8
BLACK
6
CONTINUOUS
10
5.6730164960629921
20
-3.6293827952755904
11
5.6774668503937002
21
-3.6268133858267717
0
LINE
8
BLACK
6
CONTINUOUS
10
5.6774668503937002
20
-3.6268133858267717
11
5.6824305905511814
21
-3.6254833858267714
0
LINE
8
BLACK
6
CONTINUOUS
10
5.6824305905511814
20
-3.6254833858267714
11
5.6875694094488187
21
-3.6254833858267714
0
LINE
8
BLACK
6
CONTINUOUS
10
5.6875694094488187
20
-3.6254833858267714
11
5.692533149606299
21
-3.6268133858267717
0
LINE
8
BLACK
6
CONTINUOUS
10
5.8525331496062991
20
-3.6218133858267714
11
5.8569835039370082
21
-3.6243827952755905
0
LINE
8
BLACK
6
CONTINUOUS
10
5.8569835039370082
20
-3.6243827952755905
11
5.8606172047244094
21
-3.6280164960629921
0
LINE
8
BLACK
6
CONTINUOUS
10
5.8606172047244094
20
-3.6280164960629921
11
5.8631866141732285
21
-3.6324668503937008
0
LINE
8
BLACK
6
CONTINUOUS
10
5.8631866141732285
20
-3.6324668503937008
11
5.8645166141732279
21
-3.637430590551181
0
LINE
8
BLACK
6
CONTINUOUS
10
5.8645166141732279
20
-3.637430590551181
11
5.8645166141732279
21
-3.6425694094488188
0
LINE
8
BLACK
6
CONTINUOUS
10
5.8645166141732279
20
-3.6425694094488188
11
5.8631866141732285
21
-3.647533149606299
0
LINE
8
BLACK
6
CONTINUOUS
10
5.8631866141732285
20
-3.647533149606299
11
5.8606172047244094
21
-3.6519835039370077
0
LINE
8
BLACK
6
CONTINUOUS
10
5.8606172047244094
20
-3.6519835039370077
11
5.8569835039370082
21
-3.6556172047244093
0
LINE
8
BLACK
6
CONTINUOUS
10
5.8569835039370082
20
-3.6556172047244093
11
5.8525331496062991
21
-3.6581866141732284
0
LINE
8
BLACK
6
CONTINUOUS
10
5.8525331496062991
20
-3.6581866141732284
11
5.8475694094488189
21
-3.6595166141732283
0
LINE
8
BLACK
6
CONTINUOUS
10
5.8475694094488189
20
-3.6595166141732283
11
5.8424305905511806
21
-3.6595166141732283
0
LINE
8
BLACK
6
CONTINUOUS
10
5.8424305905511806
20
-3.6595166141732283
11
5.8374668503937004
21
-3.6581866141732284
0
LINE
8
BLACK
6
CONTINUOUS
10
5.8374668503937004
20
-3.6581866141732284
11
5.8330164960629922
21
-3.6556172047244093
0
LINE
8
BLACK
6
CONTINUOUS
10
5.8330164960629922
20
-3.6556172047244093
11
5.8293827952755901
21
-3.6519835039370077
0
LINE
8
BLACK
6
CONTINUOUS
10
5.8293827952755901
20
-3.6519835039370077
11
5.8268133858267719
21
-3.647533149606299
0
LINE
8
BLACK
6
CONTINUOUS
10
5.8268133858267719
20
-3.647533149606299
11
5.8254833858267716
21
-3.6425694094488188
0
LINE
8
BLACK
6
CONTINUOUS
10
5.8254833858267716
20
-3.6425694094488188
11
5.8254833858267716
21
-3.637430590551181
0
LINE
8
BLACK
6
CONTINUOUS
10
5.8254833858267716
20
-3.637430590551181
11
5.8268133858267719
21
-3.6324668503937008
0
LINE
8
BLACK
6
CONTINUOUS
10
5.8268133858267719
20
-3.6324668503937008
11
5.8293827952755901
21
-3.6280164960629921
0
LINE
8
BLACK
6
CONTINUOUS
10
5.8293827952755901
20
-3.6280164960629921
11
5.8330164960629922
21
-3.6243827952755905
0
LINE
8
BLACK
6
CONTINUOUS
10
5.8330164960629922
20
-3.6243827952755905
11
5.8374668503937004
21
-3.6218133858267714
0
LINE
8
BLACK
6
CONTINUOUS
10
5.8374668503937004
20
-3.6218133858267714
11
5.8424305905511806
21
-3.6204833858267715
0
LINE
8
BLACK
6
CONTINUOUS
10
5.8424305905511806
20
-3.6204833858267715
11
5.8475694094488189
21
-3.6204833858267715
0
LINE
8
BLACK
6
CONTINUOUS
10
5.8475694094488189
20
-3.6204833858267715
11
5.8525331496062991
21
-3.6218133858267714
0
LINE
8
BLACK
6
CONTINUOUS
10
6.0475331496062994
20
-3.5968133858267715
11
6.0519835039370076
21
-3.5993827952755906
0
LINE
8
BLACK
6
CONTINUOUS
10
6.0519835039370076
20
-3.5993827952755906
11
6.0556172047244097
21
-3.6030164960629922
0
LINE
8
BLACK
6
CONTINUOUS
10
6.0556172047244097
20
-3.6030164960629922
11
6.0581866141732279
21
-3.6074668503937009
0
LINE
8
BLACK
6
CONTINUOUS
10
6.0581866141732279
20
-3.6074668503937009
11
6.0595166141732282
21
-3.6124305905511811
0
LINE
8
BLACK
6
CONTINUOUS
10
6.0595166141732282
20
-3.6124305905511811
11
6.0595166141732282
21
-3.6175694094488189
0
LINE
8
BLACK
6
CONTINUOUS
10
6.0595166141732282
20
-3.6175694094488189
11
6.0581866141732279
21
-3.6225331496062991
0
LINE
8
BLACK
6
CONTINUOUS
10
6.0581866141732279
20
-3.6225331496062991
11
6.0556172047244097
21
-3.6269835039370077
0
LINE
8
BLACK
6
CONTINUOUS
10
6.0556172047244097
20
-3.6269835039370077
11
6.0519835039370076
21
-3.6306172047244094
0
LINE
8
BLACK
6
CONTINUOUS
10
6.0519835039370076
20
-3.6306172047244094
11
6.0475331496062994
21
-3.6331866141732281
0
LINE
8
BLACK
6
CONTINUOUS
10
6.0475331496062994
20
-3.6331866141732281
11
6.0425694094488192
21
-3.6345166141732284
0
LINE
8
BLACK
6
CONTINUOUS
10
6.0425694094488192
20
-3.6345166141732284
11
6.0374305905511809
21
-3.6345166141732284
0
LINE
8
BLACK
6
CONTINUOUS
10
6.0374305905511809
20
-3.6345166141732284
11
6.0324668503937007
21
-3.6331866141732281
0
LINE
8
BLACK
6
CONTINUOUS
10
6.0324668503937007
20
-3.6331866141732281
11
6.0280164960629916
21
-3.6306172047244094
0
LINE
8
BLACK
6
CONTINUOUS
10
6.0280164960629916
20
-3.6306172047244094
11
6.0243827952755904
21
-3.6269835039370077
0
LINE
8
BLACK
6
CONTINUOUS
10
6.0243827952755904
20
-3.6269835039370077
11
6.0218133858267713
21
-3.6225331496062991
0
LINE
8
BLACK
6
CONTINUOUS
10
6.0218133858267713
20
-3.6225331496062991
11
6.0204833858267719
21
-3.6175694094488189
0
LINE
8
BLACK
6
CONTINUOUS
10
6.0204833858267719
20
-3.6175694094488189
11
6.0204833858267719
21
-3.6124305905511811
0
LINE
8
BLACK
6
CONTINUOUS
10
6.0204833858267719
20
-3.6124305905511811
11
6.0218133858267713
21
-3.6074668503937009
0
LINE
8
BLACK
6
CONTINUOUS
10
6.0218133858267713
20
-3.6074668503937009
11
6.0243827952755904
21
-3.6030164960629922
0
LINE
8
BLACK
6
CONTINUOUS
10
6.0243827952755904
20
-3.6030164960629922
11
6.0280164960629916
21
-3.5993827952755906
0
LINE
8
BLACK
6
CONTINUOUS
10
6.0280164960629916
20
-3.5993827952755906
11
6.0324668503937007
21
-3.5968133858267715
0
LINE
8
BLACK
6
CONTINUOUS
10
6.0324668503937007
20
-3.5968133858267715
11
6.0374305905511809
21
-3.5954833858267716
0
LINE
8
BLACK
6
CONTINUOUS
10
6.0374305905511809
20
-3.5954833858267716
11
6.0425694094488192
21
-3.5954833858267716
0
LINE
8
BLACK
6
CONTINUOUS
10
6.0425694094488192
20
-3.5954833858267716
11
6.0475331496062994
21
-3.5968133858267715
0
LINE
8
BLACK
6
CONTINUOUS
10
3.5147842125984252
20
-3.3735585433070865
11
3.5276971259842518
21
-3.3765058267716537
0
LINE
8
BLACK
6
CONTINUOUS
10
3.5276971259842518
20
-3.3765058267716537
11
3.5401988188976379
21
-3.3808803543307087
0
LINE
8
BLACK
6
CONTINUOUS
10
3.5401988188976379
20
-3.3808803543307087
11
3.5521321653543305
21
-3.3866271653543305
0
LINE
8
BLACK
6
CONTINUOUS
10
3.5521321653543305
20
-3.3866271653543305
11
3.5633470078740155
21
-3.3936738976377954
0
LINE
8
BLACK
6
CONTINUOUS
10
3.5633470078740155
20
-3.3936738976377954
11
3.5737023622047244
21
-3.4019320472440944
0
LINE
8
BLACK
6
CONTINUOUS
10
3.5737023622047244
20
-3.4019320472440944
11
3.5830679527559055
21
-3.4112976377952755
0
LINE
8
BLACK
6
CONTINUOUS
10
3.5830679527559055
20
-3.4112976377952755
11
3.5913261023622045
21
-3.4216529921259844
0
LINE
8
BLACK
6
CONTINUOUS
10
3.5913261023622045
20
-3.4216529921259844
11
3.5983728346456694
21
-3.4328678346456694
0
LINE
8
BLACK
6
CONTINUOUS
10
3.5983728346456694
20
-3.4328678346456694
11
3.6041196456692912
21
-3.444801181102362
0
LINE
8
BLACK
6
CONTINUOUS
10
3.6041196456692912
20
-3.444801181102362
11
3.6084941732283462
21
-3.4573028740157481
0
LINE
8
BLACK
6
CONTINUOUS
10
3.6084941732283462
20
-3.4573028740157481
11
3.6114414566929134
21
-3.4702157874015747
0
LINE
8
BLACK
6
CONTINUOUS
10
3.6114414566929134
20
-3.4702157874015747
11
3.6129244094488189
21
-3.4833775196850394
0
LINE
8
BLACK
6
CONTINUOUS
10
3.6129244094488189
20
-3.4833775196850394
11
3.6129244094488189
21
-3.4966224803149606
0
LINE
8
BLACK
6
CONTINUOUS
10
3.6129244094488189
20
-3.4966224803149606
11
3.6114414566929134
21
-3.5097842125984253
0
LINE
8
BLACK
6
CONTINUOUS
10
3.6114414566929134
20
-3.5097842125984253
11
3.6084941732283462
21
-3.5226971259842519
0
LINE
8
BLACK
6
CONTINUOUS
10
3.6084941732283462
20
-3.5226971259842519
11
3.6041196456692912
21
-3.5351988188976375
0
LINE
8
BLACK
6
CONTINUOUS
10
3.6041196456692912
20
-3.5351988188976375
11
3.5983728346456694
21
-3.5471321653543306
0
LINE
8
BLACK
6
CONTINUOUS
10
3.5983728346456694
20
-3.5471321653543306
11
3.5913261023622045
21
-3.5583470078740156
0
LINE
8
BLACK
6
CONTINUOUS
10
3.5913261023622045
20
-3.5583470078740156
11
3.5830679527559055
21
-3.5687023622047245
0
LINE
8
BLACK
6
CONTINUOUS
10
3.5830679527559055
20
-3.5687023622047245
11
3.5737023622047244
21
-3.5780679527559056
0
LINE
8
BLACK
6
CONTINUOUS
10
3.5737023622047244
20
-3.5780679527559056
11
3.5633470078740155
21
-3.5863261023622046
0
LINE
8
BLACK
6
CONTINUOUS
10
3.5633470078740155
20
-3.5863261023622046
11
3.5521321653543305
21
-3.593372834645669
0
LINE
8
BLACK
6
CONTINUOUS
10
3.5521321653543305
20
-3.593372834645669
11
3.5401988188976379
21
-3.5991196456692913
0
LINE
8
BLACK
6
CONTINUOUS
10
3.5401988188976379
20
-3.5991196456692913
11
3.5276971259842518
21
-3.6034941732283463
0
LINE
8
BLACK
6
CONTINUOUS
10
3.5276971259842518
20
-3.6034941732283463
11
3.5147842125984252
21
-3.6064414566929135
0
LINE
8
BLACK
6
CONTINUOUS
10
3.5147842125984252
20
-3.6064414566929135
11
3.5016224803149605
21
-3.607924409448819
0
LINE
8
BLACK
6
CONTINUOUS
10
3.5016224803149605
20
-3.607924409448819
11
3.4883775196850393
21
-3.607924409448819
0
LINE
8
BLACK
6
CONTINUOUS
10
3.4883775196850393
20
-3.607924409448819
11
3.4752157874015746
21
-3.6064414566929135
0
LINE
8
BLACK
6
CONTINUOUS
10
3.4752157874015746
20
-3.6064414566929135
11
3.462302874015748
21
-3.6034941732283463
0
LINE
8
BLACK
6
CONTINUOUS
10
3.462302874015748
20
-3.6034941732283463
11
3.4498011811023623
21
-3.5991196456692913
0
LINE
8
BLACK
6
CONTINUOUS
10
3.4498011811023623
20
-3.5991196456692913
11
3.4378678346456693
21
-3.593372834645669
0
LINE
8
BLACK
6
CONTINUOUS
10
3.4378678346456693
20
-3.593372834645669
11
3.4266529921259843
21
-3.5863261023622046
0
LINE
8
BLACK
6
CONTINUOUS
10
3.4266529921259843
20
-3.5863261023622046
11
3.4162976377952754
21
-3.5780679527559056
0
LINE
8
BLACK
6
CONTINUOUS
10
3.4162976377952754
20
-3.5780679527559056
11
3.4069320472440943
21
-3.5687023622047245
0
LINE
8
BLACK
6
CONTINUOUS
10
3.4069320472440943
20
-3.5687023622047245
11
3.3986738976377953
21
-3.5583470078740156
0
LINE
8
BLACK
6
CONTINUOUS
10
3.3986738976377953
20
-3.5583470078740156
11
3.3916271653543308
21
-3.5471321653543306
0
LINE
8
BLACK
6
CONTINUOUS
10
3.3916271653543308
20
-3.5471321653543306
11
3.3858803543307086
21
-3.5351988188976375
0
LINE
8
BLACK
6
CONTINUOUS
10
3.3858803543307086
20
-3.5351988188976375
11
3.3815058267716536
21
-3.5226971259842519
0
LINE
8
BLACK
6
CONTINUOUS
10
3.3815058267716536
20
-3.5226971259842519
11
3.3785585433070864
21
-3.5097842125984253
0
LINE
8
BLACK
6
CONTINUOUS
10
3.3785585433070864
20
-3.5097842125984253
11
3.3770755905511809
21
-3.4966224803149606
0
LINE
8
BLACK
6
CONTINUOUS
10
3.3770755905511809
20
-3.4966224803149606
11
3.3770755905511809
21
-3.4833775196850394
0
LINE
8
BLACK
6
CONTINUOUS
10
3.3770755905511809
20
-3.4833775196850394
11
3.3785585433070864
21
-3.4702157874015747
0
LINE
8
BLACK
6
CONTINUOUS
10
3.3785585433070864
20
-3.4702157874015747
11
3.3815058267716536
21
-3.4573028740157481
0
LINE
8
BLACK
6
CONTINUOUS
10
3.3815058267716536
20
-3.4573028740157481
11
3.3858803543307086
21
-3.444801181102362
0
LINE
8
BLACK
6
CONTINUOUS
10
3.3858803543307086
20
-3.444801181102362
11
3.3916271653543308
21
-3.4328678346456694
0
LINE
8
BLACK
6
CONTINUOUS
10
3.3916271653543308
20
-3.4328678346456694
11
3.3986738976377953
21
-3.4216529921259844
0
LINE
8
BLACK
6
CONTINUOUS
10
3.3986738976377953
20
-3.4216529921259844
11
3.4069320472440943
21
-3.4112976377952755
0
LINE
8
BLACK
6
CONTINUOUS
10
3.4069320472440943
20
-3.4112976377952755
11
3.4162976377952754
21
-3.4019320472440944
0
LINE
8
BLACK
6
CONTINUOUS
10
3.4162976377952754
20
-3.4019320472440944
11
3.4266529921259843
21
-3.3936738976377954
0
LINE
8
BLACK
6
CONTINUOUS
10
3.4266529921259843
20
-3.3936738976377954
11
3.4378678346456693
21
-3.3866271653543305
0
LINE
8
BLACK
6
CONTINUOUS
10
3.4378678346456693
20
-3.3866271653543305
11
3.4498011811023623
21
-3.3808803543307087
0
LINE
8
BLACK
6
CONTINUOUS
10
3.4498011811023623
20
-3.3808803543307087
11
3.462302874015748
21
-3.3765058267716537
0
LINE
8
BLACK
6
CONTINUOUS
10
3.462302874015748
20
-3.3765058267716537
11
3.4752157874015746
21
-3.3735585433070865
0
LINE
8
BLACK
6
CONTINUOUS
10
3.4752157874015746
20
-3.3735585433070865
11
3.4883775196850393
21
-3.372075590551181
0
LINE
8
BLACK
6
CONTINUOUS
10
3.4883775196850393
20
-3.372075590551181
11
3.5016224803149605
21
-3.372075590551181
0
LINE
8
BLACK
6
CONTINUOUS
10
3.5016224803149605
20
-3.372075590551181
11
3.5147842125984252
21
-3.3735585433070865
0
LINE
8
BLACK
6
CONTINUOUS
10
7.2097842125984251
20
-3.3535585433070865
11
7.2226971259842516
21
-3.3565058267716537
0
LINE
8
BLACK
6
CONTINUOUS
10
7.2226971259842516
20
-3.3565058267716537
11
7.2351988188976373
21
-3.3608803543307086
0
LINE
8
BLACK
6
CONTINUOUS
10
7.2351988188976373
20
-3.3608803543307086
11
7.2471321653543308
21
-3.3666271653543305
0
LINE
8
BLACK
6
CONTINUOUS
10
7.2471321653543308
20
-3.3666271653543305
11
7.2583470078740158
21
-3.3736738976377953
0
LINE
8
BLACK
6
CONTINUOUS
10
7.2583470078740158
20
-3.3736738976377953
11
7.2687023622047242
21
-3.3819320472440944
0
LINE
8
BLACK
6
CONTINUOUS
10
7.2687023622047242
20
-3.3819320472440944
11
7.2780679527559053
21
-3.3912976377952755
0
LINE
8
BLACK
6
CONTINUOUS
10
7.2780679527559053
20
-3.3912976377952755
11
7.2863261023622048
21
-3.4016529921259844
0
LINE
8
BLACK
6
CONTINUOUS
10
7.2863261023622048
20
-3.4016529921259844
11
7.2933728346456688
21
-3.4128678346456693
0
LINE
8
BLACK
6
CONTINUOUS
10
7.2933728346456688
20
-3.4128678346456693
11
7.2991196456692915
21
-3.424801181102362
0
LINE
8
BLACK
6
CONTINUOUS
10
7.2991196456692915
20
-3.424801181102362
11
7.303494173228346
21
-3.4373028740157481
0
LINE
8
BLACK
6
CONTINUOUS
10
7.303494173228346
20
-3.4373028740157481
11
7.3064414566929132
21
-3.4502157874015746
0
LINE
8
BLACK
6
CONTINUOUS
10
7.3064414566929132
20
-3.4502157874015746
11
7.3079244094488187
21
-3.4633775196850394
0
LINE
8
BLACK
6
CONTINUOUS
10
7.3079244094488187
20
-3.4633775196850394
11
7.3079244094488187
21
-3.4766224803149606
0
LINE
8
BLACK
6
CONTINUOUS
10
7.3079244094488187
20
-3.4766224803149606
11
7.3064414566929132
21
-3.4897842125984253
0
LINE
8
BLACK
6
CONTINUOUS
10
7.3064414566929132
20
-3.4897842125984253
11
7.303494173228346
21
-3.5026971259842519
0
LINE
8
BLACK
6
CONTINUOUS
10
7.303494173228346
20
-3.5026971259842519
11
7.2991196456692915
21
-3.5151988188976375
0
LINE
8
BLACK
6
CONTINUOUS
10
7.2991196456692915
20
-3.5151988188976375
11
7.2933728346456688
21
-3.5271321653543306
0
LINE
8
BLACK
6
CONTINUOUS
10
7.2933728346456688
20
-3.5271321653543306
11
7.2863261023622048
21
-3.5383470078740156
0
LINE
8
BLACK
6
CONTINUOUS
10
7.2863261023622048
20
-3.5383470078740156
11
7.2780679527559053
21
-3.5487023622047245
0
LINE
8
BLACK
6
CONTINUOUS
10
7.2780679527559053
20
-3.5487023622047245
11
7.2687023622047242
21
-3.5580679527559056
0
LINE
8
BLACK
6
CONTINUOUS
10
7.2687023622047242
20
-3.5580679527559056
11
7.2583470078740158
21
-3.5663261023622046
0
LINE
8
BLACK
6
CONTINUOUS
10
7.2583470078740158
20
-3.5663261023622046
11
7.2471321653543308
21
-3.573372834645669
0
LINE
8
BLACK
6
CONTINUOUS
10
7.2471321653543308
20
-3.573372834645669
11
7.2351988188976373
21
-3.5791196456692913
0
LINE
8
BLACK
6
CONTINUOUS
10
7.2351988188976373
20
-3.5791196456692913
11
7.2226971259842516
21
-3.5834941732283463
0
LINE
8
BLACK
6
CONTINUOUS
10
7.2226971259842516
20
-3.5834941732283463
11
7.2097842125984251
21
-3.5864414566929135
0
LINE
8
BLACK
6
CONTINUOUS
10
7.2097842125984251
20
-3.5864414566929135
11
7.1966224803149608
21
-3.587924409448819
0
LINE
8
BLACK
6
CONTINUOUS
10
7.1966224803149608
20
-3.587924409448819
11
7.1833775196850391
21
-3.587924409448819
0
LINE
8
BLACK
6
CONTINUOUS
10
7.1833775196850391
20
-3.587924409448819
11
7.1702157874015748
21
-3.5864414566929135
0
LINE
8
BLACK
6
CONTINUOUS
10
7.1702157874015748
20
-3.5864414566929135
11
7.1573028740157483
21
-3.5834941732283463
0
LINE
8
BLACK
6
CONTINUOUS
10
7.1573028740157483
20
-3.5834941732283463
11
7.1448011811023617
21
-3.5791196456692913
0
LINE
8
BLACK
6
CONTINUOUS
10
7.1448011811023617
20
-3.5791196456692913
11
7.1328678346456691
21
-3.573372834645669
0
LINE
8
BLACK
6
CONTINUOUS
10
7.1328678346456691
20
-3.573372834645669
11
7.1216529921259841
21
-3.5663261023622046
0
LINE
8
BLACK
6
CONTINUOUS
10
7.1216529921259841
20
-3.5663261023622046
11
7.1112976377952757
21
-3.5580679527559056
0
LINE
8
BLACK
6
CONTINUOUS
10
7.1112976377952757
20
-3.5580679527559056
11
7.1019320472440945
21
-3.5487023622047245
0
LINE
8
BLACK
6
CONTINUOUS
10
7.1019320472440945
20
-3.5487023622047245
11
7.0936738976377951
21
-3.5383470078740156
0
LINE
8
BLACK
6
CONTINUOUS
10
7.0936738976377951
20
-3.5383470078740156
11
7.0866271653543302
21
-3.5271321653543306
0
LINE
8
BLACK
6
CONTINUOUS
10
7.0866271653543302
20
-3.5271321653543306
11
7.0808803543307084
21
-3.5151988188976375
0
LINE
8
BLACK
6
CONTINUOUS
10
7.0808803543307084
20
-3.5151988188976375
11
7.076505826771653
21
-3.5026971259842519
0
LINE
8
BLACK
6
CONTINUOUS
10
7.076505826771653
20
-3.5026971259842519
11
7.0735585433070867
21
-3.4897842125984253
0
LINE
8
BLACK
6
CONTINUOUS
10
7.0735585433070867
20
-3.4897842125984253
11
7.0720755905511812
21
-3.4766224803149606
0
LINE
8
BLACK
6
CONTINUOUS
10
7.0720755905511812
20
-3.4766224803149606
11
7.0720755905511812
21
-3.4633775196850394
0
LINE
8
BLACK
6
CONTINUOUS
10
7.0720755905511812
20
-3.4633775196850394
11
7.0735585433070867
21
-3.4502157874015746
0
LINE
8
BLACK
6
CONTINUOUS
10
7.0735585433070867
20
-3.4502157874015746
11
7.076505826771653
21
-3.4373028740157481
0
LINE
8
BLACK
6
CONTINUOUS
10
7.076505826771653
20
-3.4373028740157481
11
7.0808803543307084
21
-3.424801181102362
0
LINE
8
BLACK
6
CONTINUOUS
10
7.0808803543307084
20
-3.424801181102362
11
7.0866271653543302
21
-3.4128678346456693
0
LINE
8
BLACK
6
CONTINUOUS
10
7.0866271653543302
20
-3.4128678346456693
11
7.0936738976377951
21
-3.4016529921259844
0
LINE
8
BLACK
6
CONTINUOUS
10
7.0936738976377951
20
-3.4016529921259844
11
7.1019320472440945
21
-3.3912976377952755
0
LINE
8
BLACK
6
CONTINUOUS
10
7.1019320472440945
20
-3.3912976377952755
11
7.1112976377952757
21
-3.3819320472440944
0
LINE
8
BLACK
6
CONTINUOUS
10
7.1112976377952757
20
-3.3819320472440944
11
7.1216529921259841
21
-3.3736738976377953
0
LINE
8
BLACK
6
CONTINUOUS
10
7.1216529921259841
20
-3.3736738976377953
11
7.1328678346456691
21
-3.3666271653543305
0
LINE
8
BLACK
6
CONTINUOUS
10
7.1328678346456691
20
-3.3666271653543305
11
7.1448011811023617
21
-3.3608803543307086
0
LINE
8
BLACK
6
CONTINUOUS
10
7.1448011811023617
20
-3.3608803543307086
11
7.1573028740157483
21
-3.3565058267716537
0
LINE
8
BLACK
6
CONTINUOUS
10
7.1573028740157483
20
-3.3565058267716537
11
7.1702157874015748
21
-3.3535585433070865
0
LINE
8
BLACK
6
CONTINUOUS
10
7.1702157874015748
20
-3.3535585433070865
11
7.1833775196850391
21
-3.352075590551181
0
LINE
8
BLACK
6
CONTINUOUS
10
7.1833775196850391
20
-3.352075590551181
11
7.1966224803149608
21
-3.352075590551181
0
LINE
8
BLACK
6
CONTINUOUS
10
7.1966224803149608
20
-3.352075590551181
11
7.2097842125984251
21
-3.3535585433070865
0
LINE
8
BLACK
6
CONTINUOUS
10
3.9431496062992126
20
-3.0402362204724409
11
3.7856692913385825
21
-3.0402362204724409
0
LINE
8
BLACK
6
CONTINUOUS
10
3.7856692913385825
20
-3.0402362204724409
11
3.7856692913385825
21
-2.8827559055118108
0
LINE
8
BLACK
6
CONTINUOUS
10
3.7856692913385825
20
-2.8827559055118108
11
3.9431496062992126
21
-2.8827559055118108
0
LINE
8
BLACK
6
CONTINUOUS
10
3.9431496062992126
20
-2.8827559055118108
11
3.9431496062992126
21
-3.0402362204724409
0
LINE
8
BLACK
6
CONTINUOUS
10
6.801417322834646
20
-3.0402362204724409
11
6.6439370078740154
21
-3.0402362204724409
0
LINE
8
BLACK
6
CONTINUOUS
10
6.6439370078740154
20
-3.0402362204724409
11
6.6439370078740154
21
-2.8827559055118108
0
LINE
8
BLACK
6
CONTINUOUS
10
6.6439370078740154
20
-2.8827559055118108
11
6.801417322834646
21
-2.8827559055118108
0
LINE
8
BLACK
6
CONTINUOUS
10
6.801417322834646
20
-2.8827559055118108
11
6.801417322834646
21
-3.0402362204724409
0
LINE
8
BLACK
6
CONTINUOUS
10
3.9431496062992126
20
-2.2803937007874016
11
3.7856692913385825
21
-2.2803937007874016
0
LINE
8
BLACK
6
CONTINUOUS
10
3.7856692913385825
20
-2.2803937007874016
11
3.7856692913385825
21
-2.1229133858267715
0
LINE
8
BLACK
6
CONTINUOUS
10
3.7856692913385825
20
-2.1229133858267715
11
3.9431496062992126
21
-2.1229133858267715
0
LINE
8
BLACK
6
CONTINUOUS
10
3.9431496062992126
20
-2.1229133858267715
11
3.9431496062992126
21
-2.2803937007874016
0
LINE
8
BLACK
6
CONTINUOUS
10
6.801417322834646
20
-2.2803937007874016
11
6.6439370078740154
21
-2.2803937007874016
0
LINE
8
BLACK
6
CONTINUOUS
10
6.6439370078740154
20
-2.2803937007874016
11
6.6439370078740154
21
-2.1229133858267715
0
LINE
8
BLACK
6
CONTINUOUS
10
6.6439370078740154
20
-2.1229133858267715
11
6.801417322834646
21
-2.1229133858267715
0
LINE
8
BLACK
6
CONTINUOUS
10
6.801417322834646
20
-2.1229133858267715
11
6.801417322834646
21
-2.2803937007874016
0
LINE
8
BLACK
6
CONTINUOUS
10
3.4997842125984251
20
-1.4935585433070866
11
3.5126971259842521
21
-1.4965058267716536
0
LINE
8
BLACK
6
CONTINUOUS
10
3.5126971259842521
20
-1.4965058267716536
11
3.5251988188976378
21
-1.5008803543307085
0
LINE
8
BLACK
6
CONTINUOUS
10
3.5251988188976378
20
-1.5008803543307085
11
3.5371321653543308
21
-1.5066271653543306
0
LINE
8
BLACK
6
CONTINUOUS
10
3.5371321653543308
20
-1.5066271653543306
11
3.5483470078740158
21
-1.5136738976377953
0
LINE
8
BLACK
6
CONTINUOUS
10
3.5483470078740158
20
-1.5136738976377953
11
3.5587023622047242
21
-1.5219320472440945
0
LINE
8
BLACK
6
CONTINUOUS
10
3.5587023622047242
20
-1.5219320472440945
11
3.5680679527559054
21
-1.5312976377952756
0
LINE
8
BLACK
6
CONTINUOUS
10
3.5680679527559054
20
-1.5312976377952756
11
3.5763261023622048
21
-1.5416529921259843
0
LINE
8
BLACK
6
CONTINUOUS
10
3.5763261023622048
20
-1.5416529921259843
11
3.5833728346456692
21
-1.5528678346456692
0
LINE
8
BLACK
6
CONTINUOUS
10
3.5833728346456692
20
-1.5528678346456692
11
3.5891196456692911
21
-1.5648011811023621
0
LINE
8
BLACK
6
CONTINUOUS
10
3.5891196456692911
20
-1.5648011811023621
11
3.5934941732283465
21
-1.577302874015748
0
LINE
8
BLACK
6
CONTINUOUS
10
3.5934941732283465
20
-1.577302874015748
11
3.5964414566929133
21
-1.5902157874015748
0
LINE
8
BLACK
6
CONTINUOUS
10
3.5964414566929133
20
-1.5902157874015748
11
3.5979244094488187
21
-1.6033775196850393
0
LINE
8
BLACK
6
CONTINUOUS
10
3.5979244094488187
20
-1.6033775196850393
11
3.5979244094488187
21
-1.6166224803149607
0
LINE
8
BLACK
6
CONTINUOUS
10
3.5979244094488187
20
-1.6166224803149607
11
3.5964414566929133
21
-1.6297842125984252
0
LINE
8
BLACK
6
CONTINUOUS
10
3.5964414566929133
20
-1.6297842125984252
11
3.5934941732283465
21
-1.642697125984252
0
LINE
8
BLACK
6
CONTINUOUS
10
3.5934941732283465
20
-1.642697125984252
11
3.5891196456692911
21
-1.6551988188976376
0
LINE
8
BLACK
6
CONTINUOUS
10
3.5891196456692911
20
-1.6551988188976376
11
3.5833728346456692
21
-1.6671321653543307
0
LINE
8
BLACK
6
CONTINUOUS
10
3.5833728346456692
20
-1.6671321653543307
11
3.5763261023622048
21
-1.6783470078740157
0
LINE
8
BLACK
6
CONTINUOUS
10
3.5763261023622048
20
-1.6783470078740157
11
3.5680679527559054
21
-1.6887023622047244
0
LINE
8
BLACK
6
CONTINUOUS
10
3.5680679527559054
20
-1.6887023622047244
11
3.5587023622047242
21
-1.6980679527559055
0
LINE
8
BLACK
6
CONTINUOUS
10
3.5587023622047242
20
-1.6980679527559055
11
3.5483470078740158
21
-1.7063261023622047
0
LINE
8
BLACK
6
CONTINUOUS
10
3.5483470078740158
20
-1.7063261023622047
11
3.5371321653543308
21
-1.7133728346456694
0
LINE
8
BLACK
6
CONTINUOUS
10
3.5371321653543308
20
-1.7133728346456694
11
3.5251988188976378
21
-1.7191196456692912
0
LINE
8
BLACK
6
CONTINUOUS
10
3.5251988188976378
20
-1.7191196456692912
11
3.5126971259842521
21
-1.7234941732283464
0
LINE
8
BLACK
6
CONTINUOUS
10
3.5126971259842521
20
-1.7234941732283464
11
3.4997842125984251
21
-1.7264414566929134
0
LINE
8
BLACK
6
CONTINUOUS
10
3.4997842125984251
20
-1.7264414566929134
11
3.4866224803149604
21
-1.7279244094488189
0
LINE
8
BLACK
6
CONTINUOUS
10
3.4866224803149604
20
-1.7279244094488189
11
3.4733775196850392
21
-1.7279244094488189
0
LINE
8
BLACK
6
CONTINUOUS
10
3.4733775196850392
20
-1.7279244094488189
11
3.4602157874015749
21
-1.7264414566929134
0
LINE
8
BLACK
6
CONTINUOUS
10
3.4602157874015749
20
-1.7264414566929134
11
3.4473028740157479
21
-1.7234941732283464
0
LINE
8
BLACK
6
CONTINUOUS
10
3.4473028740157479
20
-1.7234941732283464
11
3.4348011811023622
21
-1.7191196456692912
0
LINE
8
BLACK
6
CONTINUOUS
10
3.4348011811023622
20
-1.7191196456692912
11
3.4228678346456691
21
-1.7133728346456694
0
LINE
8
BLACK
6
CONTINUOUS
10
3.4228678346456691
20
-1.7133728346456694
11
3.4116529921259842
21
-1.7063261023622047
0
LINE
8
BLACK
6
CONTINUOUS
10
3.4116529921259842
20
-1.7063261023622047
11
3.4012976377952757
21
-1.6980679527559055
0
LINE
8
BLACK
6
CONTINUOUS
10
3.4012976377952757
20
-1.6980679527559055
11
3.3919320472440946
21
-1.6887023622047244
0
LINE
8
BLACK
6
CONTINUOUS
10
3.3919320472440946
20
-1.6887023622047244
11
3.3836738976377951
21
-1.6783470078740157
0
LINE
8
BLACK
6
CONTINUOUS
10
3.3836738976377951
20
-1.6783470078740157
11
3.3766271653543307
21
-1.6671321653543307
0
LINE
8
BLACK
6
CONTINUOUS
10
3.3766271653543307
20
-1.6671321653543307
11
3.3708803543307084
21
-1.6551988188976376
0
LINE
8
BLACK
6
CONTINUOUS
10
3.3708803543307084
20
-1.6551988188976376
11
3.3665058267716534
21
-1.642697125984252
0
LINE
8
BLACK
6
CONTINUOUS
10
3.3665058267716534
20
-1.642697125984252
11
3.3635585433070867
21
-1.6297842125984252
0
LINE
8
BLACK
6
CONTINUOUS
10
3.3635585433070867
20
-1.6297842125984252
11
3.3620755905511812
21
-1.6166224803149607
0
LINE
8
BLACK
6
CONTINUOUS
10
3.3620755905511812
20
-1.6166224803149607
11
3.3620755905511812
21
-1.6033775196850393
0
LINE
8
BLACK
6
CONTINUOUS
10
3.3620755905511812
20
-1.6033775196850393
11
3.3635585433070867
21
-1.5902157874015748
0
LINE
8
BLACK
6
CONTINUOUS
10
3.3635585433070867
20
-1.5902157874015748
11
3.3665058267716534
21
-1.577302874015748
0
LINE
8
BLACK
6
CONTINUOUS
10
3.3665058267716534
20
-1.577302874015748
11
3.3708803543307084
21
-1.5648011811023621
0
LINE
8
BLACK
6
CONTINUOUS
10
3.3708803543307084
20
-1.5648011811023621
11
3.3766271653543307
21
-1.5528678346456692
0
LINE
8
BLACK
6
CONTINUOUS
10
3.3766271653543307
20
-1.5528678346456692
11
3.3836738976377951
21
-1.5416529921259843
0
LINE
8
BLACK
6
CONTINUOUS
10
3.3836738976377951
20
-1.5416529921259843
11
3.3919320472440946
21
-1.5312976377952756
0
LINE
8
BLACK
6
CONTINUOUS
10
3.3919320472440946
20
-1.5312976377952756
11
3.4012976377952757
21
-1.5219320472440945
0
LINE
8
BLACK
6
CONTINUOUS
10
3.4012976377952757
20
-1.5219320472440945
11
3.4116529921259842
21
-1.5136738976377953
0
LINE
8
BLACK
6
CONTINUOUS
10
3.4116529921259842
20
-1.5136738976377953
11
3.4228678346456691
21
-1.5066271653543306
0
LINE
8
BLACK
6
CONTINUOUS
10
3.4228678346456691
20
-1.5066271653543306
11
3.4348011811023622
21
-1.5008803543307085
0
LINE
8
BLACK
6
CONTINUOUS
10
3.4348011811023622
20
-1.5008803543307085
11
3.4473028740157479
21
-1.4965058267716536
0
LINE
8
BLACK
6
CONTINUOUS
10
3.4473028740157479
20
-1.4965058267716536
11
3.4602157874015749
21
-1.4935585433070866
0
LINE
8
BLACK
6
CONTINUOUS
10
3.4602157874015749
20
-1.4935585433070866
11
3.4733775196850392
21
-1.4920755905511811
0
LINE
8
BLACK
6
CONTINUOUS
10
3.4733775196850392
20
-1.4920755905511811
11
3.4866224803149604
21
-1.4920755905511811
0
LINE
8
BLACK
6
CONTINUOUS
10
3.4866224803149604
20
-1.4920755905511811
11
3.4997842125984251
21
-1.4935585433070866
0
LINE
8
BLACK
6
CONTINUOUS
10
7.2297842125984246
20
-1.4835585433070866
11
7.2426971259842521
21
-1.4865058267716535
0
LINE
8
BLACK
6
CONTINUOUS
10
7.2426971259842521
20
-1.4865058267716535
11
7.2551988188976377
21
-1.4908803543307085
0
LINE
8
BLACK
6
CONTINUOUS
10
7.2551988188976377
20
-1.4908803543307085
11
7.2671321653543304
21
-1.4966271653543306
0
LINE
8
BLACK
6
CONTINUOUS
10
7.2671321653543304
20
-1.4966271653543306
11
7.2783470078740153
21
-1.5036738976377952
0
LINE
8
BLACK
6
CONTINUOUS
10
7.2783470078740153
20
-1.5036738976377952
11
7.2887023622047247
21
-1.5119320472440945
0
LINE
8
BLACK
6
CONTINUOUS
10
7.2887023622047247
20
-1.5119320472440945
11
7.2980679527559049
21
-1.5212976377952756
0
LINE
8
BLACK
6
CONTINUOUS
10
7.2980679527559049
20
-1.5212976377952756
11
7.3063261023622044
21
-1.5316529921259843
0
LINE
8
BLACK
6
CONTINUOUS
10
7.3063261023622044
20
-1.5316529921259843
11
7.3133728346456692
21
-1.5428678346456692
0
LINE
8
BLACK
6
CONTINUOUS
10
7.3133728346456692
20
-1.5428678346456692
11
7.3191196456692911
21
-1.5548011811023621
0
LINE
8
BLACK
6
CONTINUOUS
10
7.3191196456692911
20
-1.5548011811023621
11
7.3234941732283465
21
-1.567302874015748
0
LINE
8
BLACK
6
CONTINUOUS
10
7.3234941732283465
20
-1.567302874015748
11
7.3264414566929128
21
-1.5802157874015748
0
LINE
8
BLACK
6
CONTINUOUS
10
7.3264414566929128
20
-1.5802157874015748
11
7.3279244094488183
21
-1.5933775196850393
0
LINE
8
BLACK
6
CONTINUOUS
10
7.3279244094488183
20
-1.5933775196850393
11
7.3279244094488183
21
-1.6066224803149607
0
LINE
8
BLACK
6
CONTINUOUS
10
7.3279244094488183
20
-1.6066224803149607
11
7.3264414566929128
21
-1.6197842125984252
0
LINE
8
BLACK
6
CONTINUOUS
10
7.3264414566929128
20
-1.6197842125984252
11
7.3234941732283465
21
-1.632697125984252
0
LINE
8
BLACK
6
CONTINUOUS
10
7.3234941732283465
20
-1.632697125984252
11
7.3191196456692911
21
-1.6451988188976379
0
LINE
8
BLACK
6
CONTINUOUS
10
7.3191196456692911
20
-1.6451988188976379
11
7.3133728346456692
21
-1.6571321653543307
0
LINE
8
BLACK
6
CONTINUOUS
10
7.3133728346456692
20
-1.6571321653543307
11
7.3063261023622044
21
-1.6683470078740157
0
LINE
8
BLACK
6
CONTINUOUS
10
7.3063261023622044
20
-1.6683470078740157
11
7.2980679527559049
21
-1.6787023622047244
0
LINE
8
BLACK
6
CONTINUOUS
10
7.2980679527559049
20
-1.6787023622047244
11
7.2887023622047247
21
-1.6880679527559055
0
LINE
8
BLACK
6
CONTINUOUS
10
7.2887023622047247
20
-1.6880679527559055
11
7.2783470078740153
21
-1.6963261023622047
0
LINE
8
BLACK
6
CONTINUOUS
10
7.2783470078740153
20
-1.6963261023622047
11
7.2671321653543304
21
-1.7033728346456694
0
LINE
8
BLACK
6
CONTINUOUS
10
7.2671321653543304
20
-1.7033728346456694
11
7.2551988188976377
21
-1.7091196456692912
0
LINE
8
BLACK
6
CONTINUOUS
10
7.2551988188976377
20
-1.7091196456692912
11
7.2426971259842521
21
-1.7134941732283464
0
LINE
8
BLACK
6
CONTINUOUS
10
7.2426971259842521
20
-1.7134941732283464
11
7.2297842125984246
21
-1.7164414566929134
0
LINE
8
BLACK
6
CONTINUOUS
10
7.2297842125984246
20
-1.7164414566929134
11
7.2166224803149603
21
-1.7179244094488189
0
LINE
8
BLACK
6
CONTINUOUS
10
7.2166224803149603
20
-1.7179244094488189
11
7.2033775196850396
21
-1.7179244094488189
0
LINE
8
BLACK
6
CONTINUOUS
10
7.2033775196850396
20
-1.7179244094488189
11
7.1902157874015744
21
-1.7164414566929134
0
LINE
8
BLACK
6
CONTINUOUS
10
7.1902157874015744
20
-1.7164414566929134
11
7.1773028740157478
21
-1.7134941732283464
0
LINE
8
BLACK
6
CONTINUOUS
10
7.1773028740157478
20
-1.7134941732283464
11
7.1648011811023622
21
-1.7091196456692912
0
LINE
8
BLACK
6
CONTINUOUS
10
7.1648011811023622
20
-1.7091196456692912
11
7.1528678346456696
21
-1.7033728346456694
0
LINE
8
BLACK
6
CONTINUOUS
10
7.1528678346456696
20
-1.7033728346456694
11
7.1416529921259837
21
-1.6963261023622047
0
LINE
8
BLACK
6
CONTINUOUS
10
7.1416529921259837
20
-1.6963261023622047
11
7.1312976377952753
21
-1.6880679527559055
0
LINE
8
BLACK
6
CONTINUOUS
10
7.1312976377952753
20
-1.6880679527559055
11
7.1219320472440941
21
-1.6787023622047244
0
LINE
8
BLACK
6
CONTINUOUS
10
7.1219320472440941
20
-1.6787023622047244
11
7.1136738976377947
21
-1.6683470078740157
0
LINE
8
BLACK
6
CONTINUOUS
10
7.1136738976377947
20
-1.6683470078740157
11
7.1066271653543307
21
-1.6571321653543307
0
LINE
8
BLACK
6
CONTINUOUS
10
7.1066271653543307
20
-1.6571321653543307
11
7.1008803543307089
21
-1.6451988188976379
0
LINE
8
BLACK
6
CONTINUOUS
10
7.1008803543307089
20
-1.6451988188976379
11
7.0965058267716534
21
-1.632697125984252
0
LINE
8
BLACK
6
CONTINUOUS
10
7.0965058267716534
20
-1.632697125984252
11
7.0935585433070862
21
-1.6197842125984252
0
LINE
8
BLACK
6
CONTINUOUS
10
7.0935585433070862
20
-1.6197842125984252
11
7.0920755905511808
21
-1.6066224803149607
0
LINE
8
BLACK
6
CONTINUOUS
10
7.0920755905511808
20
-1.6066224803149607
11
7.0920755905511808
21
-1.5933775196850393
0
LINE
8
BLACK
6
CONTINUOUS
10
7.0920755905511808
20
-1.5933775196850393
11
7.0935585433070862
21
-1.5802157874015748
0
LINE
8
BLACK
6
CONTINUOUS
10
7.0935585433070862
20
-1.5802157874015748
11
7.0965058267716534
21
-1.567302874015748
0
LINE
8
BLACK
6
CONTINUOUS
10
7.0965058267716534
20
-1.567302874015748
11
7.1008803543307089
21
-1.5548011811023621
0
LINE
8
BLACK
6
CONTINUOUS
10
7.1008803543307089
20
-1.5548011811023621
11
7.1066271653543307
21
-1.5428678346456692
0
LINE
8
BLACK
6
CONTINUOUS
10
7.1066271653543307
20
-1.5428678346456692
11
7.1136738976377947
21
-1.5316529921259843
0
LINE
8
BLACK
6
CONTINUOUS
10
7.1136738976377947
20
-1.5316529921259843
11
7.1219320472440941
21
-1.5212976377952756
0
LINE
8
BLACK
6
CONTINUOUS
10
7.1219320472440941
20
-1.5212976377952756
11
7.1312976377952753
21
-1.5119320472440945
0
LINE
8
BLACK
6
CONTINUOUS
10
7.1312976377952753
20
-1.5119320472440945
11
7.1416529921259837
21
-1.5036738976377952
0
LINE
8
BLACK
6
CONTINUOUS
10
7.1416529921259837
20
-1.5036738976377952
11
7.1528678346456696
21
-1.4966271653543306
0
LINE
8
BLACK
6
CONTINUOUS
10
7.1528678346456696
20
-1.4966271653543306
11
7.1648011811023622
21
-1.4908803543307085
0
LINE
8
BLACK
6
CONTINUOUS
10
7.1648011811023622
20
-1.4908803543307085
11
7.1773028740157478
21
-1.4865058267716535
0
LINE
8
BLACK
6
CONTINUOUS
10
7.1773028740157478
20
-1.4865058267716535
11
7.1902157874015744
21
-1.4835585433070866
0
LINE
8
BLACK
6
CONTINUOUS
10
7.1902157874015744
20
-1.4835585433070866
11
7.2033775196850396
21
-1.4820755905511811
0
LINE
8
BLACK
6
CONTINUOUS
10
7.2033775196850396
20
-1.4820755905511811
11
7.2166224803149603
21
-1.4820755905511811
0
LINE
8
BLACK
6
CONTINUOUS
10
7.2166224803149603
20
-1.4820755905511811
11
7.2297842125984246
21
-1.4835585433070866
0
LINE
8
BLACK
6
CONTINUOUS
10
5.5559919685039372
20
-4.5273532677165349
11
5.5545223228346456
21
-4.5309012992125988
0
LINE
8
BLACK
6
CONTINUOUS
10
5.5545223228346456
20
-4.5309012992125988
11
5.5518068110236216
21
-4.5336168110236219
0
LINE
8
BLACK
6
CONTINUOUS
10
5.5518068110236216
20
-4.5336168110236219
11
5.5482587795275586
21
-4.5350864566929134
0
LINE
8
BLACK
6
CONTINUOUS
10
5.5482587795275586
20
-4.5350864566929134
11
5.5444183858267717
21
-4.5350864566929134
0
LINE
8
BLACK
6
CONTINUOUS
10
5.5444183858267717
20
-4.5350864566929134
11
5.5408703543307087
21
-4.5336168110236219
0
LINE
8
BLACK
6
CONTINUOUS
10
5.5408703543307087
20
-4.5336168110236219
11
5.5381548425196847
21
-4.5309012992125988
0
LINE
8
BLACK
6
CONTINUOUS
10
5.5381548425196847
20
-4.5309012992125988
11
5.5366851968503932
21
-4.5273532677165349
0
LINE
8
BLACK
6
CONTINUOUS
10
5.5366851968503932
20
-4.5273532677165349
11
5.5364960629921258
21
-4.5254330708661419
0
LINE
8
BLACK
6
CONTINUOUS
10
5.5364960629921258
20
-4.5254330708661419
11
5.5364960629921258
21
-4.5096850393700789
0
LINE
8
BLACK
6
CONTINUOUS
10
5.5364960629921258
20
-4.5096850393700789
11
5.5366851968503932
21
-4.507764842519685
0
LINE
8
BLACK
6
CONTINUOUS
10
5.5366851968503932
20
-4.507764842519685
11
5.5381548425196847
21
-4.504216811023622
0
LINE
8
BLACK
6
CONTINUOUS
10
5.5381548425196847
20
-4.504216811023622
11
5.5408703543307087
21
-4.501501299212598
0
LINE
8
BLACK
6
CONTINUOUS
10
5.5408703543307087
20
-4.501501299212598
11
5.5444183858267717
21
-4.5000316535433074
0
LINE
8
BLACK
6
CONTINUOUS
10
5.5444183858267717
20
-4.5000316535433074
11
5.5482587795275586
21
-4.5000316535433074
0
LINE
8
BLACK
6
CONTINUOUS
10
5.5482587795275586
20
-4.5000316535433074
11
5.5518068110236216
21
-4.501501299212598
0
LINE
8
BLACK
6
CONTINUOUS
10
5.5518068110236216
20
-4.501501299212598
11
5.5545223228346456
21
-4.504216811023622
0
LINE
8
BLACK
6
CONTINUOUS
10
5.5545223228346456
20
-4.504216811023622
11
5.5559919685039372
21
-4.507764842519685
0
LINE
8
BLACK
6
CONTINUOUS
10
5.5559919685039372
20
-4.507764842519685
11
5.5561811023622045
21
-4.5096850393700789
0
LINE
8
BLACK
6
CONTINUOUS
10
5.5561811023622045
20
-4.5096850393700789
11
5.5561811023622045
21
-4.5254330708661419
0
LINE
8
BLACK
6
CONTINUOUS
10
5.5561811023622045
20
-4.5254330708661419
11
5.5559919685039372
21
-4.5273532677165349
0
LINE
8
BLACK
6
CONTINUOUS
10
5.7233148031496066
20
-4.5273532677165349
11
5.7218451574803151
21
-4.5309012992125988
0
LINE
8
BLACK
6
CONTINUOUS
10
5.7218451574803151
20
-4.5309012992125988
11
5.7191296456692911
21
-4.5336168110236219
0
LINE
8
BLACK
6
CONTINUOUS
10
5.7191296456692911
20
-4.5336168110236219
11
5.7155816141732281
21
-4.5350864566929134
0
LINE
8
BLACK
6
CONTINUOUS
10
5.7155816141732281
20
-4.5350864566929134
11
5.7117412204724411
21
-4.5350864566929134
0
LINE
8
BLACK
6
CONTINUOUS
10
5.7117412204724411
20
-4.5350864566929134
11
5.7081931889763782
21
-4.5336168110236219
0
LINE
8
BLACK
6
CONTINUOUS
10
5.7081931889763782
20
-4.5336168110236219
11
5.7054776771653541
21
-4.5309012992125988
0
LINE
8
BLACK
6
CONTINUOUS
10
5.7054776771653541
20
-4.5309012992125988
11
5.7040080314960626
21
-4.5273532677165349
0
LINE
8
BLACK
6
CONTINUOUS
10
5.7040080314960626
20
-4.5273532677165349
11
5.7038188976377953
21
-4.5254330708661419
0
LINE
8
BLACK
6
CONTINUOUS
10
5.7038188976377953
20
-4.5254330708661419
11
5.7038188976377953
21
-4.5096850393700789
0
LINE
8
BLACK
6
CONTINUOUS
10
5.7038188976377953
20
-4.5096850393700789
11
5.7040080314960626
21
-4.507764842519685
0
LINE
8
BLACK
6
CONTINUOUS
10
5.7040080314960626
20
-4.507764842519685
11
5.7054776771653541
21
-4.504216811023622
0
LINE
8
BLACK
6
CONTINUOUS
10
5.7054776771653541
20
-4.504216811023622
11
5.7081931889763782
21
-4.501501299212598
0
LINE
8
BLACK
6
CONTINUOUS
10
5.7081931889763782
20
-4.501501299212598
11
5.7117412204724411
21
-4.5000316535433074
0
LINE
8
BLACK
6
CONTINUOUS
10
5.7117412204724411
20
-4.5000316535433074
11
5.7155816141732281
21
-4.5000316535433074
0
LINE
8
BLACK
6
CONTINUOUS
10
5.7155816141732281
20
-4.5000316535433074
11
5.7191296456692911
21
-4.501501299212598
0
LINE
8
BLACK
6
CONTINUOUS
10
5.7191296456692911
20
-4.501501299212598
11
5.7218451574803151
21
-4.504216811023622
0
LINE
8
BLACK
6
CONTINUOUS
10
5.7218451574803151
20
-4.504216811023622
11
5.7233148031496066
21
-4.507764842519685
0
LINE
8
BLACK
6
CONTINUOUS
10
5.7233148031496066
20
-4.507764842519685
11
5.723503937007874
21
-4.5096850393700789
0
LINE
8
BLACK
6
CONTINUOUS
10
5.723503937007874
20
-4.5096850393700789
11
5.723503937007874
21
-4.5254330708661419
0
LINE
8
BLACK
6
CONTINUOUS
10
5.723503937007874
20
-4.5254330708661419
11
5.7233148031496066
21
-4.5273532677165349
0
CIRCLE
8
BLACK
10
3.4950000000000001
20
-3.4899999999999998
40
0.0068897637795276
0
CIRCLE
8
BLACK
10
3.8720574803149606
20
-4.583062204724409
40
0.0068897637795276
0
CIRCLE
8
BLACK
10
4.0996165354330705
20
-4.583062204724409
40
0.0068897637795276
0
LINE
8
BLACK
6
CONTINUOUS
10
3.8274682283464565
20
-4.7452337795275588
11
3.8266702362204725
21
-4.7482120078740158
0
LINE
8
BLACK
6
CONTINUOUS
10
3.8266702362204725
20
-4.7482120078740158
11
3.825128582677165
21
-4.7508822047244097
0
LINE
8
BLACK
6
CONTINUOUS
10
3.825128582677165
20
-4.7508822047244097
11
3.8229483464566929
21
-4.7530624409448814
0
LINE
8
BLACK
6
CONTINUOUS
10
3.8229483464566929
20
-4.7530624409448814
11
3.820278149606299
21
-4.7546040944881884
0
LINE
8
BLACK
6
CONTINUOUS
10
3.820278149606299
20
-4.7546040944881884
11
3.8172999212598424
21
-4.7554020866141729
0
LINE
8
BLACK
6
CONTINUOUS
10
3.8172999212598424
20
-4.7554020866141729
11
3.8142166141732283
21
-4.7554020866141729
0
LINE
8
BLACK
6
CONTINUOUS
10
3.8142166141732283
20
-4.7554020866141729
11
3.8112383858267718
21
-4.7546040944881884
0
LINE
8
BLACK
6
CONTINUOUS
10
3.8112383858267718
20
-4.7546040944881884
11
3.8085681889763778
21
-4.7530624409448814
0
LINE
8
BLACK
6
CONTINUOUS
10
3.8085681889763778
20
-4.7530624409448814
11
3.8063879527559052
21
-4.7508822047244097
0
LINE
8
BLACK
6
CONTINUOUS
10
3.8063879527559052
20
-4.7508822047244097
11
3.8048462992125982
21
-4.7482120078740158
0
LINE
8
BLACK
6
CONTINUOUS
10
3.8048462992125982
20
-4.7482120078740158
11
3.8040483070866142
21
-4.7452337795275588
0
LINE
8
BLACK
6
CONTINUOUS
10
3.8040483070866142
20
-4.7452337795275588
11
3.8039472440944881
21
-4.7436921259842517
0
LINE
8
BLACK
6
CONTINUOUS
10
3.8039472440944881
20
-4.7436921259842517
11
3.8039472440944881
21
-4.7121960629921258
0
LINE
8
BLACK
6
CONTINUOUS
10
3.8039472440944881
20
-4.7121960629921258
11
3.8040483070866142
21
-4.7106544094488187
0
LINE
8
BLACK
6
CONTINUOUS
10
3.8040483070866142
20
-4.7106544094488187
11
3.8048462992125982
21
-4.7076761811023617
0
LINE
8
BLACK
6
CONTINUOUS
10
3.8048462992125982
20
-4.7076761811023617
11
3.8063879527559052
21
-4.7050059842519687
0
LINE
8
BLACK
6
CONTINUOUS
10
3.8063879527559052
20
-4.7050059842519687
11
3.8085681889763778
21
-4.7028257480314961
0
LINE
8
BLACK
6
CONTINUOUS
10
3.8085681889763778
20
-4.7028257480314961
11
3.8112383858267718
21
-4.7012840944881891
0
LINE
8
BLACK
6
CONTINUOUS
10
3.8112383858267718
20
-4.7012840944881891
11
3.8142166141732283
21
-4.7004861023622047
0
LINE
8
BLACK
6
CONTINUOUS
10
3.8142166141732283
20
-4.7004861023622047
11
3.8172999212598424
21
-4.7004861023622047
0
LINE
8
BLACK
6
CONTINUOUS
10
3.8172999212598424
20
-4.7004861023622047
11
3.820278149606299
21
-4.7012840944881891
0
LINE
8
BLACK
6
CONTINUOUS
10
3.820278149606299
20
-4.7012840944881891
11
3.8229483464566929
21
-4.7028257480314961
0
LINE
8
BLACK
6
CONTINUOUS
10
3.8229483464566929
20
-4.7028257480314961
11
3.825128582677165
21
-4.7050059842519687
0
LINE
8
BLACK
6
CONTINUOUS
10
3.825128582677165
20
-4.7050059842519687
11
3.8266702362204725
21
-4.7076761811023617
0
LINE
8
BLACK
6
CONTINUOUS
10
3.8266702362204725
20
-4.7076761811023617
11
3.8274682283464565
21
-4.7106544094488187
0
LINE
8
BLACK
6
CONTINUOUS
10
3.8274682283464565
20
-4.7106544094488187
11
3.8275692913385826
21
-4.7121960629921258
0
LINE
8
BLACK
6
CONTINUOUS
10
3.8275692913385826
20
-4.7121960629921258
11
3.8275692913385826
21
-4.7436921259842517
0
LINE
8
BLACK
6
CONTINUOUS
10
3.8275692913385826
20
-4.7436921259842517
11
3.8274682283464565
21
-4.7452337795275588
0
LINE
8
BLACK
6
CONTINUOUS
10
4.1676257086614168
20
-4.7452337795275588
11
4.1668277165354333
21
-4.7482120078740158
0
LINE
8
BLACK
6
CONTINUOUS
10
4.1668277165354333
20
-4.7482120078740158
11
4.1652860629921262
21
-4.7508822047244097
0
LINE
8
BLACK
6
CONTINUOUS
10
4.1652860629921262
20
-4.7508822047244097
11
4.1631058267716536
21
-4.7530624409448814
0
LINE
8
BLACK
6
CONTINUOUS
10
4.1631058267716536
20
-4.7530624409448814
11
4.1604356299212597
21
-4.7546040944881884
0
LINE
8
BLACK
6
CONTINUOUS
10
4.1604356299212597
20
-4.7546040944881884
11
4.1574574015748027
21
-4.7554020866141729
0
LINE
8
BLACK
6
CONTINUOUS
10
4.1574574015748027
20
-4.7554020866141729
11
4.1543740944881886
21
-4.7554020866141729
0
LINE
8
BLACK
6
CONTINUOUS
10
4.1543740944881886
20
-4.7554020866141729
11
4.1513958661417325
21
-4.7546040944881884
0
LINE
8
BLACK
6
CONTINUOUS
10
4.1513958661417325
20
-4.7546040944881884
11
4.1487256692913386
21
-4.7530624409448814
0
LINE
8
BLACK
6
CONTINUOUS
10
4.1487256692913386
20
-4.7530624409448814
11
4.146545433070866
21
-4.7508822047244097
0
LINE
8
BLACK
6
CONTINUOUS
10
4.146545433070866
20
-4.7508822047244097
11
4.1450037795275589
21
-4.7482120078740158
0
LINE
8
BLACK
6
CONTINUOUS
10
4.1450037795275589
20
-4.7482120078740158
11
4.1442057874015745
21
-4.7452337795275588
0
LINE
8
BLACK
6
CONTINUOUS
10
4.1442057874015745
20
-4.7452337795275588
11
4.1441047244094484
21
-4.7436921259842517
0
LINE
8
BLACK
6
CONTINUOUS
10
4.1441047244094484
20
-4.7436921259842517
11
4.1441047244094484
21
-4.7121960629921258
0
LINE
8
BLACK
6
CONTINUOUS
10
4.1441047244094484
20
-4.7121960629921258
11
4.1442057874015745
21
-4.7106544094488187
0
LINE
8
BLACK
6
CONTINUOUS
10
4.1442057874015745
20
-4.7106544094488187
11
4.1450037795275589
21
-4.7076761811023617
0
LINE
8
BLACK
6
CONTINUOUS
10
4.1450037795275589
20
-4.7076761811023617
11
4.146545433070866
21
-4.7050059842519687
0
LINE
8
BLACK
6
CONTINUOUS
10
4.146545433070866
20
-4.7050059842519687
11
4.1487256692913386
21
-4.7028257480314961
0
LINE
8
BLACK
6
CONTINUOUS
10
4.1487256692913386
20
-4.7028257480314961
11
4.1513958661417325
21
-4.7012840944881891
0
LINE
8
BLACK
6
CONTINUOUS
10
4.1513958661417325
20
-4.7012840944881891
11
4.1543740944881886
21
-4.7004861023622047
0
LINE
8
BLACK
6
CONTINUOUS
10
4.1543740944881886
20
-4.7004861023622047
11
4.1574574015748027
21
-4.7004861023622047
0
LINE
8
BLACK
6
CONTINUOUS
10
4.1574574015748027
20
-4.7004861023622047
11
4.1604356299212597
21
-4.7012840944881891
0
LINE
8
BLACK
6
CONTINUOUS
10
4.1604356299212597
20
-4.7012840944881891
11
4.1631058267716536
21
-4.7028257480314961
0
LINE
8
BLACK
6
CONTINUOUS
10
4.1631058267716536
20
-4.7028257480314961
11
4.1652860629921262
21
-4.7050059842519687
0
LINE
8
BLACK
6
CONTINUOUS
10
4.1652860629921262
20
-4.7050059842519687
11
4.1668277165354333
21
-4.7076761811023617
0
LINE
8
BLACK
6
CONTINUOUS
10
4.1668277165354333
20
-4.7076761811023617
11
4.1676257086614168
21
-4.7106544094488187
0
LINE
8
BLACK
6
CONTINUOUS
10
4.1676257086614168
20
-4.7106544094488187
11
4.1677267716535429
21
-4.7121960629921258
0
LINE
8
BLACK
6
CONTINUOUS
10
4.1677267716535429
20
-4.7121960629921258
11
4.1677267716535429
21
-4.7436921259842517
0
LINE
8
BLACK
6
CONTINUOUS
10
4.1677267716535429
20
-4.7436921259842517
11
4.1676257086614168
21
-4.7452337795275588
0
LINE
8
BLACK
6
CONTINUOUS
10
3.8274682283464565
20
-4.5865723622047243
11
3.8266702362204725
21
-4.5895505905511813
0
LINE
8
BLACK
6
CONTINUOUS
10
3.8266702362204725
20
-4.5895505905511813
11
3.825128582677165
21
-4.5922207874015744
0
LINE
8
BLACK
6
CONTINUOUS
10
3.825128582677165
20
-4.5922207874015744
11
3.8229483464566929
21
-4.5944010236220469
0
LINE
8
BLACK
6
CONTINUOUS
10
3.8229483464566929
20
-4.5944010236220469
11
3.820278149606299
21
-4.595942677165354
0
LINE
8
BLACK
6
CONTINUOUS
10
3.820278149606299
20
-4.595942677165354
11
3.8172999212598424
21
-4.5967406692913384
0
LINE
8
BLACK
6
CONTINUOUS
10
3.8172999212598424
20
-4.5967406692913384
11
3.8142166141732283
21
-4.5967406692913384
0
LINE
8
BLACK
6
CONTINUOUS
10
3.8142166141732283
20
-4.5967406692913384
11
3.8112383858267718
21
-4.595942677165354
0
LINE
8
BLACK
6
CONTINUOUS
10
3.8112383858267718
20
-4.595942677165354
11
3.8085681889763778
21
-4.5944010236220469
0
LINE
8
BLACK
6
CONTINUOUS
10
3.8085681889763778
20
-4.5944010236220469
11
3.8063879527559052
21
-4.5922207874015744
0
LINE
8
BLACK
6
CONTINUOUS
10
3.8063879527559052
20
-4.5922207874015744
11
3.8048462992125982
21
-4.5895505905511813
0
LINE
8
BLACK
6
CONTINUOUS
10
3.8048462992125982
20
-4.5895505905511813
11
3.8040483070866142
21
-4.5865723622047243
0
LINE
8
BLACK
6
CONTINUOUS
10
3.8040483070866142
20
-4.5865723622047243
11
3.8039472440944881
21
-4.5850307086614173
0
LINE
8
BLACK
6
CONTINUOUS
10
3.8039472440944881
20
-4.5850307086614173
11
3.8039472440944881
21
-4.5417236220472441
0
LINE
8
BLACK
6
CONTINUOUS
10
3.8039472440944881
20
-4.5417236220472441
11
3.8040483070866142
21
-4.5401819685039371
0
LINE
8
BLACK
6
CONTINUOUS
10
3.8040483070866142
20
-4.5401819685039371
11
3.8048462992125982
21
-4.5372037401574801
0
LINE
8
BLACK
6
CONTINUOUS
10
3.8048462992125982
20
-4.5372037401574801
11
3.8063879527559052
21
-4.5345335433070861
0
LINE
8
BLACK
6
CONTINUOUS
10
3.8063879527559052
20
-4.5345335433070861
11
3.8085681889763778
21
-4.5323533070866144
0
LINE
8
BLACK
6
CONTINUOUS
10
3.8085681889763778
20
-4.5323533070866144
11
3.8112383858267718
21
-4.5308116535433074
0
LINE
8
BLACK
6
CONTINUOUS
10
3.8112383858267718
20
-4.5308116535433074
11
3.8142166141732283
21
-4.530013661417323
0
LINE
8
BLACK
6
CONTINUOUS
10
3.8142166141732283
20
-4.530013661417323
11
3.8172999212598424
21
-4.530013661417323
0
LINE
8
BLACK
6
CONTINUOUS
10
3.8172999212598424
20
-4.530013661417323
11
3.820278149606299
21
-4.5308116535433074
0
LINE
8
BLACK
6
CONTINUOUS
10
3.820278149606299
20
-4.5308116535433074
11
3.8229483464566929
21
-4.5323533070866144
0
LINE
8
BLACK
6
CONTINUOUS
10
3.8229483464566929
20
-4.5323533070866144
11
3.825128582677165
21
-4.5345335433070861
0
LINE
8
BLACK
6
CONTINUOUS
10
3.825128582677165
20
-4.5345335433070861
11
3.8266702362204725
21
-4.5372037401574801
0
LINE
8
BLACK
6
CONTINUOUS
10
3.8266702362204725
20
-4.5372037401574801
11
3.8274682283464565
21
-4.5401819685039371
0
LINE
8
BLACK
6
CONTINUOUS
10
3.8274682283464565
20
-4.5401819685039371
11
3.8275692913385826
21
-4.5417236220472441
0
LINE
8
BLACK
6
CONTINUOUS
10
3.8275692913385826
20
-4.5417236220472441
11
3.8275692913385826
21
-4.5850307086614173
0
LINE
8
BLACK
6
CONTINUOUS
10
3.8275692913385826
20
-4.5850307086614173
11
3.8274682283464565
21
-4.5865723622047243
0
LINE
8
BLACK
6
CONTINUOUS
10
4.1676257086614168
20
-4.5865723622047243
11
4.1668277165354333
21
-4.5895505905511813
0
LINE
8
BLACK
6
CONTINUOUS
10
4.1668277165354333
20
-4.5895505905511813
11
4.1652860629921262
21
-4.5922207874015744
0
LINE
8
BLACK
6
CONTINUOUS
10
4.1652860629921262
20
-4.5922207874015744
11
4.1631058267716536
21
-4.5944010236220469
0
LINE
8
BLACK
6
CONTINUOUS
10
4.1631058267716536
20
-4.5944010236220469
11
4.1604356299212597
21
-4.595942677165354
0
LINE
8
BLACK
6
CONTINUOUS
10
4.1604356299212597
20
-4.595942677165354
11
4.1574574015748027
21
-4.5967406692913384
0
LINE
8
BLACK
6
CONTINUOUS
10
4.1574574015748027
20
-4.5967406692913384
11
4.1543740944881886
21
-4.5967406692913384
0
LINE
8
BLACK
6
CONTINUOUS
10
4.1543740944881886
20
-4.5967406692913384
11
4.1513958661417325
21
-4.595942677165354
0
LINE
8
BLACK
6
CONTINUOUS
10
4.1513958661417325
20
-4.595942677165354
11
4.1487256692913386
21
-4.5944010236220469
0
LINE
8
BLACK
6
CONTINUOUS
10
4.1487256692913386
20
-4.5944010236220469
11
4.146545433070866
21
-4.5922207874015744
0
LINE
8
BLACK
6
CONTINUOUS
10
4.146545433070866
20
-4.5922207874015744
11
4.1450037795275589
21
-4.5895505905511813
0
LINE
8
BLACK
6
CONTINUOUS
10
4.1450037795275589
20
-4.5895505905511813
11
4.1442057874015745
21
-4.5865723622047243
0
LINE
8
BLACK
6
CONTINUOUS
10
4.1442057874015745
20
-4.5865723622047243
11
4.1441047244094484
21
-4.5850307086614173
0
LINE
8
BLACK
6
CONTINUOUS
10
4.1441047244094484
20
-4.5850307086614173
11
4.1441047244094484
21
-4.5417236220472441
0
LINE
8
BLACK
6
CONTINUOUS
10
4.1441047244094484
20
-4.5417236220472441
11
4.1442057874015745
21
-4.5401819685039371
0
LINE
8
BLACK
6
CONTINUOUS
10
4.1442057874015745
20
-4.5401819685039371
11
4.1450037795275589
21
-4.5372037401574801
0
LINE
8
BLACK
6
CONTINUOUS
10
4.1450037795275589
20
-4.5372037401574801
11
4.146545433070866
21
-4.5345335433070861
0
LINE
8
BLACK
6
CONTINUOUS
10
4.146545433070866
20
-4.5345335433070861
11
4.1487256692913386
21
-4.5323533070866144
0
LINE
8
BLACK
6
CONTINUOUS
10
4.1487256692913386
20
-4.5323533070866144
11
4.1513958661417325
21
-4.5308116535433074
0
LINE
8
BLACK
6
CONTINUOUS
10
4.1513958661417325
20
-4.5308116535433074
11
4.1543740944881886
21
-4.530013661417323
0
LINE
8
BLACK
6
CONTINUOUS
10
4.1543740944881886
20
-4.530013661417323
11
4.1574574015748027
21
-4.530013661417323
0
LINE
8
BLACK
6
CONTINUOUS
10
4.1574574015748027
20
-4.530013661417323
11
4.1604356299212597
21
-4.5308116535433074
0
LINE
8
BLACK
6
CONTINUOUS
10
4.1604356299212597
20
-4.5308116535433074
11
4.1631058267716536
21
-4.5323533070866144
0
LINE
8
BLACK
6
CONTINUOUS
10
4.1631058267716536
20
-4.5323533070866144
11
4.1652860629921262
21
-4.5345335433070861
0
LINE
8
BLACK
6
CONTINUOUS
10
4.1652860629921262
20
-4.5345335433070861
11
4.1668277165354333
21
-4.5372037401574801
0
LINE
8
BLACK
6
CONTINUOUS
10
4.1668277165354333
20
-4.5372037401574801
11
4.1676257086614168
21
-4.5401819685039371
0
LINE
8
BLACK
6
CONTINUOUS
10
4.1676257086614168
20
-4.5401819685039371
11
4.1677267716535429
21
-4.5417236220472441
0
LINE
8
BLACK
6
CONTINUOUS
10
4.1677267716535429
20
-4.5417236220472441
11
4.1677267716535429
21
-4.5850307086614173
0
LINE
8
BLACK
6
CONTINUOUS
10
4.1677267716535429
20
-4.5850307086614173
11
4.1676257086614168
21
-4.5865723622047243
0
CIRCLE
8
BLACK
10
3.48
20
-1.6099999999999999
40
0.0068897637795276
0
CIRCLE
8
BLACK
10
7.1899999999999995
20
-3.4699999999999998
40
0.0068897637795276
0
CIRCLE
8
BLACK
10
4.2976480314960632
20
-4.5779440944881893
40
0.0068897637795276
0
CIRCLE
8
BLACK
10
4.3976480314960629
20
-4.5779440944881893
40
0.0068897637795276
0
CIRCLE
8
BLACK
10
4.2976480314960632
20
-4.6779440944881889
40
0.0068897637795276
0
CIRCLE
8
BLACK
10
4.3976480314960629
20
-4.6779440944881889
40
0.0068897637795276
0
CIRCLE
8
BLACK
10
4.2976480314960632
20
-4.7779440944881886
40
0.0068897637795276
0
CIRCLE
8
BLACK
10
4.3976480314960629
20
-4.7779440944881886
40
0.0068897637795276
0
CIRCLE
8
BLACK
10
7.21
20
-1.5999999999999999
40
0.0068897637795276
0
CIRCLE
8
BLACK
10
4.1986614173228345
20
-2.2016535433070867
40
0.0068897637795276
0
CIRCLE
8
BLACK
10
4.1986614173228345
20
-2.9614960629921261
40
0.0068897637795276
0
CIRCLE
8
BLACK
10
6.3884251968503936
20
-2.2016535433070867
40
0.0068897637795276
0
CIRCLE
8
BLACK
10
6.3884251968503936
20
-2.9614960629921261
40
0.0068897637795276
0
CIRCLE
8
BLACK
10
3.8644094488188974
20
-2.2016535433070867
40
0.0068897637795276
0
CIRCLE
8
BLACK
10
6.7226771653543302
20
-2.2016535433070867
40
0.0068897637795276
0
CIRCLE
8
BLACK
10
3.8644094488188974
20
-2.9614960629921261
40
0.0068897637795276
0
CIRCLE
8
BLACK
10
6.7226771653543302
20
-2.9614960629921261
40
0.0068897637795276
0
CIRCLE
8
BLACK
10
4.54
20
-5.0249999999999995
40
0.0068897637795276
0
CIRCLE
8
BLACK
10
4.4399999999999995
20
-5.0249999999999995
40
0.0068897637795276
0
CIRCLE
8
BLACK
10
4.3399999999999999
20
-5.0249999999999995
40
0.0068897637795276
0
CIRCLE
8
BLACK
10
4.2400000000000002
20
-5.0249999999999995
40
0.0068897637795276
0
LINE
8
WHITE
6
CONTINUOUS
10
5.5364960629921258
20
-4.5096850393700789
11
5.5364960629921258
21
-4.5254330708661419
0
ARC
8
WHITE
10
5.5463385826771656
20
-4.5254330708661419
40
0.0098425196850394
50
-180.00000000
51
0.00000000
0
LINE
8
WHITE
6
CONTINUOUS
10
5.5561811023622045
20
-4.5254330708661419
11
5.5561811023622045
21
-4.5096850393700789
0
ARC
8
WHITE
10
5.5463385826771656
20
-4.5096850393700789
40
0.0098425196850394
50
0.00000000
51
180.00000000
0
LINE
8
WHITE
6
CONTINUOUS
10
5.7038188976377953
20
-4.5096850393700789
11
5.7038188976377953
21
-4.5254330708661419
0
ARC
8
WHITE
10
5.7136614173228342
20
-4.5254330708661419
40
0.0098425196850394
50
-180.00000000
51
0.00000000
0
LINE
8
WHITE
6
CONTINUOUS
10
5.723503937007874
20
-4.5254330708661419
11
5.723503937007874
21
-4.5096850393700789
0
ARC
8
WHITE
10
5.7136614173228342
20
-4.5096850393700789
40
0.0098425196850394
50
0.00000000
51
180.00000000
0
CIRCLE
8
WHITE
10
3.4950000000000001
20
-3.4899999999999998
40
0.0068897637795276
0
CIRCLE
8
WHITE
10
3.8720574803149606
20
-4.583062204724409
40
0.0068897637795276
0
CIRCLE
8
WHITE
10
4.0996165354330705
20
-4.583062204724409
40
0.0068897637795276
0
LINE
8
WHITE
6
CONTINUOUS
10
3.8039472440944881
20
-4.7121960629921258
11
3.8039472440944881
21
-4.7436921259842517
0
ARC
8
WHITE
10
3.8157582677165354
20
-4.7436921259842517
40
0.0118110236220472
50
-180.00000000
51
0.00000000
0
LINE
8
WHITE
6
CONTINUOUS
10
3.8275692913385826
20
-4.7436921259842517
11
3.8275692913385826
21
-4.7121960629921258
0
ARC
8
WHITE
10
3.8157582677165354
20
-4.7121960629921258
40
0.0118110236220472
50
0.00000000
51
180.00000000
0
LINE
8
WHITE
6
CONTINUOUS
10
4.1441047244094484
20
-4.7121960629921258
11
4.1441047244094484
21
-4.7436921259842517
0
ARC
8
WHITE
10
4.1559157480314957
20
-4.7436921259842517
40
0.0118110236220472
50
-180.00000000
51
0.00000000
0
LINE
8
WHITE
6
CONTINUOUS
10
4.1677267716535429
20
-4.7436921259842517
11
4.1677267716535429
21
-4.7121960629921258
0
ARC
8
WHITE
10
4.1559157480314957
20
-4.7121960629921258
40
0.0118110236220472
50
0.00000000
51
180.00000000
0
LINE
8
WHITE
6
CONTINUOUS
10
3.8039472440944881
20
-4.5417236220472441
11
3.8039472440944881
21
-4.5850307086614173
0
ARC
8
WHITE
10
3.8157582677165354
20
-4.5850307086614173
40
0.0118110236220472
50
-180.00000000
51
0.00000000
0
LINE
8
WHITE
6
CONTINUOUS
10
3.8275692913385826
20
-4.5850307086614173
11
3.8275692913385826
21
-4.5417236220472441
0
ARC
8
WHITE
10
3.8157582677165354
20
-4.5417236220472441
40
0.0118110236220472
50
0.00000000
51
180.00000000
0
LINE
8
WHITE
6
CONTINUOUS
10
4.1441047244094484
20
-4.5417236220472441
11
4.1441047244094484
21
-4.5850307086614173
0
ARC
8
WHITE
10
4.1559157480314957
20
-4.5850307086614173
40
0.0118110236220472
50
-180.00000000
51
0.00000000
0
LINE
8
WHITE
6
CONTINUOUS
10
4.1677267716535429
20
-4.5850307086614173
11
4.1677267716535429
21
-4.5417236220472441
0
ARC
8
WHITE
10
4.1559157480314957
20
-4.5417236220472441
40
0.0118110236220472
50
0.00000000
51
180.00000000
0
CIRCLE
8
WHITE
10
3.48
20
-1.6099999999999999
40
0.0068897637795276
0
CIRCLE
8
WHITE
10
7.1899999999999995
20
-3.4699999999999998
40
0.0068897637795276
0
CIRCLE
8
WHITE
10
4.2976480314960632
20
-4.5779440944881893
40
0.0068897637795276
0
CIRCLE
8
WHITE
10
4.3976480314960629
20
-4.5779440944881893
40
0.0068897637795276
0
CIRCLE
8
WHITE
10
4.2976480314960632
20
-4.6779440944881889
40
0.0068897637795276
0
CIRCLE
8
WHITE
10
4.3976480314960629
20
-4.6779440944881889
40
0.0068897637795276
0
CIRCLE
8
WHITE
10
4.2976480314960632
20
-4.7779440944881886
40
0.0068897637795276
0
CIRCLE
8
WHITE
10
4.3976480314960629
20
-4.7779440944881886
40
0.0068897637795276
0
CIRCLE
8
WHITE
10
7.21
20
-1.5999999999999999
40
0.0068897637795276
0
CIRCLE
8
WHITE
10
4.1986614173228345
20
-2.2016535433070867
40
0.0068897637795276
0
CIRCLE
8
WHITE
10
4.1986614173228345
20
-2.9614960629921261
40
0.0068897637795276
0
CIRCLE
8
WHITE
10
6.3884251968503936
20
-2.2016535433070867
40
0.0068897637795276
0
CIRCLE
8
WHITE
10
6.3884251968503936
20
-2.9614960629921261
40
0.0068897637795276
0
CIRCLE
8
WHITE
10
3.8644094488188974
20
-2.2016535433070867
40
0.0068897637795276
0
CIRCLE
8
WHITE
10
6.7226771653543302
20
-2.2016535433070867
40
0.0068897637795276
0
CIRCLE
8
WHITE
10
3.8644094488188974
20
-2.9614960629921261
40
0.0068897637795276
0
CIRCLE
8
WHITE
10
6.7226771653543302
20
-2.9614960629921261
40
0.0068897637795276
0
CIRCLE
8
WHITE
10
4.54
20
-5.0249999999999995
40
0.0068897637795276
0
CIRCLE
8
WHITE
10
4.4399999999999995
20
-5.0249999999999995
40
0.0068897637795276
0
CIRCLE
8
WHITE
10
4.3399999999999999
20
-5.0249999999999995
40
0.0068897637795276
0
CIRCLE
8
WHITE
10
4.2400000000000002
20
-5.0249999999999995
40
0.0068897637795276
  0
ENDSEC
  0
EOF
