  0
SECTION
  2
HEADER
  9
$ANGBASE
  50
0.0
  9
$ANGDIR
  70
1
  9
$MEASUREMENT
  70
0
  9
$INSUNITS
  70
1
  0
ENDSEC
  0
SECTION
  2
TABLES
  0
TABLE
  2
LTYPE
  70
4
  0
LTYPE
  5
40F
  2
CONTINUOUS
  70
0
  3
Solid line
  72
65
  73
0
  40
0.0
  0
LTYPE
  5
410
  2
DASHDOT
 70
0
  3
Dash Dot ____ _ ____ _
 72
65
 73
4
 40
2.0
 49
1.25
 49
-0.25
 49
0.25
 49
-0.25
  0
LTYPE
  5
411
  2
DASHED
 70
0
  3
Dashed __ __ __ __ __
 72
65
 73
2
 40
0.75
 49
0.5
 49
-0.25
  0
LTYPE
  5
43B
  2
DOTTED
 70
0
  3
Dotted .  .  .  .
 72
65
 73
2
 40
0.2
 49
0.0
 49
-0.2
  0
ENDTAB
  0
TABLE
  2
STYLE
  70
4
  0
STYLE
  2
KICAD
  70
0
  40
0
  41
1
  42
1
  50
0
  71
0
  3
isocp.shx
  0
STYLE
  2
KICADB
  70
0
  40
0
  41
1
  42
1
  50
0
  71
0
  3
isocp.shx
  0
STYLE
  2
KICADI
  70
0
  40
0
  41
1
  42
1
  50
15
  71
0
  3
isocp.shx
  0
STYLE
  2
KICADBI
  70
0
  40
0
  41
1
  42
1
  50
15
  71
0
  3
isocp.shx
  0
ENDTAB
  0
TABLE
  2
LAYER
  70
1
  0
LAYER
  2
BLACK
  70
0
  62
250
  6
CONTINUOUS
  0
ENDTAB
  0
ENDSEC
  0
SECTION
  2
ENTITIES
0
LINE
8
BLACK
6
CONTINUOUS
10
7.1688976377952756
20
-5.7421259842519685
11
7.101968503937008
21
-5.7421259842519685
0
LINE
8
BLACK
6
CONTINUOUS
10
7.101968503937008
20
-5.7421259842519685
11
7.101968503937008
21
-5.6751968503937009
0
LINE
8
BLACK
6
CONTINUOUS
10
7.101968503937008
20
-5.6751968503937009
11
7.1688976377952756
21
-5.6751968503937009
0
LINE
8
BLACK
6
CONTINUOUS
10
7.1688976377952756
20
-5.6751968503937009
11
7.1688976377952756
21
-5.7421259842519685
0
LINE
8
BLACK
6
CONTINUOUS
10
7.2451473228346455
20
-5.6766378346456694
11
7.251208149606299
21
-5.6791483070866144
0
LINE
8
BLACK
6
CONTINUOUS
10
7.251208149606299
20
-5.6791483070866144
11
7.2566627559055119
21
-5.6827929527559053
0
LINE
8
BLACK
6
CONTINUOUS
10
7.2566627559055119
20
-5.6827929527559053
11
7.2613015354330708
21
-5.6874317322834642
0
LINE
8
BLACK
6
CONTINUOUS
10
7.2613015354330708
20
-5.6874317322834642
11
7.2649461811023617
21
-5.6928863385826771
0
LINE
8
BLACK
6
CONTINUOUS
10
7.2649461811023617
20
-5.6928863385826771
11
7.2674566535433067
21
-5.6989471653543307
0
LINE
8
BLACK
6
CONTINUOUS
10
7.2674566535433067
20
-5.6989471653543307
11
7.2687364960629921
21
-5.7053812992125987
0
LINE
8
BLACK
6
CONTINUOUS
10
7.2687364960629921
20
-5.7053812992125987
11
7.2687364960629921
21
-5.7119415354330707
0
LINE
8
BLACK
6
CONTINUOUS
10
7.2687364960629921
20
-5.7119415354330707
11
7.2674566535433067
21
-5.7183756692913388
0
LINE
8
BLACK
6
CONTINUOUS
10
7.2674566535433067
20
-5.7183756692913388
11
7.2649461811023617
21
-5.7244364960629923
0
LINE
8
BLACK
6
CONTINUOUS
10
7.2649461811023617
20
-5.7244364960629923
11
7.2613015354330708
21
-5.7298911023622043
0
LINE
8
BLACK
6
CONTINUOUS
10
7.2613015354330708
20
-5.7298911023622043
11
7.2566627559055119
21
-5.7345298818897641
0
LINE
8
BLACK
6
CONTINUOUS
10
7.2566627559055119
20
-5.7345298818897641
11
7.251208149606299
21
-5.738174527559055
0
LINE
8
BLACK
6
CONTINUOUS
10
7.251208149606299
20
-5.738174527559055
11
7.2451473228346455
21
-5.740685
0
LINE
8
BLACK
6
CONTINUOUS
10
7.2451473228346455
20
-5.740685
11
7.2387131889763774
21
-5.7419648425196845
0
LINE
8
BLACK
6
CONTINUOUS
10
7.2387131889763774
20
-5.7419648425196845
11
7.2321529527559054
21
-5.7419648425196845
0
LINE
8
BLACK
6
CONTINUOUS
10
7.2321529527559054
20
-5.7419648425196845
11
7.2257188188976373
21
-5.740685
0
LINE
8
BLACK
6
CONTINUOUS
10
7.2257188188976373
20
-5.740685
11
7.2196579921259838
21
-5.738174527559055
0
LINE
8
BLACK
6
CONTINUOUS
10
7.2196579921259838
20
-5.738174527559055
11
7.2142033858267718
21
-5.7345298818897641
0
LINE
8
BLACK
6
CONTINUOUS
10
7.2142033858267718
20
-5.7345298818897641
11
7.209564606299212
21
-5.7298911023622043
0
LINE
8
BLACK
6
CONTINUOUS
10
7.209564606299212
20
-5.7298911023622043
11
7.2059199606299211
21
-5.7244364960629923
0
LINE
8
BLACK
6
CONTINUOUS
10
7.2059199606299211
20
-5.7244364960629923
11
7.2034094881889761
21
-5.7183756692913388
0
LINE
8
BLACK
6
CONTINUOUS
10
7.2034094881889761
20
-5.7183756692913388
11
7.2021296456692916
21
-5.7119415354330707
0
LINE
8
BLACK
6
CONTINUOUS
10
7.2021296456692916
20
-5.7119415354330707
11
7.2021296456692916
21
-5.7053812992125987
0
LINE
8
BLACK
6
CONTINUOUS
10
7.2021296456692916
20
-5.7053812992125987
11
7.2034094881889761
21
-5.6989471653543307
0
LINE
8
BLACK
6
CONTINUOUS
10
7.2034094881889761
20
-5.6989471653543307
11
7.2059199606299211
21
-5.6928863385826771
0
LINE
8
BLACK
6
CONTINUOUS
10
7.2059199606299211
20
-5.6928863385826771
11
7.209564606299212
21
-5.6874317322834642
0
LINE
8
BLACK
6
CONTINUOUS
10
7.209564606299212
20
-5.6874317322834642
11
7.2142033858267718
21
-5.6827929527559053
0
LINE
8
BLACK
6
CONTINUOUS
10
7.2142033858267718
20
-5.6827929527559053
11
7.2196579921259838
21
-5.6791483070866144
0
LINE
8
BLACK
6
CONTINUOUS
10
7.2196579921259838
20
-5.6791483070866144
11
7.2257188188976373
21
-5.6766378346456694
0
LINE
8
BLACK
6
CONTINUOUS
10
7.2257188188976373
20
-5.6766378346456694
11
7.2321529527559054
21
-5.675357992125984
0
LINE
8
BLACK
6
CONTINUOUS
10
7.2321529527559054
20
-5.675357992125984
11
7.2387131889763774
21
-5.675357992125984
0
LINE
8
BLACK
6
CONTINUOUS
10
7.2387131889763774
20
-5.675357992125984
11
7.2451473228346455
21
-5.6766378346456694
0
LINE
8
BLACK
6
CONTINUOUS
10
7.3451473228346451
20
-5.6766378346456694
11
7.3512081496062986
21
-5.6791483070866144
0
LINE
8
BLACK
6
CONTINUOUS
10
7.3512081496062986
20
-5.6791483070866144
11
7.3566627559055116
21
-5.6827929527559053
0
LINE
8
BLACK
6
CONTINUOUS
10
7.3566627559055116
20
-5.6827929527559053
11
7.3613015354330704
21
-5.6874317322834642
0
LINE
8
BLACK
6
CONTINUOUS
10
7.3613015354330704
20
-5.6874317322834642
11
7.3649461811023622
21
-5.6928863385826771
0
LINE
8
BLACK
6
CONTINUOUS
10
7.3649461811023622
20
-5.6928863385826771
11
7.3674566535433073
21
-5.6989471653543307
0
LINE
8
BLACK
6
CONTINUOUS
10
7.3674566535433073
20
-5.6989471653543307
11
7.3687364960629917
21
-5.7053812992125987
0
LINE
8
BLACK
6
CONTINUOUS
10
7.3687364960629917
20
-5.7053812992125987
11
7.3687364960629917
21
-5.7119415354330707
0
LINE
8
BLACK
6
CONTINUOUS
10
7.3687364960629917
20
-5.7119415354330707
11
7.3674566535433073
21
-5.7183756692913388
0
LINE
8
BLACK
6
CONTINUOUS
10
7.3674566535433073
20
-5.7183756692913388
11
7.3649461811023622
21
-5.7244364960629923
0
LINE
8
BLACK
6
CONTINUOUS
10
7.3649461811023622
20
-5.7244364960629923
11
7.3613015354330704
21
-5.7298911023622043
0
LINE
8
BLACK
6
CONTINUOUS
10
7.3613015354330704
20
-5.7298911023622043
11
7.3566627559055116
21
-5.7345298818897641
0
LINE
8
BLACK
6
CONTINUOUS
10
7.3566627559055116
20
-5.7345298818897641
11
7.3512081496062986
21
-5.738174527559055
0
LINE
8
BLACK
6
CONTINUOUS
10
7.3512081496062986
20
-5.738174527559055
11
7.3451473228346451
21
-5.740685
0
LINE
8
BLACK
6
CONTINUOUS
10
7.3451473228346451
20
-5.740685
11
7.3387131889763779
21
-5.7419648425196845
0
LINE
8
BLACK
6
CONTINUOUS
10
7.3387131889763779
20
-5.7419648425196845
11
7.3321529527559051
21
-5.7419648425196845
0
LINE
8
BLACK
6
CONTINUOUS
10
7.3321529527559051
20
-5.7419648425196845
11
7.3257188188976379
21
-5.740685
0
LINE
8
BLACK
6
CONTINUOUS
10
7.3257188188976379
20
-5.740685
11
7.3196579921259843
21
-5.738174527559055
0
LINE
8
BLACK
6
CONTINUOUS
10
7.3196579921259843
20
-5.738174527559055
11
7.3142033858267714
21
-5.7345298818897641
0
LINE
8
BLACK
6
CONTINUOUS
10
7.3142033858267714
20
-5.7345298818897641
11
7.3095646062992126
21
-5.7298911023622043
0
LINE
8
BLACK
6
CONTINUOUS
10
7.3095646062992126
20
-5.7298911023622043
11
7.3059199606299208
21
-5.7244364960629923
0
LINE
8
BLACK
6
CONTINUOUS
10
7.3059199606299208
20
-5.7244364960629923
11
7.3034094881889766
21
-5.7183756692913388
0
LINE
8
BLACK
6
CONTINUOUS
10
7.3034094881889766
20
-5.7183756692913388
11
7.3021296456692912
21
-5.7119415354330707
0
LINE
8
BLACK
6
CONTINUOUS
10
7.3021296456692912
20
-5.7119415354330707
11
7.3021296456692912
21
-5.7053812992125987
0
LINE
8
BLACK
6
CONTINUOUS
10
7.3021296456692912
20
-5.7053812992125987
11
7.3034094881889766
21
-5.6989471653543307
0
LINE
8
BLACK
6
CONTINUOUS
10
7.3034094881889766
20
-5.6989471653543307
11
7.3059199606299208
21
-5.6928863385826771
0
LINE
8
BLACK
6
CONTINUOUS
10
7.3059199606299208
20
-5.6928863385826771
11
7.3095646062992126
21
-5.6874317322834642
0
LINE
8
BLACK
6
CONTINUOUS
10
7.3095646062992126
20
-5.6874317322834642
11
7.3142033858267714
21
-5.6827929527559053
0
LINE
8
BLACK
6
CONTINUOUS
10
7.3142033858267714
20
-5.6827929527559053
11
7.3196579921259843
21
-5.6791483070866144
0
LINE
8
BLACK
6
CONTINUOUS
10
7.3196579921259843
20
-5.6791483070866144
11
7.3257188188976379
21
-5.6766378346456694
0
LINE
8
BLACK
6
CONTINUOUS
10
7.3257188188976379
20
-5.6766378346456694
11
7.3321529527559051
21
-5.675357992125984
0
LINE
8
BLACK
6
CONTINUOUS
10
7.3321529527559051
20
-5.675357992125984
11
7.3387131889763779
21
-5.675357992125984
0
LINE
8
BLACK
6
CONTINUOUS
10
7.3387131889763779
20
-5.675357992125984
11
7.3451473228346451
21
-5.6766378346456694
0
LINE
8
BLACK
6
CONTINUOUS
10
7.1451473228346458
20
-5.5766378346456689
11
7.1512081496062994
21
-5.5791483070866139
0
LINE
8
BLACK
6
CONTINUOUS
10
7.1512081496062994
20
-5.5791483070866139
11
7.1566627559055114
21
-5.5827929527559057
0
LINE
8
BLACK
6
CONTINUOUS
10
7.1566627559055114
20
-5.5827929527559057
11
7.1613015354330711
21
-5.5874317322834646
0
LINE
8
BLACK
6
CONTINUOUS
10
7.1613015354330711
20
-5.5874317322834646
11
7.164946181102362
21
-5.5928863385826775
0
LINE
8
BLACK
6
CONTINUOUS
10
7.164946181102362
20
-5.5928863385826775
11
7.1674566535433071
21
-5.598947165354331
0
LINE
8
BLACK
6
CONTINUOUS
10
7.1674566535433071
20
-5.598947165354331
11
7.1687364960629916
21
-5.6053812992125982
0
LINE
8
BLACK
6
CONTINUOUS
10
7.1687364960629916
20
-5.6053812992125982
11
7.1687364960629916
21
-5.6119415354330711
0
LINE
8
BLACK
6
CONTINUOUS
10
7.1687364960629916
20
-5.6119415354330711
11
7.1674566535433071
21
-5.6183756692913382
0
LINE
8
BLACK
6
CONTINUOUS
10
7.1674566535433071
20
-5.6183756692913382
11
7.164946181102362
21
-5.6244364960629918
0
LINE
8
BLACK
6
CONTINUOUS
10
7.164946181102362
20
-5.6244364960629918
11
7.1613015354330711
21
-5.6298911023622047
0
LINE
8
BLACK
6
CONTINUOUS
10
7.1613015354330711
20
-5.6298911023622047
11
7.1566627559055114
21
-5.6345298818897636
0
LINE
8
BLACK
6
CONTINUOUS
10
7.1566627559055114
20
-5.6345298818897636
11
7.1512081496062994
21
-5.6381745275590553
0
LINE
8
BLACK
6
CONTINUOUS
10
7.1512081496062994
20
-5.6381745275590553
11
7.1451473228346458
21
-5.6406849999999995
0
LINE
8
BLACK
6
CONTINUOUS
10
7.1451473228346458
20
-5.6406849999999995
11
7.1387131889763777
21
-5.6419648425196849
0
LINE
8
BLACK
6
CONTINUOUS
10
7.1387131889763777
20
-5.6419648425196849
11
7.1321529527559058
21
-5.6419648425196849
0
LINE
8
BLACK
6
CONTINUOUS
10
7.1321529527559058
20
-5.6419648425196849
11
7.1257188188976377
21
-5.6406849999999995
0
LINE
8
BLACK
6
CONTINUOUS
10
7.1257188188976377
20
-5.6406849999999995
11
7.1196579921259842
21
-5.6381745275590553
0
LINE
8
BLACK
6
CONTINUOUS
10
7.1196579921259842
20
-5.6381745275590553
11
7.1142033858267713
21
-5.6345298818897636
0
LINE
8
BLACK
6
CONTINUOUS
10
7.1142033858267713
20
-5.6345298818897636
11
7.1095646062992124
21
-5.6298911023622047
0
LINE
8
BLACK
6
CONTINUOUS
10
7.1095646062992124
20
-5.6298911023622047
11
7.1059199606299215
21
-5.6244364960629918
0
LINE
8
BLACK
6
CONTINUOUS
10
7.1059199606299215
20
-5.6244364960629918
11
7.1034094881889764
21
-5.6183756692913382
0
LINE
8
BLACK
6
CONTINUOUS
10
7.1034094881889764
20
-5.6183756692913382
11
7.1021296456692911
21
-5.6119415354330711
0
LINE
8
BLACK
6
CONTINUOUS
10
7.1021296456692911
20
-5.6119415354330711
11
7.1021296456692911
21
-5.6053812992125982
0
LINE
8
BLACK
6
CONTINUOUS
10
7.1021296456692911
20
-5.6053812992125982
11
7.1034094881889764
21
-5.598947165354331
0
LINE
8
BLACK
6
CONTINUOUS
10
7.1034094881889764
20
-5.598947165354331
11
7.1059199606299215
21
-5.5928863385826775
0
LINE
8
BLACK
6
CONTINUOUS
10
7.1059199606299215
20
-5.5928863385826775
11
7.1095646062992124
21
-5.5874317322834646
0
LINE
8
BLACK
6
CONTINUOUS
10
7.1095646062992124
20
-5.5874317322834646
11
7.1142033858267713
21
-5.5827929527559057
0
LINE
8
BLACK
6
CONTINUOUS
10
7.1142033858267713
20
-5.5827929527559057
11
7.1196579921259842
21
-5.5791483070866139
0
LINE
8
BLACK
6
CONTINUOUS
10
7.1196579921259842
20
-5.5791483070866139
11
7.1257188188976377
21
-5.5766378346456689
0
LINE
8
BLACK
6
CONTINUOUS
10
7.1257188188976377
20
-5.5766378346456689
11
7.1321529527559058
21
-5.5753579921259844
0
LINE
8
BLACK
6
CONTINUOUS
10
7.1321529527559058
20
-5.5753579921259844
11
7.1387131889763777
21
-5.5753579921259844
0
LINE
8
BLACK
6
CONTINUOUS
10
7.1387131889763777
20
-5.5753579921259844
11
7.1451473228346458
21
-5.5766378346456689
0
LINE
8
BLACK
6
CONTINUOUS
10
7.2451473228346455
20
-5.5766378346456689
11
7.251208149606299
21
-5.5791483070866139
0
LINE
8
BLACK
6
CONTINUOUS
10
7.251208149606299
20
-5.5791483070866139
11
7.2566627559055119
21
-5.5827929527559057
0
LINE
8
BLACK
6
CONTINUOUS
10
7.2566627559055119
20
-5.5827929527559057
11
7.2613015354330708
21
-5.5874317322834646
0
LINE
8
BLACK
6
CONTINUOUS
10
7.2613015354330708
20
-5.5874317322834646
11
7.2649461811023617
21
-5.5928863385826775
0
LINE
8
BLACK
6
CONTINUOUS
10
7.2649461811023617
20
-5.5928863385826775
11
7.2674566535433067
21
-5.598947165354331
0
LINE
8
BLACK
6
CONTINUOUS
10
7.2674566535433067
20
-5.598947165354331
11
7.2687364960629921
21
-5.6053812992125982
0
LINE
8
BLACK
6
CONTINUOUS
10
7.2687364960629921
20
-5.6053812992125982
11
7.2687364960629921
21
-5.6119415354330711
0
LINE
8
BLACK
6
CONTINUOUS
10
7.2687364960629921
20
-5.6119415354330711
11
7.2674566535433067
21
-5.6183756692913382
0
LINE
8
BLACK
6
CONTINUOUS
10
7.2674566535433067
20
-5.6183756692913382
11
7.2649461811023617
21
-5.6244364960629918
0
LINE
8
BLACK
6
CONTINUOUS
10
7.2649461811023617
20
-5.6244364960629918
11
7.2613015354330708
21
-5.6298911023622047
0
LINE
8
BLACK
6
CONTINUOUS
10
7.2613015354330708
20
-5.6298911023622047
11
7.2566627559055119
21
-5.6345298818897636
0
LINE
8
BLACK
6
CONTINUOUS
10
7.2566627559055119
20
-5.6345298818897636
11
7.251208149606299
21
-5.6381745275590553
0
LINE
8
BLACK
6
CONTINUOUS
10
7.251208149606299
20
-5.6381745275590553
11
7.2451473228346455
21
-5.6406849999999995
0
LINE
8
BLACK
6
CONTINUOUS
10
7.2451473228346455
20
-5.6406849999999995
11
7.2387131889763774
21
-5.6419648425196849
0
LINE
8
BLACK
6
CONTINUOUS
10
7.2387131889763774
20
-5.6419648425196849
11
7.2321529527559054
21
-5.6419648425196849
0
LINE
8
BLACK
6
CONTINUOUS
10
7.2321529527559054
20
-5.6419648425196849
11
7.2257188188976373
21
-5.6406849999999995
0
LINE
8
BLACK
6
CONTINUOUS
10
7.2257188188976373
20
-5.6406849999999995
11
7.2196579921259838
21
-5.6381745275590553
0
LINE
8
BLACK
6
CONTINUOUS
10
7.2196579921259838
20
-5.6381745275590553
11
7.2142033858267718
21
-5.6345298818897636
0
LINE
8
BLACK
6
CONTINUOUS
10
7.2142033858267718
20
-5.6345298818897636
11
7.209564606299212
21
-5.6298911023622047
0
LINE
8
BLACK
6
CONTINUOUS
10
7.209564606299212
20
-5.6298911023622047
11
7.2059199606299211
21
-5.6244364960629918
0
LINE
8
BLACK
6
CONTINUOUS
10
7.2059199606299211
20
-5.6244364960629918
11
7.2034094881889761
21
-5.6183756692913382
0
LINE
8
BLACK
6
CONTINUOUS
10
7.2034094881889761
20
-5.6183756692913382
11
7.2021296456692916
21
-5.6119415354330711
0
LINE
8
BLACK
6
CONTINUOUS
10
7.2021296456692916
20
-5.6119415354330711
11
7.2021296456692916
21
-5.6053812992125982
0
LINE
8
BLACK
6
CONTINUOUS
10
7.2021296456692916
20
-5.6053812992125982
11
7.2034094881889761
21
-5.598947165354331
0
LINE
8
BLACK
6
CONTINUOUS
10
7.2034094881889761
20
-5.598947165354331
11
7.2059199606299211
21
-5.5928863385826775
0
LINE
8
BLACK
6
CONTINUOUS
10
7.2059199606299211
20
-5.5928863385826775
11
7.209564606299212
21
-5.5874317322834646
0
LINE
8
BLACK
6
CONTINUOUS
10
7.209564606299212
20
-5.5874317322834646
11
7.2142033858267718
21
-5.5827929527559057
0
LINE
8
BLACK
6
CONTINUOUS
10
7.2142033858267718
20
-5.5827929527559057
11
7.2196579921259838
21
-5.5791483070866139
0
LINE
8
BLACK
6
CONTINUOUS
10
7.2196579921259838
20
-5.5791483070866139
11
7.2257188188976373
21
-5.5766378346456689
0
LINE
8
BLACK
6
CONTINUOUS
10
7.2257188188976373
20
-5.5766378346456689
11
7.2321529527559054
21
-5.5753579921259844
0
LINE
8
BLACK
6
CONTINUOUS
10
7.2321529527559054
20
-5.5753579921259844
11
7.2387131889763774
21
-5.5753579921259844
0
LINE
8
BLACK
6
CONTINUOUS
10
7.2387131889763774
20
-5.5753579921259844
11
7.2451473228346455
21
-5.5766378346456689
0
LINE
8
BLACK
6
CONTINUOUS
10
7.3451473228346451
20
-5.5766378346456689
11
7.3512081496062986
21
-5.5791483070866139
0
LINE
8
BLACK
6
CONTINUOUS
10
7.3512081496062986
20
-5.5791483070866139
11
7.3566627559055116
21
-5.5827929527559057
0
LINE
8
BLACK
6
CONTINUOUS
10
7.3566627559055116
20
-5.5827929527559057
11
7.3613015354330704
21
-5.5874317322834646
0
LINE
8
BLACK
6
CONTINUOUS
10
7.3613015354330704
20
-5.5874317322834646
11
7.3649461811023622
21
-5.5928863385826775
0
LINE
8
BLACK
6
CONTINUOUS
10
7.3649461811023622
20
-5.5928863385826775
11
7.3674566535433073
21
-5.598947165354331
0
LINE
8
BLACK
6
CONTINUOUS
10
7.3674566535433073
20
-5.598947165354331
11
7.3687364960629917
21
-5.6053812992125982
0
LINE
8
BLACK
6
CONTINUOUS
10
7.3687364960629917
20
-5.6053812992125982
11
7.3687364960629917
21
-5.6119415354330711
0
LINE
8
BLACK
6
CONTINUOUS
10
7.3687364960629917
20
-5.6119415354330711
11
7.3674566535433073
21
-5.6183756692913382
0
LINE
8
BLACK
6
CONTINUOUS
10
7.3674566535433073
20
-5.6183756692913382
11
7.3649461811023622
21
-5.6244364960629918
0
LINE
8
BLACK
6
CONTINUOUS
10
7.3649461811023622
20
-5.6244364960629918
11
7.3613015354330704
21
-5.6298911023622047
0
LINE
8
BLACK
6
CONTINUOUS
10
7.3613015354330704
20
-5.6298911023622047
11
7.3566627559055116
21
-5.6345298818897636
0
LINE
8
BLACK
6
CONTINUOUS
10
7.3566627559055116
20
-5.6345298818897636
11
7.3512081496062986
21
-5.6381745275590553
0
LINE
8
BLACK
6
CONTINUOUS
10
7.3512081496062986
20
-5.6381745275590553
11
7.3451473228346451
21
-5.6406849999999995
0
LINE
8
BLACK
6
CONTINUOUS
10
7.3451473228346451
20
-5.6406849999999995
11
7.3387131889763779
21
-5.6419648425196849
0
LINE
8
BLACK
6
CONTINUOUS
10
7.3387131889763779
20
-5.6419648425196849
11
7.3321529527559051
21
-5.6419648425196849
0
LINE
8
BLACK
6
CONTINUOUS
10
7.3321529527559051
20
-5.6419648425196849
11
7.3257188188976379
21
-5.6406849999999995
0
LINE
8
BLACK
6
CONTINUOUS
10
7.3257188188976379
20
-5.6406849999999995
11
7.3196579921259843
21
-5.6381745275590553
0
LINE
8
BLACK
6
CONTINUOUS
10
7.3196579921259843
20
-5.6381745275590553
11
7.3142033858267714
21
-5.6345298818897636
0
LINE
8
BLACK
6
CONTINUOUS
10
7.3142033858267714
20
-5.6345298818897636
11
7.3095646062992126
21
-5.6298911023622047
0
LINE
8
BLACK
6
CONTINUOUS
10
7.3095646062992126
20
-5.6298911023622047
11
7.3059199606299208
21
-5.6244364960629918
0
LINE
8
BLACK
6
CONTINUOUS
10
7.3059199606299208
20
-5.6244364960629918
11
7.3034094881889766
21
-5.6183756692913382
0
LINE
8
BLACK
6
CONTINUOUS
10
7.3034094881889766
20
-5.6183756692913382
11
7.3021296456692912
21
-5.6119415354330711
0
LINE
8
BLACK
6
CONTINUOUS
10
7.3021296456692912
20
-5.6119415354330711
11
7.3021296456692912
21
-5.6053812992125982
0
LINE
8
BLACK
6
CONTINUOUS
10
7.3021296456692912
20
-5.6053812992125982
11
7.3034094881889766
21
-5.598947165354331
0
LINE
8
BLACK
6
CONTINUOUS
10
7.3034094881889766
20
-5.598947165354331
11
7.3059199606299208
21
-5.5928863385826775
0
LINE
8
BLACK
6
CONTINUOUS
10
7.3059199606299208
20
-5.5928863385826775
11
7.3095646062992126
21
-5.5874317322834646
0
LINE
8
BLACK
6
CONTINUOUS
10
7.3095646062992126
20
-5.5874317322834646
11
7.3142033858267714
21
-5.5827929527559057
0
LINE
8
BLACK
6
CONTINUOUS
10
7.3142033858267714
20
-5.5827929527559057
11
7.3196579921259843
21
-5.5791483070866139
0
LINE
8
BLACK
6
CONTINUOUS
10
7.3196579921259843
20
-5.5791483070866139
11
7.3257188188976379
21
-5.5766378346456689
0
LINE
8
BLACK
6
CONTINUOUS
10
7.3257188188976379
20
-5.5766378346456689
11
7.3321529527559051
21
-5.5753579921259844
0
LINE
8
BLACK
6
CONTINUOUS
10
7.3321529527559051
20
-5.5753579921259844
11
7.3387131889763779
21
-5.5753579921259844
0
LINE
8
BLACK
6
CONTINUOUS
10
7.3387131889763779
20
-5.5753579921259844
11
7.3451473228346451
21
-5.5766378346456689
0
LINE
8
BLACK
6
CONTINUOUS
10
6.8669291338582674
20
-5.6240157480314963
11
6.7999999999999998
21
-5.6240157480314963
0
LINE
8
BLACK
6
CONTINUOUS
10
6.7999999999999998
20
-5.6240157480314963
11
6.7999999999999998
21
-5.5570866141732278
0
LINE
8
BLACK
6
CONTINUOUS
10
6.7999999999999998
20
-5.5570866141732278
11
6.8669291338582674
21
-5.5570866141732278
0
LINE
8
BLACK
6
CONTINUOUS
10
6.8669291338582674
20
-5.5570866141732278
11
6.8669291338582674
21
-5.6240157480314963
0
LINE
8
BLACK
6
CONTINUOUS
10
6.5431788188976379
20
-5.5585275984251963
11
6.5492396456692914
21
-5.5610380708661413
0
LINE
8
BLACK
6
CONTINUOUS
10
6.5492396456692914
20
-5.5610380708661413
11
6.5546942519685034
21
-5.5646827165354331
0
LINE
8
BLACK
6
CONTINUOUS
10
6.5546942519685034
20
-5.5646827165354331
11
6.5593330314960632
21
-5.569321496062992
0
LINE
8
BLACK
6
CONTINUOUS
10
6.5593330314960632
20
-5.569321496062992
11
6.5629776771653541
21
-5.5747761023622049
0
LINE
8
BLACK
6
CONTINUOUS
10
6.5629776771653541
20
-5.5747761023622049
11
6.5654881496062991
21
-5.5808369291338584
0
LINE
8
BLACK
6
CONTINUOUS
10
6.5654881496062991
20
-5.5808369291338584
11
6.5667679921259845
21
-5.5872710629921256
0
LINE
8
BLACK
6
CONTINUOUS
10
6.5667679921259845
20
-5.5872710629921256
11
6.5667679921259845
21
-5.5938312992125985
0
LINE
8
BLACK
6
CONTINUOUS
10
6.5667679921259845
20
-5.5938312992125985
11
6.5654881496062991
21
-5.6002654330708657
0
LINE
8
BLACK
6
CONTINUOUS
10
6.5654881496062991
20
-5.6002654330708657
11
6.5629776771653541
21
-5.6063262598425192
0
LINE
8
BLACK
6
CONTINUOUS
10
6.5629776771653541
20
-5.6063262598425192
11
6.5593330314960632
21
-5.6117808661417321
0
LINE
8
BLACK
6
CONTINUOUS
10
6.5593330314960632
20
-5.6117808661417321
11
6.5546942519685034
21
-5.616419645669291
0
LINE
8
BLACK
6
CONTINUOUS
10
6.5546942519685034
20
-5.616419645669291
11
6.5492396456692914
21
-5.6200642913385828
0
LINE
8
BLACK
6
CONTINUOUS
10
6.5492396456692914
20
-5.6200642913385828
11
6.5431788188976379
21
-5.6225747637795278
0
LINE
8
BLACK
6
CONTINUOUS
10
6.5431788188976379
20
-5.6225747637795278
11
6.5367446850393698
21
-5.6238546062992123
0
LINE
8
BLACK
6
CONTINUOUS
10
6.5367446850393698
20
-5.6238546062992123
11
6.5301844488188978
21
-5.6238546062992123
0
LINE
8
BLACK
6
CONTINUOUS
10
6.5301844488188978
20
-5.6238546062992123
11
6.5237503149606297
21
-5.6225747637795278
0
LINE
8
BLACK
6
CONTINUOUS
10
6.5237503149606297
20
-5.6225747637795278
11
6.5176894881889762
21
-5.6200642913385828
0
LINE
8
BLACK
6
CONTINUOUS
10
6.5176894881889762
20
-5.6200642913385828
11
6.5122348818897633
21
-5.616419645669291
0
LINE
8
BLACK
6
CONTINUOUS
10
6.5122348818897633
20
-5.616419645669291
11
6.5075961023622044
21
-5.6117808661417321
0
LINE
8
BLACK
6
CONTINUOUS
10
6.5075961023622044
20
-5.6117808661417321
11
6.5039514566929135
21
-5.6063262598425192
0
LINE
8
BLACK
6
CONTINUOUS
10
6.5039514566929135
20
-5.6063262598425192
11
6.5014409842519685
21
-5.6002654330708657
0
LINE
8
BLACK
6
CONTINUOUS
10
6.5014409842519685
20
-5.6002654330708657
11
6.5001611417322831
21
-5.5938312992125985
0
LINE
8
BLACK
6
CONTINUOUS
10
6.5001611417322831
20
-5.5938312992125985
11
6.5001611417322831
21
-5.5872710629921256
0
LINE
8
BLACK
6
CONTINUOUS
10
6.5001611417322831
20
-5.5872710629921256
11
6.5014409842519685
21
-5.5808369291338584
0
LINE
8
BLACK
6
CONTINUOUS
10
6.5014409842519685
20
-5.5808369291338584
11
6.5039514566929135
21
-5.5747761023622049
0
LINE
8
BLACK
6
CONTINUOUS
10
6.5039514566929135
20
-5.5747761023622049
11
6.5075961023622044
21
-5.569321496062992
0
LINE
8
BLACK
6
CONTINUOUS
10
6.5075961023622044
20
-5.569321496062992
11
6.5122348818897633
21
-5.5646827165354331
0
LINE
8
BLACK
6
CONTINUOUS
10
6.5122348818897633
20
-5.5646827165354331
11
6.5176894881889762
21
-5.5610380708661413
0
LINE
8
BLACK
6
CONTINUOUS
10
6.5176894881889762
20
-5.5610380708661413
11
6.5237503149606297
21
-5.5585275984251963
0
LINE
8
BLACK
6
CONTINUOUS
10
6.5237503149606297
20
-5.5585275984251963
11
6.5301844488188978
21
-5.5572477559055118
0
LINE
8
BLACK
6
CONTINUOUS
10
6.5301844488188978
20
-5.5572477559055118
11
6.5367446850393698
21
-5.5572477559055118
0
LINE
8
BLACK
6
CONTINUOUS
10
6.5367446850393698
20
-5.5572477559055118
11
6.5431788188976379
21
-5.5585275984251963
0
LINE
8
BLACK
6
CONTINUOUS
10
6.6431788188976375
20
-5.5585275984251963
11
6.649239645669291
21
-5.5610380708661413
0
LINE
8
BLACK
6
CONTINUOUS
10
6.649239645669291
20
-5.5610380708661413
11
6.6546942519685039
21
-5.5646827165354331
0
LINE
8
BLACK
6
CONTINUOUS
10
6.6546942519685039
20
-5.5646827165354331
11
6.6593330314960628
21
-5.569321496062992
0
LINE
8
BLACK
6
CONTINUOUS
10
6.6593330314960628
20
-5.569321496062992
11
6.6629776771653546
21
-5.5747761023622049
0
LINE
8
BLACK
6
CONTINUOUS
10
6.6629776771653546
20
-5.5747761023622049
11
6.6654881496062988
21
-5.5808369291338584
0
LINE
8
BLACK
6
CONTINUOUS
10
6.6654881496062988
20
-5.5808369291338584
11
6.6667679921259841
21
-5.5872710629921256
0
LINE
8
BLACK
6
CONTINUOUS
10
6.6667679921259841
20
-5.5872710629921256
11
6.6667679921259841
21
-5.5938312992125985
0
LINE
8
BLACK
6
CONTINUOUS
10
6.6667679921259841
20
-5.5938312992125985
11
6.6654881496062988
21
-5.6002654330708657
0
LINE
8
BLACK
6
CONTINUOUS
10
6.6654881496062988
20
-5.6002654330708657
11
6.6629776771653546
21
-5.6063262598425192
0
LINE
8
BLACK
6
CONTINUOUS
10
6.6629776771653546
20
-5.6063262598425192
11
6.6593330314960628
21
-5.6117808661417321
0
LINE
8
BLACK
6
CONTINUOUS
10
6.6593330314960628
20
-5.6117808661417321
11
6.6546942519685039
21
-5.616419645669291
0
LINE
8
BLACK
6
CONTINUOUS
10
6.6546942519685039
20
-5.616419645669291
11
6.649239645669291
21
-5.6200642913385828
0
LINE
8
BLACK
6
CONTINUOUS
10
6.649239645669291
20
-5.6200642913385828
11
6.6431788188976375
21
-5.6225747637795278
0
LINE
8
BLACK
6
CONTINUOUS
10
6.6431788188976375
20
-5.6225747637795278
11
6.6367446850393703
21
-5.6238546062992123
0
LINE
8
BLACK
6
CONTINUOUS
10
6.6367446850393703
20
-5.6238546062992123
11
6.6301844488188975
21
-5.6238546062992123
0
LINE
8
BLACK
6
CONTINUOUS
10
6.6301844488188975
20
-5.6238546062992123
11
6.6237503149606294
21
-5.6225747637795278
0
LINE
8
BLACK
6
CONTINUOUS
10
6.6237503149606294
20
-5.6225747637795278
11
6.6176894881889758
21
-5.6200642913385828
0
LINE
8
BLACK
6
CONTINUOUS
10
6.6176894881889758
20
-5.6200642913385828
11
6.6122348818897638
21
-5.616419645669291
0
LINE
8
BLACK
6
CONTINUOUS
10
6.6122348818897638
20
-5.616419645669291
11
6.607596102362205
21
-5.6117808661417321
0
LINE
8
BLACK
6
CONTINUOUS
10
6.607596102362205
20
-5.6117808661417321
11
6.6039514566929132
21
-5.6063262598425192
0
LINE
8
BLACK
6
CONTINUOUS
10
6.6039514566929132
20
-5.6063262598425192
11
6.6014409842519681
21
-5.6002654330708657
0
LINE
8
BLACK
6
CONTINUOUS
10
6.6014409842519681
20
-5.6002654330708657
11
6.6001611417322836
21
-5.5938312992125985
0
LINE
8
BLACK
6
CONTINUOUS
10
6.6001611417322836
20
-5.5938312992125985
11
6.6001611417322836
21
-5.5872710629921256
0
LINE
8
BLACK
6
CONTINUOUS
10
6.6001611417322836
20
-5.5872710629921256
11
6.6014409842519681
21
-5.5808369291338584
0
LINE
8
BLACK
6
CONTINUOUS
10
6.6014409842519681
20
-5.5808369291338584
11
6.6039514566929132
21
-5.5747761023622049
0
LINE
8
BLACK
6
CONTINUOUS
10
6.6039514566929132
20
-5.5747761023622049
11
6.607596102362205
21
-5.569321496062992
0
LINE
8
BLACK
6
CONTINUOUS
10
6.607596102362205
20
-5.569321496062992
11
6.6122348818897638
21
-5.5646827165354331
0
LINE
8
BLACK
6
CONTINUOUS
10
6.6122348818897638
20
-5.5646827165354331
11
6.6176894881889758
21
-5.5610380708661413
0
LINE
8
BLACK
6
CONTINUOUS
10
6.6176894881889758
20
-5.5610380708661413
11
6.6237503149606294
21
-5.5585275984251963
0
LINE
8
BLACK
6
CONTINUOUS
10
6.6237503149606294
20
-5.5585275984251963
11
6.6301844488188975
21
-5.5572477559055118
0
LINE
8
BLACK
6
CONTINUOUS
10
6.6301844488188975
20
-5.5572477559055118
11
6.6367446850393703
21
-5.5572477559055118
0
LINE
8
BLACK
6
CONTINUOUS
10
6.6367446850393703
20
-5.5572477559055118
11
6.6431788188976375
21
-5.5585275984251963
0
LINE
8
BLACK
6
CONTINUOUS
10
6.743178818897638
20
-5.5585275984251963
11
6.7492396456692916
21
-5.5610380708661413
0
LINE
8
BLACK
6
CONTINUOUS
10
6.7492396456692916
20
-5.5610380708661413
11
6.7546942519685036
21
-5.5646827165354331
0
LINE
8
BLACK
6
CONTINUOUS
10
6.7546942519685036
20
-5.5646827165354331
11
6.7593330314960625
21
-5.569321496062992
0
LINE
8
BLACK
6
CONTINUOUS
10
6.7593330314960625
20
-5.569321496062992
11
6.7629776771653543
21
-5.5747761023622049
0
LINE
8
BLACK
6
CONTINUOUS
10
6.7629776771653543
20
-5.5747761023622049
11
6.7654881496062993
21
-5.5808369291338584
0
LINE
8
BLACK
6
CONTINUOUS
10
6.7654881496062993
20
-5.5808369291338584
11
6.7667679921259838
21
-5.5872710629921256
0
LINE
8
BLACK
6
CONTINUOUS
10
6.7667679921259838
20
-5.5872710629921256
11
6.7667679921259838
21
-5.5938312992125985
0
LINE
8
BLACK
6
CONTINUOUS
10
6.7667679921259838
20
-5.5938312992125985
11
6.7654881496062993
21
-5.6002654330708657
0
LINE
8
BLACK
6
CONTINUOUS
10
6.7654881496062993
20
-5.6002654330708657
11
6.7629776771653543
21
-5.6063262598425192
0
LINE
8
BLACK
6
CONTINUOUS
10
6.7629776771653543
20
-5.6063262598425192
11
6.7593330314960625
21
-5.6117808661417321
0
LINE
8
BLACK
6
CONTINUOUS
10
6.7593330314960625
20
-5.6117808661417321
11
6.7546942519685036
21
-5.616419645669291
0
LINE
8
BLACK
6
CONTINUOUS
10
6.7546942519685036
20
-5.616419645669291
11
6.7492396456692916
21
-5.6200642913385828
0
LINE
8
BLACK
6
CONTINUOUS
10
6.7492396456692916
20
-5.6200642913385828
11
6.743178818897638
21
-5.6225747637795278
0
LINE
8
BLACK
6
CONTINUOUS
10
6.743178818897638
20
-5.6225747637795278
11
6.73674468503937
21
-5.6238546062992123
0
LINE
8
BLACK
6
CONTINUOUS
10
6.73674468503937
20
-5.6238546062992123
11
6.7301844488188971
21
-5.6238546062992123
0
LINE
8
BLACK
6
CONTINUOUS
10
6.7301844488188971
20
-5.6238546062992123
11
6.7237503149606299
21
-5.6225747637795278
0
LINE
8
BLACK
6
CONTINUOUS
10
6.7237503149606299
20
-5.6225747637795278
11
6.7176894881889764
21
-5.6200642913385828
0
LINE
8
BLACK
6
CONTINUOUS
10
6.7176894881889764
20
-5.6200642913385828
11
6.7122348818897635
21
-5.616419645669291
0
LINE
8
BLACK
6
CONTINUOUS
10
6.7122348818897635
20
-5.616419645669291
11
6.7075961023622046
21
-5.6117808661417321
0
LINE
8
BLACK
6
CONTINUOUS
10
6.7075961023622046
20
-5.6117808661417321
11
6.7039514566929128
21
-5.6063262598425192
0
LINE
8
BLACK
6
CONTINUOUS
10
6.7039514566929128
20
-5.6063262598425192
11
6.7014409842519687
21
-5.6002654330708657
0
LINE
8
BLACK
6
CONTINUOUS
10
6.7014409842519687
20
-5.6002654330708657
11
6.7001611417322833
21
-5.5938312992125985
0
LINE
8
BLACK
6
CONTINUOUS
10
6.7001611417322833
20
-5.5938312992125985
11
6.7001611417322833
21
-5.5872710629921256
0
LINE
8
BLACK
6
CONTINUOUS
10
6.7001611417322833
20
-5.5872710629921256
11
6.7014409842519687
21
-5.5808369291338584
0
LINE
8
BLACK
6
CONTINUOUS
10
6.7014409842519687
20
-5.5808369291338584
11
6.7039514566929128
21
-5.5747761023622049
0
LINE
8
BLACK
6
CONTINUOUS
10
6.7039514566929128
20
-5.5747761023622049
11
6.7075961023622046
21
-5.569321496062992
0
LINE
8
BLACK
6
CONTINUOUS
10
6.7075961023622046
20
-5.569321496062992
11
6.7122348818897635
21
-5.5646827165354331
0
LINE
8
BLACK
6
CONTINUOUS
10
6.7122348818897635
20
-5.5646827165354331
11
6.7176894881889764
21
-5.5610380708661413
0
LINE
8
BLACK
6
CONTINUOUS
10
6.7176894881889764
20
-5.5610380708661413
11
6.7237503149606299
21
-5.5585275984251963
0
LINE
8
BLACK
6
CONTINUOUS
10
6.7237503149606299
20
-5.5585275984251963
11
6.7301844488188971
21
-5.5572477559055118
0
LINE
8
BLACK
6
CONTINUOUS
10
6.7301844488188971
20
-5.5572477559055118
11
6.73674468503937
21
-5.5572477559055118
0
LINE
8
BLACK
6
CONTINUOUS
10
6.73674468503937
20
-5.5572477559055118
11
6.743178818897638
21
-5.5585275984251963
0
LINE
8
BLACK
6
CONTINUOUS
10
6.1170160629921257
20
-5.5737895275590548
11
6.121021377952756
21
-5.5761020078740158
0
LINE
8
BLACK
6
CONTINUOUS
10
6.121021377952756
20
-5.5761020078740158
11
6.1242916929133857
21
-5.5793723228346455
0
LINE
8
BLACK
6
CONTINUOUS
10
6.1242916929133857
20
-5.5793723228346455
11
6.1266041732283467
21
-5.5833776377952757
0
LINE
8
BLACK
6
CONTINUOUS
10
6.1266041732283467
20
-5.5833776377952757
11
6.1278011811023623
21
-5.5878449999999997
0
LINE
8
BLACK
6
CONTINUOUS
10
6.1278011811023623
20
-5.5878449999999997
11
6.127952755905512
21
-5.5901574803149607
0
LINE
8
BLACK
6
CONTINUOUS
10
6.127952755905512
20
-5.5901574803149607
11
6.127952755905512
21
-5.6059055118110237
0
LINE
8
BLACK
6
CONTINUOUS
10
6.127952755905512
20
-5.6059055118110237
11
6.1278011811023623
21
-5.6082179921259838
0
LINE
8
BLACK
6
CONTINUOUS
10
6.1278011811023623
20
-5.6082179921259838
11
6.1266041732283467
21
-5.6126853543307087
0
LINE
8
BLACK
6
CONTINUOUS
10
6.1266041732283467
20
-5.6126853543307087
11
6.1242916929133857
21
-5.6166906692913381
0
LINE
8
BLACK
6
CONTINUOUS
10
6.1242916929133857
20
-5.6166906692913381
11
6.121021377952756
21
-5.6199609842519687
0
LINE
8
BLACK
6
CONTINUOUS
10
6.121021377952756
20
-5.6199609842519687
11
6.1170160629921257
21
-5.6222734645669288
0
LINE
8
BLACK
6
CONTINUOUS
10
6.1170160629921257
20
-5.6222734645669288
11
6.1125487007874018
21
-5.6234704724409443
0
LINE
8
BLACK
6
CONTINUOUS
10
6.1125487007874018
20
-5.6234704724409443
11
6.1079237401574797
21
-5.6234704724409443
0
LINE
8
BLACK
6
CONTINUOUS
10
6.1079237401574797
20
-5.6234704724409443
11
6.1034563779527558
21
-5.6222734645669288
0
LINE
8
BLACK
6
CONTINUOUS
10
6.1034563779527558
20
-5.6222734645669288
11
6.0994510629921255
21
-5.6199609842519687
0
LINE
8
BLACK
6
CONTINUOUS
10
6.0994510629921255
20
-5.6199609842519687
11
6.0961807480314958
21
-5.6166906692913381
0
LINE
8
BLACK
6
CONTINUOUS
10
6.0961807480314958
20
-5.6166906692913381
11
6.0938682677165357
21
-5.6126853543307087
0
LINE
8
BLACK
6
CONTINUOUS
10
6.0938682677165357
20
-5.6126853543307087
11
6.0926712598425192
21
-5.6082179921259838
0
LINE
8
BLACK
6
CONTINUOUS
10
6.0926712598425192
20
-5.6082179921259838
11
6.0925196850393704
21
-5.6059055118110237
0
LINE
8
BLACK
6
CONTINUOUS
10
6.0925196850393704
20
-5.6059055118110237
11
6.0925196850393704
21
-5.5901574803149607
0
LINE
8
BLACK
6
CONTINUOUS
10
6.0925196850393704
20
-5.5901574803149607
11
6.0926712598425192
21
-5.5878449999999997
0
LINE
8
BLACK
6
CONTINUOUS
10
6.0926712598425192
20
-5.5878449999999997
11
6.0938682677165357
21
-5.5833776377952757
0
LINE
8
BLACK
6
CONTINUOUS
10
6.0938682677165357
20
-5.5833776377952757
11
6.0961807480314958
21
-5.5793723228346455
0
LINE
8
BLACK
6
CONTINUOUS
10
6.0961807480314958
20
-5.5793723228346455
11
6.0994510629921255
21
-5.5761020078740158
0
LINE
8
BLACK
6
CONTINUOUS
10
6.0994510629921255
20
-5.5761020078740158
11
6.1034563779527558
21
-5.5737895275590548
0
LINE
8
BLACK
6
CONTINUOUS
10
6.1034563779527558
20
-5.5737895275590548
11
6.1079237401574797
21
-5.5725925196850392
0
LINE
8
BLACK
6
CONTINUOUS
10
6.1079237401574797
20
-5.5725925196850392
11
6.1125487007874018
21
-5.5725925196850392
0
LINE
8
BLACK
6
CONTINUOUS
10
6.1125487007874018
20
-5.5725925196850392
11
6.1170160629921257
21
-5.5737895275590548
0
LINE
8
BLACK
6
CONTINUOUS
10
6.2843388976377952
20
-5.5737895275590548
11
6.2883442125984255
21
-5.5761020078740158
0
LINE
8
BLACK
6
CONTINUOUS
10
6.2883442125984255
20
-5.5761020078740158
11
6.2916145275590551
21
-5.5793723228346455
0
LINE
8
BLACK
6
CONTINUOUS
10
6.2916145275590551
20
-5.5793723228346455
11
6.2939270078740153
21
-5.5833776377952757
0
LINE
8
BLACK
6
CONTINUOUS
10
6.2939270078740153
20
-5.5833776377952757
11
6.2951240157480317
21
-5.5878449999999997
0
LINE
8
BLACK
6
CONTINUOUS
10
6.2951240157480317
20
-5.5878449999999997
11
6.2952755905511806
21
-5.5901574803149607
0
LINE
8
BLACK
6
CONTINUOUS
10
6.2952755905511806
20
-5.5901574803149607
11
6.2952755905511806
21
-5.6059055118110237
0
LINE
8
BLACK
6
CONTINUOUS
10
6.2952755905511806
20
-5.6059055118110237
11
6.2951240157480317
21
-5.6082179921259838
0
LINE
8
BLACK
6
CONTINUOUS
10
6.2951240157480317
20
-5.6082179921259838
11
6.2939270078740153
21
-5.6126853543307087
0
LINE
8
BLACK
6
CONTINUOUS
10
6.2939270078740153
20
-5.6126853543307087
11
6.2916145275590551
21
-5.6166906692913381
0
LINE
8
BLACK
6
CONTINUOUS
10
6.2916145275590551
20
-5.6166906692913381
11
6.2883442125984255
21
-5.6199609842519687
0
LINE
8
BLACK
6
CONTINUOUS
10
6.2883442125984255
20
-5.6199609842519687
11
6.2843388976377952
21
-5.6222734645669288
0
LINE
8
BLACK
6
CONTINUOUS
10
6.2843388976377952
20
-5.6222734645669288
11
6.2798715354330703
21
-5.6234704724409443
0
LINE
8
BLACK
6
CONTINUOUS
10
6.2798715354330703
20
-5.6234704724409443
11
6.2752465748031492
21
-5.6234704724409443
0
LINE
8
BLACK
6
CONTINUOUS
10
6.2752465748031492
20
-5.6234704724409443
11
6.2707792125984252
21
-5.6222734645669288
0
LINE
8
BLACK
6
CONTINUOUS
10
6.2707792125984252
20
-5.6222734645669288
11
6.2667738976377949
21
-5.6199609842519687
0
LINE
8
BLACK
6
CONTINUOUS
10
6.2667738976377949
20
-5.6199609842519687
11
6.2635035826771652
21
-5.6166906692913381
0
LINE
8
BLACK
6
CONTINUOUS
10
6.2635035826771652
20
-5.6166906692913381
11
6.2611911023622042
21
-5.6126853543307087
0
LINE
8
BLACK
6
CONTINUOUS
10
6.2611911023622042
20
-5.6126853543307087
11
6.2599940944881887
21
-5.6082179921259838
0
LINE
8
BLACK
6
CONTINUOUS
10
6.2599940944881887
20
-5.6082179921259838
11
6.2598425196850389
21
-5.6059055118110237
0
LINE
8
BLACK
6
CONTINUOUS
10
6.2598425196850389
20
-5.6059055118110237
11
6.2598425196850389
21
-5.5901574803149607
0
LINE
8
BLACK
6
CONTINUOUS
10
6.2598425196850389
20
-5.5901574803149607
11
6.2599940944881887
21
-5.5878449999999997
0
LINE
8
BLACK
6
CONTINUOUS
10
6.2599940944881887
20
-5.5878449999999997
11
6.2611911023622042
21
-5.5833776377952757
0
LINE
8
BLACK
6
CONTINUOUS
10
6.2611911023622042
20
-5.5833776377952757
11
6.2635035826771652
21
-5.5793723228346455
0
LINE
8
BLACK
6
CONTINUOUS
10
6.2635035826771652
20
-5.5793723228346455
11
6.2667738976377949
21
-5.5761020078740158
0
LINE
8
BLACK
6
CONTINUOUS
10
6.2667738976377949
20
-5.5761020078740158
11
6.2707792125984252
21
-5.5737895275590548
0
LINE
8
BLACK
6
CONTINUOUS
10
6.2707792125984252
20
-5.5737895275590548
11
6.2752465748031492
21
-5.5725925196850392
0
LINE
8
BLACK
6
CONTINUOUS
10
6.2752465748031492
20
-5.5725925196850392
11
6.2798715354330703
21
-5.5725925196850392
0
LINE
8
BLACK
6
CONTINUOUS
10
6.2798715354330703
20
-5.5725925196850392
11
6.2843388976377952
21
-5.5737895275590548
0
LINE
8
BLACK
6
CONTINUOUS
10
5.7517980708661414
20
-5.1592137795275592
11
5.7549912204724407
21
-5.1613473622047241
0
LINE
8
BLACK
6
CONTINUOUS
10
5.7549912204724407
20
-5.1613473622047241
11
5.7571248031496065
21
-5.1645405118110235
0
LINE
8
BLACK
6
CONTINUOUS
10
5.7571248031496065
20
-5.1645405118110235
11
5.7578740157480315
21
-5.1683070866141732
0
LINE
8
BLACK
6
CONTINUOUS
10
5.7578740157480315
20
-5.1683070866141732
11
5.7578740157480315
21
-5.2057086614173231
0
LINE
8
BLACK
6
CONTINUOUS
10
5.7578740157480315
20
-5.2057086614173231
11
5.7571248031496065
21
-5.2094752362204719
0
LINE
8
BLACK
6
CONTINUOUS
10
5.7571248031496065
20
-5.2094752362204719
11
5.7549912204724407
21
-5.2126683858267713
0
LINE
8
BLACK
6
CONTINUOUS
10
5.7549912204724407
20
-5.2126683858267713
11
5.7517980708661414
21
-5.2148019685039371
0
LINE
8
BLACK
6
CONTINUOUS
10
5.7517980708661414
20
-5.2148019685039371
11
5.7480314960629917
21
-5.215551181102362
0
LINE
8
BLACK
6
CONTINUOUS
10
5.7480314960629917
20
-5.215551181102362
11
5.728346456692913
21
-5.215551181102362
0
LINE
8
BLACK
6
CONTINUOUS
10
5.728346456692913
20
-5.215551181102362
11
5.7245798818897633
21
-5.2148019685039371
0
LINE
8
BLACK
6
CONTINUOUS
10
5.7245798818897633
20
-5.2148019685039371
11
5.7213867322834648
21
-5.2126683858267713
0
LINE
8
BLACK
6
CONTINUOUS
10
5.7213867322834648
20
-5.2126683858267713
11
5.719253149606299
21
-5.2094752362204719
0
LINE
8
BLACK
6
CONTINUOUS
10
5.719253149606299
20
-5.2094752362204719
11
5.7185039370078741
21
-5.2057086614173231
0
LINE
8
BLACK
6
CONTINUOUS
10
5.7185039370078741
20
-5.2057086614173231
11
5.7185039370078741
21
-5.1683070866141732
0
LINE
8
BLACK
6
CONTINUOUS
10
5.7185039370078741
20
-5.1683070866141732
11
5.719253149606299
21
-5.1645405118110235
0
LINE
8
BLACK
6
CONTINUOUS
10
5.719253149606299
20
-5.1645405118110235
11
5.7213867322834648
21
-5.1613473622047241
0
LINE
8
BLACK
6
CONTINUOUS
10
5.7213867322834648
20
-5.1613473622047241
11
5.7245798818897633
21
-5.1592137795275592
0
LINE
8
BLACK
6
CONTINUOUS
10
5.7245798818897633
20
-5.1592137795275592
11
5.728346456692913
21
-5.1584645669291334
0
LINE
8
BLACK
6
CONTINUOUS
10
5.728346456692913
20
-5.1584645669291334
11
5.7480314960629917
21
-5.1584645669291334
0
LINE
8
BLACK
6
CONTINUOUS
10
5.7480314960629917
20
-5.1584645669291334
11
5.7517980708661414
21
-5.1592137795275592
0
LINE
8
BLACK
6
CONTINUOUS
10
5.8266012204724404
20
-5.1592137795275592
11
5.8297943700787398
21
-5.1613473622047241
0
LINE
8
BLACK
6
CONTINUOUS
10
5.8297943700787398
20
-5.1613473622047241
11
5.8319279527559056
21
-5.1645405118110235
0
LINE
8
BLACK
6
CONTINUOUS
10
5.8319279527559056
20
-5.1645405118110235
11
5.8326771653543306
21
-5.1683070866141732
0
LINE
8
BLACK
6
CONTINUOUS
10
5.8326771653543306
20
-5.1683070866141732
11
5.8326771653543306
21
-5.2057086614173231
0
LINE
8
BLACK
6
CONTINUOUS
10
5.8326771653543306
20
-5.2057086614173231
11
5.8319279527559056
21
-5.2094752362204719
0
LINE
8
BLACK
6
CONTINUOUS
10
5.8319279527559056
20
-5.2094752362204719
11
5.8297943700787398
21
-5.2126683858267713
0
LINE
8
BLACK
6
CONTINUOUS
10
5.8297943700787398
20
-5.2126683858267713
11
5.8266012204724404
21
-5.2148019685039371
0
LINE
8
BLACK
6
CONTINUOUS
10
5.8266012204724404
20
-5.2148019685039371
11
5.8228346456692908
21
-5.215551181102362
0
LINE
8
BLACK
6
CONTINUOUS
10
5.8228346456692908
20
-5.215551181102362
11
5.8031496062992121
21
-5.215551181102362
0
LINE
8
BLACK
6
CONTINUOUS
10
5.8031496062992121
20
-5.215551181102362
11
5.7993830314960633
21
-5.2148019685039371
0
LINE
8
BLACK
6
CONTINUOUS
10
5.7993830314960633
20
-5.2148019685039371
11
5.7961898818897639
21
-5.2126683858267713
0
LINE
8
BLACK
6
CONTINUOUS
10
5.7961898818897639
20
-5.2126683858267713
11
5.7940562992125981
21
-5.2094752362204719
0
LINE
8
BLACK
6
CONTINUOUS
10
5.7940562992125981
20
-5.2094752362204719
11
5.7933070866141732
21
-5.2057086614173231
0
LINE
8
BLACK
6
CONTINUOUS
10
5.7933070866141732
20
-5.2057086614173231
11
5.7933070866141732
21
-5.1683070866141732
0
LINE
8
BLACK
6
CONTINUOUS
10
5.7933070866141732
20
-5.1683070866141732
11
5.7940562992125981
21
-5.1645405118110235
0
LINE
8
BLACK
6
CONTINUOUS
10
5.7940562992125981
20
-5.1645405118110235
11
5.7961898818897639
21
-5.1613473622047241
0
LINE
8
BLACK
6
CONTINUOUS
10
5.7961898818897639
20
-5.1613473622047241
11
5.7993830314960633
21
-5.1592137795275592
0
LINE
8
BLACK
6
CONTINUOUS
10
5.7993830314960633
20
-5.1592137795275592
11
5.8031496062992121
21
-5.1584645669291334
0
LINE
8
BLACK
6
CONTINUOUS
10
5.8031496062992121
20
-5.1584645669291334
11
5.8228346456692908
21
-5.1584645669291334
0
LINE
8
BLACK
6
CONTINUOUS
10
5.8228346456692908
20
-5.1584645669291334
11
5.8266012204724404
21
-5.1592137795275592
0
LINE
8
BLACK
6
CONTINUOUS
10
5.7436325984251964
20
-5.0741185826771655
11
5.7449098818897637
21
-5.0749720078740159
0
LINE
8
BLACK
6
CONTINUOUS
10
5.7449098818897637
20
-5.0749720078740159
11
5.7457633070866141
21
-5.0762492913385824
0
LINE
8
BLACK
6
CONTINUOUS
10
5.7457633070866141
20
-5.0762492913385824
11
5.7460629921259843
21
-5.0777559055118111
0
LINE
8
BLACK
6
CONTINUOUS
10
5.7460629921259843
20
-5.0777559055118111
11
5.7460629921259843
21
-5.127952755905512
0
LINE
8
BLACK
6
CONTINUOUS
10
5.7460629921259843
20
-5.127952755905512
11
5.7457633070866141
21
-5.1294593700787399
0
LINE
8
BLACK
6
CONTINUOUS
10
5.7457633070866141
20
-5.1294593700787399
11
5.7449098818897637
21
-5.1307366535433072
0
LINE
8
BLACK
6
CONTINUOUS
10
5.7449098818897637
20
-5.1307366535433072
11
5.7436325984251964
21
-5.1315900787401576
0
LINE
8
BLACK
6
CONTINUOUS
10
5.7436325984251964
20
-5.1315900787401576
11
5.7421259842519685
21
-5.1318897637795278
0
LINE
8
BLACK
6
CONTINUOUS
10
5.7421259842519685
20
-5.1318897637795278
11
5.734251968503937
21
-5.1318897637795278
0
LINE
8
BLACK
6
CONTINUOUS
10
5.734251968503937
20
-5.1318897637795278
11
5.7327453543307083
21
-5.1315900787401576
0
LINE
8
BLACK
6
CONTINUOUS
10
5.7327453543307083
20
-5.1315900787401576
11
5.7314680708661419
21
-5.1307366535433072
0
LINE
8
BLACK
6
CONTINUOUS
10
5.7314680708661419
20
-5.1307366535433072
11
5.7306146456692915
21
-5.1294593700787399
0
LINE
8
BLACK
6
CONTINUOUS
10
5.7306146456692915
20
-5.1294593700787399
11
5.7303149606299213
21
-5.127952755905512
0
LINE
8
BLACK
6
CONTINUOUS
10
5.7303149606299213
20
-5.127952755905512
11
5.7303149606299213
21
-5.0777559055118111
0
LINE
8
BLACK
6
CONTINUOUS
10
5.7303149606299213
20
-5.0777559055118111
11
5.7306146456692915
21
-5.0762492913385824
0
LINE
8
BLACK
6
CONTINUOUS
10
5.7306146456692915
20
-5.0762492913385824
11
5.7314680708661419
21
-5.0749720078740159
0
LINE
8
BLACK
6
CONTINUOUS
10
5.7314680708661419
20
-5.0749720078740159
11
5.7327453543307083
21
-5.0741185826771655
0
LINE
8
BLACK
6
CONTINUOUS
10
5.7327453543307083
20
-5.0741185826771655
11
5.734251968503937
21
-5.0738188976377954
0
LINE
8
BLACK
6
CONTINUOUS
10
5.734251968503937
20
-5.0738188976377954
11
5.7421259842519685
21
-5.0738188976377954
0
LINE
8
BLACK
6
CONTINUOUS
10
5.7421259842519685
20
-5.0738188976377954
11
5.7436325984251964
21
-5.0741185826771655
0
LINE
8
BLACK
6
CONTINUOUS
10
5.7692231496062991
20
-5.0741185826771655
11
5.7705004330708656
21
-5.0749720078740159
0
LINE
8
BLACK
6
CONTINUOUS
10
5.7705004330708656
20
-5.0749720078740159
11
5.771353858267716
21
-5.0762492913385824
0
LINE
8
BLACK
6
CONTINUOUS
10
5.771353858267716
20
-5.0762492913385824
11
5.7716535433070861
21
-5.0777559055118111
0
LINE
8
BLACK
6
CONTINUOUS
10
5.7716535433070861
20
-5.0777559055118111
11
5.7716535433070861
21
-5.127952755905512
0
LINE
8
BLACK
6
CONTINUOUS
10
5.7716535433070861
20
-5.127952755905512
11
5.771353858267716
21
-5.1294593700787399
0
LINE
8
BLACK
6
CONTINUOUS
10
5.771353858267716
20
-5.1294593700787399
11
5.7705004330708656
21
-5.1307366535433072
0
LINE
8
BLACK
6
CONTINUOUS
10
5.7705004330708656
20
-5.1307366535433072
11
5.7692231496062991
21
-5.1315900787401576
0
LINE
8
BLACK
6
CONTINUOUS
10
5.7692231496062991
20
-5.1315900787401576
11
5.7677165354330704
21
-5.1318897637795278
0
LINE
8
BLACK
6
CONTINUOUS
10
5.7677165354330704
20
-5.1318897637795278
11
5.7598425196850389
21
-5.1318897637795278
0
LINE
8
BLACK
6
CONTINUOUS
10
5.7598425196850389
20
-5.1318897637795278
11
5.7583359055118111
21
-5.1315900787401576
0
LINE
8
BLACK
6
CONTINUOUS
10
5.7583359055118111
20
-5.1315900787401576
11
5.7570586220472437
21
-5.1307366535433072
0
LINE
8
BLACK
6
CONTINUOUS
10
5.7570586220472437
20
-5.1307366535433072
11
5.7562051968503933
21
-5.1294593700787399
0
LINE
8
BLACK
6
CONTINUOUS
10
5.7562051968503933
20
-5.1294593700787399
11
5.7559055118110232
21
-5.127952755905512
0
LINE
8
BLACK
6
CONTINUOUS
10
5.7559055118110232
20
-5.127952755905512
11
5.7559055118110232
21
-5.0777559055118111
0
LINE
8
BLACK
6
CONTINUOUS
10
5.7559055118110232
20
-5.0777559055118111
11
5.7562051968503933
21
-5.0762492913385824
0
LINE
8
BLACK
6
CONTINUOUS
10
5.7562051968503933
20
-5.0762492913385824
11
5.7570586220472437
21
-5.0749720078740159
0
LINE
8
BLACK
6
CONTINUOUS
10
5.7570586220472437
20
-5.0749720078740159
11
5.7583359055118111
21
-5.0741185826771655
0
LINE
8
BLACK
6
CONTINUOUS
10
5.7583359055118111
20
-5.0741185826771655
11
5.7598425196850389
21
-5.0738188976377954
0
LINE
8
BLACK
6
CONTINUOUS
10
5.7598425196850389
20
-5.0738188976377954
11
5.7677165354330704
21
-5.0738188976377954
0
LINE
8
BLACK
6
CONTINUOUS
10
5.7677165354330704
20
-5.0738188976377954
11
5.7692231496062991
21
-5.0741185826771655
0
LINE
8
BLACK
6
CONTINUOUS
10
5.7948137007874019
20
-5.0741185826771655
11
5.7960909842519683
21
-5.0749720078740159
0
LINE
8
BLACK
6
CONTINUOUS
10
5.7960909842519683
20
-5.0749720078740159
11
5.7969444094488187
21
-5.0762492913385824
0
LINE
8
BLACK
6
CONTINUOUS
10
5.7969444094488187
20
-5.0762492913385824
11
5.7972440944881889
21
-5.0777559055118111
0
LINE
8
BLACK
6
CONTINUOUS
10
5.7972440944881889
20
-5.0777559055118111
11
5.7972440944881889
21
-5.127952755905512
0
LINE
8
BLACK
6
CONTINUOUS
10
5.7972440944881889
20
-5.127952755905512
11
5.7969444094488187
21
-5.1294593700787399
0
LINE
8
BLACK
6
CONTINUOUS
10
5.7969444094488187
20
-5.1294593700787399
11
5.7960909842519683
21
-5.1307366535433072
0
LINE
8
BLACK
6
CONTINUOUS
10
5.7960909842519683
20
-5.1307366535433072
11
5.7948137007874019
21
-5.1315900787401576
0
LINE
8
BLACK
6
CONTINUOUS
10
5.7948137007874019
20
-5.1315900787401576
11
5.7933070866141732
21
-5.1318897637795278
0
LINE
8
BLACK
6
CONTINUOUS
10
5.7933070866141732
20
-5.1318897637795278
11
5.7854330708661417
21
-5.1318897637795278
0
LINE
8
BLACK
6
CONTINUOUS
10
5.7854330708661417
20
-5.1318897637795278
11
5.7839264566929129
21
-5.1315900787401576
0
LINE
8
BLACK
6
CONTINUOUS
10
5.7839264566929129
20
-5.1315900787401576
11
5.7826491732283465
21
-5.1307366535433072
0
LINE
8
BLACK
6
CONTINUOUS
10
5.7826491732283465
20
-5.1307366535433072
11
5.7817957480314961
21
-5.1294593700787399
0
LINE
8
BLACK
6
CONTINUOUS
10
5.7817957480314961
20
-5.1294593700787399
11
5.7814960629921259
21
-5.127952755905512
0
LINE
8
BLACK
6
CONTINUOUS
10
5.7814960629921259
20
-5.127952755905512
11
5.7814960629921259
21
-5.0777559055118111
0
LINE
8
BLACK
6
CONTINUOUS
10
5.7814960629921259
20
-5.0777559055118111
11
5.7817957480314961
21
-5.0762492913385824
0
LINE
8
BLACK
6
CONTINUOUS
10
5.7817957480314961
20
-5.0762492913385824
11
5.7826491732283465
21
-5.0749720078740159
0
LINE
8
BLACK
6
CONTINUOUS
10
5.7826491732283465
20
-5.0749720078740159
11
5.7839264566929129
21
-5.0741185826771655
0
LINE
8
BLACK
6
CONTINUOUS
10
5.7839264566929129
20
-5.0741185826771655
11
5.7854330708661417
21
-5.0738188976377954
0
LINE
8
BLACK
6
CONTINUOUS
10
5.7854330708661417
20
-5.0738188976377954
11
5.7933070866141732
21
-5.0738188976377954
0
LINE
8
BLACK
6
CONTINUOUS
10
5.7933070866141732
20
-5.0738188976377954
11
5.7948137007874019
21
-5.0741185826771655
0
LINE
8
BLACK
6
CONTINUOUS
10
5.8204042519685038
20
-5.0741185826771655
11
5.8216815354330711
21
-5.0749720078740159
0
LINE
8
BLACK
6
CONTINUOUS
10
5.8216815354330711
20
-5.0749720078740159
11
5.8225349606299215
21
-5.0762492913385824
0
LINE
8
BLACK
6
CONTINUOUS
10
5.8225349606299215
20
-5.0762492913385824
11
5.8228346456692908
21
-5.0777559055118111
0
LINE
8
BLACK
6
CONTINUOUS
10
5.8228346456692908
20
-5.0777559055118111
11
5.8228346456692908
21
-5.127952755905512
0
LINE
8
BLACK
6
CONTINUOUS
10
5.8228346456692908
20
-5.127952755905512
11
5.8225349606299215
21
-5.1294593700787399
0
LINE
8
BLACK
6
CONTINUOUS
10
5.8225349606299215
20
-5.1294593700787399
11
5.8216815354330711
21
-5.1307366535433072
0
LINE
8
BLACK
6
CONTINUOUS
10
5.8216815354330711
20
-5.1307366535433072
11
5.8204042519685038
21
-5.1315900787401576
0
LINE
8
BLACK
6
CONTINUOUS
10
5.8204042519685038
20
-5.1315900787401576
11
5.818897637795275
21
-5.1318897637795278
0
LINE
8
BLACK
6
CONTINUOUS
10
5.818897637795275
20
-5.1318897637795278
11
5.8110236220472435
21
-5.1318897637795278
0
LINE
8
BLACK
6
CONTINUOUS
10
5.8110236220472435
20
-5.1318897637795278
11
5.8095170078740157
21
-5.1315900787401576
0
LINE
8
BLACK
6
CONTINUOUS
10
5.8095170078740157
20
-5.1315900787401576
11
5.8082397244094484
21
-5.1307366535433072
0
LINE
8
BLACK
6
CONTINUOUS
10
5.8082397244094484
20
-5.1307366535433072
11
5.807386299212598
21
-5.1294593700787399
0
LINE
8
BLACK
6
CONTINUOUS
10
5.807386299212598
20
-5.1294593700787399
11
5.8070866141732278
21
-5.127952755905512
0
LINE
8
BLACK
6
CONTINUOUS
10
5.8070866141732278
20
-5.127952755905512
11
5.8070866141732278
21
-5.0777559055118111
0
LINE
8
BLACK
6
CONTINUOUS
10
5.8070866141732278
20
-5.0777559055118111
11
5.807386299212598
21
-5.0762492913385824
0
LINE
8
BLACK
6
CONTINUOUS
10
5.807386299212598
20
-5.0762492913385824
11
5.8082397244094484
21
-5.0749720078740159
0
LINE
8
BLACK
6
CONTINUOUS
10
5.8082397244094484
20
-5.0749720078740159
11
5.8095170078740157
21
-5.0741185826771655
0
LINE
8
BLACK
6
CONTINUOUS
10
5.8095170078740157
20
-5.0741185826771655
11
5.8110236220472435
21
-5.0738188976377954
0
LINE
8
BLACK
6
CONTINUOUS
10
5.8110236220472435
20
-5.0738188976377954
11
5.818897637795275
21
-5.0738188976377954
0
LINE
8
BLACK
6
CONTINUOUS
10
5.818897637795275
20
-5.0738188976377954
11
5.8204042519685038
21
-5.0741185826771655
0
LINE
8
BLACK
6
CONTINUOUS
10
5.8459948031496065
20
-5.0741185826771655
11
5.847272086614173
21
-5.0749720078740159
0
LINE
8
BLACK
6
CONTINUOUS
10
5.847272086614173
20
-5.0749720078740159
11
5.8481255118110234
21
-5.0762492913385824
0
LINE
8
BLACK
6
CONTINUOUS
10
5.8481255118110234
20
-5.0762492913385824
11
5.8484251968503935
21
-5.0777559055118111
0
LINE
8
BLACK
6
CONTINUOUS
10
5.8484251968503935
20
-5.0777559055118111
11
5.8484251968503935
21
-5.127952755905512
0
LINE
8
BLACK
6
CONTINUOUS
10
5.8484251968503935
20
-5.127952755905512
11
5.8481255118110234
21
-5.1294593700787399
0
LINE
8
BLACK
6
CONTINUOUS
10
5.8481255118110234
20
-5.1294593700787399
11
5.847272086614173
21
-5.1307366535433072
0
LINE
8
BLACK
6
CONTINUOUS
10
5.847272086614173
20
-5.1307366535433072
11
5.8459948031496065
21
-5.1315900787401576
0
LINE
8
BLACK
6
CONTINUOUS
10
5.8459948031496065
20
-5.1315900787401576
11
5.8444881889763778
21
-5.1318897637795278
0
LINE
8
BLACK
6
CONTINUOUS
10
5.8444881889763778
20
-5.1318897637795278
11
5.8366141732283463
21
-5.1318897637795278
0
LINE
8
BLACK
6
CONTINUOUS
10
5.8366141732283463
20
-5.1318897637795278
11
5.8351075590551176
21
-5.1315900787401576
0
LINE
8
BLACK
6
CONTINUOUS
10
5.8351075590551176
20
-5.1315900787401576
11
5.8338302755905511
21
-5.1307366535433072
0
LINE
8
BLACK
6
CONTINUOUS
10
5.8338302755905511
20
-5.1307366535433072
11
5.8329768503937007
21
-5.1294593700787399
0
LINE
8
BLACK
6
CONTINUOUS
10
5.8329768503937007
20
-5.1294593700787399
11
5.8326771653543306
21
-5.127952755905512
0
LINE
8
BLACK
6
CONTINUOUS
10
5.8326771653543306
20
-5.127952755905512
11
5.8326771653543306
21
-5.0777559055118111
0
LINE
8
BLACK
6
CONTINUOUS
10
5.8326771653543306
20
-5.0777559055118111
11
5.8329768503937007
21
-5.0762492913385824
0
LINE
8
BLACK
6
CONTINUOUS
10
5.8329768503937007
20
-5.0762492913385824
11
5.8338302755905511
21
-5.0749720078740159
0
LINE
8
BLACK
6
CONTINUOUS
10
5.8338302755905511
20
-5.0749720078740159
11
5.8351075590551176
21
-5.0741185826771655
0
LINE
8
BLACK
6
CONTINUOUS
10
5.8351075590551176
20
-5.0741185826771655
11
5.8366141732283463
21
-5.0738188976377954
0
LINE
8
BLACK
6
CONTINUOUS
10
5.8366141732283463
20
-5.0738188976377954
11
5.8444881889763778
21
-5.0738188976377954
0
LINE
8
BLACK
6
CONTINUOUS
10
5.8444881889763778
20
-5.0738188976377954
11
5.8459948031496065
21
-5.0741185826771655
0
LINE
8
BLACK
6
CONTINUOUS
10
5.8715853543307084
20
-5.0741185826771655
11
5.8728626377952757
21
-5.0749720078740159
0
LINE
8
BLACK
6
CONTINUOUS
10
5.8728626377952757
20
-5.0749720078740159
11
5.8737160629921261
21
-5.0762492913385824
0
LINE
8
BLACK
6
CONTINUOUS
10
5.8737160629921261
20
-5.0762492913385824
11
5.8740157480314963
21
-5.0777559055118111
0
LINE
8
BLACK
6
CONTINUOUS
10
5.8740157480314963
20
-5.0777559055118111
11
5.8740157480314963
21
-5.127952755905512
0
LINE
8
BLACK
6
CONTINUOUS
10
5.8740157480314963
20
-5.127952755905512
11
5.8737160629921261
21
-5.1294593700787399
0
LINE
8
BLACK
6
CONTINUOUS
10
5.8737160629921261
20
-5.1294593700787399
11
5.8728626377952757
21
-5.1307366535433072
0
LINE
8
BLACK
6
CONTINUOUS
10
5.8728626377952757
20
-5.1307366535433072
11
5.8715853543307084
21
-5.1315900787401576
0
LINE
8
BLACK
6
CONTINUOUS
10
5.8715853543307084
20
-5.1315900787401576
11
5.8700787401574805
21
-5.1318897637795278
0
LINE
8
BLACK
6
CONTINUOUS
10
5.8700787401574805
20
-5.1318897637795278
11
5.8622047244094491
21
-5.1318897637795278
0
LINE
8
BLACK
6
CONTINUOUS
10
5.8622047244094491
20
-5.1318897637795278
11
5.8606981102362203
21
-5.1315900787401576
0
LINE
8
BLACK
6
CONTINUOUS
10
5.8606981102362203
20
-5.1315900787401576
11
5.859420826771653
21
-5.1307366535433072
0
LINE
8
BLACK
6
CONTINUOUS
10
5.859420826771653
20
-5.1307366535433072
11
5.8585674015748026
21
-5.1294593700787399
0
LINE
8
BLACK
6
CONTINUOUS
10
5.8585674015748026
20
-5.1294593700787399
11
5.8582677165354333
21
-5.127952755905512
0
LINE
8
BLACK
6
CONTINUOUS
10
5.8582677165354333
20
-5.127952755905512
11
5.8582677165354333
21
-5.0777559055118111
0
LINE
8
BLACK
6
CONTINUOUS
10
5.8582677165354333
20
-5.0777559055118111
11
5.8585674015748026
21
-5.0762492913385824
0
LINE
8
BLACK
6
CONTINUOUS
10
5.8585674015748026
20
-5.0762492913385824
11
5.859420826771653
21
-5.0749720078740159
0
LINE
8
BLACK
6
CONTINUOUS
10
5.859420826771653
20
-5.0749720078740159
11
5.8606981102362203
21
-5.0741185826771655
0
LINE
8
BLACK
6
CONTINUOUS
10
5.8606981102362203
20
-5.0741185826771655
11
5.8622047244094491
21
-5.0738188976377954
0
LINE
8
BLACK
6
CONTINUOUS
10
5.8622047244094491
20
-5.0738188976377954
11
5.8700787401574805
21
-5.0738188976377954
0
LINE
8
BLACK
6
CONTINUOUS
10
5.8700787401574805
20
-5.0738188976377954
11
5.8715853543307084
21
-5.0741185826771655
0
LINE
8
BLACK
6
CONTINUOUS
10
5.8971759055118111
20
-5.0741185826771655
11
5.8984531889763776
21
-5.0749720078740159
0
LINE
8
BLACK
6
CONTINUOUS
10
5.8984531889763776
20
-5.0749720078740159
11
5.899306614173228
21
-5.0762492913385824
0
LINE
8
BLACK
6
CONTINUOUS
10
5.899306614173228
20
-5.0762492913385824
11
5.8996062992125982
21
-5.0777559055118111
0
LINE
8
BLACK
6
CONTINUOUS
10
5.8996062992125982
20
-5.0777559055118111
11
5.8996062992125982
21
-5.127952755905512
0
LINE
8
BLACK
6
CONTINUOUS
10
5.8996062992125982
20
-5.127952755905512
11
5.899306614173228
21
-5.1294593700787399
0
LINE
8
BLACK
6
CONTINUOUS
10
5.899306614173228
20
-5.1294593700787399
11
5.8984531889763776
21
-5.1307366535433072
0
LINE
8
BLACK
6
CONTINUOUS
10
5.8984531889763776
20
-5.1307366535433072
11
5.8971759055118111
21
-5.1315900787401576
0
LINE
8
BLACK
6
CONTINUOUS
10
5.8971759055118111
20
-5.1315900787401576
11
5.8956692913385824
21
-5.1318897637795278
0
LINE
8
BLACK
6
CONTINUOUS
10
5.8956692913385824
20
-5.1318897637795278
11
5.8877952755905509
21
-5.1318897637795278
0
LINE
8
BLACK
6
CONTINUOUS
10
5.8877952755905509
20
-5.1318897637795278
11
5.8862886614173231
21
-5.1315900787401576
0
LINE
8
BLACK
6
CONTINUOUS
10
5.8862886614173231
20
-5.1315900787401576
11
5.8850113779527558
21
-5.1307366535433072
0
LINE
8
BLACK
6
CONTINUOUS
10
5.8850113779527558
20
-5.1307366535433072
11
5.8841579527559054
21
-5.1294593700787399
0
LINE
8
BLACK
6
CONTINUOUS
10
5.8841579527559054
20
-5.1294593700787399
11
5.8838582677165352
21
-5.127952755905512
0
LINE
8
BLACK
6
CONTINUOUS
10
5.8838582677165352
20
-5.127952755905512
11
5.8838582677165352
21
-5.0777559055118111
0
LINE
8
BLACK
6
CONTINUOUS
10
5.8838582677165352
20
-5.0777559055118111
11
5.8841579527559054
21
-5.0762492913385824
0
LINE
8
BLACK
6
CONTINUOUS
10
5.8841579527559054
20
-5.0762492913385824
11
5.8850113779527558
21
-5.0749720078740159
0
LINE
8
BLACK
6
CONTINUOUS
10
5.8850113779527558
20
-5.0749720078740159
11
5.8862886614173231
21
-5.0741185826771655
0
LINE
8
BLACK
6
CONTINUOUS
10
5.8862886614173231
20
-5.0741185826771655
11
5.8877952755905509
21
-5.0738188976377954
0
LINE
8
BLACK
6
CONTINUOUS
10
5.8877952755905509
20
-5.0738188976377954
11
5.8956692913385824
21
-5.0738188976377954
0
LINE
8
BLACK
6
CONTINUOUS
10
5.8956692913385824
20
-5.0738188976377954
11
5.8971759055118111
21
-5.0741185826771655
0
LINE
8
BLACK
6
CONTINUOUS
10
5.7436325984251964
20
-4.8487248818897637
11
5.7449098818897637
21
-4.8495783070866141
0
LINE
8
BLACK
6
CONTINUOUS
10
5.7449098818897637
20
-4.8495783070866141
11
5.7457633070866141
21
-4.8508555905511814
0
LINE
8
BLACK
6
CONTINUOUS
10
5.7457633070866141
20
-4.8508555905511814
11
5.7460629921259843
21
-4.8523622047244093
0
LINE
8
BLACK
6
CONTINUOUS
10
5.7460629921259843
20
-4.8523622047244093
11
5.7460629921259843
21
-4.9025590551181102
0
LINE
8
BLACK
6
CONTINUOUS
10
5.7460629921259843
20
-4.9025590551181102
11
5.7457633070866141
21
-4.9040656692913389
0
LINE
8
BLACK
6
CONTINUOUS
10
5.7457633070866141
20
-4.9040656692913389
11
5.7449098818897637
21
-4.9053429527559054
0
LINE
8
BLACK
6
CONTINUOUS
10
5.7449098818897637
20
-4.9053429527559054
11
5.7436325984251964
21
-4.9061963779527558
0
LINE
8
BLACK
6
CONTINUOUS
10
5.7436325984251964
20
-4.9061963779527558
11
5.7421259842519685
21
-4.9064960629921259
0
LINE
8
BLACK
6
CONTINUOUS
10
5.7421259842519685
20
-4.9064960629921259
11
5.734251968503937
21
-4.9064960629921259
0
LINE
8
BLACK
6
CONTINUOUS
10
5.734251968503937
20
-4.9064960629921259
11
5.7327453543307083
21
-4.9061963779527558
0
LINE
8
BLACK
6
CONTINUOUS
10
5.7327453543307083
20
-4.9061963779527558
11
5.7314680708661419
21
-4.9053429527559054
0
LINE
8
BLACK
6
CONTINUOUS
10
5.7314680708661419
20
-4.9053429527559054
11
5.7306146456692915
21
-4.9040656692913389
0
LINE
8
BLACK
6
CONTINUOUS
10
5.7306146456692915
20
-4.9040656692913389
11
5.7303149606299213
21
-4.9025590551181102
0
LINE
8
BLACK
6
CONTINUOUS
10
5.7303149606299213
20
-4.9025590551181102
11
5.7303149606299213
21
-4.8523622047244093
0
LINE
8
BLACK
6
CONTINUOUS
10
5.7303149606299213
20
-4.8523622047244093
11
5.7306146456692915
21
-4.8508555905511814
0
LINE
8
BLACK
6
CONTINUOUS
10
5.7306146456692915
20
-4.8508555905511814
11
5.7314680708661419
21
-4.8495783070866141
0
LINE
8
BLACK
6
CONTINUOUS
10
5.7314680708661419
20
-4.8495783070866141
11
5.7327453543307083
21
-4.8487248818897637
0
LINE
8
BLACK
6
CONTINUOUS
10
5.7327453543307083
20
-4.8487248818897637
11
5.734251968503937
21
-4.8484251968503935
0
LINE
8
BLACK
6
CONTINUOUS
10
5.734251968503937
20
-4.8484251968503935
11
5.7421259842519685
21
-4.8484251968503935
0
LINE
8
BLACK
6
CONTINUOUS
10
5.7421259842519685
20
-4.8484251968503935
11
5.7436325984251964
21
-4.8487248818897637
0
LINE
8
BLACK
6
CONTINUOUS
10
5.7692231496062991
20
-4.8487248818897637
11
5.7705004330708656
21
-4.8495783070866141
0
LINE
8
BLACK
6
CONTINUOUS
10
5.7705004330708656
20
-4.8495783070866141
11
5.771353858267716
21
-4.8508555905511814
0
LINE
8
BLACK
6
CONTINUOUS
10
5.771353858267716
20
-4.8508555905511814
11
5.7716535433070861
21
-4.8523622047244093
0
LINE
8
BLACK
6
CONTINUOUS
10
5.7716535433070861
20
-4.8523622047244093
11
5.7716535433070861
21
-4.9025590551181102
0
LINE
8
BLACK
6
CONTINUOUS
10
5.7716535433070861
20
-4.9025590551181102
11
5.771353858267716
21
-4.9040656692913389
0
LINE
8
BLACK
6
CONTINUOUS
10
5.771353858267716
20
-4.9040656692913389
11
5.7705004330708656
21
-4.9053429527559054
0
LINE
8
BLACK
6
CONTINUOUS
10
5.7705004330708656
20
-4.9053429527559054
11
5.7692231496062991
21
-4.9061963779527558
0
LINE
8
BLACK
6
CONTINUOUS
10
5.7692231496062991
20
-4.9061963779527558
11
5.7677165354330704
21
-4.9064960629921259
0
LINE
8
BLACK
6
CONTINUOUS
10
5.7677165354330704
20
-4.9064960629921259
11
5.7598425196850389
21
-4.9064960629921259
0
LINE
8
BLACK
6
CONTINUOUS
10
5.7598425196850389
20
-4.9064960629921259
11
5.7583359055118111
21
-4.9061963779527558
0
LINE
8
BLACK
6
CONTINUOUS
10
5.7583359055118111
20
-4.9061963779527558
11
5.7570586220472437
21
-4.9053429527559054
0
LINE
8
BLACK
6
CONTINUOUS
10
5.7570586220472437
20
-4.9053429527559054
11
5.7562051968503933
21
-4.9040656692913389
0
LINE
8
BLACK
6
CONTINUOUS
10
5.7562051968503933
20
-4.9040656692913389
11
5.7559055118110232
21
-4.9025590551181102
0
LINE
8
BLACK
6
CONTINUOUS
10
5.7559055118110232
20
-4.9025590551181102
11
5.7559055118110232
21
-4.8523622047244093
0
LINE
8
BLACK
6
CONTINUOUS
10
5.7559055118110232
20
-4.8523622047244093
11
5.7562051968503933
21
-4.8508555905511814
0
LINE
8
BLACK
6
CONTINUOUS
10
5.7562051968503933
20
-4.8508555905511814
11
5.7570586220472437
21
-4.8495783070866141
0
LINE
8
BLACK
6
CONTINUOUS
10
5.7570586220472437
20
-4.8495783070866141
11
5.7583359055118111
21
-4.8487248818897637
0
LINE
8
BLACK
6
CONTINUOUS
10
5.7583359055118111
20
-4.8487248818897637
11
5.7598425196850389
21
-4.8484251968503935
0
LINE
8
BLACK
6
CONTINUOUS
10
5.7598425196850389
20
-4.8484251968503935
11
5.7677165354330704
21
-4.8484251968503935
0
LINE
8
BLACK
6
CONTINUOUS
10
5.7677165354330704
20
-4.8484251968503935
11
5.7692231496062991
21
-4.8487248818897637
0
LINE
8
BLACK
6
CONTINUOUS
10
5.7948137007874019
20
-4.8487248818897637
11
5.7960909842519683
21
-4.8495783070866141
0
LINE
8
BLACK
6
CONTINUOUS
10
5.7960909842519683
20
-4.8495783070866141
11
5.7969444094488187
21
-4.8508555905511814
0
LINE
8
BLACK
6
CONTINUOUS
10
5.7969444094488187
20
-4.8508555905511814
11
5.7972440944881889
21
-4.8523622047244093
0
LINE
8
BLACK
6
CONTINUOUS
10
5.7972440944881889
20
-4.8523622047244093
11
5.7972440944881889
21
-4.9025590551181102
0
LINE
8
BLACK
6
CONTINUOUS
10
5.7972440944881889
20
-4.9025590551181102
11
5.7969444094488187
21
-4.9040656692913389
0
LINE
8
BLACK
6
CONTINUOUS
10
5.7969444094488187
20
-4.9040656692913389
11
5.7960909842519683
21
-4.9053429527559054
0
LINE
8
BLACK
6
CONTINUOUS
10
5.7960909842519683
20
-4.9053429527559054
11
5.7948137007874019
21
-4.9061963779527558
0
LINE
8
BLACK
6
CONTINUOUS
10
5.7948137007874019
20
-4.9061963779527558
11
5.7933070866141732
21
-4.9064960629921259
0
LINE
8
BLACK
6
CONTINUOUS
10
5.7933070866141732
20
-4.9064960629921259
11
5.7854330708661417
21
-4.9064960629921259
0
LINE
8
BLACK
6
CONTINUOUS
10
5.7854330708661417
20
-4.9064960629921259
11
5.7839264566929129
21
-4.9061963779527558
0
LINE
8
BLACK
6
CONTINUOUS
10
5.7839264566929129
20
-4.9061963779527558
11
5.7826491732283465
21
-4.9053429527559054
0
LINE
8
BLACK
6
CONTINUOUS
10
5.7826491732283465
20
-4.9053429527559054
11
5.7817957480314961
21
-4.9040656692913389
0
LINE
8
BLACK
6
CONTINUOUS
10
5.7817957480314961
20
-4.9040656692913389
11
5.7814960629921259
21
-4.9025590551181102
0
LINE
8
BLACK
6
CONTINUOUS
10
5.7814960629921259
20
-4.9025590551181102
11
5.7814960629921259
21
-4.8523622047244093
0
LINE
8
BLACK
6
CONTINUOUS
10
5.7814960629921259
20
-4.8523622047244093
11
5.7817957480314961
21
-4.8508555905511814
0
LINE
8
BLACK
6
CONTINUOUS
10
5.7817957480314961
20
-4.8508555905511814
11
5.7826491732283465
21
-4.8495783070866141
0
LINE
8
BLACK
6
CONTINUOUS
10
5.7826491732283465
20
-4.8495783070866141
11
5.7839264566929129
21
-4.8487248818897637
0
LINE
8
BLACK
6
CONTINUOUS
10
5.7839264566929129
20
-4.8487248818897637
11
5.7854330708661417
21
-4.8484251968503935
0
LINE
8
BLACK
6
CONTINUOUS
10
5.7854330708661417
20
-4.8484251968503935
11
5.7933070866141732
21
-4.8484251968503935
0
LINE
8
BLACK
6
CONTINUOUS
10
5.7933070866141732
20
-4.8484251968503935
11
5.7948137007874019
21
-4.8487248818897637
0
LINE
8
BLACK
6
CONTINUOUS
10
5.8204042519685038
20
-4.8487248818897637
11
5.8216815354330711
21
-4.8495783070866141
0
LINE
8
BLACK
6
CONTINUOUS
10
5.8216815354330711
20
-4.8495783070866141
11
5.8225349606299215
21
-4.8508555905511814
0
LINE
8
BLACK
6
CONTINUOUS
10
5.8225349606299215
20
-4.8508555905511814
11
5.8228346456692908
21
-4.8523622047244093
0
LINE
8
BLACK
6
CONTINUOUS
10
5.8228346456692908
20
-4.8523622047244093
11
5.8228346456692908
21
-4.9025590551181102
0
LINE
8
BLACK
6
CONTINUOUS
10
5.8228346456692908
20
-4.9025590551181102
11
5.8225349606299215
21
-4.9040656692913389
0
LINE
8
BLACK
6
CONTINUOUS
10
5.8225349606299215
20
-4.9040656692913389
11
5.8216815354330711
21
-4.9053429527559054
0
LINE
8
BLACK
6
CONTINUOUS
10
5.8216815354330711
20
-4.9053429527559054
11
5.8204042519685038
21
-4.9061963779527558
0
LINE
8
BLACK
6
CONTINUOUS
10
5.8204042519685038
20
-4.9061963779527558
11
5.818897637795275
21
-4.9064960629921259
0
LINE
8
BLACK
6
CONTINUOUS
10
5.818897637795275
20
-4.9064960629921259
11
5.8110236220472435
21
-4.9064960629921259
0
LINE
8
BLACK
6
CONTINUOUS
10
5.8110236220472435
20
-4.9064960629921259
11
5.8095170078740157
21
-4.9061963779527558
0
LINE
8
BLACK
6
CONTINUOUS
10
5.8095170078740157
20
-4.9061963779527558
11
5.8082397244094484
21
-4.9053429527559054
0
LINE
8
BLACK
6
CONTINUOUS
10
5.8082397244094484
20
-4.9053429527559054
11
5.807386299212598
21
-4.9040656692913389
0
LINE
8
BLACK
6
CONTINUOUS
10
5.807386299212598
20
-4.9040656692913389
11
5.8070866141732278
21
-4.9025590551181102
0
LINE
8
BLACK
6
CONTINUOUS
10
5.8070866141732278
20
-4.9025590551181102
11
5.8070866141732278
21
-4.8523622047244093
0
LINE
8
BLACK
6
CONTINUOUS
10
5.8070866141732278
20
-4.8523622047244093
11
5.807386299212598
21
-4.8508555905511814
0
LINE
8
BLACK
6
CONTINUOUS
10
5.807386299212598
20
-4.8508555905511814
11
5.8082397244094484
21
-4.8495783070866141
0
LINE
8
BLACK
6
CONTINUOUS
10
5.8082397244094484
20
-4.8495783070866141
11
5.8095170078740157
21
-4.8487248818897637
0
LINE
8
BLACK
6
CONTINUOUS
10
5.8095170078740157
20
-4.8487248818897637
11
5.8110236220472435
21
-4.8484251968503935
0
LINE
8
BLACK
6
CONTINUOUS
10
5.8110236220472435
20
-4.8484251968503935
11
5.818897637795275
21
-4.8484251968503935
0
LINE
8
BLACK
6
CONTINUOUS
10
5.818897637795275
20
-4.8484251968503935
11
5.8204042519685038
21
-4.8487248818897637
0
LINE
8
BLACK
6
CONTINUOUS
10
5.8459948031496065
20
-4.8487248818897637
11
5.847272086614173
21
-4.8495783070866141
0
LINE
8
BLACK
6
CONTINUOUS
10
5.847272086614173
20
-4.8495783070866141
11
5.8481255118110234
21
-4.8508555905511814
0
LINE
8
BLACK
6
CONTINUOUS
10
5.8481255118110234
20
-4.8508555905511814
11
5.8484251968503935
21
-4.8523622047244093
0
LINE
8
BLACK
6
CONTINUOUS
10
5.8484251968503935
20
-4.8523622047244093
11
5.8484251968503935
21
-4.9025590551181102
0
LINE
8
BLACK
6
CONTINUOUS
10
5.8484251968503935
20
-4.9025590551181102
11
5.8481255118110234
21
-4.9040656692913389
0
LINE
8
BLACK
6
CONTINUOUS
10
5.8481255118110234
20
-4.9040656692913389
11
5.847272086614173
21
-4.9053429527559054
0
LINE
8
BLACK
6
CONTINUOUS
10
5.847272086614173
20
-4.9053429527559054
11
5.8459948031496065
21
-4.9061963779527558
0
LINE
8
BLACK
6
CONTINUOUS
10
5.8459948031496065
20
-4.9061963779527558
11
5.8444881889763778
21
-4.9064960629921259
0
LINE
8
BLACK
6
CONTINUOUS
10
5.8444881889763778
20
-4.9064960629921259
11
5.8366141732283463
21
-4.9064960629921259
0
LINE
8
BLACK
6
CONTINUOUS
10
5.8366141732283463
20
-4.9064960629921259
11
5.8351075590551176
21
-4.9061963779527558
0
LINE
8
BLACK
6
CONTINUOUS
10
5.8351075590551176
20
-4.9061963779527558
11
5.8338302755905511
21
-4.9053429527559054
0
LINE
8
BLACK
6
CONTINUOUS
10
5.8338302755905511
20
-4.9053429527559054
11
5.8329768503937007
21
-4.9040656692913389
0
LINE
8
BLACK
6
CONTINUOUS
10
5.8329768503937007
20
-4.9040656692913389
11
5.8326771653543306
21
-4.9025590551181102
0
LINE
8
BLACK
6
CONTINUOUS
10
5.8326771653543306
20
-4.9025590551181102
11
5.8326771653543306
21
-4.8523622047244093
0
LINE
8
BLACK
6
CONTINUOUS
10
5.8326771653543306
20
-4.8523622047244093
11
5.8329768503937007
21
-4.8508555905511814
0
LINE
8
BLACK
6
CONTINUOUS
10
5.8329768503937007
20
-4.8508555905511814
11
5.8338302755905511
21
-4.8495783070866141
0
LINE
8
BLACK
6
CONTINUOUS
10
5.8338302755905511
20
-4.8495783070866141
11
5.8351075590551176
21
-4.8487248818897637
0
LINE
8
BLACK
6
CONTINUOUS
10
5.8351075590551176
20
-4.8487248818897637
11
5.8366141732283463
21
-4.8484251968503935
0
LINE
8
BLACK
6
CONTINUOUS
10
5.8366141732283463
20
-4.8484251968503935
11
5.8444881889763778
21
-4.8484251968503935
0
LINE
8
BLACK
6
CONTINUOUS
10
5.8444881889763778
20
-4.8484251968503935
11
5.8459948031496065
21
-4.8487248818897637
0
LINE
8
BLACK
6
CONTINUOUS
10
5.8715853543307084
20
-4.8487248818897637
11
5.8728626377952757
21
-4.8495783070866141
0
LINE
8
BLACK
6
CONTINUOUS
10
5.8728626377952757
20
-4.8495783070866141
11
5.8737160629921261
21
-4.8508555905511814
0
LINE
8
BLACK
6
CONTINUOUS
10
5.8737160629921261
20
-4.8508555905511814
11
5.8740157480314963
21
-4.8523622047244093
0
LINE
8
BLACK
6
CONTINUOUS
10
5.8740157480314963
20
-4.8523622047244093
11
5.8740157480314963
21
-4.9025590551181102
0
LINE
8
BLACK
6
CONTINUOUS
10
5.8740157480314963
20
-4.9025590551181102
11
5.8737160629921261
21
-4.9040656692913389
0
LINE
8
BLACK
6
CONTINUOUS
10
5.8737160629921261
20
-4.9040656692913389
11
5.8728626377952757
21
-4.9053429527559054
0
LINE
8
BLACK
6
CONTINUOUS
10
5.8728626377952757
20
-4.9053429527559054
11
5.8715853543307084
21
-4.9061963779527558
0
LINE
8
BLACK
6
CONTINUOUS
10
5.8715853543307084
20
-4.9061963779527558
11
5.8700787401574805
21
-4.9064960629921259
0
LINE
8
BLACK
6
CONTINUOUS
10
5.8700787401574805
20
-4.9064960629921259
11
5.8622047244094491
21
-4.9064960629921259
0
LINE
8
BLACK
6
CONTINUOUS
10
5.8622047244094491
20
-4.9064960629921259
11
5.8606981102362203
21
-4.9061963779527558
0
LINE
8
BLACK
6
CONTINUOUS
10
5.8606981102362203
20
-4.9061963779527558
11
5.859420826771653
21
-4.9053429527559054
0
LINE
8
BLACK
6
CONTINUOUS
10
5.859420826771653
20
-4.9053429527559054
11
5.8585674015748026
21
-4.9040656692913389
0
LINE
8
BLACK
6
CONTINUOUS
10
5.8585674015748026
20
-4.9040656692913389
11
5.8582677165354333
21
-4.9025590551181102
0
LINE
8
BLACK
6
CONTINUOUS
10
5.8582677165354333
20
-4.9025590551181102
11
5.8582677165354333
21
-4.8523622047244093
0
LINE
8
BLACK
6
CONTINUOUS
10
5.8582677165354333
20
-4.8523622047244093
11
5.8585674015748026
21
-4.8508555905511814
0
LINE
8
BLACK
6
CONTINUOUS
10
5.8585674015748026
20
-4.8508555905511814
11
5.859420826771653
21
-4.8495783070866141
0
LINE
8
BLACK
6
CONTINUOUS
10
5.859420826771653
20
-4.8495783070866141
11
5.8606981102362203
21
-4.8487248818897637
0
LINE
8
BLACK
6
CONTINUOUS
10
5.8606981102362203
20
-4.8487248818897637
11
5.8622047244094491
21
-4.8484251968503935
0
LINE
8
BLACK
6
CONTINUOUS
10
5.8622047244094491
20
-4.8484251968503935
11
5.8700787401574805
21
-4.8484251968503935
0
LINE
8
BLACK
6
CONTINUOUS
10
5.8700787401574805
20
-4.8484251968503935
11
5.8715853543307084
21
-4.8487248818897637
0
LINE
8
BLACK
6
CONTINUOUS
10
5.8971759055118111
20
-4.8487248818897637
11
5.8984531889763776
21
-4.8495783070866141
0
LINE
8
BLACK
6
CONTINUOUS
10
5.8984531889763776
20
-4.8495783070866141
11
5.899306614173228
21
-4.8508555905511814
0
LINE
8
BLACK
6
CONTINUOUS
10
5.899306614173228
20
-4.8508555905511814
11
5.8996062992125982
21
-4.8523622047244093
0
LINE
8
BLACK
6
CONTINUOUS
10
5.8996062992125982
20
-4.8523622047244093
11
5.8996062992125982
21
-4.9025590551181102
0
LINE
8
BLACK
6
CONTINUOUS
10
5.8996062992125982
20
-4.9025590551181102
11
5.899306614173228
21
-4.9040656692913389
0
LINE
8
BLACK
6
CONTINUOUS
10
5.899306614173228
20
-4.9040656692913389
11
5.8984531889763776
21
-4.9053429527559054
0
LINE
8
BLACK
6
CONTINUOUS
10
5.8984531889763776
20
-4.9053429527559054
11
5.8971759055118111
21
-4.9061963779527558
0
LINE
8
BLACK
6
CONTINUOUS
10
5.8971759055118111
20
-4.9061963779527558
11
5.8956692913385824
21
-4.9064960629921259
0
LINE
8
BLACK
6
CONTINUOUS
10
5.8956692913385824
20
-4.9064960629921259
11
5.8877952755905509
21
-4.9064960629921259
0
LINE
8
BLACK
6
CONTINUOUS
10
5.8877952755905509
20
-4.9064960629921259
11
5.8862886614173231
21
-4.9061963779527558
0
LINE
8
BLACK
6
CONTINUOUS
10
5.8862886614173231
20
-4.9061963779527558
11
5.8850113779527558
21
-4.9053429527559054
0
LINE
8
BLACK
6
CONTINUOUS
10
5.8850113779527558
20
-4.9053429527559054
11
5.8841579527559054
21
-4.9040656692913389
0
LINE
8
BLACK
6
CONTINUOUS
10
5.8841579527559054
20
-4.9040656692913389
11
5.8838582677165352
21
-4.9025590551181102
0
LINE
8
BLACK
6
CONTINUOUS
10
5.8838582677165352
20
-4.9025590551181102
11
5.8838582677165352
21
-4.8523622047244093
0
LINE
8
BLACK
6
CONTINUOUS
10
5.8838582677165352
20
-4.8523622047244093
11
5.8841579527559054
21
-4.8508555905511814
0
LINE
8
BLACK
6
CONTINUOUS
10
5.8841579527559054
20
-4.8508555905511814
11
5.8850113779527558
21
-4.8495783070866141
0
LINE
8
BLACK
6
CONTINUOUS
10
5.8850113779527558
20
-4.8495783070866141
11
5.8862886614173231
21
-4.8487248818897637
0
LINE
8
BLACK
6
CONTINUOUS
10
5.8862886614173231
20
-4.8487248818897637
11
5.8877952755905509
21
-4.8484251968503935
0
LINE
8
BLACK
6
CONTINUOUS
10
5.8877952755905509
20
-4.8484251968503935
11
5.8956692913385824
21
-4.8484251968503935
0
LINE
8
BLACK
6
CONTINUOUS
10
5.8956692913385824
20
-4.8484251968503935
11
5.8971759055118111
21
-4.8487248818897637
0
LINE
8
BLACK
6
CONTINUOUS
10
2.8206957086614173
20
-4.6245681102362202
11
2.8238888582677166
21
-4.626701692913386
0
LINE
8
BLACK
6
CONTINUOUS
10
2.8238888582677166
20
-4.626701692913386
11
2.826022440944882
21
-4.6298948425196853
0
LINE
8
BLACK
6
CONTINUOUS
10
2.826022440944882
20
-4.6298948425196853
11
2.826771653543307
21
-4.6336614173228341
0
LINE
8
BLACK
6
CONTINUOUS
10
2.826771653543307
20
-4.6336614173228341
11
2.826771653543307
21
-4.6710629921259841
0
LINE
8
BLACK
6
CONTINUOUS
10
2.826771653543307
20
-4.6710629921259841
11
2.826022440944882
21
-4.6748295669291338
0
LINE
8
BLACK
6
CONTINUOUS
10
2.826022440944882
20
-4.6748295669291338
11
2.8238888582677166
21
-4.6780227165354331
0
LINE
8
BLACK
6
CONTINUOUS
10
2.8238888582677166
20
-4.6780227165354331
11
2.8206957086614173
21
-4.680156299212598
0
LINE
8
BLACK
6
CONTINUOUS
10
2.8206957086614173
20
-4.680156299212598
11
2.8169291338582676
21
-4.6809055118110239
0
LINE
8
BLACK
6
CONTINUOUS
10
2.8169291338582676
20
-4.6809055118110239
11
2.7972440944881889
21
-4.6809055118110239
0
LINE
8
BLACK
6
CONTINUOUS
10
2.7972440944881889
20
-4.6809055118110239
11
2.7934775196850392
21
-4.680156299212598
0
LINE
8
BLACK
6
CONTINUOUS
10
2.7934775196850392
20
-4.680156299212598
11
2.7902843700787403
21
-4.6780227165354331
0
LINE
8
BLACK
6
CONTINUOUS
10
2.7902843700787403
20
-4.6780227165354331
11
2.788150787401575
21
-4.6748295669291338
0
LINE
8
BLACK
6
CONTINUOUS
10
2.788150787401575
20
-4.6748295669291338
11
2.7874015748031495
21
-4.6710629921259841
0
LINE
8
BLACK
6
CONTINUOUS
10
2.7874015748031495
20
-4.6710629921259841
11
2.7874015748031495
21
-4.6336614173228341
0
LINE
8
BLACK
6
CONTINUOUS
10
2.7874015748031495
20
-4.6336614173228341
11
2.788150787401575
21
-4.6298948425196853
0
LINE
8
BLACK
6
CONTINUOUS
10
2.788150787401575
20
-4.6298948425196853
11
2.7902843700787403
21
-4.626701692913386
0
LINE
8
BLACK
6
CONTINUOUS
10
2.7902843700787403
20
-4.626701692913386
11
2.7934775196850392
21
-4.6245681102362202
0
LINE
8
BLACK
6
CONTINUOUS
10
2.7934775196850392
20
-4.6245681102362202
11
2.7972440944881889
21
-4.6238188976377952
0
LINE
8
BLACK
6
CONTINUOUS
10
2.7972440944881889
20
-4.6238188976377952
11
2.8169291338582676
21
-4.6238188976377952
0
LINE
8
BLACK
6
CONTINUOUS
10
2.8169291338582676
20
-4.6238188976377952
11
2.8206957086614173
21
-4.6245681102362202
0
LINE
8
BLACK
6
CONTINUOUS
10
2.8954988582677164
20
-4.6245681102362202
11
2.8986920078740157
21
-4.626701692913386
0
LINE
8
BLACK
6
CONTINUOUS
10
2.8986920078740157
20
-4.626701692913386
11
2.9008255905511811
21
-4.6298948425196853
0
LINE
8
BLACK
6
CONTINUOUS
10
2.9008255905511811
20
-4.6298948425196853
11
2.901574803149606
21
-4.6336614173228341
0
LINE
8
BLACK
6
CONTINUOUS
10
2.901574803149606
20
-4.6336614173228341
11
2.901574803149606
21
-4.6710629921259841
0
LINE
8
BLACK
6
CONTINUOUS
10
2.901574803149606
20
-4.6710629921259841
11
2.9008255905511811
21
-4.6748295669291338
0
LINE
8
BLACK
6
CONTINUOUS
10
2.9008255905511811
20
-4.6748295669291338
11
2.8986920078740157
21
-4.6780227165354331
0
LINE
8
BLACK
6
CONTINUOUS
10
2.8986920078740157
20
-4.6780227165354331
11
2.8954988582677164
21
-4.680156299212598
0
LINE
8
BLACK
6
CONTINUOUS
10
2.8954988582677164
20
-4.680156299212598
11
2.8917322834645667
21
-4.6809055118110239
0
LINE
8
BLACK
6
CONTINUOUS
10
2.8917322834645667
20
-4.6809055118110239
11
2.872047244094488
21
-4.6809055118110239
0
LINE
8
BLACK
6
CONTINUOUS
10
2.872047244094488
20
-4.6809055118110239
11
2.8682806692913387
21
-4.680156299212598
0
LINE
8
BLACK
6
CONTINUOUS
10
2.8682806692913387
20
-4.680156299212598
11
2.8650875196850394
21
-4.6780227165354331
0
LINE
8
BLACK
6
CONTINUOUS
10
2.8650875196850394
20
-4.6780227165354331
11
2.862953937007874
21
-4.6748295669291338
0
LINE
8
BLACK
6
CONTINUOUS
10
2.862953937007874
20
-4.6748295669291338
11
2.8622047244094486
21
-4.6710629921259841
0
LINE
8
BLACK
6
CONTINUOUS
10
2.8622047244094486
20
-4.6710629921259841
11
2.8622047244094486
21
-4.6336614173228341
0
LINE
8
BLACK
6
CONTINUOUS
10
2.8622047244094486
20
-4.6336614173228341
11
2.862953937007874
21
-4.6298948425196853
0
LINE
8
BLACK
6
CONTINUOUS
10
2.862953937007874
20
-4.6298948425196853
11
2.8650875196850394
21
-4.626701692913386
0
LINE
8
BLACK
6
CONTINUOUS
10
2.8650875196850394
20
-4.626701692913386
11
2.8682806692913387
21
-4.6245681102362202
0
LINE
8
BLACK
6
CONTINUOUS
10
2.8682806692913387
20
-4.6245681102362202
11
2.872047244094488
21
-4.6238188976377952
0
LINE
8
BLACK
6
CONTINUOUS
10
2.872047244094488
20
-4.6238188976377952
11
2.8917322834645667
21
-4.6238188976377952
0
LINE
8
BLACK
6
CONTINUOUS
10
2.8917322834645667
20
-4.6238188976377952
11
2.8954988582677164
21
-4.6245681102362202
0
LINE
8
BLACK
6
CONTINUOUS
10
3.6848689370078738
20
-4.5489775590551176
11
3.6880620866141731
21
-4.5511111417322834
0
LINE
8
BLACK
6
CONTINUOUS
10
3.6880620866141731
20
-4.5511111417322834
11
3.6901956692913385
21
-4.5543042913385827
0
LINE
8
BLACK
6
CONTINUOUS
10
3.6901956692913385
20
-4.5543042913385827
11
3.6909448818897639
21
-4.5580708661417324
0
LINE
8
BLACK
6
CONTINUOUS
10
3.6909448818897639
20
-4.5580708661417324
11
3.6909448818897639
21
-4.5954724409448815
0
LINE
8
BLACK
6
CONTINUOUS
10
3.6909448818897639
20
-4.5954724409448815
11
3.6901956692913385
21
-4.5992390157480312
0
LINE
8
BLACK
6
CONTINUOUS
10
3.6901956692913385
20
-4.5992390157480312
11
3.6880620866141731
21
-4.6024321653543305
0
LINE
8
BLACK
6
CONTINUOUS
10
3.6880620866141731
20
-4.6024321653543305
11
3.6848689370078738
21
-4.6045657480314963
0
LINE
8
BLACK
6
CONTINUOUS
10
3.6848689370078738
20
-4.6045657480314963
11
3.6811023622047245
21
-4.6053149606299213
0
LINE
8
BLACK
6
CONTINUOUS
10
3.6811023622047245
20
-4.6053149606299213
11
3.6614173228346454
21
-4.6053149606299213
0
LINE
8
BLACK
6
CONTINUOUS
10
3.6614173228346454
20
-4.6053149606299213
11
3.6576507480314961
21
-4.6045657480314963
0
LINE
8
BLACK
6
CONTINUOUS
10
3.6576507480314961
20
-4.6045657480314963
11
3.6544575984251968
21
-4.6024321653543305
0
LINE
8
BLACK
6
CONTINUOUS
10
3.6544575984251968
20
-4.6024321653543305
11
3.6523240157480314
21
-4.5992390157480312
0
LINE
8
BLACK
6
CONTINUOUS
10
3.6523240157480314
20
-4.5992390157480312
11
3.651574803149606
21
-4.5954724409448815
0
LINE
8
BLACK
6
CONTINUOUS
10
3.651574803149606
20
-4.5954724409448815
11
3.651574803149606
21
-4.5580708661417324
0
LINE
8
BLACK
6
CONTINUOUS
10
3.651574803149606
20
-4.5580708661417324
11
3.6523240157480314
21
-4.5543042913385827
0
LINE
8
BLACK
6
CONTINUOUS
10
3.6523240157480314
20
-4.5543042913385827
11
3.6544575984251968
21
-4.5511111417322834
0
LINE
8
BLACK
6
CONTINUOUS
10
3.6544575984251968
20
-4.5511111417322834
11
3.6576507480314961
21
-4.5489775590551176
0
LINE
8
BLACK
6
CONTINUOUS
10
3.6576507480314961
20
-4.5489775590551176
11
3.6614173228346454
21
-4.5482283464566926
0
LINE
8
BLACK
6
CONTINUOUS
10
3.6614173228346454
20
-4.5482283464566926
11
3.6811023622047245
21
-4.5482283464566926
0
LINE
8
BLACK
6
CONTINUOUS
10
3.6811023622047245
20
-4.5482283464566926
11
3.6848689370078738
21
-4.5489775590551176
0
LINE
8
BLACK
6
CONTINUOUS
10
3.7596720866141733
20
-4.5489775590551176
11
3.7628652362204722
21
-4.5511111417322834
0
LINE
8
BLACK
6
CONTINUOUS
10
3.7628652362204722
20
-4.5511111417322834
11
3.7649988188976375
21
-4.5543042913385827
0
LINE
8
BLACK
6
CONTINUOUS
10
3.7649988188976375
20
-4.5543042913385827
11
3.765748031496063
21
-4.5580708661417324
0
LINE
8
BLACK
6
CONTINUOUS
10
3.765748031496063
20
-4.5580708661417324
11
3.765748031496063
21
-4.5954724409448815
0
LINE
8
BLACK
6
CONTINUOUS
10
3.765748031496063
20
-4.5954724409448815
11
3.7649988188976375
21
-4.5992390157480312
0
LINE
8
BLACK
6
CONTINUOUS
10
3.7649988188976375
20
-4.5992390157480312
11
3.7628652362204722
21
-4.6024321653543305
0
LINE
8
BLACK
6
CONTINUOUS
10
3.7628652362204722
20
-4.6024321653543305
11
3.7596720866141733
21
-4.6045657480314963
0
LINE
8
BLACK
6
CONTINUOUS
10
3.7596720866141733
20
-4.6045657480314963
11
3.7559055118110236
21
-4.6053149606299213
0
LINE
8
BLACK
6
CONTINUOUS
10
3.7559055118110236
20
-4.6053149606299213
11
3.7362204724409449
21
-4.6053149606299213
0
LINE
8
BLACK
6
CONTINUOUS
10
3.7362204724409449
20
-4.6053149606299213
11
3.7324538976377952
21
-4.6045657480314963
0
LINE
8
BLACK
6
CONTINUOUS
10
3.7324538976377952
20
-4.6045657480314963
11
3.7292607480314959
21
-4.6024321653543305
0
LINE
8
BLACK
6
CONTINUOUS
10
3.7292607480314959
20
-4.6024321653543305
11
3.7271271653543305
21
-4.5992390157480312
0
LINE
8
BLACK
6
CONTINUOUS
10
3.7271271653543305
20
-4.5992390157480312
11
3.7263779527559056
21
-4.5954724409448815
0
LINE
8
BLACK
6
CONTINUOUS
10
3.7263779527559056
20
-4.5954724409448815
11
3.7263779527559056
21
-4.5580708661417324
0
LINE
8
BLACK
6
CONTINUOUS
10
3.7263779527559056
20
-4.5580708661417324
11
3.7271271653543305
21
-4.5543042913385827
0
LINE
8
BLACK
6
CONTINUOUS
10
3.7271271653543305
20
-4.5543042913385827
11
3.7292607480314959
21
-4.5511111417322834
0
LINE
8
BLACK
6
CONTINUOUS
10
3.7292607480314959
20
-4.5511111417322834
11
3.7324538976377952
21
-4.5489775590551176
0
LINE
8
BLACK
6
CONTINUOUS
10
3.7324538976377952
20
-4.5489775590551176
11
3.7362204724409449
21
-4.5482283464566926
0
LINE
8
BLACK
6
CONTINUOUS
10
3.7362204724409449
20
-4.5482283464566926
11
3.7559055118110236
21
-4.5482283464566926
0
LINE
8
BLACK
6
CONTINUOUS
10
3.7559055118110236
20
-4.5482283464566926
11
3.7596720866141733
21
-4.5489775590551176
0
LINE
8
BLACK
6
CONTINUOUS
10
2.8206957086614173
20
-4.5458279527559053
11
2.8238888582677166
21
-4.5479615354330711
0
LINE
8
BLACK
6
CONTINUOUS
10
2.8238888582677166
20
-4.5479615354330711
11
2.826022440944882
21
-4.5511546850393696
0
LINE
8
BLACK
6
CONTINUOUS
10
2.826022440944882
20
-4.5511546850393696
11
2.826771653543307
21
-4.5549212598425193
0
LINE
8
BLACK
6
CONTINUOUS
10
2.826771653543307
20
-4.5549212598425193
11
2.826771653543307
21
-4.5923228346456693
0
LINE
8
BLACK
6
CONTINUOUS
10
2.826771653543307
20
-4.5923228346456693
11
2.826022440944882
21
-4.5960894094488189
0
LINE
8
BLACK
6
CONTINUOUS
10
2.826022440944882
20
-4.5960894094488189
11
2.8238888582677166
21
-4.5992825590551183
0
LINE
8
BLACK
6
CONTINUOUS
10
2.8238888582677166
20
-4.5992825590551183
11
2.8206957086614173
21
-4.6014161417322832
0
LINE
8
BLACK
6
CONTINUOUS
10
2.8206957086614173
20
-4.6014161417322832
11
2.8169291338582676
21
-4.6021653543307082
0
LINE
8
BLACK
6
CONTINUOUS
10
2.8169291338582676
20
-4.6021653543307082
11
2.7972440944881889
21
-4.6021653543307082
0
LINE
8
BLACK
6
CONTINUOUS
10
2.7972440944881889
20
-4.6021653543307082
11
2.7934775196850392
21
-4.6014161417322832
0
LINE
8
BLACK
6
CONTINUOUS
10
2.7934775196850392
20
-4.6014161417322832
11
2.7902843700787403
21
-4.5992825590551183
0
LINE
8
BLACK
6
CONTINUOUS
10
2.7902843700787403
20
-4.5992825590551183
11
2.788150787401575
21
-4.5960894094488189
0
LINE
8
BLACK
6
CONTINUOUS
10
2.788150787401575
20
-4.5960894094488189
11
2.7874015748031495
21
-4.5923228346456693
0
LINE
8
BLACK
6
CONTINUOUS
10
2.7874015748031495
20
-4.5923228346456693
11
2.7874015748031495
21
-4.5549212598425193
0
LINE
8
BLACK
6
CONTINUOUS
10
2.7874015748031495
20
-4.5549212598425193
11
2.788150787401575
21
-4.5511546850393696
0
LINE
8
BLACK
6
CONTINUOUS
10
2.788150787401575
20
-4.5511546850393696
11
2.7902843700787403
21
-4.5479615354330711
0
LINE
8
BLACK
6
CONTINUOUS
10
2.7902843700787403
20
-4.5479615354330711
11
2.7934775196850392
21
-4.5458279527559053
0
LINE
8
BLACK
6
CONTINUOUS
10
2.7934775196850392
20
-4.5458279527559053
11
2.7972440944881889
21
-4.5450787401574804
0
LINE
8
BLACK
6
CONTINUOUS
10
2.7972440944881889
20
-4.5450787401574804
11
2.8169291338582676
21
-4.5450787401574804
0
LINE
8
BLACK
6
CONTINUOUS
10
2.8169291338582676
20
-4.5450787401574804
11
2.8206957086614173
21
-4.5458279527559053
0
LINE
8
BLACK
6
CONTINUOUS
10
2.8954988582677164
20
-4.5458279527559053
11
2.8986920078740157
21
-4.5479615354330711
0
LINE
8
BLACK
6
CONTINUOUS
10
2.8986920078740157
20
-4.5479615354330711
11
2.9008255905511811
21
-4.5511546850393696
0
LINE
8
BLACK
6
CONTINUOUS
10
2.9008255905511811
20
-4.5511546850393696
11
2.901574803149606
21
-4.5549212598425193
0
LINE
8
BLACK
6
CONTINUOUS
10
2.901574803149606
20
-4.5549212598425193
11
2.901574803149606
21
-4.5923228346456693
0
LINE
8
BLACK
6
CONTINUOUS
10
2.901574803149606
20
-4.5923228346456693
11
2.9008255905511811
21
-4.5960894094488189
0
LINE
8
BLACK
6
CONTINUOUS
10
2.9008255905511811
20
-4.5960894094488189
11
2.8986920078740157
21
-4.5992825590551183
0
LINE
8
BLACK
6
CONTINUOUS
10
2.8986920078740157
20
-4.5992825590551183
11
2.8954988582677164
21
-4.6014161417322832
0
LINE
8
BLACK
6
CONTINUOUS
10
2.8954988582677164
20
-4.6014161417322832
11
2.8917322834645667
21
-4.6021653543307082
0
LINE
8
BLACK
6
CONTINUOUS
10
2.8917322834645667
20
-4.6021653543307082
11
2.872047244094488
21
-4.6021653543307082
0
LINE
8
BLACK
6
CONTINUOUS
10
2.872047244094488
20
-4.6021653543307082
11
2.8682806692913387
21
-4.6014161417322832
0
LINE
8
BLACK
6
CONTINUOUS
10
2.8682806692913387
20
-4.6014161417322832
11
2.8650875196850394
21
-4.5992825590551183
0
LINE
8
BLACK
6
CONTINUOUS
10
2.8650875196850394
20
-4.5992825590551183
11
2.862953937007874
21
-4.5960894094488189
0
LINE
8
BLACK
6
CONTINUOUS
10
2.862953937007874
20
-4.5960894094488189
11
2.8622047244094486
21
-4.5923228346456693
0
LINE
8
BLACK
6
CONTINUOUS
10
2.8622047244094486
20
-4.5923228346456693
11
2.8622047244094486
21
-4.5549212598425193
0
LINE
8
BLACK
6
CONTINUOUS
10
2.8622047244094486
20
-4.5549212598425193
11
2.862953937007874
21
-4.5511546850393696
0
LINE
8
BLACK
6
CONTINUOUS
10
2.862953937007874
20
-4.5511546850393696
11
2.8650875196850394
21
-4.5479615354330711
0
LINE
8
BLACK
6
CONTINUOUS
10
2.8650875196850394
20
-4.5479615354330711
11
2.8682806692913387
21
-4.5458279527559053
0
LINE
8
BLACK
6
CONTINUOUS
10
2.8682806692913387
20
-4.5458279527559053
11
2.872047244094488
21
-4.5450787401574804
0
LINE
8
BLACK
6
CONTINUOUS
10
2.872047244094488
20
-4.5450787401574804
11
2.8917322834645667
21
-4.5450787401574804
0
LINE
8
BLACK
6
CONTINUOUS
10
2.8917322834645667
20
-4.5450787401574804
11
2.8954988582677164
21
-4.5458279527559053
0
LINE
8
BLACK
6
CONTINUOUS
10
3.6848689370078738
20
-4.4712216535433074
11
3.6880620866141731
21
-4.4733552362204723
0
LINE
8
BLACK
6
CONTINUOUS
10
3.6880620866141731
20
-4.4733552362204723
11
3.6901956692913385
21
-4.4765483858267716
0
LINE
8
BLACK
6
CONTINUOUS
10
3.6901956692913385
20
-4.4765483858267716
11
3.6909448818897639
21
-4.4803149606299213
0
LINE
8
BLACK
6
CONTINUOUS
10
3.6909448818897639
20
-4.4803149606299213
11
3.6909448818897639
21
-4.5177165354330704
0
LINE
8
BLACK
6
CONTINUOUS
10
3.6909448818897639
20
-4.5177165354330704
11
3.6901956692913385
21
-4.5214831102362201
0
LINE
8
BLACK
6
CONTINUOUS
10
3.6901956692913385
20
-4.5214831102362201
11
3.6880620866141731
21
-4.5246762598425194
0
LINE
8
BLACK
6
CONTINUOUS
10
3.6880620866141731
20
-4.5246762598425194
11
3.6848689370078738
21
-4.5268098425196852
0
LINE
8
BLACK
6
CONTINUOUS
10
3.6848689370078738
20
-4.5268098425196852
11
3.6811023622047245
21
-4.5275590551181102
0
LINE
8
BLACK
6
CONTINUOUS
10
3.6811023622047245
20
-4.5275590551181102
11
3.6614173228346454
21
-4.5275590551181102
0
LINE
8
BLACK
6
CONTINUOUS
10
3.6614173228346454
20
-4.5275590551181102
11
3.6576507480314961
21
-4.5268098425196852
0
LINE
8
BLACK
6
CONTINUOUS
10
3.6576507480314961
20
-4.5268098425196852
11
3.6544575984251968
21
-4.5246762598425194
0
LINE
8
BLACK
6
CONTINUOUS
10
3.6544575984251968
20
-4.5246762598425194
11
3.6523240157480314
21
-4.5214831102362201
0
LINE
8
BLACK
6
CONTINUOUS
10
3.6523240157480314
20
-4.5214831102362201
11
3.651574803149606
21
-4.5177165354330704
0
LINE
8
BLACK
6
CONTINUOUS
10
3.651574803149606
20
-4.5177165354330704
11
3.651574803149606
21
-4.4803149606299213
0
LINE
8
BLACK
6
CONTINUOUS
10
3.651574803149606
20
-4.4803149606299213
11
3.6523240157480314
21
-4.4765483858267716
0
LINE
8
BLACK
6
CONTINUOUS
10
3.6523240157480314
20
-4.4765483858267716
11
3.6544575984251968
21
-4.4733552362204723
0
LINE
8
BLACK
6
CONTINUOUS
10
3.6544575984251968
20
-4.4733552362204723
11
3.6576507480314961
21
-4.4712216535433074
0
LINE
8
BLACK
6
CONTINUOUS
10
3.6576507480314961
20
-4.4712216535433074
11
3.6614173228346454
21
-4.4704724409448815
0
LINE
8
BLACK
6
CONTINUOUS
10
3.6614173228346454
20
-4.4704724409448815
11
3.6811023622047245
21
-4.4704724409448815
0
LINE
8
BLACK
6
CONTINUOUS
10
3.6811023622047245
20
-4.4704724409448815
11
3.6848689370078738
21
-4.4712216535433074
0
LINE
8
BLACK
6
CONTINUOUS
10
3.7596720866141733
20
-4.4712216535433074
11
3.7628652362204722
21
-4.4733552362204723
0
LINE
8
BLACK
6
CONTINUOUS
10
3.7628652362204722
20
-4.4733552362204723
11
3.7649988188976375
21
-4.4765483858267716
0
LINE
8
BLACK
6
CONTINUOUS
10
3.7649988188976375
20
-4.4765483858267716
11
3.765748031496063
21
-4.4803149606299213
0
LINE
8
BLACK
6
CONTINUOUS
10
3.765748031496063
20
-4.4803149606299213
11
3.765748031496063
21
-4.5177165354330704
0
LINE
8
BLACK
6
CONTINUOUS
10
3.765748031496063
20
-4.5177165354330704
11
3.7649988188976375
21
-4.5214831102362201
0
LINE
8
BLACK
6
CONTINUOUS
10
3.7649988188976375
20
-4.5214831102362201
11
3.7628652362204722
21
-4.5246762598425194
0
LINE
8
BLACK
6
CONTINUOUS
10
3.7628652362204722
20
-4.5246762598425194
11
3.7596720866141733
21
-4.5268098425196852
0
LINE
8
BLACK
6
CONTINUOUS
10
3.7596720866141733
20
-4.5268098425196852
11
3.7559055118110236
21
-4.5275590551181102
0
LINE
8
BLACK
6
CONTINUOUS
10
3.7559055118110236
20
-4.5275590551181102
11
3.7362204724409449
21
-4.5275590551181102
0
LINE
8
BLACK
6
CONTINUOUS
10
3.7362204724409449
20
-4.5275590551181102
11
3.7324538976377952
21
-4.5268098425196852
0
LINE
8
BLACK
6
CONTINUOUS
10
3.7324538976377952
20
-4.5268098425196852
11
3.7292607480314959
21
-4.5246762598425194
0
LINE
8
BLACK
6
CONTINUOUS
10
3.7292607480314959
20
-4.5246762598425194
11
3.7271271653543305
21
-4.5214831102362201
0
LINE
8
BLACK
6
CONTINUOUS
10
3.7271271653543305
20
-4.5214831102362201
11
3.7263779527559056
21
-4.5177165354330704
0
LINE
8
BLACK
6
CONTINUOUS
10
3.7263779527559056
20
-4.5177165354330704
11
3.7263779527559056
21
-4.4803149606299213
0
LINE
8
BLACK
6
CONTINUOUS
10
3.7263779527559056
20
-4.4803149606299213
11
3.7271271653543305
21
-4.4765483858267716
0
LINE
8
BLACK
6
CONTINUOUS
10
3.7271271653543305
20
-4.4765483858267716
11
3.7292607480314959
21
-4.4733552362204723
0
LINE
8
BLACK
6
CONTINUOUS
10
3.7292607480314959
20
-4.4733552362204723
11
3.7324538976377952
21
-4.4712216535433074
0
LINE
8
BLACK
6
CONTINUOUS
10
3.7324538976377952
20
-4.4712216535433074
11
3.7362204724409449
21
-4.4704724409448815
0
LINE
8
BLACK
6
CONTINUOUS
10
3.7362204724409449
20
-4.4704724409448815
11
3.7559055118110236
21
-4.4704724409448815
0
LINE
8
BLACK
6
CONTINUOUS
10
3.7559055118110236
20
-4.4704724409448815
11
3.7596720866141733
21
-4.4712216535433074
0
LINE
8
BLACK
6
CONTINUOUS
10
2.7872311417322835
20
-4.4643318897637796
11
2.7904242913385828
21
-4.4664654724409445
0
LINE
8
BLACK
6
CONTINUOUS
10
2.7904242913385828
20
-4.4664654724409445
11
2.7925578740157482
21
-4.4696586220472438
0
LINE
8
BLACK
6
CONTINUOUS
10
2.7925578740157482
20
-4.4696586220472438
11
2.7933070866141732
21
-4.4734251968503935
0
LINE
8
BLACK
6
CONTINUOUS
10
2.7933070866141732
20
-4.4734251968503935
11
2.7933070866141732
21
-4.5108267716535435
0
LINE
8
BLACK
6
CONTINUOUS
10
2.7933070866141732
20
-4.5108267716535435
11
2.7925578740157482
21
-4.5145933464566932
0
LINE
8
BLACK
6
CONTINUOUS
10
2.7925578740157482
20
-4.5145933464566932
11
2.7904242913385828
21
-4.5177864960629917
0
LINE
8
BLACK
6
CONTINUOUS
10
2.7904242913385828
20
-4.5177864960629917
11
2.7872311417322835
21
-4.5199200787401574
0
LINE
8
BLACK
6
CONTINUOUS
10
2.7872311417322835
20
-4.5199200787401574
11
2.7834645669291338
21
-4.5206692913385824
0
LINE
8
BLACK
6
CONTINUOUS
10
2.7834645669291338
20
-4.5206692913385824
11
2.7637795275590551
21
-4.5206692913385824
0
LINE
8
BLACK
6
CONTINUOUS
10
2.7637795275590551
20
-4.5206692913385824
11
2.7600129527559054
21
-4.5199200787401574
0
LINE
8
BLACK
6
CONTINUOUS
10
2.7600129527559054
20
-4.5199200787401574
11
2.7568198031496061
21
-4.5177864960629917
0
LINE
8
BLACK
6
CONTINUOUS
10
2.7568198031496061
20
-4.5177864960629917
11
2.7546862204724407
21
-4.5145933464566932
0
LINE
8
BLACK
6
CONTINUOUS
10
2.7546862204724407
20
-4.5145933464566932
11
2.7539370078740157
21
-4.5108267716535435
0
LINE
8
BLACK
6
CONTINUOUS
10
2.7539370078740157
20
-4.5108267716535435
11
2.7539370078740157
21
-4.4734251968503935
0
LINE
8
BLACK
6
CONTINUOUS
10
2.7539370078740157
20
-4.4734251968503935
11
2.7546862204724407
21
-4.4696586220472438
0
LINE
8
BLACK
6
CONTINUOUS
10
2.7546862204724407
20
-4.4696586220472438
11
2.7568198031496061
21
-4.4664654724409445
0
LINE
8
BLACK
6
CONTINUOUS
10
2.7568198031496061
20
-4.4664654724409445
11
2.7600129527559054
21
-4.4643318897637796
0
LINE
8
BLACK
6
CONTINUOUS
10
2.7600129527559054
20
-4.4643318897637796
11
2.7637795275590551
21
-4.4635826771653546
0
LINE
8
BLACK
6
CONTINUOUS
10
2.7637795275590551
20
-4.4635826771653546
11
2.7834645669291338
21
-4.4635826771653546
0
LINE
8
BLACK
6
CONTINUOUS
10
2.7834645669291338
20
-4.4635826771653546
11
2.7872311417322835
21
-4.4643318897637796
0
LINE
8
BLACK
6
CONTINUOUS
10
2.8620342913385826
20
-4.4643318897637796
11
2.8652274409448819
21
-4.4664654724409445
0
LINE
8
BLACK
6
CONTINUOUS
10
2.8652274409448819
20
-4.4664654724409445
11
2.8673610236220473
21
-4.4696586220472438
0
LINE
8
BLACK
6
CONTINUOUS
10
2.8673610236220473
20
-4.4696586220472438
11
2.8681102362204722
21
-4.4734251968503935
0
LINE
8
BLACK
6
CONTINUOUS
10
2.8681102362204722
20
-4.4734251968503935
11
2.8681102362204722
21
-4.5108267716535435
0
LINE
8
BLACK
6
CONTINUOUS
10
2.8681102362204722
20
-4.5108267716535435
11
2.8673610236220473
21
-4.5145933464566932
0
LINE
8
BLACK
6
CONTINUOUS
10
2.8673610236220473
20
-4.5145933464566932
11
2.8652274409448819
21
-4.5177864960629917
0
LINE
8
BLACK
6
CONTINUOUS
10
2.8652274409448819
20
-4.5177864960629917
11
2.8620342913385826
21
-4.5199200787401574
0
LINE
8
BLACK
6
CONTINUOUS
10
2.8620342913385826
20
-4.5199200787401574
11
2.8582677165354329
21
-4.5206692913385824
0
LINE
8
BLACK
6
CONTINUOUS
10
2.8582677165354329
20
-4.5206692913385824
11
2.8385826771653542
21
-4.5206692913385824
0
LINE
8
BLACK
6
CONTINUOUS
10
2.8385826771653542
20
-4.5206692913385824
11
2.8348161023622045
21
-4.5199200787401574
0
LINE
8
BLACK
6
CONTINUOUS
10
2.8348161023622045
20
-4.5199200787401574
11
2.8316229527559056
21
-4.5177864960629917
0
LINE
8
BLACK
6
CONTINUOUS
10
2.8316229527559056
20
-4.5177864960629917
11
2.8294893700787402
21
-4.5145933464566932
0
LINE
8
BLACK
6
CONTINUOUS
10
2.8294893700787402
20
-4.5145933464566932
11
2.8287401574803148
21
-4.5108267716535435
0
LINE
8
BLACK
6
CONTINUOUS
10
2.8287401574803148
20
-4.5108267716535435
11
2.8287401574803148
21
-4.4734251968503935
0
LINE
8
BLACK
6
CONTINUOUS
10
2.8287401574803148
20
-4.4734251968503935
11
2.8294893700787402
21
-4.4696586220472438
0
LINE
8
BLACK
6
CONTINUOUS
10
2.8294893700787402
20
-4.4696586220472438
11
2.8316229527559056
21
-4.4664654724409445
0
LINE
8
BLACK
6
CONTINUOUS
10
2.8316229527559056
20
-4.4664654724409445
11
2.8348161023622045
21
-4.4643318897637796
0
LINE
8
BLACK
6
CONTINUOUS
10
2.8348161023622045
20
-4.4643318897637796
11
2.8385826771653542
21
-4.4635826771653546
0
LINE
8
BLACK
6
CONTINUOUS
10
2.8385826771653542
20
-4.4635826771653546
11
2.8582677165354329
21
-4.4635826771653546
0
LINE
8
BLACK
6
CONTINUOUS
10
2.8582677165354329
20
-4.4635826771653546
11
2.8620342913385826
21
-4.4643318897637796
0
LINE
8
BLACK
6
CONTINUOUS
10
2.7173492519685039
20
-4.4790956692913388
11
2.7205424015748032
21
-4.4812292519685037
0
LINE
8
BLACK
6
CONTINUOUS
10
2.7205424015748032
20
-4.4812292519685037
11
2.7226759842519686
21
-4.4844224015748031
0
LINE
8
BLACK
6
CONTINUOUS
10
2.7226759842519686
20
-4.4844224015748031
11
2.7234251968503935
21
-4.4881889763779528
0
LINE
8
BLACK
6
CONTINUOUS
10
2.7234251968503935
20
-4.4881889763779528
11
2.7234251968503935
21
-4.5078740157480315
0
LINE
8
BLACK
6
CONTINUOUS
10
2.7234251968503935
20
-4.5078740157480315
11
2.7226759842519686
21
-4.5116405905511812
0
LINE
8
BLACK
6
CONTINUOUS
10
2.7226759842519686
20
-4.5116405905511812
11
2.7205424015748032
21
-4.5148337401574805
0
LINE
8
BLACK
6
CONTINUOUS
10
2.7205424015748032
20
-4.5148337401574805
11
2.7173492519685039
21
-4.5169673228346454
0
LINE
8
BLACK
6
CONTINUOUS
10
2.7173492519685039
20
-4.5169673228346454
11
2.7135826771653542
21
-4.5177165354330704
0
LINE
8
BLACK
6
CONTINUOUS
10
2.7135826771653542
20
-4.5177165354330704
11
2.6761811023622046
21
-4.5177165354330704
0
LINE
8
BLACK
6
CONTINUOUS
10
2.6761811023622046
20
-4.5177165354330704
11
2.672414527559055
21
-4.5169673228346454
0
LINE
8
BLACK
6
CONTINUOUS
10
2.672414527559055
20
-4.5169673228346454
11
2.669221377952756
21
-4.5148337401574805
0
LINE
8
BLACK
6
CONTINUOUS
10
2.669221377952756
20
-4.5148337401574805
11
2.6670877952755907
21
-4.5116405905511812
0
LINE
8
BLACK
6
CONTINUOUS
10
2.6670877952755907
20
-4.5116405905511812
11
2.6663385826771653
21
-4.5078740157480315
0
LINE
8
BLACK
6
CONTINUOUS
10
2.6663385826771653
20
-4.5078740157480315
11
2.6663385826771653
21
-4.4881889763779528
0
LINE
8
BLACK
6
CONTINUOUS
10
2.6663385826771653
20
-4.4881889763779528
11
2.6670877952755907
21
-4.4844224015748031
0
LINE
8
BLACK
6
CONTINUOUS
10
2.6670877952755907
20
-4.4844224015748031
11
2.669221377952756
21
-4.4812292519685037
0
LINE
8
BLACK
6
CONTINUOUS
10
2.669221377952756
20
-4.4812292519685037
11
2.672414527559055
21
-4.4790956692913388
0
LINE
8
BLACK
6
CONTINUOUS
10
2.672414527559055
20
-4.4790956692913388
11
2.6761811023622046
21
-4.478346456692913
0
LINE
8
BLACK
6
CONTINUOUS
10
2.6761811023622046
20
-4.478346456692913
11
2.7135826771653542
21
-4.478346456692913
0
LINE
8
BLACK
6
CONTINUOUS
10
2.7135826771653542
20
-4.478346456692913
11
2.7173492519685039
21
-4.4790956692913388
0
LINE
8
BLACK
6
CONTINUOUS
10
3.6863453149606298
20
-4.3954342519685037
11
3.6895384645669291
21
-4.3975678346456695
0
LINE
8
BLACK
6
CONTINUOUS
10
3.6895384645669291
20
-4.3975678346456695
11
3.6916720472440945
21
-4.4007609842519688
0
LINE
8
BLACK
6
CONTINUOUS
10
3.6916720472440945
20
-4.4007609842519688
11
3.6924212598425195
21
-4.4045275590551176
0
LINE
8
BLACK
6
CONTINUOUS
10
3.6924212598425195
20
-4.4045275590551176
11
3.6924212598425195
21
-4.4399606299212602
0
LINE
8
BLACK
6
CONTINUOUS
10
3.6924212598425195
20
-4.4399606299212602
11
3.6916720472440945
21
-4.443727204724409
0
LINE
8
BLACK
6
CONTINUOUS
10
3.6916720472440945
20
-4.443727204724409
11
3.6895384645669291
21
-4.4469203543307083
0
LINE
8
BLACK
6
CONTINUOUS
10
3.6895384645669291
20
-4.4469203543307083
11
3.6863453149606298
21
-4.4490539370078741
0
LINE
8
BLACK
6
CONTINUOUS
10
3.6863453149606298
20
-4.4490539370078741
11
3.6825787401574801
21
-4.4498031496062991
0
LINE
8
BLACK
6
CONTINUOUS
10
3.6825787401574801
20
-4.4498031496062991
11
3.6619094488188977
21
-4.4498031496062991
0
LINE
8
BLACK
6
CONTINUOUS
10
3.6619094488188977
20
-4.4498031496062991
11
3.658142874015748
21
-4.4490539370078741
0
LINE
8
BLACK
6
CONTINUOUS
10
3.658142874015748
20
-4.4490539370078741
11
3.6549497244094487
21
-4.4469203543307083
0
LINE
8
BLACK
6
CONTINUOUS
10
3.6549497244094487
20
-4.4469203543307083
11
3.6528161417322833
21
-4.443727204724409
0
LINE
8
BLACK
6
CONTINUOUS
10
3.6528161417322833
20
-4.443727204724409
11
3.6520669291338583
21
-4.4399606299212602
0
LINE
8
BLACK
6
CONTINUOUS
10
3.6520669291338583
20
-4.4399606299212602
11
3.6520669291338583
21
-4.4045275590551176
0
LINE
8
BLACK
6
CONTINUOUS
10
3.6520669291338583
20
-4.4045275590551176
11
3.6528161417322833
21
-4.4007609842519688
0
LINE
8
BLACK
6
CONTINUOUS
10
3.6528161417322833
20
-4.4007609842519688
11
3.6549497244094487
21
-4.3975678346456695
0
LINE
8
BLACK
6
CONTINUOUS
10
3.6549497244094487
20
-4.3975678346456695
11
3.658142874015748
21
-4.3954342519685037
0
LINE
8
BLACK
6
CONTINUOUS
10
3.658142874015748
20
-4.3954342519685037
11
3.6619094488188977
21
-4.3946850393700787
0
LINE
8
BLACK
6
CONTINUOUS
10
3.6619094488188977
20
-4.3946850393700787
11
3.6825787401574801
21
-4.3946850393700787
0
LINE
8
BLACK
6
CONTINUOUS
10
3.6825787401574801
20
-4.3946850393700787
11
3.6863453149606298
21
-4.3954342519685037
0
LINE
8
BLACK
6
CONTINUOUS
10
3.7581957086614173
20
-4.3954342519685037
11
3.7613888582677166
21
-4.3975678346456695
0
LINE
8
BLACK
6
CONTINUOUS
10
3.7613888582677166
20
-4.3975678346456695
11
3.763522440944882
21
-4.4007609842519688
0
LINE
8
BLACK
6
CONTINUOUS
10
3.763522440944882
20
-4.4007609842519688
11
3.764271653543307
21
-4.4045275590551176
0
LINE
8
BLACK
6
CONTINUOUS
10
3.764271653543307
20
-4.4045275590551176
11
3.764271653543307
21
-4.4399606299212602
0
LINE
8
BLACK
6
CONTINUOUS
10
3.764271653543307
20
-4.4399606299212602
11
3.763522440944882
21
-4.443727204724409
0
LINE
8
BLACK
6
CONTINUOUS
10
3.763522440944882
20
-4.443727204724409
11
3.7613888582677166
21
-4.4469203543307083
0
LINE
8
BLACK
6
CONTINUOUS
10
3.7613888582677166
20
-4.4469203543307083
11
3.7581957086614173
21
-4.4490539370078741
0
LINE
8
BLACK
6
CONTINUOUS
10
3.7581957086614173
20
-4.4490539370078741
11
3.7544291338582676
21
-4.4498031496062991
0
LINE
8
BLACK
6
CONTINUOUS
10
3.7544291338582676
20
-4.4498031496062991
11
3.7337598425196847
21
-4.4498031496062991
0
LINE
8
BLACK
6
CONTINUOUS
10
3.7337598425196847
20
-4.4498031496062991
11
3.7299932677165355
21
-4.4490539370078741
0
LINE
8
BLACK
6
CONTINUOUS
10
3.7299932677165355
20
-4.4490539370078741
11
3.7268001181102361
21
-4.4469203543307083
0
LINE
8
BLACK
6
CONTINUOUS
10
3.7268001181102361
20
-4.4469203543307083
11
3.7246665354330708
21
-4.443727204724409
0
LINE
8
BLACK
6
CONTINUOUS
10
3.7246665354330708
20
-4.443727204724409
11
3.7239173228346454
21
-4.4399606299212602
0
LINE
8
BLACK
6
CONTINUOUS
10
3.7239173228346454
20
-4.4399606299212602
11
3.7239173228346454
21
-4.4045275590551176
0
LINE
8
BLACK
6
CONTINUOUS
10
3.7239173228346454
20
-4.4045275590551176
11
3.7246665354330708
21
-4.4007609842519688
0
LINE
8
BLACK
6
CONTINUOUS
10
3.7246665354330708
20
-4.4007609842519688
11
3.7268001181102361
21
-4.3975678346456695
0
LINE
8
BLACK
6
CONTINUOUS
10
3.7268001181102361
20
-4.3975678346456695
11
3.7299932677165355
21
-4.3954342519685037
0
LINE
8
BLACK
6
CONTINUOUS
10
3.7299932677165355
20
-4.3954342519685037
11
3.7337598425196847
21
-4.3946850393700787
0
LINE
8
BLACK
6
CONTINUOUS
10
3.7337598425196847
20
-4.3946850393700787
11
3.7544291338582676
21
-4.3946850393700787
0
LINE
8
BLACK
6
CONTINUOUS
10
3.7544291338582676
20
-4.3946850393700787
11
3.7581957086614173
21
-4.3954342519685037
0
LINE
8
BLACK
6
CONTINUOUS
10
3.8192193307086613
20
-4.3954342519685037
11
3.8224124803149606
21
-4.3975678346456695
0
LINE
8
BLACK
6
CONTINUOUS
10
3.8224124803149606
20
-4.3975678346456695
11
3.824546062992126
21
-4.4007609842519688
0
LINE
8
BLACK
6
CONTINUOUS
10
3.824546062992126
20
-4.4007609842519688
11
3.8252952755905509
21
-4.4045275590551176
0
LINE
8
BLACK
6
CONTINUOUS
10
3.8252952755905509
20
-4.4045275590551176
11
3.8252952755905509
21
-4.4399606299212602
0
LINE
8
BLACK
6
CONTINUOUS
10
3.8252952755905509
20
-4.4399606299212602
11
3.824546062992126
21
-4.443727204724409
0
LINE
8
BLACK
6
CONTINUOUS
10
3.824546062992126
20
-4.443727204724409
11
3.8224124803149606
21
-4.4469203543307083
0
LINE
8
BLACK
6
CONTINUOUS
10
3.8224124803149606
20
-4.4469203543307083
11
3.8192193307086613
21
-4.4490539370078741
0
LINE
8
BLACK
6
CONTINUOUS
10
3.8192193307086613
20
-4.4490539370078741
11
3.8154527559055116
21
-4.4498031496062991
0
LINE
8
BLACK
6
CONTINUOUS
10
3.8154527559055116
20
-4.4498031496062991
11
3.7947834645669292
21
-4.4498031496062991
0
LINE
8
BLACK
6
CONTINUOUS
10
3.7947834645669292
20
-4.4498031496062991
11
3.7910168897637795
21
-4.4490539370078741
0
LINE
8
BLACK
6
CONTINUOUS
10
3.7910168897637795
20
-4.4490539370078741
11
3.7878237401574801
21
-4.4469203543307083
0
LINE
8
BLACK
6
CONTINUOUS
10
3.7878237401574801
20
-4.4469203543307083
11
3.7856901574803148
21
-4.443727204724409
0
LINE
8
BLACK
6
CONTINUOUS
10
3.7856901574803148
20
-4.443727204724409
11
3.7849409448818898
21
-4.4399606299212602
0
LINE
8
BLACK
6
CONTINUOUS
10
3.7849409448818898
20
-4.4399606299212602
11
3.7849409448818898
21
-4.4045275590551176
0
LINE
8
BLACK
6
CONTINUOUS
10
3.7849409448818898
20
-4.4045275590551176
11
3.7856901574803148
21
-4.4007609842519688
0
LINE
8
BLACK
6
CONTINUOUS
10
3.7856901574803148
20
-4.4007609842519688
11
3.7878237401574801
21
-4.3975678346456695
0
LINE
8
BLACK
6
CONTINUOUS
10
3.7878237401574801
20
-4.3975678346456695
11
3.7910168897637795
21
-4.3954342519685037
0
LINE
8
BLACK
6
CONTINUOUS
10
3.7910168897637795
20
-4.3954342519685037
11
3.7947834645669292
21
-4.3946850393700787
0
LINE
8
BLACK
6
CONTINUOUS
10
3.7947834645669292
20
-4.3946850393700787
11
3.8154527559055116
21
-4.3946850393700787
0
LINE
8
BLACK
6
CONTINUOUS
10
3.8154527559055116
20
-4.3946850393700787
11
3.8192193307086613
21
-4.3954342519685037
0
LINE
8
BLACK
6
CONTINUOUS
10
3.8910697244094488
20
-4.3954342519685037
11
3.8942628740157481
21
-4.3975678346456695
0
LINE
8
BLACK
6
CONTINUOUS
10
3.8942628740157481
20
-4.3975678346456695
11
3.8963964566929135
21
-4.4007609842519688
0
LINE
8
BLACK
6
CONTINUOUS
10
3.8963964566929135
20
-4.4007609842519688
11
3.8971456692913384
21
-4.4045275590551176
0
LINE
8
BLACK
6
CONTINUOUS
10
3.8971456692913384
20
-4.4045275590551176
11
3.8971456692913384
21
-4.4399606299212602
0
LINE
8
BLACK
6
CONTINUOUS
10
3.8971456692913384
20
-4.4399606299212602
11
3.8963964566929135
21
-4.443727204724409
0
LINE
8
BLACK
6
CONTINUOUS
10
3.8963964566929135
20
-4.443727204724409
11
3.8942628740157481
21
-4.4469203543307083
0
LINE
8
BLACK
6
CONTINUOUS
10
3.8942628740157481
20
-4.4469203543307083
11
3.8910697244094488
21
-4.4490539370078741
0
LINE
8
BLACK
6
CONTINUOUS
10
3.8910697244094488
20
-4.4490539370078741
11
3.8873031496062991
21
-4.4498031496062991
0
LINE
8
BLACK
6
CONTINUOUS
10
3.8873031496062991
20
-4.4498031496062991
11
3.8666338582677167
21
-4.4498031496062991
0
LINE
8
BLACK
6
CONTINUOUS
10
3.8666338582677167
20
-4.4498031496062991
11
3.862867283464567
21
-4.4490539370078741
0
LINE
8
BLACK
6
CONTINUOUS
10
3.862867283464567
20
-4.4490539370078741
11
3.8596741338582676
21
-4.4469203543307083
0
LINE
8
BLACK
6
CONTINUOUS
10
3.8596741338582676
20
-4.4469203543307083
11
3.8575405511811023
21
-4.443727204724409
0
LINE
8
BLACK
6
CONTINUOUS
10
3.8575405511811023
20
-4.443727204724409
11
3.8567913385826769
21
-4.4399606299212602
0
LINE
8
BLACK
6
CONTINUOUS
10
3.8567913385826769
20
-4.4399606299212602
11
3.8567913385826769
21
-4.4045275590551176
0
LINE
8
BLACK
6
CONTINUOUS
10
3.8567913385826769
20
-4.4045275590551176
11
3.8575405511811023
21
-4.4007609842519688
0
LINE
8
BLACK
6
CONTINUOUS
10
3.8575405511811023
20
-4.4007609842519688
11
3.8596741338582676
21
-4.3975678346456695
0
LINE
8
BLACK
6
CONTINUOUS
10
3.8596741338582676
20
-4.3975678346456695
11
3.862867283464567
21
-4.3954342519685037
0
LINE
8
BLACK
6
CONTINUOUS
10
3.862867283464567
20
-4.3954342519685037
11
3.8666338582677167
21
-4.3946850393700787
0
LINE
8
BLACK
6
CONTINUOUS
10
3.8666338582677167
20
-4.3946850393700787
11
3.8873031496062991
21
-4.3946850393700787
0
LINE
8
BLACK
6
CONTINUOUS
10
3.8873031496062991
20
-4.3946850393700787
11
3.8910697244094488
21
-4.3954342519685037
0
LINE
8
BLACK
6
CONTINUOUS
10
2.6277823228346455
20
-4.406753149606299
11
2.6309754724409449
21
-4.4088867322834648
0
LINE
8
BLACK
6
CONTINUOUS
10
2.6309754724409449
20
-4.4088867322834648
11
2.6331090551181102
21
-4.4120798818897633
0
LINE
8
BLACK
6
CONTINUOUS
10
2.6331090551181102
20
-4.4120798818897633
11
2.6338582677165352
21
-4.415846456692913
0
LINE
8
BLACK
6
CONTINUOUS
10
2.6338582677165352
20
-4.415846456692913
11
2.6338582677165352
21
-4.4365157480314963
0
LINE
8
BLACK
6
CONTINUOUS
10
2.6338582677165352
20
-4.4365157480314963
11
2.6331090551181102
21
-4.440282322834646
0
LINE
8
BLACK
6
CONTINUOUS
10
2.6331090551181102
20
-4.440282322834646
11
2.6309754724409449
21
-4.4434754724409444
0
LINE
8
BLACK
6
CONTINUOUS
10
2.6309754724409449
20
-4.4434754724409444
11
2.6277823228346455
21
-4.4456090551181102
0
LINE
8
BLACK
6
CONTINUOUS
10
2.6277823228346455
20
-4.4456090551181102
11
2.6240157480314958
21
-4.4463582677165352
0
LINE
8
BLACK
6
CONTINUOUS
10
2.6240157480314958
20
-4.4463582677165352
11
2.5885826771653542
21
-4.4463582677165352
0
LINE
8
BLACK
6
CONTINUOUS
10
2.5885826771653542
20
-4.4463582677165352
11
2.5848161023622045
21
-4.4456090551181102
0
LINE
8
BLACK
6
CONTINUOUS
10
2.5848161023622045
20
-4.4456090551181102
11
2.5816229527559056
21
-4.4434754724409444
0
LINE
8
BLACK
6
CONTINUOUS
10
2.5816229527559056
20
-4.4434754724409444
11
2.5794893700787402
21
-4.440282322834646
0
LINE
8
BLACK
6
CONTINUOUS
10
2.5794893700787402
20
-4.440282322834646
11
2.5787401574803148
21
-4.4365157480314963
0
LINE
8
BLACK
6
CONTINUOUS
10
2.5787401574803148
20
-4.4365157480314963
11
2.5787401574803148
21
-4.415846456692913
0
LINE
8
BLACK
6
CONTINUOUS
10
2.5787401574803148
20
-4.415846456692913
11
2.5794893700787402
21
-4.4120798818897633
0
LINE
8
BLACK
6
CONTINUOUS
10
2.5794893700787402
20
-4.4120798818897633
11
2.5816229527559056
21
-4.4088867322834648
0
LINE
8
BLACK
6
CONTINUOUS
10
2.5816229527559056
20
-4.4088867322834648
11
2.5848161023622045
21
-4.406753149606299
0
LINE
8
BLACK
6
CONTINUOUS
10
2.5848161023622045
20
-4.406753149606299
11
2.5885826771653542
21
-4.4060039370078741
0
LINE
8
BLACK
6
CONTINUOUS
10
2.5885826771653542
20
-4.4060039370078741
11
2.6240157480314958
21
-4.4060039370078741
0
LINE
8
BLACK
6
CONTINUOUS
10
2.6240157480314958
20
-4.4060039370078741
11
2.6277823228346455
21
-4.406753149606299
0
LINE
8
BLACK
6
CONTINUOUS
10
2.7173492519685039
20
-4.4042925196850389
11
2.7205424015748032
21
-4.4064261023622047
0
LINE
8
BLACK
6
CONTINUOUS
10
2.7205424015748032
20
-4.4064261023622047
11
2.7226759842519686
21
-4.409619251968504
0
LINE
8
BLACK
6
CONTINUOUS
10
2.7226759842519686
20
-4.409619251968504
11
2.7234251968503935
21
-4.4133858267716537
0
LINE
8
BLACK
6
CONTINUOUS
10
2.7234251968503935
20
-4.4133858267716537
11
2.7234251968503935
21
-4.4330708661417324
0
LINE
8
BLACK
6
CONTINUOUS
10
2.7234251968503935
20
-4.4330708661417324
11
2.7226759842519686
21
-4.4368374409448821
0
LINE
8
BLACK
6
CONTINUOUS
10
2.7226759842519686
20
-4.4368374409448821
11
2.7205424015748032
21
-4.4400305905511814
0
LINE
8
BLACK
6
CONTINUOUS
10
2.7205424015748032
20
-4.4400305905511814
11
2.7173492519685039
21
-4.4421641732283463
0
LINE
8
BLACK
6
CONTINUOUS
10
2.7173492519685039
20
-4.4421641732283463
11
2.7135826771653542
21
-4.4429133858267713
0
LINE
8
BLACK
6
CONTINUOUS
10
2.7135826771653542
20
-4.4429133858267713
11
2.6761811023622046
21
-4.4429133858267713
0
LINE
8
BLACK
6
CONTINUOUS
10
2.6761811023622046
20
-4.4429133858267713
11
2.672414527559055
21
-4.4421641732283463
0
LINE
8
BLACK
6
CONTINUOUS
10
2.672414527559055
20
-4.4421641732283463
11
2.669221377952756
21
-4.4400305905511814
0
LINE
8
BLACK
6
CONTINUOUS
10
2.669221377952756
20
-4.4400305905511814
11
2.6670877952755907
21
-4.4368374409448821
0
LINE
8
BLACK
6
CONTINUOUS
10
2.6670877952755907
20
-4.4368374409448821
11
2.6663385826771653
21
-4.4330708661417324
0
LINE
8
BLACK
6
CONTINUOUS
10
2.6663385826771653
20
-4.4330708661417324
11
2.6663385826771653
21
-4.4133858267716537
0
LINE
8
BLACK
6
CONTINUOUS
10
2.6663385826771653
20
-4.4133858267716537
11
2.6670877952755907
21
-4.409619251968504
0
LINE
8
BLACK
6
CONTINUOUS
10
2.6670877952755907
20
-4.409619251968504
11
2.669221377952756
21
-4.4064261023622047
0
LINE
8
BLACK
6
CONTINUOUS
10
2.669221377952756
20
-4.4064261023622047
11
2.672414527559055
21
-4.4042925196850389
0
LINE
8
BLACK
6
CONTINUOUS
10
2.672414527559055
20
-4.4042925196850389
11
2.6761811023622046
21
-4.4035433070866139
0
LINE
8
BLACK
6
CONTINUOUS
10
2.6761811023622046
20
-4.4035433070866139
11
2.7135826771653542
21
-4.4035433070866139
0
LINE
8
BLACK
6
CONTINUOUS
10
2.7135826771653542
20
-4.4035433070866139
11
2.7173492519685039
21
-4.4042925196850389
0
LINE
8
BLACK
6
CONTINUOUS
10
3.0175461023622048
20
-4.3855917322834648
11
3.0207392519685037
21
-4.3877253149606297
0
LINE
8
BLACK
6
CONTINUOUS
10
3.0207392519685037
20
-4.3877253149606297
11
3.022872834645669
21
-4.390918464566929
0
LINE
8
BLACK
6
CONTINUOUS
10
3.022872834645669
20
-4.390918464566929
11
3.0236220472440944
21
-4.3946850393700787
0
LINE
8
BLACK
6
CONTINUOUS
10
3.0236220472440944
20
-4.3946850393700787
11
3.0236220472440944
21
-4.4242125984251963
0
LINE
8
BLACK
6
CONTINUOUS
10
3.0236220472440944
20
-4.4242125984251963
11
3.022872834645669
21
-4.427979173228346
0
LINE
8
BLACK
6
CONTINUOUS
10
3.022872834645669
20
-4.427979173228346
11
3.0207392519685037
21
-4.4311723228346453
0
LINE
8
BLACK
6
CONTINUOUS
10
3.0207392519685037
20
-4.4311723228346453
11
3.0175461023622048
21
-4.4333059055118111
0
LINE
8
BLACK
6
CONTINUOUS
10
3.0175461023622048
20
-4.4333059055118111
11
3.0137795275590551
21
-4.4340551181102361
0
LINE
8
BLACK
6
CONTINUOUS
10
3.0137795275590551
20
-4.4340551181102361
11
2.9468503937007875
21
-4.4340551181102361
0
LINE
8
BLACK
6
CONTINUOUS
10
2.9468503937007875
20
-4.4340551181102361
11
2.9430838188976378
21
-4.4333059055118111
0
LINE
8
BLACK
6
CONTINUOUS
10
2.9430838188976378
20
-4.4333059055118111
11
2.9398906692913385
21
-4.4311723228346453
0
LINE
8
BLACK
6
CONTINUOUS
10
2.9398906692913385
20
-4.4311723228346453
11
2.9377570866141731
21
-4.427979173228346
0
LINE
8
BLACK
6
CONTINUOUS
10
2.9377570866141731
20
-4.427979173228346
11
2.9370078740157481
21
-4.4242125984251963
0
LINE
8
BLACK
6
CONTINUOUS
10
2.9370078740157481
20
-4.4242125984251963
11
2.9370078740157481
21
-4.3946850393700787
0
LINE
8
BLACK
6
CONTINUOUS
10
2.9370078740157481
20
-4.3946850393700787
11
2.9377570866141731
21
-4.390918464566929
0
LINE
8
BLACK
6
CONTINUOUS
10
2.9377570866141731
20
-4.390918464566929
11
2.9398906692913385
21
-4.3877253149606297
0
LINE
8
BLACK
6
CONTINUOUS
10
2.9398906692913385
20
-4.3877253149606297
11
2.9430838188976378
21
-4.3855917322834648
0
LINE
8
BLACK
6
CONTINUOUS
10
2.9430838188976378
20
-4.3855917322834648
11
2.9468503937007875
21
-4.3848425196850389
0
LINE
8
BLACK
6
CONTINUOUS
10
2.9468503937007875
20
-4.3848425196850389
11
3.0137795275590551
21
-4.3848425196850389
0
LINE
8
BLACK
6
CONTINUOUS
10
3.0137795275590551
20
-4.3848425196850389
11
3.0175461023622048
21
-4.3855917322834648
0
LINE
8
BLACK
6
CONTINUOUS
10
2.8088241732283463
20
-4.3940474803149607
11
2.8094627952755906
21
-4.3944742125984249
0
LINE
8
BLACK
6
CONTINUOUS
10
2.8094627952755906
20
-4.3944742125984249
11
2.8098895275590552
21
-4.3951128346456692
0
LINE
8
BLACK
6
CONTINUOUS
10
2.8098895275590552
20
-4.3951128346456692
11
2.8100393700787403
21
-4.3958661417322835
0
LINE
8
BLACK
6
CONTINUOUS
10
2.8100393700787403
20
-4.3958661417322835
11
2.8100393700787403
21
-4.4312992125984252
0
LINE
8
BLACK
6
CONTINUOUS
10
2.8100393700787403
20
-4.4312992125984252
11
2.8098895275590552
21
-4.4320525196850395
0
LINE
8
BLACK
6
CONTINUOUS
10
2.8098895275590552
20
-4.4320525196850395
11
2.8094627952755906
21
-4.432691141732283
0
LINE
8
BLACK
6
CONTINUOUS
10
2.8094627952755906
20
-4.432691141732283
11
2.8088241732283463
21
-4.433117874015748
0
LINE
8
BLACK
6
CONTINUOUS
10
2.8088241732283463
20
-4.433117874015748
11
2.8080708661417324
21
-4.4332677165354326
0
LINE
8
BLACK
6
CONTINUOUS
10
2.8080708661417324
20
-4.4332677165354326
11
2.8041338582677167
21
-4.4332677165354326
0
LINE
8
BLACK
6
CONTINUOUS
10
2.8041338582677167
20
-4.4332677165354326
11
2.8033805511811023
21
-4.433117874015748
0
LINE
8
BLACK
6
CONTINUOUS
10
2.8033805511811023
20
-4.433117874015748
11
2.802741929133858
21
-4.432691141732283
0
LINE
8
BLACK
6
CONTINUOUS
10
2.802741929133858
20
-4.432691141732283
11
2.8023151968503934
21
-4.4320525196850395
0
LINE
8
BLACK
6
CONTINUOUS
10
2.8023151968503934
20
-4.4320525196850395
11
2.8021653543307088
21
-4.4312992125984252
0
LINE
8
BLACK
6
CONTINUOUS
10
2.8021653543307088
20
-4.4312992125984252
11
2.8021653543307088
21
-4.3958661417322835
0
LINE
8
BLACK
6
CONTINUOUS
10
2.8021653543307088
20
-4.3958661417322835
11
2.8023151968503934
21
-4.3951128346456692
0
LINE
8
BLACK
6
CONTINUOUS
10
2.8023151968503934
20
-4.3951128346456692
11
2.802741929133858
21
-4.3944742125984249
0
LINE
8
BLACK
6
CONTINUOUS
10
2.802741929133858
20
-4.3944742125984249
11
2.8033805511811023
21
-4.3940474803149607
0
LINE
8
BLACK
6
CONTINUOUS
10
2.8033805511811023
20
-4.3940474803149607
11
2.8041338582677167
21
-4.3938976377952752
0
LINE
8
BLACK
6
CONTINUOUS
10
2.8041338582677167
20
-4.3938976377952752
11
2.8080708661417324
21
-4.3938976377952752
0
LINE
8
BLACK
6
CONTINUOUS
10
2.8080708661417324
20
-4.3938976377952752
11
2.8088241732283463
21
-4.3940474803149607
0
LINE
8
BLACK
6
CONTINUOUS
10
2.8245722047244093
20
-4.3940474803149607
11
2.8252108267716536
21
-4.3944742125984249
0
LINE
8
BLACK
6
CONTINUOUS
10
2.8252108267716536
20
-4.3944742125984249
11
2.8256375590551182
21
-4.3951128346456692
0
LINE
8
BLACK
6
CONTINUOUS
10
2.8256375590551182
20
-4.3951128346456692
11
2.8257874015748032
21
-4.3958661417322835
0
LINE
8
BLACK
6
CONTINUOUS
10
2.8257874015748032
20
-4.3958661417322835
11
2.8257874015748032
21
-4.4312992125984252
0
LINE
8
BLACK
6
CONTINUOUS
10
2.8257874015748032
20
-4.4312992125984252
11
2.8256375590551182
21
-4.4320525196850395
0
LINE
8
BLACK
6
CONTINUOUS
10
2.8256375590551182
20
-4.4320525196850395
11
2.8252108267716536
21
-4.432691141732283
0
LINE
8
BLACK
6
CONTINUOUS
10
2.8252108267716536
20
-4.432691141732283
11
2.8245722047244093
21
-4.433117874015748
0
LINE
8
BLACK
6
CONTINUOUS
10
2.8245722047244093
20
-4.433117874015748
11
2.8238188976377954
21
-4.4332677165354326
0
LINE
8
BLACK
6
CONTINUOUS
10
2.8238188976377954
20
-4.4332677165354326
11
2.8198818897637796
21
-4.4332677165354326
0
LINE
8
BLACK
6
CONTINUOUS
10
2.8198818897637796
20
-4.4332677165354326
11
2.8191285826771653
21
-4.433117874015748
0
LINE
8
BLACK
6
CONTINUOUS
10
2.8191285826771653
20
-4.433117874015748
11
2.8184899606299214
21
-4.432691141732283
0
LINE
8
BLACK
6
CONTINUOUS
10
2.8184899606299214
20
-4.432691141732283
11
2.8180632283464568
21
-4.4320525196850395
0
LINE
8
BLACK
6
CONTINUOUS
10
2.8180632283464568
20
-4.4320525196850395
11
2.8179133858267718
21
-4.4312992125984252
0
LINE
8
BLACK
6
CONTINUOUS
10
2.8179133858267718
20
-4.4312992125984252
11
2.8179133858267718
21
-4.3958661417322835
0
LINE
8
BLACK
6
CONTINUOUS
10
2.8179133858267718
20
-4.3958661417322835
11
2.8180632283464568
21
-4.3951128346456692
0
LINE
8
BLACK
6
CONTINUOUS
10
2.8180632283464568
20
-4.3951128346456692
11
2.8184899606299214
21
-4.3944742125984249
0
LINE
8
BLACK
6
CONTINUOUS
10
2.8184899606299214
20
-4.3944742125984249
11
2.8191285826771653
21
-4.3940474803149607
0
LINE
8
BLACK
6
CONTINUOUS
10
2.8191285826771653
20
-4.3940474803149607
11
2.8198818897637796
21
-4.3938976377952752
0
LINE
8
BLACK
6
CONTINUOUS
10
2.8198818897637796
20
-4.3938976377952752
11
2.8238188976377954
21
-4.3938976377952752
0
LINE
8
BLACK
6
CONTINUOUS
10
2.8238188976377954
20
-4.3938976377952752
11
2.8245722047244093
21
-4.3940474803149607
0
LINE
8
BLACK
6
CONTINUOUS
10
2.8403202362204722
20
-4.3940474803149607
11
2.8409588582677165
21
-4.3944742125984249
0
LINE
8
BLACK
6
CONTINUOUS
10
2.8409588582677165
20
-4.3944742125984249
11
2.8413855905511811
21
-4.3951128346456692
0
LINE
8
BLACK
6
CONTINUOUS
10
2.8413855905511811
20
-4.3951128346456692
11
2.8415354330708662
21
-4.3958661417322835
0
LINE
8
BLACK
6
CONTINUOUS
10
2.8415354330708662
20
-4.3958661417322835
11
2.8415354330708662
21
-4.4312992125984252
0
LINE
8
BLACK
6
CONTINUOUS
10
2.8415354330708662
20
-4.4312992125984252
11
2.8413855905511811
21
-4.4320525196850395
0
LINE
8
BLACK
6
CONTINUOUS
10
2.8413855905511811
20
-4.4320525196850395
11
2.8409588582677165
21
-4.432691141732283
0
LINE
8
BLACK
6
CONTINUOUS
10
2.8409588582677165
20
-4.432691141732283
11
2.8403202362204722
21
-4.433117874015748
0
LINE
8
BLACK
6
CONTINUOUS
10
2.8403202362204722
20
-4.433117874015748
11
2.8395669291338583
21
-4.4332677165354326
0
LINE
8
BLACK
6
CONTINUOUS
10
2.8395669291338583
20
-4.4332677165354326
11
2.8356299212598426
21
-4.4332677165354326
0
LINE
8
BLACK
6
CONTINUOUS
10
2.8356299212598426
20
-4.4332677165354326
11
2.8348766141732282
21
-4.433117874015748
0
LINE
8
BLACK
6
CONTINUOUS
10
2.8348766141732282
20
-4.433117874015748
11
2.8342379921259844
21
-4.432691141732283
0
LINE
8
BLACK
6
CONTINUOUS
10
2.8342379921259844
20
-4.432691141732283
11
2.8338112598425198
21
-4.4320525196850395
0
LINE
8
BLACK
6
CONTINUOUS
10
2.8338112598425198
20
-4.4320525196850395
11
2.8336614173228347
21
-4.4312992125984252
0
LINE
8
BLACK
6
CONTINUOUS
10
2.8336614173228347
20
-4.4312992125984252
11
2.8336614173228347
21
-4.3958661417322835
0
LINE
8
BLACK
6
CONTINUOUS
10
2.8336614173228347
20
-4.3958661417322835
11
2.8338112598425198
21
-4.3951128346456692
0
LINE
8
BLACK
6
CONTINUOUS
10
2.8338112598425198
20
-4.3951128346456692
11
2.8342379921259844
21
-4.3944742125984249
0
LINE
8
BLACK
6
CONTINUOUS
10
2.8342379921259844
20
-4.3944742125984249
11
2.8348766141732282
21
-4.3940474803149607
0
LINE
8
BLACK
6
CONTINUOUS
10
2.8348766141732282
20
-4.3940474803149607
11
2.8356299212598426
21
-4.3938976377952752
0
LINE
8
BLACK
6
CONTINUOUS
10
2.8356299212598426
20
-4.3938976377952752
11
2.8395669291338583
21
-4.3938976377952752
0
LINE
8
BLACK
6
CONTINUOUS
10
2.8395669291338583
20
-4.3938976377952752
11
2.8403202362204722
21
-4.3940474803149607
0
LINE
8
BLACK
6
CONTINUOUS
10
2.7746062992125982
20
-4.4025590551181102
11
2.7753596062992125
21
-4.4027088976377948
0
LINE
8
BLACK
6
CONTINUOUS
10
2.7753596062992125
20
-4.4027088976377948
11
2.7759982283464568
21
-4.4031356299212598
0
LINE
8
BLACK
6
CONTINUOUS
10
2.7759982283464568
20
-4.4031356299212598
11
2.7764249606299214
21
-4.4037742519685041
0
LINE
8
BLACK
6
CONTINUOUS
10
2.7764249606299214
20
-4.4037742519685041
11
2.776574803149606
21
-4.4045275590551176
0
LINE
8
BLACK
6
CONTINUOUS
10
2.776574803149606
20
-4.4045275590551176
11
2.776574803149606
21
-4.4311023622047241
0
LINE
8
BLACK
6
CONTINUOUS
10
2.776574803149606
20
-4.4311023622047241
11
2.7764249606299214
21
-4.4318556692913385
0
LINE
8
BLACK
6
CONTINUOUS
10
2.7764249606299214
20
-4.4318556692913385
11
2.7759982283464568
21
-4.4324942913385827
0
LINE
8
BLACK
6
CONTINUOUS
10
2.7759982283464568
20
-4.4324942913385827
11
2.7753596062992125
21
-4.4329210236220469
0
LINE
8
BLACK
6
CONTINUOUS
10
2.7753596062992125
20
-4.4329210236220469
11
2.7746062992125982
21
-4.4330708661417324
0
LINE
8
BLACK
6
CONTINUOUS
10
2.7746062992125982
20
-4.4330708661417324
11
2.7706692913385824
21
-4.4330708661417324
0
LINE
8
BLACK
6
CONTINUOUS
10
2.7706692913385824
20
-4.4330708661417324
11
2.7699159842519685
21
-4.4329210236220469
0
LINE
8
BLACK
6
CONTINUOUS
10
2.7699159842519685
20
-4.4329210236220469
11
2.7692773622047242
21
-4.4324942913385827
0
LINE
8
BLACK
6
CONTINUOUS
10
2.7692773622047242
20
-4.4324942913385827
11
2.7688506299212596
21
-4.4318556692913385
0
LINE
8
BLACK
6
CONTINUOUS
10
2.7688506299212596
20
-4.4318556692913385
11
2.7687007874015745
21
-4.4311023622047241
0
LINE
8
BLACK
6
CONTINUOUS
10
2.7687007874015745
20
-4.4311023622047241
11
2.7687007874015745
21
-4.4104330708661417
0
LINE
8
BLACK
6
CONTINUOUS
10
2.7687007874015745
20
-4.4104330708661417
11
2.7480314960629921
21
-4.4104330708661417
0
LINE
8
BLACK
6
CONTINUOUS
10
2.7480314960629921
20
-4.4104330708661417
11
2.7472781889763778
21
-4.410283228346457
0
LINE
8
BLACK
6
CONTINUOUS
10
2.7472781889763778
20
-4.410283228346457
11
2.7466395669291339
21
-4.409856496062992
0
LINE
8
BLACK
6
CONTINUOUS
10
2.7466395669291339
20
-4.409856496062992
11
2.7462128346456693
21
-4.4092178740157477
0
LINE
8
BLACK
6
CONTINUOUS
10
2.7462128346456693
20
-4.4092178740157477
11
2.7460629921259843
21
-4.4084645669291334
0
LINE
8
BLACK
6
CONTINUOUS
10
2.7460629921259843
20
-4.4084645669291334
11
2.7460629921259843
21
-4.4045275590551176
0
LINE
8
BLACK
6
CONTINUOUS
10
2.7460629921259843
20
-4.4045275590551176
11
2.7462128346456693
21
-4.4037742519685041
0
LINE
8
BLACK
6
CONTINUOUS
10
2.7462128346456693
20
-4.4037742519685041
11
2.7466395669291339
21
-4.4031356299212598
0
LINE
8
BLACK
6
CONTINUOUS
10
2.7466395669291339
20
-4.4031356299212598
11
2.7472781889763778
21
-4.4027088976377948
0
LINE
8
BLACK
6
CONTINUOUS
10
2.7472781889763778
20
-4.4027088976377948
11
2.7480314960629921
21
-4.4025590551181102
0
LINE
8
BLACK
6
CONTINUOUS
10
2.7480314960629921
20
-4.4025590551181102
11
2.7746062992125982
21
-4.4025590551181102
0
LINE
8
BLACK
6
CONTINUOUS
10
2.859251968503937
20
-4.4025590551181102
11
2.8838582677165352
21
-4.4025590551181102
0
LINE
8
BLACK
6
CONTINUOUS
10
2.8838582677165352
20
-4.4025590551181102
11
2.8846115748031496
21
-4.4027088976377948
0
LINE
8
BLACK
6
CONTINUOUS
10
2.8846115748031496
20
-4.4027088976377948
11
2.8852501968503939
21
-4.4031356299212598
0
LINE
8
BLACK
6
CONTINUOUS
10
2.8852501968503939
20
-4.4031356299212598
11
2.885676929133858
21
-4.4037742519685041
0
LINE
8
BLACK
6
CONTINUOUS
10
2.885676929133858
20
-4.4037742519685041
11
2.8858267716535431
21
-4.4045275590551176
0
LINE
8
BLACK
6
CONTINUOUS
10
2.8858267716535431
20
-4.4045275590551176
11
2.8858267716535431
21
-4.4084645669291334
0
LINE
8
BLACK
6
CONTINUOUS
10
2.8858267716535431
20
-4.4084645669291334
11
2.885676929133858
21
-4.4092178740157477
0
LINE
8
BLACK
6
CONTINUOUS
10
2.885676929133858
20
-4.4092178740157477
11
2.8852501968503939
21
-4.409856496062992
0
LINE
8
BLACK
6
CONTINUOUS
10
2.8852501968503939
20
-4.409856496062992
11
2.8846115748031496
21
-4.410283228346457
0
LINE
8
BLACK
6
CONTINUOUS
10
2.8846115748031496
20
-4.410283228346457
11
2.8838582677165352
21
-4.4104330708661417
0
LINE
8
BLACK
6
CONTINUOUS
10
2.8838582677165352
20
-4.4104330708661417
11
2.8612204724409449
21
-4.4104330708661417
0
LINE
8
BLACK
6
CONTINUOUS
10
2.8612204724409449
20
-4.4104330708661417
11
2.8612204724409449
21
-4.4311023622047241
0
LINE
8
BLACK
6
CONTINUOUS
10
2.8612204724409449
20
-4.4311023622047241
11
2.8610706299212598
21
-4.4318556692913385
0
LINE
8
BLACK
6
CONTINUOUS
10
2.8610706299212598
20
-4.4318556692913385
11
2.8606438976377953
21
-4.4324942913385827
0
LINE
8
BLACK
6
CONTINUOUS
10
2.8606438976377953
20
-4.4324942913385827
11
2.860005275590551
21
-4.4329210236220469
0
LINE
8
BLACK
6
CONTINUOUS
10
2.860005275590551
20
-4.4329210236220469
11
2.859251968503937
21
-4.4330708661417324
0
LINE
8
BLACK
6
CONTINUOUS
10
2.859251968503937
20
-4.4330708661417324
11
2.8553149606299213
21
-4.4330708661417324
0
LINE
8
BLACK
6
CONTINUOUS
10
2.8553149606299213
20
-4.4330708661417324
11
2.8545616535433069
21
-4.4329210236220469
0
LINE
8
BLACK
6
CONTINUOUS
10
2.8545616535433069
20
-4.4329210236220469
11
2.8539230314960631
21
-4.4324942913385827
0
LINE
8
BLACK
6
CONTINUOUS
10
2.8539230314960631
20
-4.4324942913385827
11
2.8534962992125985
21
-4.4318556692913385
0
LINE
8
BLACK
6
CONTINUOUS
10
2.8534962992125985
20
-4.4318556692913385
11
2.8533464566929134
21
-4.4311023622047241
0
LINE
8
BLACK
6
CONTINUOUS
10
2.8533464566929134
20
-4.4311023622047241
11
2.8533464566929134
21
-4.4045275590551176
0
LINE
8
BLACK
6
CONTINUOUS
10
2.8533464566929134
20
-4.4045275590551176
11
2.8534962992125985
21
-4.4037742519685041
0
LINE
8
BLACK
6
CONTINUOUS
10
2.8534962992125985
20
-4.4037742519685041
11
2.8539230314960631
21
-4.4031356299212598
0
LINE
8
BLACK
6
CONTINUOUS
10
2.8539230314960631
20
-4.4031356299212598
11
2.8545616535433069
21
-4.4027088976377948
0
LINE
8
BLACK
6
CONTINUOUS
10
2.8545616535433069
20
-4.4027088976377948
11
2.8553149606299213
21
-4.4025590551181102
0
LINE
8
BLACK
6
CONTINUOUS
10
2.8553149606299213
20
-4.4025590551181102
11
2.859251968503937
21
-4.4025590551181102
0
LINE
8
BLACK
6
CONTINUOUS
10
2.7930761417322834
20
-4.4085159842519683
11
2.7937147637795277
21
-4.4089427165354333
0
LINE
8
BLACK
6
CONTINUOUS
10
2.7937147637795277
20
-4.4089427165354333
11
2.7941414960629922
21
-4.4095813385826768
0
LINE
8
BLACK
6
CONTINUOUS
10
2.7941414960629922
20
-4.4095813385826768
11
2.7942913385826773
21
-4.4103346456692911
0
LINE
8
BLACK
6
CONTINUOUS
10
2.7942913385826773
20
-4.4103346456692911
11
2.7942913385826773
21
-4.4310039370078735
0
LINE
8
BLACK
6
CONTINUOUS
10
2.7942913385826773
20
-4.4310039370078735
11
2.7941414960629922
21
-4.4317572440944879
0
LINE
8
BLACK
6
CONTINUOUS
10
2.7941414960629922
20
-4.4317572440944879
11
2.7937147637795277
21
-4.4323958661417322
0
LINE
8
BLACK
6
CONTINUOUS
10
2.7937147637795277
20
-4.4323958661417322
11
2.7930761417322834
21
-4.4328225984251963
0
LINE
8
BLACK
6
CONTINUOUS
10
2.7930761417322834
20
-4.4328225984251963
11
2.7923228346456694
21
-4.4329724409448819
0
LINE
8
BLACK
6
CONTINUOUS
10
2.7923228346456694
20
-4.4329724409448819
11
2.7883858267716537
21
-4.4329724409448819
0
LINE
8
BLACK
6
CONTINUOUS
10
2.7883858267716537
20
-4.4329724409448819
11
2.7876325196850393
21
-4.4328225984251963
0
LINE
8
BLACK
6
CONTINUOUS
10
2.7876325196850393
20
-4.4328225984251963
11
2.786993897637795
21
-4.4323958661417322
0
LINE
8
BLACK
6
CONTINUOUS
10
2.786993897637795
20
-4.4323958661417322
11
2.7865671653543305
21
-4.4317572440944879
0
LINE
8
BLACK
6
CONTINUOUS
10
2.7865671653543305
20
-4.4317572440944879
11
2.7864173228346458
21
-4.4310039370078735
0
LINE
8
BLACK
6
CONTINUOUS
10
2.7864173228346458
20
-4.4310039370078735
11
2.7864173228346458
21
-4.4103346456692911
0
LINE
8
BLACK
6
CONTINUOUS
10
2.7864173228346458
20
-4.4103346456692911
11
2.7865671653543305
21
-4.4095813385826768
0
LINE
8
BLACK
6
CONTINUOUS
10
2.7865671653543305
20
-4.4095813385826768
11
2.786993897637795
21
-4.4089427165354333
0
LINE
8
BLACK
6
CONTINUOUS
10
2.786993897637795
20
-4.4089427165354333
11
2.7876325196850393
21
-4.4085159842519683
0
LINE
8
BLACK
6
CONTINUOUS
10
2.7876325196850393
20
-4.4085159842519683
11
2.7883858267716537
21
-4.4083661417322837
0
LINE
8
BLACK
6
CONTINUOUS
10
2.7883858267716537
20
-4.4083661417322837
11
2.7923228346456694
21
-4.4083661417322837
0
LINE
8
BLACK
6
CONTINUOUS
10
2.7923228346456694
20
-4.4083661417322837
11
2.7930761417322834
21
-4.4085159842519683
0
LINE
8
BLACK
6
CONTINUOUS
10
3.619908307086614
20
-4.3550799212598426
11
3.6231014566929134
21
-4.3572135039370075
0
LINE
8
BLACK
6
CONTINUOUS
10
3.6231014566929134
20
-4.3572135039370075
11
3.6252350393700787
21
-4.3604066535433068
0
LINE
8
BLACK
6
CONTINUOUS
10
3.6252350393700787
20
-4.3604066535433068
11
3.6259842519685037
21
-4.3641732283464565
0
LINE
8
BLACK
6
CONTINUOUS
10
3.6259842519685037
20
-4.3641732283464565
11
3.6259842519685037
21
-4.393700787401575
0
LINE
8
BLACK
6
CONTINUOUS
10
3.6259842519685037
20
-4.393700787401575
11
3.6252350393700787
21
-4.3974673622047247
0
LINE
8
BLACK
6
CONTINUOUS
10
3.6252350393700787
20
-4.3974673622047247
11
3.6231014566929134
21
-4.4006605118110231
0
LINE
8
BLACK
6
CONTINUOUS
10
3.6231014566929134
20
-4.4006605118110231
11
3.619908307086614
21
-4.4027940944881889
0
LINE
8
BLACK
6
CONTINUOUS
10
3.619908307086614
20
-4.4027940944881889
11
3.6161417322834644
21
-4.4035433070866139
0
LINE
8
BLACK
6
CONTINUOUS
10
3.6161417322834644
20
-4.4035433070866139
11
3.5492125984251968
21
-4.4035433070866139
0
LINE
8
BLACK
6
CONTINUOUS
10
3.5492125984251968
20
-4.4035433070866139
11
3.5454460236220471
21
-4.4027940944881889
0
LINE
8
BLACK
6
CONTINUOUS
10
3.5454460236220471
20
-4.4027940944881889
11
3.5422528740157477
21
-4.4006605118110231
0
LINE
8
BLACK
6
CONTINUOUS
10
3.5422528740157477
20
-4.4006605118110231
11
3.5401192913385824
21
-4.3974673622047247
0
LINE
8
BLACK
6
CONTINUOUS
10
3.5401192913385824
20
-4.3974673622047247
11
3.5393700787401574
21
-4.393700787401575
0
LINE
8
BLACK
6
CONTINUOUS
10
3.5393700787401574
20
-4.393700787401575
11
3.5393700787401574
21
-4.3641732283464565
0
LINE
8
BLACK
6
CONTINUOUS
10
3.5393700787401574
20
-4.3641732283464565
11
3.5401192913385824
21
-4.3604066535433068
0
LINE
8
BLACK
6
CONTINUOUS
10
3.5401192913385824
20
-4.3604066535433068
11
3.5422528740157477
21
-4.3572135039370075
0
LINE
8
BLACK
6
CONTINUOUS
10
3.5422528740157477
20
-4.3572135039370075
11
3.5454460236220471
21
-4.3550799212598426
0
LINE
8
BLACK
6
CONTINUOUS
10
3.5454460236220471
20
-4.3550799212598426
11
3.5492125984251968
21
-4.3543307086614176
0
LINE
8
BLACK
6
CONTINUOUS
10
3.5492125984251968
20
-4.3543307086614176
11
3.6161417322834644
21
-4.3543307086614176
0
LINE
8
BLACK
6
CONTINUOUS
10
3.6161417322834644
20
-4.3543307086614176
11
3.619908307086614
21
-4.3550799212598426
0
LINE
8
BLACK
6
CONTINUOUS
10
1.9627705118110237
20
-4.3387885826771653
11
1.9659636614173228
21
-4.3409221653543302
0
LINE
8
BLACK
6
CONTINUOUS
10
1.9659636614173228
20
-4.3409221653543302
11
1.9680972440944882
21
-4.3441153149606295
0
LINE
8
BLACK
6
CONTINUOUS
10
1.9680972440944882
20
-4.3441153149606295
11
1.9688464566929134
21
-4.3478818897637792
0
LINE
8
BLACK
6
CONTINUOUS
10
1.9688464566929134
20
-4.3478818897637792
11
1.9688464566929134
21
-4.3833149606299209
0
LINE
8
BLACK
6
CONTINUOUS
10
1.9688464566929134
20
-4.3833149606299209
11
1.9680972440944882
21
-4.3870815354330706
0
LINE
8
BLACK
6
CONTINUOUS
10
1.9680972440944882
20
-4.3870815354330706
11
1.9659636614173228
21
-4.3902746850393699
0
LINE
8
BLACK
6
CONTINUOUS
10
1.9659636614173228
20
-4.3902746850393699
11
1.9627705118110237
21
-4.3924082677165357
0
LINE
8
BLACK
6
CONTINUOUS
10
1.9627705118110237
20
-4.3924082677165357
11
1.959003937007874
21
-4.3931574803149607
0
LINE
8
BLACK
6
CONTINUOUS
10
1.959003937007874
20
-4.3931574803149607
11
1.9383346456692914
21
-4.3931574803149607
0
LINE
8
BLACK
6
CONTINUOUS
10
1.9383346456692914
20
-4.3931574803149607
11
1.9345680708661417
21
-4.3924082677165357
0
LINE
8
BLACK
6
CONTINUOUS
10
1.9345680708661417
20
-4.3924082677165357
11
1.9313749212598426
21
-4.3902746850393699
0
LINE
8
BLACK
6
CONTINUOUS
10
1.9313749212598426
20
-4.3902746850393699
11
1.9292413385826772
21
-4.3870815354330706
0
LINE
8
BLACK
6
CONTINUOUS
10
1.9292413385826772
20
-4.3870815354330706
11
1.928492125984252
21
-4.3833149606299209
0
LINE
8
BLACK
6
CONTINUOUS
10
1.928492125984252
20
-4.3833149606299209
11
1.928492125984252
21
-4.3478818897637792
0
LINE
8
BLACK
6
CONTINUOUS
10
1.928492125984252
20
-4.3478818897637792
11
1.9292413385826772
21
-4.3441153149606295
0
LINE
8
BLACK
6
CONTINUOUS
10
1.9292413385826772
20
-4.3441153149606295
11
1.9313749212598426
21
-4.3409221653543302
0
LINE
8
BLACK
6
CONTINUOUS
10
1.9313749212598426
20
-4.3409221653543302
11
1.9345680708661417
21
-4.3387885826771653
0
LINE
8
BLACK
6
CONTINUOUS
10
1.9345680708661417
20
-4.3387885826771653
11
1.9383346456692914
21
-4.3380393700787403
0
LINE
8
BLACK
6
CONTINUOUS
10
1.9383346456692914
20
-4.3380393700787403
11
1.959003937007874
21
-4.3380393700787403
0
LINE
8
BLACK
6
CONTINUOUS
10
1.959003937007874
20
-4.3380393700787403
11
1.9627705118110237
21
-4.3387885826771653
0
LINE
8
BLACK
6
CONTINUOUS
10
2.0346209055118112
20
-4.3387885826771653
11
2.0378140551181101
21
-4.3409221653543302
0
LINE
8
BLACK
6
CONTINUOUS
10
2.0378140551181101
20
-4.3409221653543302
11
2.0399476377952754
21
-4.3441153149606295
0
LINE
8
BLACK
6
CONTINUOUS
10
2.0399476377952754
20
-4.3441153149606295
11
2.0406968503937009
21
-4.3478818897637792
0
LINE
8
BLACK
6
CONTINUOUS
10
2.0406968503937009
20
-4.3478818897637792
11
2.0406968503937009
21
-4.3833149606299209
0
LINE
8
BLACK
6
CONTINUOUS
10
2.0406968503937009
20
-4.3833149606299209
11
2.0399476377952754
21
-4.3870815354330706
0
LINE
8
BLACK
6
CONTINUOUS
10
2.0399476377952754
20
-4.3870815354330706
11
2.0378140551181101
21
-4.3902746850393699
0
LINE
8
BLACK
6
CONTINUOUS
10
2.0378140551181101
20
-4.3902746850393699
11
2.0346209055118112
21
-4.3924082677165357
0
LINE
8
BLACK
6
CONTINUOUS
10
2.0346209055118112
20
-4.3924082677165357
11
2.0308543307086615
21
-4.3931574803149607
0
LINE
8
BLACK
6
CONTINUOUS
10
2.0308543307086615
20
-4.3931574803149607
11
2.0101850393700786
21
-4.3931574803149607
0
LINE
8
BLACK
6
CONTINUOUS
10
2.0101850393700786
20
-4.3931574803149607
11
2.006418464566929
21
-4.3924082677165357
0
LINE
8
BLACK
6
CONTINUOUS
10
2.006418464566929
20
-4.3924082677165357
11
2.0032253149606301
21
-4.3902746850393699
0
LINE
8
BLACK
6
CONTINUOUS
10
2.0032253149606301
20
-4.3902746850393699
11
2.0010917322834647
21
-4.3870815354330706
0
LINE
8
BLACK
6
CONTINUOUS
10
2.0010917322834647
20
-4.3870815354330706
11
2.0003425196850393
21
-4.3833149606299209
0
LINE
8
BLACK
6
CONTINUOUS
10
2.0003425196850393
20
-4.3833149606299209
11
2.0003425196850393
21
-4.3478818897637792
0
LINE
8
BLACK
6
CONTINUOUS
10
2.0003425196850393
20
-4.3478818897637792
11
2.0010917322834647
21
-4.3441153149606295
0
LINE
8
BLACK
6
CONTINUOUS
10
2.0010917322834647
20
-4.3441153149606295
11
2.0032253149606301
21
-4.3409221653543302
0
LINE
8
BLACK
6
CONTINUOUS
10
2.0032253149606301
20
-4.3409221653543302
11
2.006418464566929
21
-4.3387885826771653
0
LINE
8
BLACK
6
CONTINUOUS
10
2.006418464566929
20
-4.3387885826771653
11
2.0101850393700786
21
-4.3380393700787403
0
LINE
8
BLACK
6
CONTINUOUS
10
2.0101850393700786
20
-4.3380393700787403
11
2.0308543307086615
21
-4.3380393700787403
0
LINE
8
BLACK
6
CONTINUOUS
10
2.0308543307086615
20
-4.3380393700787403
11
2.0346209055118112
21
-4.3387885826771653
0
LINE
8
BLACK
6
CONTINUOUS
10
2.7718162992125985
20
-4.3813309448818893
11
2.7724549212598424
21
-4.3817576771653544
0
LINE
8
BLACK
6
CONTINUOUS
10
2.7724549212598424
20
-4.3817576771653544
11
2.772881653543307
21
-4.3823962992125987
0
LINE
8
BLACK
6
CONTINUOUS
10
2.772881653543307
20
-4.3823962992125987
11
2.773031496062992
21
-4.3831496062992121
0
LINE
8
BLACK
6
CONTINUOUS
10
2.773031496062992
20
-4.3831496062992121
11
2.773031496062992
21
-4.3870866141732279
0
LINE
8
BLACK
6
CONTINUOUS
10
2.773031496062992
20
-4.3870866141732279
11
2.772881653543307
21
-4.3878399212598422
0
LINE
8
BLACK
6
CONTINUOUS
10
2.772881653543307
20
-4.3878399212598422
11
2.7724549212598424
21
-4.3884785433070865
0
LINE
8
BLACK
6
CONTINUOUS
10
2.7724549212598424
20
-4.3884785433070865
11
2.7718162992125985
21
-4.3889052755905507
0
LINE
8
BLACK
6
CONTINUOUS
10
2.7718162992125985
20
-4.3889052755905507
11
2.7710629921259842
21
-4.3890551181102362
0
LINE
8
BLACK
6
CONTINUOUS
10
2.7710629921259842
20
-4.3890551181102362
11
2.7503937007874013
21
-4.3890551181102362
0
LINE
8
BLACK
6
CONTINUOUS
10
2.7503937007874013
20
-4.3890551181102362
11
2.7496403937007874
21
-4.3889052755905507
0
LINE
8
BLACK
6
CONTINUOUS
10
2.7496403937007874
20
-4.3889052755905507
11
2.7490017716535431
21
-4.3884785433070865
0
LINE
8
BLACK
6
CONTINUOUS
10
2.7490017716535431
20
-4.3884785433070865
11
2.7485750393700785
21
-4.3878399212598422
0
LINE
8
BLACK
6
CONTINUOUS
10
2.7485750393700785
20
-4.3878399212598422
11
2.7484251968503934
21
-4.3870866141732279
0
LINE
8
BLACK
6
CONTINUOUS
10
2.7484251968503934
20
-4.3870866141732279
11
2.7484251968503934
21
-4.3831496062992121
0
LINE
8
BLACK
6
CONTINUOUS
10
2.7484251968503934
20
-4.3831496062992121
11
2.7485750393700785
21
-4.3823962992125987
0
LINE
8
BLACK
6
CONTINUOUS
10
2.7485750393700785
20
-4.3823962992125987
11
2.7490017716535431
21
-4.3817576771653544
0
LINE
8
BLACK
6
CONTINUOUS
10
2.7490017716535431
20
-4.3817576771653544
11
2.7496403937007874
21
-4.3813309448818893
0
LINE
8
BLACK
6
CONTINUOUS
10
2.7496403937007874
20
-4.3813309448818893
11
2.7503937007874013
21
-4.3811811023622047
0
LINE
8
BLACK
6
CONTINUOUS
10
2.7503937007874013
20
-4.3811811023622047
11
2.7710629921259842
21
-4.3811811023622047
0
LINE
8
BLACK
6
CONTINUOUS
10
2.7710629921259842
20
-4.3811811023622047
11
2.7718162992125985
21
-4.3813309448818893
0
LINE
8
BLACK
6
CONTINUOUS
10
2.8804777165354332
20
-4.3813309448818893
11
2.881116338582677
21
-4.3817576771653544
0
LINE
8
BLACK
6
CONTINUOUS
10
2.881116338582677
20
-4.3817576771653544
11
2.8815430708661416
21
-4.3823962992125987
0
LINE
8
BLACK
6
CONTINUOUS
10
2.8815430708661416
20
-4.3823962992125987
11
2.8816929133858267
21
-4.3831496062992121
0
LINE
8
BLACK
6
CONTINUOUS
10
2.8816929133858267
20
-4.3831496062992121
11
2.8816929133858267
21
-4.3870866141732279
0
LINE
8
BLACK
6
CONTINUOUS
10
2.8816929133858267
20
-4.3870866141732279
11
2.8815430708661416
21
-4.3878399212598422
0
LINE
8
BLACK
6
CONTINUOUS
10
2.8815430708661416
20
-4.3878399212598422
11
2.881116338582677
21
-4.3884785433070865
0
LINE
8
BLACK
6
CONTINUOUS
10
2.881116338582677
20
-4.3884785433070865
11
2.8804777165354332
21
-4.3889052755905507
0
LINE
8
BLACK
6
CONTINUOUS
10
2.8804777165354332
20
-4.3889052755905507
11
2.8797244094488188
21
-4.3890551181102362
0
LINE
8
BLACK
6
CONTINUOUS
10
2.8797244094488188
20
-4.3890551181102362
11
2.8590551181102359
21
-4.3890551181102362
0
LINE
8
BLACK
6
CONTINUOUS
10
2.8590551181102359
20
-4.3890551181102362
11
2.858301811023622
21
-4.3889052755905507
0
LINE
8
BLACK
6
CONTINUOUS
10
2.858301811023622
20
-4.3889052755905507
11
2.8576631889763777
21
-4.3884785433070865
0
LINE
8
BLACK
6
CONTINUOUS
10
2.8576631889763777
20
-4.3884785433070865
11
2.8572364566929132
21
-4.3878399212598422
0
LINE
8
BLACK
6
CONTINUOUS
10
2.8572364566929132
20
-4.3878399212598422
11
2.8570866141732281
21
-4.3870866141732279
0
LINE
8
BLACK
6
CONTINUOUS
10
2.8570866141732281
20
-4.3870866141732279
11
2.8570866141732281
21
-4.3831496062992121
0
LINE
8
BLACK
6
CONTINUOUS
10
2.8570866141732281
20
-4.3831496062992121
11
2.8572364566929132
21
-4.3823962992125987
0
LINE
8
BLACK
6
CONTINUOUS
10
2.8572364566929132
20
-4.3823962992125987
11
2.8576631889763777
21
-4.3817576771653544
0
LINE
8
BLACK
6
CONTINUOUS
10
2.8576631889763777
20
-4.3817576771653544
11
2.858301811023622
21
-4.3813309448818893
0
LINE
8
BLACK
6
CONTINUOUS
10
2.858301811023622
20
-4.3813309448818893
11
2.8590551181102359
21
-4.3811811023622047
0
LINE
8
BLACK
6
CONTINUOUS
10
2.8590551181102359
20
-4.3811811023622047
11
2.8797244094488188
21
-4.3811811023622047
0
LINE
8
BLACK
6
CONTINUOUS
10
2.8797244094488188
20
-4.3811811023622047
11
2.8804777165354332
21
-4.3813309448818893
0
LINE
8
BLACK
6
CONTINUOUS
10
2.6277823228346455
20
-4.334902755905512
11
2.6309754724409449
21
-4.3370363385826769
0
LINE
8
BLACK
6
CONTINUOUS
10
2.6309754724409449
20
-4.3370363385826769
11
2.6331090551181102
21
-4.3402294881889762
0
LINE
8
BLACK
6
CONTINUOUS
10
2.6331090551181102
20
-4.3402294881889762
11
2.6338582677165352
21
-4.3439960629921259
0
LINE
8
BLACK
6
CONTINUOUS
10
2.6338582677165352
20
-4.3439960629921259
11
2.6338582677165352
21
-4.3646653543307083
0
LINE
8
BLACK
6
CONTINUOUS
10
2.6338582677165352
20
-4.3646653543307083
11
2.6331090551181102
21
-4.368431929133858
0
LINE
8
BLACK
6
CONTINUOUS
10
2.6331090551181102
20
-4.368431929133858
11
2.6309754724409449
21
-4.3716250787401574
0
LINE
8
BLACK
6
CONTINUOUS
10
2.6309754724409449
20
-4.3716250787401574
11
2.6277823228346455
21
-4.3737586614173232
0
LINE
8
BLACK
6
CONTINUOUS
10
2.6277823228346455
20
-4.3737586614173232
11
2.6240157480314958
21
-4.3745078740157481
0
LINE
8
BLACK
6
CONTINUOUS
10
2.6240157480314958
20
-4.3745078740157481
11
2.5885826771653542
21
-4.3745078740157481
0
LINE
8
BLACK
6
CONTINUOUS
10
2.5885826771653542
20
-4.3745078740157481
11
2.5848161023622045
21
-4.3737586614173232
0
LINE
8
BLACK
6
CONTINUOUS
10
2.5848161023622045
20
-4.3737586614173232
11
2.5816229527559056
21
-4.3716250787401574
0
LINE
8
BLACK
6
CONTINUOUS
10
2.5816229527559056
20
-4.3716250787401574
11
2.5794893700787402
21
-4.368431929133858
0
LINE
8
BLACK
6
CONTINUOUS
10
2.5794893700787402
20
-4.368431929133858
11
2.5787401574803148
21
-4.3646653543307083
0
LINE
8
BLACK
6
CONTINUOUS
10
2.5787401574803148
20
-4.3646653543307083
11
2.5787401574803148
21
-4.3439960629921259
0
LINE
8
BLACK
6
CONTINUOUS
10
2.5787401574803148
20
-4.3439960629921259
11
2.5794893700787402
21
-4.3402294881889762
0
LINE
8
BLACK
6
CONTINUOUS
10
2.5794893700787402
20
-4.3402294881889762
11
2.5816229527559056
21
-4.3370363385826769
0
LINE
8
BLACK
6
CONTINUOUS
10
2.5816229527559056
20
-4.3370363385826769
11
2.5848161023622045
21
-4.334902755905512
0
LINE
8
BLACK
6
CONTINUOUS
10
2.5848161023622045
20
-4.334902755905512
11
2.5885826771653542
21
-4.3341535433070861
0
LINE
8
BLACK
6
CONTINUOUS
10
2.5885826771653542
20
-4.3341535433070861
11
2.6240157480314958
21
-4.3341535433070861
0
LINE
8
BLACK
6
CONTINUOUS
10
2.6240157480314958
20
-4.3341535433070861
11
2.6277823228346455
21
-4.334902755905512
0
LINE
8
BLACK
6
CONTINUOUS
10
2.7714225984251968
20
-4.3655829133858264
11
2.7720612204724411
21
-4.3660096456692914
0
LINE
8
BLACK
6
CONTINUOUS
10
2.7720612204724411
20
-4.3660096456692914
11
2.7724879527559056
21
-4.3666482677165357
0
LINE
8
BLACK
6
CONTINUOUS
10
2.7724879527559056
20
-4.3666482677165357
11
2.7726377952755903
21
-4.3674015748031492
0
LINE
8
BLACK
6
CONTINUOUS
10
2.7726377952755903
20
-4.3674015748031492
11
2.7726377952755903
21
-4.3713385826771649
0
LINE
8
BLACK
6
CONTINUOUS
10
2.7726377952755903
20
-4.3713385826771649
11
2.7724879527559056
21
-4.3720918897637793
0
LINE
8
BLACK
6
CONTINUOUS
10
2.7724879527559056
20
-4.3720918897637793
11
2.7720612204724411
21
-4.3727305118110236
0
LINE
8
BLACK
6
CONTINUOUS
10
2.7720612204724411
20
-4.3727305118110236
11
2.7714225984251968
21
-4.3731572440944877
0
LINE
8
BLACK
6
CONTINUOUS
10
2.7714225984251968
20
-4.3731572440944877
11
2.7706692913385824
21
-4.3733070866141732
0
LINE
8
BLACK
6
CONTINUOUS
10
2.7706692913385824
20
-4.3733070866141732
11
2.75
21
-4.3733070866141732
0
LINE
8
BLACK
6
CONTINUOUS
10
2.75
20
-4.3733070866141732
11
2.7492466929133856
21
-4.3731572440944877
0
LINE
8
BLACK
6
CONTINUOUS
10
2.7492466929133856
20
-4.3731572440944877
11
2.7486080708661418
21
-4.3727305118110236
0
LINE
8
BLACK
6
CONTINUOUS
10
2.7486080708661418
20
-4.3727305118110236
11
2.7481813385826772
21
-4.3720918897637793
0
LINE
8
BLACK
6
CONTINUOUS
10
2.7481813385826772
20
-4.3720918897637793
11
2.7480314960629921
21
-4.3713385826771649
0
LINE
8
BLACK
6
CONTINUOUS
10
2.7480314960629921
20
-4.3713385826771649
11
2.7480314960629921
21
-4.3674015748031492
0
LINE
8
BLACK
6
CONTINUOUS
10
2.7480314960629921
20
-4.3674015748031492
11
2.7481813385826772
21
-4.3666482677165357
0
LINE
8
BLACK
6
CONTINUOUS
10
2.7481813385826772
20
-4.3666482677165357
11
2.7486080708661418
21
-4.3660096456692914
0
LINE
8
BLACK
6
CONTINUOUS
10
2.7486080708661418
20
-4.3660096456692914
11
2.7492466929133856
21
-4.3655829133858264
0
LINE
8
BLACK
6
CONTINUOUS
10
2.7492466929133856
20
-4.3655829133858264
11
2.75
21
-4.3654330708661417
0
LINE
8
BLACK
6
CONTINUOUS
10
2.75
20
-4.3654330708661417
11
2.7706692913385824
21
-4.3654330708661417
0
LINE
8
BLACK
6
CONTINUOUS
10
2.7706692913385824
20
-4.3654330708661417
11
2.7714225984251968
21
-4.3655829133858264
0
LINE
8
BLACK
6
CONTINUOUS
10
2.8804777165354332
20
-4.3655829133858264
11
2.881116338582677
21
-4.3660096456692914
0
LINE
8
BLACK
6
CONTINUOUS
10
2.881116338582677
20
-4.3660096456692914
11
2.8815430708661416
21
-4.3666482677165357
0
LINE
8
BLACK
6
CONTINUOUS
10
2.8815430708661416
20
-4.3666482677165357
11
2.8816929133858267
21
-4.3674015748031492
0
LINE
8
BLACK
6
CONTINUOUS
10
2.8816929133858267
20
-4.3674015748031492
11
2.8816929133858267
21
-4.3713385826771649
0
LINE
8
BLACK
6
CONTINUOUS
10
2.8816929133858267
20
-4.3713385826771649
11
2.8815430708661416
21
-4.3720918897637793
0
LINE
8
BLACK
6
CONTINUOUS
10
2.8815430708661416
20
-4.3720918897637793
11
2.881116338582677
21
-4.3727305118110236
0
LINE
8
BLACK
6
CONTINUOUS
10
2.881116338582677
20
-4.3727305118110236
11
2.8804777165354332
21
-4.3731572440944877
0
LINE
8
BLACK
6
CONTINUOUS
10
2.8804777165354332
20
-4.3731572440944877
11
2.8797244094488188
21
-4.3733070866141732
0
LINE
8
BLACK
6
CONTINUOUS
10
2.8797244094488188
20
-4.3733070866141732
11
2.8590551181102359
21
-4.3733070866141732
0
LINE
8
BLACK
6
CONTINUOUS
10
2.8590551181102359
20
-4.3733070866141732
11
2.858301811023622
21
-4.3731572440944877
0
LINE
8
BLACK
6
CONTINUOUS
10
2.858301811023622
20
-4.3731572440944877
11
2.8576631889763777
21
-4.3727305118110236
0
LINE
8
BLACK
6
CONTINUOUS
10
2.8576631889763777
20
-4.3727305118110236
11
2.8572364566929132
21
-4.3720918897637793
0
LINE
8
BLACK
6
CONTINUOUS
10
2.8572364566929132
20
-4.3720918897637793
11
2.8570866141732281
21
-4.3713385826771649
0
LINE
8
BLACK
6
CONTINUOUS
10
2.8570866141732281
20
-4.3713385826771649
11
2.8570866141732281
21
-4.3674015748031492
0
LINE
8
BLACK
6
CONTINUOUS
10
2.8570866141732281
20
-4.3674015748031492
11
2.8572364566929132
21
-4.3666482677165357
0
LINE
8
BLACK
6
CONTINUOUS
10
2.8572364566929132
20
-4.3666482677165357
11
2.8576631889763777
21
-4.3660096456692914
0
LINE
8
BLACK
6
CONTINUOUS
10
2.8576631889763777
20
-4.3660096456692914
11
2.858301811023622
21
-4.3655829133858264
0
LINE
8
BLACK
6
CONTINUOUS
10
2.858301811023622
20
-4.3655829133858264
11
2.8590551181102359
21
-4.3654330708661417
0
LINE
8
BLACK
6
CONTINUOUS
10
2.8590551181102359
20
-4.3654330708661417
11
2.8797244094488188
21
-4.3654330708661417
0
LINE
8
BLACK
6
CONTINUOUS
10
2.8797244094488188
20
-4.3654330708661417
11
2.8804777165354332
21
-4.3655829133858264
0
LINE
8
BLACK
6
CONTINUOUS
10
3.821679960629921
20
-4.3324421259842518
11
3.8248731102362203
21
-4.3345757086614176
0
LINE
8
BLACK
6
CONTINUOUS
10
3.8248731102362203
20
-4.3345757086614176
11
3.8270066929133857
21
-4.3377688582677161
0
LINE
8
BLACK
6
CONTINUOUS
10
3.8270066929133857
20
-4.3377688582677161
11
3.8277559055118111
21
-4.3415354330708658
0
LINE
8
BLACK
6
CONTINUOUS
10
3.8277559055118111
20
-4.3415354330708658
11
3.8277559055118111
21
-4.3612204724409445
0
LINE
8
BLACK
6
CONTINUOUS
10
3.8277559055118111
20
-4.3612204724409445
11
3.8270066929133857
21
-4.3649870472440941
0
LINE
8
BLACK
6
CONTINUOUS
10
3.8270066929133857
20
-4.3649870472440941
11
3.8248731102362203
21
-4.3681801968503935
0
LINE
8
BLACK
6
CONTINUOUS
10
3.8248731102362203
20
-4.3681801968503935
11
3.821679960629921
21
-4.3703137795275593
0
LINE
8
BLACK
6
CONTINUOUS
10
3.821679960629921
20
-4.3703137795275593
11
3.8179133858267718
21
-4.3710629921259843
0
LINE
8
BLACK
6
CONTINUOUS
10
3.8179133858267718
20
-4.3710629921259843
11
3.7805118110236218
21
-4.3710629921259843
0
LINE
8
BLACK
6
CONTINUOUS
10
3.7805118110236218
20
-4.3710629921259843
11
3.7767452362204725
21
-4.3703137795275593
0
LINE
8
BLACK
6
CONTINUOUS
10
3.7767452362204725
20
-4.3703137795275593
11
3.7735520866141732
21
-4.3681801968503935
0
LINE
8
BLACK
6
CONTINUOUS
10
3.7735520866141732
20
-4.3681801968503935
11
3.7714185039370078
21
-4.3649870472440941
0
LINE
8
BLACK
6
CONTINUOUS
10
3.7714185039370078
20
-4.3649870472440941
11
3.7706692913385824
21
-4.3612204724409445
0
LINE
8
BLACK
6
CONTINUOUS
10
3.7706692913385824
20
-4.3612204724409445
11
3.7706692913385824
21
-4.3415354330708658
0
LINE
8
BLACK
6
CONTINUOUS
10
3.7706692913385824
20
-4.3415354330708658
11
3.7714185039370078
21
-4.3377688582677161
0
LINE
8
BLACK
6
CONTINUOUS
10
3.7714185039370078
20
-4.3377688582677161
11
3.7735520866141732
21
-4.3345757086614176
0
LINE
8
BLACK
6
CONTINUOUS
10
3.7735520866141732
20
-4.3345757086614176
11
3.7767452362204725
21
-4.3324421259842518
0
LINE
8
BLACK
6
CONTINUOUS
10
3.7767452362204725
20
-4.3324421259842518
11
3.7805118110236218
21
-4.3316929133858268
0
LINE
8
BLACK
6
CONTINUOUS
10
3.7805118110236218
20
-4.3316929133858268
11
3.8179133858267718
21
-4.3316929133858268
0
LINE
8
BLACK
6
CONTINUOUS
10
3.8179133858267718
20
-4.3316929133858268
11
3.821679960629921
21
-4.3324421259842518
0
LINE
8
BLACK
6
CONTINUOUS
10
2.7714225984251968
20
-4.3498348818897634
11
2.7720612204724411
21
-4.3502616141732284
0
LINE
8
BLACK
6
CONTINUOUS
10
2.7720612204724411
20
-4.3502616141732284
11
2.7724879527559056
21
-4.3509002362204727
0
LINE
8
BLACK
6
CONTINUOUS
10
2.7724879527559056
20
-4.3509002362204727
11
2.7726377952755903
21
-4.3516535433070862
0
LINE
8
BLACK
6
CONTINUOUS
10
2.7726377952755903
20
-4.3516535433070862
11
2.7726377952755903
21
-4.3555905511811019
0
LINE
8
BLACK
6
CONTINUOUS
10
2.7726377952755903
20
-4.3555905511811019
11
2.7724879527559056
21
-4.3563438582677163
0
LINE
8
BLACK
6
CONTINUOUS
10
2.7724879527559056
20
-4.3563438582677163
11
2.7720612204724411
21
-4.3569824803149606
0
LINE
8
BLACK
6
CONTINUOUS
10
2.7720612204724411
20
-4.3569824803149606
11
2.7714225984251968
21
-4.3574092125984247
0
LINE
8
BLACK
6
CONTINUOUS
10
2.7714225984251968
20
-4.3574092125984247
11
2.7706692913385824
21
-4.3575590551181103
0
LINE
8
BLACK
6
CONTINUOUS
10
2.7706692913385824
20
-4.3575590551181103
11
2.75
21
-4.3575590551181103
0
LINE
8
BLACK
6
CONTINUOUS
10
2.75
20
-4.3575590551181103
11
2.7492466929133856
21
-4.3574092125984247
0
LINE
8
BLACK
6
CONTINUOUS
10
2.7492466929133856
20
-4.3574092125984247
11
2.7486080708661418
21
-4.3569824803149606
0
LINE
8
BLACK
6
CONTINUOUS
10
2.7486080708661418
20
-4.3569824803149606
11
2.7481813385826772
21
-4.3563438582677163
0
LINE
8
BLACK
6
CONTINUOUS
10
2.7481813385826772
20
-4.3563438582677163
11
2.7480314960629921
21
-4.3555905511811019
0
LINE
8
BLACK
6
CONTINUOUS
10
2.7480314960629921
20
-4.3555905511811019
11
2.7480314960629921
21
-4.3516535433070862
0
LINE
8
BLACK
6
CONTINUOUS
10
2.7480314960629921
20
-4.3516535433070862
11
2.7481813385826772
21
-4.3509002362204727
0
LINE
8
BLACK
6
CONTINUOUS
10
2.7481813385826772
20
-4.3509002362204727
11
2.7486080708661418
21
-4.3502616141732284
0
LINE
8
BLACK
6
CONTINUOUS
10
2.7486080708661418
20
-4.3502616141732284
11
2.7492466929133856
21
-4.3498348818897634
0
LINE
8
BLACK
6
CONTINUOUS
10
2.7492466929133856
20
-4.3498348818897634
11
2.75
21
-4.3496850393700788
0
LINE
8
BLACK
6
CONTINUOUS
10
2.75
20
-4.3496850393700788
11
2.7706692913385824
21
-4.3496850393700788
0
LINE
8
BLACK
6
CONTINUOUS
10
2.7706692913385824
20
-4.3496850393700788
11
2.7714225984251968
21
-4.3498348818897634
0
LINE
8
BLACK
6
CONTINUOUS
10
2.8804777165354332
20
-4.3498348818897634
11
2.881116338582677
21
-4.3502616141732284
0
LINE
8
BLACK
6
CONTINUOUS
10
2.881116338582677
20
-4.3502616141732284
11
2.8815430708661416
21
-4.3509002362204727
0
LINE
8
BLACK
6
CONTINUOUS
10
2.8815430708661416
20
-4.3509002362204727
11
2.8816929133858267
21
-4.3516535433070862
0
LINE
8
BLACK
6
CONTINUOUS
10
2.8816929133858267
20
-4.3516535433070862
11
2.8816929133858267
21
-4.3555905511811019
0
LINE
8
BLACK
6
CONTINUOUS
10
2.8816929133858267
20
-4.3555905511811019
11
2.8815430708661416
21
-4.3563438582677163
0
LINE
8
BLACK
6
CONTINUOUS
10
2.8815430708661416
20
-4.3563438582677163
11
2.881116338582677
21
-4.3569824803149606
0
LINE
8
BLACK
6
CONTINUOUS
10
2.881116338582677
20
-4.3569824803149606
11
2.8804777165354332
21
-4.3574092125984247
0
LINE
8
BLACK
6
CONTINUOUS
10
2.8804777165354332
20
-4.3574092125984247
11
2.8797244094488188
21
-4.3575590551181103
0
LINE
8
BLACK
6
CONTINUOUS
10
2.8797244094488188
20
-4.3575590551181103
11
2.8590551181102359
21
-4.3575590551181103
0
LINE
8
BLACK
6
CONTINUOUS
10
2.8590551181102359
20
-4.3575590551181103
11
2.858301811023622
21
-4.3574092125984247
0
LINE
8
BLACK
6
CONTINUOUS
10
2.858301811023622
20
-4.3574092125984247
11
2.8576631889763777
21
-4.3569824803149606
0
LINE
8
BLACK
6
CONTINUOUS
10
2.8576631889763777
20
-4.3569824803149606
11
2.8572364566929132
21
-4.3563438582677163
0
LINE
8
BLACK
6
CONTINUOUS
10
2.8572364566929132
20
-4.3563438582677163
11
2.8570866141732281
21
-4.3555905511811019
0
LINE
8
BLACK
6
CONTINUOUS
10
2.8570866141732281
20
-4.3555905511811019
11
2.8570866141732281
21
-4.3516535433070862
0
LINE
8
BLACK
6
CONTINUOUS
10
2.8570866141732281
20
-4.3516535433070862
11
2.8572364566929132
21
-4.3509002362204727
0
LINE
8
BLACK
6
CONTINUOUS
10
2.8572364566929132
20
-4.3509002362204727
11
2.8576631889763777
21
-4.3502616141732284
0
LINE
8
BLACK
6
CONTINUOUS
10
2.8576631889763777
20
-4.3502616141732284
11
2.858301811023622
21
-4.3498348818897634
0
LINE
8
BLACK
6
CONTINUOUS
10
2.858301811023622
20
-4.3498348818897634
11
2.8590551181102359
21
-4.3496850393700788
0
LINE
8
BLACK
6
CONTINUOUS
10
2.8590551181102359
20
-4.3496850393700788
11
2.8797244094488188
21
-4.3496850393700788
0
LINE
8
BLACK
6
CONTINUOUS
10
2.8797244094488188
20
-4.3496850393700788
11
2.8804777165354332
21
-4.3498348818897634
0
LINE
8
BLACK
6
CONTINUOUS
10
3.0175461023622048
20
-4.3009460629921259
11
3.0207392519685037
21
-4.3030796456692908
0
LINE
8
BLACK
6
CONTINUOUS
10
3.0207392519685037
20
-4.3030796456692908
11
3.022872834645669
21
-4.3062727952755901
0
LINE
8
BLACK
6
CONTINUOUS
10
3.022872834645669
20
-4.3062727952755901
11
3.0236220472440944
21
-4.3100393700787398
0
LINE
8
BLACK
6
CONTINUOUS
10
3.0236220472440944
20
-4.3100393700787398
11
3.0236220472440944
21
-4.3395669291338583
0
LINE
8
BLACK
6
CONTINUOUS
10
3.0236220472440944
20
-4.3395669291338583
11
3.022872834645669
21
-4.343333503937008
0
LINE
8
BLACK
6
CONTINUOUS
10
3.022872834645669
20
-4.343333503937008
11
3.0207392519685037
21
-4.3465266535433074
0
LINE
8
BLACK
6
CONTINUOUS
10
3.0207392519685037
20
-4.3465266535433074
11
3.0175461023622048
21
-4.3486602362204723
0
LINE
8
BLACK
6
CONTINUOUS
10
3.0175461023622048
20
-4.3486602362204723
11
3.0137795275590551
21
-4.3494094488188972
0
LINE
8
BLACK
6
CONTINUOUS
10
3.0137795275590551
20
-4.3494094488188972
11
2.9468503937007875
21
-4.3494094488188972
0
LINE
8
BLACK
6
CONTINUOUS
10
2.9468503937007875
20
-4.3494094488188972
11
2.9430838188976378
21
-4.3486602362204723
0
LINE
8
BLACK
6
CONTINUOUS
10
2.9430838188976378
20
-4.3486602362204723
11
2.9398906692913385
21
-4.3465266535433074
0
LINE
8
BLACK
6
CONTINUOUS
10
2.9398906692913385
20
-4.3465266535433074
11
2.9377570866141731
21
-4.343333503937008
0
LINE
8
BLACK
6
CONTINUOUS
10
2.9377570866141731
20
-4.343333503937008
11
2.9370078740157481
21
-4.3395669291338583
0
LINE
8
BLACK
6
CONTINUOUS
10
2.9370078740157481
20
-4.3395669291338583
11
2.9370078740157481
21
-4.3100393700787398
0
LINE
8
BLACK
6
CONTINUOUS
10
2.9370078740157481
20
-4.3100393700787398
11
2.9377570866141731
21
-4.3062727952755901
0
LINE
8
BLACK
6
CONTINUOUS
10
2.9377570866141731
20
-4.3062727952755901
11
2.9398906692913385
21
-4.3030796456692908
0
LINE
8
BLACK
6
CONTINUOUS
10
2.9398906692913385
20
-4.3030796456692908
11
2.9430838188976378
21
-4.3009460629921259
0
LINE
8
BLACK
6
CONTINUOUS
10
2.9430838188976378
20
-4.3009460629921259
11
2.9468503937007875
21
-4.3001968503937009
0
LINE
8
BLACK
6
CONTINUOUS
10
2.9468503937007875
20
-4.3001968503937009
11
3.0137795275590551
21
-4.3001968503937009
0
LINE
8
BLACK
6
CONTINUOUS
10
3.0137795275590551
20
-4.3001968503937009
11
3.0175461023622048
21
-4.3009460629921259
0
LINE
8
BLACK
6
CONTINUOUS
10
2.8245722047244093
20
-4.3090081102362205
11
2.8252108267716536
21
-4.3094348425196847
0
LINE
8
BLACK
6
CONTINUOUS
10
2.8252108267716536
20
-4.3094348425196847
11
2.8256375590551182
21
-4.310073464566929
0
LINE
8
BLACK
6
CONTINUOUS
10
2.8256375590551182
20
-4.310073464566929
11
2.8257874015748032
21
-4.3108267716535433
0
LINE
8
BLACK
6
CONTINUOUS
10
2.8257874015748032
20
-4.3108267716535433
11
2.8257874015748032
21
-4.346259842519685
0
LINE
8
BLACK
6
CONTINUOUS
10
2.8257874015748032
20
-4.346259842519685
11
2.8256375590551182
21
-4.3470131496062994
0
LINE
8
BLACK
6
CONTINUOUS
10
2.8256375590551182
20
-4.3470131496062994
11
2.8252108267716536
21
-4.3476517716535428
0
LINE
8
BLACK
6
CONTINUOUS
10
2.8252108267716536
20
-4.3476517716535428
11
2.8245722047244093
21
-4.3480785039370078
0
LINE
8
BLACK
6
CONTINUOUS
10
2.8245722047244093
20
-4.3480785039370078
11
2.8238188976377954
21
-4.3482283464566924
0
LINE
8
BLACK
6
CONTINUOUS
10
2.8238188976377954
20
-4.3482283464566924
11
2.8198818897637796
21
-4.3482283464566924
0
LINE
8
BLACK
6
CONTINUOUS
10
2.8198818897637796
20
-4.3482283464566924
11
2.8191285826771653
21
-4.3480785039370078
0
LINE
8
BLACK
6
CONTINUOUS
10
2.8191285826771653
20
-4.3480785039370078
11
2.8184899606299214
21
-4.3476517716535428
0
LINE
8
BLACK
6
CONTINUOUS
10
2.8184899606299214
20
-4.3476517716535428
11
2.8180632283464568
21
-4.3470131496062994
0
LINE
8
BLACK
6
CONTINUOUS
10
2.8180632283464568
20
-4.3470131496062994
11
2.8179133858267718
21
-4.346259842519685
0
LINE
8
BLACK
6
CONTINUOUS
10
2.8179133858267718
20
-4.346259842519685
11
2.8179133858267718
21
-4.3108267716535433
0
LINE
8
BLACK
6
CONTINUOUS
10
2.8179133858267718
20
-4.3108267716535433
11
2.8180632283464568
21
-4.310073464566929
0
LINE
8
BLACK
6
CONTINUOUS
10
2.8180632283464568
20
-4.310073464566929
11
2.8184899606299214
21
-4.3094348425196847
0
LINE
8
BLACK
6
CONTINUOUS
10
2.8184899606299214
20
-4.3094348425196847
11
2.8191285826771653
21
-4.3090081102362205
0
LINE
8
BLACK
6
CONTINUOUS
10
2.8191285826771653
20
-4.3090081102362205
11
2.8198818897637796
21
-4.308858267716535
0
LINE
8
BLACK
6
CONTINUOUS
10
2.8198818897637796
20
-4.308858267716535
11
2.8238188976377954
21
-4.308858267716535
0
LINE
8
BLACK
6
CONTINUOUS
10
2.8238188976377954
20
-4.308858267716535
11
2.8245722047244093
21
-4.3090081102362205
0
LINE
8
BLACK
6
CONTINUOUS
10
2.8403202362204722
20
-4.3090081102362205
11
2.8409588582677165
21
-4.3094348425196847
0
LINE
8
BLACK
6
CONTINUOUS
10
2.8409588582677165
20
-4.3094348425196847
11
2.8413855905511811
21
-4.310073464566929
0
LINE
8
BLACK
6
CONTINUOUS
10
2.8413855905511811
20
-4.310073464566929
11
2.8415354330708662
21
-4.3108267716535433
0
LINE
8
BLACK
6
CONTINUOUS
10
2.8415354330708662
20
-4.3108267716535433
11
2.8415354330708662
21
-4.346259842519685
0
LINE
8
BLACK
6
CONTINUOUS
10
2.8415354330708662
20
-4.346259842519685
11
2.8413855905511811
21
-4.3470131496062994
0
LINE
8
BLACK
6
CONTINUOUS
10
2.8413855905511811
20
-4.3470131496062994
11
2.8409588582677165
21
-4.3476517716535428
0
LINE
8
BLACK
6
CONTINUOUS
10
2.8409588582677165
20
-4.3476517716535428
11
2.8403202362204722
21
-4.3480785039370078
0
LINE
8
BLACK
6
CONTINUOUS
10
2.8403202362204722
20
-4.3480785039370078
11
2.8395669291338583
21
-4.3482283464566924
0
LINE
8
BLACK
6
CONTINUOUS
10
2.8395669291338583
20
-4.3482283464566924
11
2.8356299212598426
21
-4.3482283464566924
0
LINE
8
BLACK
6
CONTINUOUS
10
2.8356299212598426
20
-4.3482283464566924
11
2.8348766141732282
21
-4.3480785039370078
0
LINE
8
BLACK
6
CONTINUOUS
10
2.8348766141732282
20
-4.3480785039370078
11
2.8342379921259844
21
-4.3476517716535428
0
LINE
8
BLACK
6
CONTINUOUS
10
2.8342379921259844
20
-4.3476517716535428
11
2.8338112598425198
21
-4.3470131496062994
0
LINE
8
BLACK
6
CONTINUOUS
10
2.8338112598425198
20
-4.3470131496062994
11
2.8336614173228347
21
-4.346259842519685
0
LINE
8
BLACK
6
CONTINUOUS
10
2.8336614173228347
20
-4.346259842519685
11
2.8336614173228347
21
-4.3108267716535433
0
LINE
8
BLACK
6
CONTINUOUS
10
2.8336614173228347
20
-4.3108267716535433
11
2.8338112598425198
21
-4.310073464566929
0
LINE
8
BLACK
6
CONTINUOUS
10
2.8338112598425198
20
-4.310073464566929
11
2.8342379921259844
21
-4.3094348425196847
0
LINE
8
BLACK
6
CONTINUOUS
10
2.8342379921259844
20
-4.3094348425196847
11
2.8348766141732282
21
-4.3090081102362205
0
LINE
8
BLACK
6
CONTINUOUS
10
2.8348766141732282
20
-4.3090081102362205
11
2.8356299212598426
21
-4.308858267716535
0
LINE
8
BLACK
6
CONTINUOUS
10
2.8356299212598426
20
-4.308858267716535
11
2.8395669291338583
21
-4.308858267716535
0
LINE
8
BLACK
6
CONTINUOUS
10
2.8395669291338583
20
-4.308858267716535
11
2.8403202362204722
21
-4.3090081102362205
0
LINE
8
BLACK
6
CONTINUOUS
10
3.6832336220472439
20
-4.3298742519685041
11
3.6838722440944882
21
-4.3303009842519682
0
LINE
8
BLACK
6
CONTINUOUS
10
3.6838722440944882
20
-4.3303009842519682
11
3.6842989763779528
21
-4.3309396062992125
0
LINE
8
BLACK
6
CONTINUOUS
10
3.6842989763779528
20
-4.3309396062992125
11
3.6844488188976379
21
-4.3316929133858268
0
LINE
8
BLACK
6
CONTINUOUS
10
3.6844488188976379
20
-4.3316929133858268
11
3.6844488188976379
21
-4.3395669291338583
0
LINE
8
BLACK
6
CONTINUOUS
10
3.6844488188976379
20
-4.3395669291338583
11
3.6842989763779528
21
-4.3403202362204727
0
LINE
8
BLACK
6
CONTINUOUS
10
3.6842989763779528
20
-4.3403202362204727
11
3.6838722440944882
21
-4.3409588582677161
0
LINE
8
BLACK
6
CONTINUOUS
10
3.6838722440944882
20
-4.3409588582677161
11
3.6832336220472439
21
-4.3413855905511811
0
LINE
8
BLACK
6
CONTINUOUS
10
3.6832336220472439
20
-4.3413855905511811
11
3.68248031496063
21
-4.3415354330708658
0
LINE
8
BLACK
6
CONTINUOUS
10
3.68248031496063
20
-4.3415354330708658
11
3.6600393700787399
21
-4.3415354330708658
0
LINE
8
BLACK
6
CONTINUOUS
10
3.6600393700787399
20
-4.3415354330708658
11
3.659286062992126
21
-4.3413855905511811
0
LINE
8
BLACK
6
CONTINUOUS
10
3.659286062992126
20
-4.3413855905511811
11
3.6586474409448817
21
-4.3409588582677161
0
LINE
8
BLACK
6
CONTINUOUS
10
3.6586474409448817
20
-4.3409588582677161
11
3.6582207086614171
21
-4.3403202362204727
0
LINE
8
BLACK
6
CONTINUOUS
10
3.6582207086614171
20
-4.3403202362204727
11
3.658070866141732
21
-4.3395669291338583
0
LINE
8
BLACK
6
CONTINUOUS
10
3.658070866141732
20
-4.3395669291338583
11
3.658070866141732
21
-4.3316929133858268
0
LINE
8
BLACK
6
CONTINUOUS
10
3.658070866141732
20
-4.3316929133858268
11
3.6582207086614171
21
-4.3309396062992125
0
LINE
8
BLACK
6
CONTINUOUS
10
3.6582207086614171
20
-4.3309396062992125
11
3.6586474409448817
21
-4.3303009842519682
0
LINE
8
BLACK
6
CONTINUOUS
10
3.6586474409448817
20
-4.3303009842519682
11
3.659286062992126
21
-4.3298742519685041
0
LINE
8
BLACK
6
CONTINUOUS
10
3.659286062992126
20
-4.3298742519685041
11
3.6600393700787399
21
-4.3297244094488185
0
LINE
8
BLACK
6
CONTINUOUS
10
3.6600393700787399
20
-4.3297244094488185
11
3.68248031496063
21
-4.3297244094488185
0
LINE
8
BLACK
6
CONTINUOUS
10
3.68248031496063
20
-4.3297244094488185
11
3.6832336220472439
21
-4.3298742519685041
0
LINE
8
BLACK
6
CONTINUOUS
10
3.741501338582677
20
-4.3298742519685041
11
3.7421399606299213
21
-4.3303009842519682
0
LINE
8
BLACK
6
CONTINUOUS
10
3.7421399606299213
20
-4.3303009842519682
11
3.7425666929133858
21
-4.3309396062992125
0
LINE
8
BLACK
6
CONTINUOUS
10
3.7425666929133858
20
-4.3309396062992125
11
3.7427165354330709
21
-4.3316929133858268
0
LINE
8
BLACK
6
CONTINUOUS
10
3.7427165354330709
20
-4.3316929133858268
11
3.7427165354330709
21
-4.3395669291338583
0
LINE
8
BLACK
6
CONTINUOUS
10
3.7427165354330709
20
-4.3395669291338583
11
3.7425666929133858
21
-4.3403202362204727
0
LINE
8
BLACK
6
CONTINUOUS
10
3.7425666929133858
20
-4.3403202362204727
11
3.7421399606299213
21
-4.3409588582677161
0
LINE
8
BLACK
6
CONTINUOUS
10
3.7421399606299213
20
-4.3409588582677161
11
3.741501338582677
21
-4.3413855905511811
0
LINE
8
BLACK
6
CONTINUOUS
10
3.741501338582677
20
-4.3413855905511811
11
3.7407480314960631
21
-4.3415354330708658
0
LINE
8
BLACK
6
CONTINUOUS
10
3.7407480314960631
20
-4.3415354330708658
11
3.718307086614173
21
-4.3415354330708658
0
LINE
8
BLACK
6
CONTINUOUS
10
3.718307086614173
20
-4.3415354330708658
11
3.7175537795275591
21
-4.3413855905511811
0
LINE
8
BLACK
6
CONTINUOUS
10
3.7175537795275591
20
-4.3413855905511811
11
3.7169151574803148
21
-4.3409588582677161
0
LINE
8
BLACK
6
CONTINUOUS
10
3.7169151574803148
20
-4.3409588582677161
11
3.7164884251968502
21
-4.3403202362204727
0
LINE
8
BLACK
6
CONTINUOUS
10
3.7164884251968502
20
-4.3403202362204727
11
3.7163385826771651
21
-4.3395669291338583
0
LINE
8
BLACK
6
CONTINUOUS
10
3.7163385826771651
20
-4.3395669291338583
11
3.7163385826771651
21
-4.3316929133858268
0
LINE
8
BLACK
6
CONTINUOUS
10
3.7163385826771651
20
-4.3316929133858268
11
3.7164884251968502
21
-4.3309396062992125
0
LINE
8
BLACK
6
CONTINUOUS
10
3.7164884251968502
20
-4.3309396062992125
11
3.7169151574803148
21
-4.3303009842519682
0
LINE
8
BLACK
6
CONTINUOUS
10
3.7169151574803148
20
-4.3303009842519682
11
3.7175537795275591
21
-4.3298742519685041
0
LINE
8
BLACK
6
CONTINUOUS
10
3.7175537795275591
20
-4.3298742519685041
11
3.718307086614173
21
-4.3297244094488185
0
LINE
8
BLACK
6
CONTINUOUS
10
3.718307086614173
20
-4.3297244094488185
11
3.7407480314960631
21
-4.3297244094488185
0
LINE
8
BLACK
6
CONTINUOUS
10
3.7407480314960631
20
-4.3297244094488185
11
3.741501338582677
21
-4.3298742519685041
0
LINE
8
BLACK
6
CONTINUOUS
10
2.7753596062992125
20
-4.305267952755905
11
2.7759982283464568
21
-4.30569468503937
0
LINE
8
BLACK
6
CONTINUOUS
10
2.7759982283464568
20
-4.30569468503937
11
2.7764249606299214
21
-4.3063333070866143
0
LINE
8
BLACK
6
CONTINUOUS
10
2.7764249606299214
20
-4.3063333070866143
11
2.776574803149606
21
-4.3070866141732287
0
LINE
8
BLACK
6
CONTINUOUS
10
2.776574803149606
20
-4.3070866141732287
11
2.776574803149606
21
-4.3336614173228343
0
LINE
8
BLACK
6
CONTINUOUS
10
2.776574803149606
20
-4.3336614173228343
11
2.7764249606299214
21
-4.3344147244094486
0
LINE
8
BLACK
6
CONTINUOUS
10
2.7764249606299214
20
-4.3344147244094486
11
2.7759982283464568
21
-4.3350533464566929
0
LINE
8
BLACK
6
CONTINUOUS
10
2.7759982283464568
20
-4.3350533464566929
11
2.7753596062992125
21
-4.3354800787401571
0
LINE
8
BLACK
6
CONTINUOUS
10
2.7753596062992125
20
-4.3354800787401571
11
2.7746062992125982
21
-4.3356299212598426
0
LINE
8
BLACK
6
CONTINUOUS
10
2.7746062992125982
20
-4.3356299212598426
11
2.7706692913385824
21
-4.3356299212598426
0
LINE
8
BLACK
6
CONTINUOUS
10
2.7706692913385824
20
-4.3356299212598426
11
2.7480314960629921
21
-4.3356299212598426
0
LINE
8
BLACK
6
CONTINUOUS
10
2.7480314960629921
20
-4.3356299212598426
11
2.7472781889763778
21
-4.3354800787401571
0
LINE
8
BLACK
6
CONTINUOUS
10
2.7472781889763778
20
-4.3354800787401571
11
2.7466395669291339
21
-4.3350533464566929
0
LINE
8
BLACK
6
CONTINUOUS
10
2.7466395669291339
20
-4.3350533464566929
11
2.7462128346456693
21
-4.3344147244094486
0
LINE
8
BLACK
6
CONTINUOUS
10
2.7462128346456693
20
-4.3344147244094486
11
2.7460629921259843
21
-4.3336614173228343
0
LINE
8
BLACK
6
CONTINUOUS
10
2.7460629921259843
20
-4.3336614173228343
11
2.7460629921259843
21
-4.3297244094488185
0
LINE
8
BLACK
6
CONTINUOUS
10
2.7460629921259843
20
-4.3297244094488185
11
2.7462128346456693
21
-4.3289711023622051
0
LINE
8
BLACK
6
CONTINUOUS
10
2.7462128346456693
20
-4.3289711023622051
11
2.7466395669291339
21
-4.3283324803149608
0
LINE
8
BLACK
6
CONTINUOUS
10
2.7466395669291339
20
-4.3283324803149608
11
2.7472781889763778
21
-4.3279057480314957
0
LINE
8
BLACK
6
CONTINUOUS
10
2.7472781889763778
20
-4.3279057480314957
11
2.7480314960629921
21
-4.3277559055118111
0
LINE
8
BLACK
6
CONTINUOUS
10
2.7480314960629921
20
-4.3277559055118111
11
2.7687007874015745
21
-4.3277559055118111
0
LINE
8
BLACK
6
CONTINUOUS
10
2.7687007874015745
20
-4.3277559055118111
11
2.7687007874015745
21
-4.3070866141732287
0
LINE
8
BLACK
6
CONTINUOUS
10
2.7687007874015745
20
-4.3070866141732287
11
2.7688506299212596
21
-4.3063333070866143
0
LINE
8
BLACK
6
CONTINUOUS
10
2.7688506299212596
20
-4.3063333070866143
11
2.7692773622047242
21
-4.30569468503937
0
LINE
8
BLACK
6
CONTINUOUS
10
2.7692773622047242
20
-4.30569468503937
11
2.7699159842519685
21
-4.305267952755905
0
LINE
8
BLACK
6
CONTINUOUS
10
2.7699159842519685
20
-4.305267952755905
11
2.7706692913385824
21
-4.3051181102362204
0
LINE
8
BLACK
6
CONTINUOUS
10
2.7706692913385824
20
-4.3051181102362204
11
2.7746062992125982
21
-4.3051181102362204
0
LINE
8
BLACK
6
CONTINUOUS
10
2.7746062992125982
20
-4.3051181102362204
11
2.7753596062992125
21
-4.305267952755905
0
LINE
8
BLACK
6
CONTINUOUS
10
2.860005275590551
20
-4.305267952755905
11
2.8606438976377953
21
-4.30569468503937
0
LINE
8
BLACK
6
CONTINUOUS
10
2.8606438976377953
20
-4.30569468503937
11
2.8610706299212598
21
-4.3063333070866143
0
LINE
8
BLACK
6
CONTINUOUS
10
2.8610706299212598
20
-4.3063333070866143
11
2.8612204724409449
21
-4.3070866141732287
0
LINE
8
BLACK
6
CONTINUOUS
10
2.8612204724409449
20
-4.3070866141732287
11
2.8612204724409449
21
-4.3277559055118111
0
LINE
8
BLACK
6
CONTINUOUS
10
2.8612204724409449
20
-4.3277559055118111
11
2.8838582677165352
21
-4.3277559055118111
0
LINE
8
BLACK
6
CONTINUOUS
10
2.8838582677165352
20
-4.3277559055118111
11
2.8846115748031496
21
-4.3279057480314957
0
LINE
8
BLACK
6
CONTINUOUS
10
2.8846115748031496
20
-4.3279057480314957
11
2.8852501968503939
21
-4.3283324803149608
0
LINE
8
BLACK
6
CONTINUOUS
10
2.8852501968503939
20
-4.3283324803149608
11
2.885676929133858
21
-4.3289711023622051
0
LINE
8
BLACK
6
CONTINUOUS
10
2.885676929133858
20
-4.3289711023622051
11
2.8858267716535431
21
-4.3297244094488185
0
LINE
8
BLACK
6
CONTINUOUS
10
2.8858267716535431
20
-4.3297244094488185
11
2.8858267716535431
21
-4.3336614173228343
0
LINE
8
BLACK
6
CONTINUOUS
10
2.8858267716535431
20
-4.3336614173228343
11
2.885676929133858
21
-4.3344147244094486
0
LINE
8
BLACK
6
CONTINUOUS
10
2.885676929133858
20
-4.3344147244094486
11
2.8852501968503939
21
-4.3350533464566929
0
LINE
8
BLACK
6
CONTINUOUS
10
2.8852501968503939
20
-4.3350533464566929
11
2.8846115748031496
21
-4.3354800787401571
0
LINE
8
BLACK
6
CONTINUOUS
10
2.8846115748031496
20
-4.3354800787401571
11
2.8838582677165352
21
-4.3356299212598426
0
LINE
8
BLACK
6
CONTINUOUS
10
2.8838582677165352
20
-4.3356299212598426
11
2.8553149606299213
21
-4.3356299212598426
0
LINE
8
BLACK
6
CONTINUOUS
10
2.8553149606299213
20
-4.3356299212598426
11
2.8545616535433069
21
-4.3354800787401571
0
LINE
8
BLACK
6
CONTINUOUS
10
2.8545616535433069
20
-4.3354800787401571
11
2.8539230314960631
21
-4.3350533464566929
0
LINE
8
BLACK
6
CONTINUOUS
10
2.8539230314960631
20
-4.3350533464566929
11
2.8534962992125985
21
-4.3344147244094486
0
LINE
8
BLACK
6
CONTINUOUS
10
2.8534962992125985
20
-4.3344147244094486
11
2.8533464566929134
21
-4.3336614173228343
0
LINE
8
BLACK
6
CONTINUOUS
10
2.8533464566929134
20
-4.3336614173228343
11
2.8533464566929134
21
-4.3297244094488185
0
LINE
8
BLACK
6
CONTINUOUS
10
2.8533464566929134
20
-4.3297244094488185
11
2.8533464566929134
21
-4.3070866141732287
0
LINE
8
BLACK
6
CONTINUOUS
10
2.8533464566929134
20
-4.3070866141732287
11
2.8534962992125985
21
-4.3063333070866143
0
LINE
8
BLACK
6
CONTINUOUS
10
2.8534962992125985
20
-4.3063333070866143
11
2.8539230314960631
21
-4.30569468503937
0
LINE
8
BLACK
6
CONTINUOUS
10
2.8539230314960631
20
-4.30569468503937
11
2.8545616535433069
21
-4.305267952755905
0
LINE
8
BLACK
6
CONTINUOUS
10
2.8545616535433069
20
-4.305267952755905
11
2.8553149606299213
21
-4.3051181102362204
0
LINE
8
BLACK
6
CONTINUOUS
10
2.8553149606299213
20
-4.3051181102362204
11
2.859251968503937
21
-4.3051181102362204
0
LINE
8
BLACK
6
CONTINUOUS
10
2.859251968503937
20
-4.3051181102362204
11
2.860005275590551
21
-4.305267952755905
0
LINE
8
BLACK
6
CONTINUOUS
10
2.7163650000000001
20
-4.2955326771653546
11
2.719558149606299
21
-4.2976662598425195
0
LINE
8
BLACK
6
CONTINUOUS
10
2.719558149606299
20
-4.2976662598425195
11
2.7216917322834644
21
-4.3008594094488188
0
LINE
8
BLACK
6
CONTINUOUS
10
2.7216917322834644
20
-4.3008594094488188
11
2.7224409448818898
21
-4.3046259842519685
0
LINE
8
BLACK
6
CONTINUOUS
10
2.7224409448818898
20
-4.3046259842519685
11
2.7224409448818898
21
-4.3252952755905509
0
LINE
8
BLACK
6
CONTINUOUS
10
2.7224409448818898
20
-4.3252952755905509
11
2.7216917322834644
21
-4.3290618503937006
0
LINE
8
BLACK
6
CONTINUOUS
10
2.7216917322834644
20
-4.3290618503937006
11
2.719558149606299
21
-4.332255
0
LINE
8
BLACK
6
CONTINUOUS
10
2.719558149606299
20
-4.332255
11
2.7163650000000001
21
-4.3343885826771649
0
LINE
8
BLACK
6
CONTINUOUS
10
2.7163650000000001
20
-4.3343885826771649
11
2.7125984251968505
21
-4.3351377952755907
0
LINE
8
BLACK
6
CONTINUOUS
10
2.7125984251968505
20
-4.3351377952755907
11
2.6771653543307088
21
-4.3351377952755907
0
LINE
8
BLACK
6
CONTINUOUS
10
2.6771653543307088
20
-4.3351377952755907
11
2.6733987795275591
21
-4.3343885826771649
0
LINE
8
BLACK
6
CONTINUOUS
10
2.6733987795275591
20
-4.3343885826771649
11
2.6702056299212598
21
-4.332255
0
LINE
8
BLACK
6
CONTINUOUS
10
2.6702056299212598
20
-4.332255
11
2.6680720472440944
21
-4.3290618503937006
0
LINE
8
BLACK
6
CONTINUOUS
10
2.6680720472440944
20
-4.3290618503937006
11
2.6673228346456694
21
-4.3252952755905509
0
LINE
8
BLACK
6
CONTINUOUS
10
2.6673228346456694
20
-4.3252952755905509
11
2.6673228346456694
21
-4.3046259842519685
0
LINE
8
BLACK
6
CONTINUOUS
10
2.6673228346456694
20
-4.3046259842519685
11
2.6680720472440944
21
-4.3008594094488188
0
LINE
8
BLACK
6
CONTINUOUS
10
2.6680720472440944
20
-4.3008594094488188
11
2.6702056299212598
21
-4.2976662598425195
0
LINE
8
BLACK
6
CONTINUOUS
10
2.6702056299212598
20
-4.2976662598425195
11
2.6733987795275591
21
-4.2955326771653546
0
LINE
8
BLACK
6
CONTINUOUS
10
2.6733987795275591
20
-4.2955326771653546
11
2.6771653543307088
21
-4.2947834645669287
0
LINE
8
BLACK
6
CONTINUOUS
10
2.6771653543307088
20
-4.2947834645669287
11
2.7125984251968505
21
-4.2947834645669287
0
LINE
8
BLACK
6
CONTINUOUS
10
2.7125984251968505
20
-4.2947834645669287
11
2.7163650000000001
21
-4.2955326771653546
0
LINE
8
BLACK
6
CONTINUOUS
10
2.7930761417322834
20
-4.3092049606299208
11
2.7937147637795277
21
-4.3096316929133858
0
LINE
8
BLACK
6
CONTINUOUS
10
2.7937147637795277
20
-4.3096316929133858
11
2.7941414960629922
21
-4.3102703149606301
0
LINE
8
BLACK
6
CONTINUOUS
10
2.7941414960629922
20
-4.3102703149606301
11
2.7942913385826773
21
-4.3110236220472444
0
LINE
8
BLACK
6
CONTINUOUS
10
2.7942913385826773
20
-4.3110236220472444
11
2.7942913385826773
21
-4.3316929133858268
0
LINE
8
BLACK
6
CONTINUOUS
10
2.7942913385826773
20
-4.3316929133858268
11
2.7941414960629922
21
-4.3324462204724412
0
LINE
8
BLACK
6
CONTINUOUS
10
2.7941414960629922
20
-4.3324462204724412
11
2.7937147637795277
21
-4.3330848425196846
0
LINE
8
BLACK
6
CONTINUOUS
10
2.7937147637795277
20
-4.3330848425196846
11
2.7930761417322834
21
-4.3335115748031496
0
LINE
8
BLACK
6
CONTINUOUS
10
2.7930761417322834
20
-4.3335115748031496
11
2.7923228346456694
21
-4.3336614173228343
0
LINE
8
BLACK
6
CONTINUOUS
10
2.7923228346456694
20
-4.3336614173228343
11
2.7883858267716537
21
-4.3336614173228343
0
LINE
8
BLACK
6
CONTINUOUS
10
2.7883858267716537
20
-4.3336614173228343
11
2.7876325196850393
21
-4.3335115748031496
0
LINE
8
BLACK
6
CONTINUOUS
10
2.7876325196850393
20
-4.3335115748031496
11
2.786993897637795
21
-4.3330848425196846
0
LINE
8
BLACK
6
CONTINUOUS
10
2.786993897637795
20
-4.3330848425196846
11
2.7865671653543305
21
-4.3324462204724412
0
LINE
8
BLACK
6
CONTINUOUS
10
2.7865671653543305
20
-4.3324462204724412
11
2.7864173228346458
21
-4.3316929133858268
0
LINE
8
BLACK
6
CONTINUOUS
10
2.7864173228346458
20
-4.3316929133858268
11
2.7864173228346458
21
-4.3110236220472444
0
LINE
8
BLACK
6
CONTINUOUS
10
2.7864173228346458
20
-4.3110236220472444
11
2.7865671653543305
21
-4.3102703149606301
0
LINE
8
BLACK
6
CONTINUOUS
10
2.7865671653543305
20
-4.3102703149606301
11
2.786993897637795
21
-4.3096316929133858
0
LINE
8
BLACK
6
CONTINUOUS
10
2.786993897637795
20
-4.3096316929133858
11
2.7876325196850393
21
-4.3092049606299208
0
LINE
8
BLACK
6
CONTINUOUS
10
2.7876325196850393
20
-4.3092049606299208
11
2.7883858267716537
21
-4.3090551181102361
0
LINE
8
BLACK
6
CONTINUOUS
10
2.7883858267716537
20
-4.3090551181102361
11
2.7923228346456694
21
-4.3090551181102361
0
LINE
8
BLACK
6
CONTINUOUS
10
2.7923228346456694
20
-4.3090551181102361
11
2.7930761417322834
21
-4.3092049606299208
0
LINE
8
BLACK
6
CONTINUOUS
10
2.8088241732283463
20
-4.3092049606299208
11
2.8094627952755906
21
-4.3096316929133858
0
LINE
8
BLACK
6
CONTINUOUS
10
2.8094627952755906
20
-4.3096316929133858
11
2.8098895275590552
21
-4.3102703149606301
0
LINE
8
BLACK
6
CONTINUOUS
10
2.8098895275590552
20
-4.3102703149606301
11
2.8100393700787403
21
-4.3110236220472444
0
LINE
8
BLACK
6
CONTINUOUS
10
2.8100393700787403
20
-4.3110236220472444
11
2.8100393700787403
21
-4.3316929133858268
0
LINE
8
BLACK
6
CONTINUOUS
10
2.8100393700787403
20
-4.3316929133858268
11
2.8098895275590552
21
-4.3324462204724412
0
LINE
8
BLACK
6
CONTINUOUS
10
2.8098895275590552
20
-4.3324462204724412
11
2.8094627952755906
21
-4.3330848425196846
0
LINE
8
BLACK
6
CONTINUOUS
10
2.8094627952755906
20
-4.3330848425196846
11
2.8088241732283463
21
-4.3335115748031496
0
LINE
8
BLACK
6
CONTINUOUS
10
2.8088241732283463
20
-4.3335115748031496
11
2.8080708661417324
21
-4.3336614173228343
0
LINE
8
BLACK
6
CONTINUOUS
10
2.8080708661417324
20
-4.3336614173228343
11
2.8041338582677167
21
-4.3336614173228343
0
LINE
8
BLACK
6
CONTINUOUS
10
2.8041338582677167
20
-4.3336614173228343
11
2.8033805511811023
21
-4.3335115748031496
0
LINE
8
BLACK
6
CONTINUOUS
10
2.8033805511811023
20
-4.3335115748031496
11
2.802741929133858
21
-4.3330848425196846
0
LINE
8
BLACK
6
CONTINUOUS
10
2.802741929133858
20
-4.3330848425196846
11
2.8023151968503934
21
-4.3324462204724412
0
LINE
8
BLACK
6
CONTINUOUS
10
2.8023151968503934
20
-4.3324462204724412
11
2.8021653543307088
21
-4.3316929133858268
0
LINE
8
BLACK
6
CONTINUOUS
10
2.8021653543307088
20
-4.3316929133858268
11
2.8021653543307088
21
-4.3110236220472444
0
LINE
8
BLACK
6
CONTINUOUS
10
2.8021653543307088
20
-4.3110236220472444
11
2.8023151968503934
21
-4.3102703149606301
0
LINE
8
BLACK
6
CONTINUOUS
10
2.8023151968503934
20
-4.3102703149606301
11
2.802741929133858
21
-4.3096316929133858
0
LINE
8
BLACK
6
CONTINUOUS
10
2.802741929133858
20
-4.3096316929133858
11
2.8033805511811023
21
-4.3092049606299208
0
LINE
8
BLACK
6
CONTINUOUS
10
2.8033805511811023
20
-4.3092049606299208
11
2.8041338582677167
21
-4.3090551181102361
0
LINE
8
BLACK
6
CONTINUOUS
10
2.8041338582677167
20
-4.3090551181102361
11
2.8080708661417324
21
-4.3090551181102361
0
LINE
8
BLACK
6
CONTINUOUS
10
2.8080708661417324
20
-4.3090551181102361
11
2.8088241732283463
21
-4.3092049606299208
0
LINE
8
BLACK
6
CONTINUOUS
10
3.6832336220472439
20
-4.3101892125984254
11
3.6838722440944882
21
-4.3106159448818895
0
LINE
8
BLACK
6
CONTINUOUS
10
3.6838722440944882
20
-4.3106159448818895
11
3.6842989763779528
21
-4.3112545669291338
0
LINE
8
BLACK
6
CONTINUOUS
10
3.6842989763779528
20
-4.3112545669291338
11
3.6844488188976379
21
-4.3120078740157481
0
LINE
8
BLACK
6
CONTINUOUS
10
3.6844488188976379
20
-4.3120078740157481
11
3.6844488188976379
21
-4.3198818897637796
0
LINE
8
BLACK
6
CONTINUOUS
10
3.6844488188976379
20
-4.3198818897637796
11
3.6842989763779528
21
-4.320635196850394
0
LINE
8
BLACK
6
CONTINUOUS
10
3.6842989763779528
20
-4.320635196850394
11
3.6838722440944882
21
-4.3212738188976374
0
LINE
8
BLACK
6
CONTINUOUS
10
3.6838722440944882
20
-4.3212738188976374
11
3.6832336220472439
21
-4.3217005511811024
0
LINE
8
BLACK
6
CONTINUOUS
10
3.6832336220472439
20
-4.3217005511811024
11
3.68248031496063
21
-4.3218503937007871
0
LINE
8
BLACK
6
CONTINUOUS
10
3.68248031496063
20
-4.3218503937007871
11
3.6600393700787399
21
-4.3218503937007871
0
LINE
8
BLACK
6
CONTINUOUS
10
3.6600393700787399
20
-4.3218503937007871
11
3.659286062992126
21
-4.3217005511811024
0
LINE
8
BLACK
6
CONTINUOUS
10
3.659286062992126
20
-4.3217005511811024
11
3.6586474409448817
21
-4.3212738188976374
0
LINE
8
BLACK
6
CONTINUOUS
10
3.6586474409448817
20
-4.3212738188976374
11
3.6582207086614171
21
-4.320635196850394
0
LINE
8
BLACK
6
CONTINUOUS
10
3.6582207086614171
20
-4.320635196850394
11
3.658070866141732
21
-4.3198818897637796
0
LINE
8
BLACK
6
CONTINUOUS
10
3.658070866141732
20
-4.3198818897637796
11
3.658070866141732
21
-4.3120078740157481
0
LINE
8
BLACK
6
CONTINUOUS
10
3.658070866141732
20
-4.3120078740157481
11
3.6582207086614171
21
-4.3112545669291338
0
LINE
8
BLACK
6
CONTINUOUS
10
3.6582207086614171
20
-4.3112545669291338
11
3.6586474409448817
21
-4.3106159448818895
0
LINE
8
BLACK
6
CONTINUOUS
10
3.6586474409448817
20
-4.3106159448818895
11
3.659286062992126
21
-4.3101892125984254
0
LINE
8
BLACK
6
CONTINUOUS
10
3.659286062992126
20
-4.3101892125984254
11
3.6600393700787399
21
-4.3100393700787398
0
LINE
8
BLACK
6
CONTINUOUS
10
3.6600393700787399
20
-4.3100393700787398
11
3.68248031496063
21
-4.3100393700787398
0
LINE
8
BLACK
6
CONTINUOUS
10
3.68248031496063
20
-4.3100393700787398
11
3.6832336220472439
21
-4.3101892125984254
0
LINE
8
BLACK
6
CONTINUOUS
10
3.741501338582677
20
-4.3101892125984254
11
3.7421399606299213
21
-4.3106159448818895
0
LINE
8
BLACK
6
CONTINUOUS
10
3.7421399606299213
20
-4.3106159448818895
11
3.7425666929133858
21
-4.3112545669291338
0
LINE
8
BLACK
6
CONTINUOUS
10
3.7425666929133858
20
-4.3112545669291338
11
3.7427165354330709
21
-4.3120078740157481
0
LINE
8
BLACK
6
CONTINUOUS
10
3.7427165354330709
20
-4.3120078740157481
11
3.7427165354330709
21
-4.3198818897637796
0
LINE
8
BLACK
6
CONTINUOUS
10
3.7427165354330709
20
-4.3198818897637796
11
3.7425666929133858
21
-4.320635196850394
0
LINE
8
BLACK
6
CONTINUOUS
10
3.7425666929133858
20
-4.320635196850394
11
3.7421399606299213
21
-4.3212738188976374
0
LINE
8
BLACK
6
CONTINUOUS
10
3.7421399606299213
20
-4.3212738188976374
11
3.741501338582677
21
-4.3217005511811024
0
LINE
8
BLACK
6
CONTINUOUS
10
3.741501338582677
20
-4.3217005511811024
11
3.7407480314960631
21
-4.3218503937007871
0
LINE
8
BLACK
6
CONTINUOUS
10
3.7407480314960631
20
-4.3218503937007871
11
3.718307086614173
21
-4.3218503937007871
0
LINE
8
BLACK
6
CONTINUOUS
10
3.718307086614173
20
-4.3218503937007871
11
3.7175537795275591
21
-4.3217005511811024
0
LINE
8
BLACK
6
CONTINUOUS
10
3.7175537795275591
20
-4.3217005511811024
11
3.7169151574803148
21
-4.3212738188976374
0
LINE
8
BLACK
6
CONTINUOUS
10
3.7169151574803148
20
-4.3212738188976374
11
3.7164884251968502
21
-4.320635196850394
0
LINE
8
BLACK
6
CONTINUOUS
10
3.7164884251968502
20
-4.320635196850394
11
3.7163385826771651
21
-4.3198818897637796
0
LINE
8
BLACK
6
CONTINUOUS
10
3.7163385826771651
20
-4.3198818897637796
11
3.7163385826771651
21
-4.3120078740157481
0
LINE
8
BLACK
6
CONTINUOUS
10
3.7163385826771651
20
-4.3120078740157481
11
3.7164884251968502
21
-4.3112545669291338
0
LINE
8
BLACK
6
CONTINUOUS
10
3.7164884251968502
20
-4.3112545669291338
11
3.7169151574803148
21
-4.3106159448818895
0
LINE
8
BLACK
6
CONTINUOUS
10
3.7169151574803148
20
-4.3106159448818895
11
3.7175537795275591
21
-4.3101892125984254
0
LINE
8
BLACK
6
CONTINUOUS
10
3.7175537795275591
20
-4.3101892125984254
11
3.718307086614173
21
-4.3100393700787398
0
LINE
8
BLACK
6
CONTINUOUS
10
3.718307086614173
20
-4.3100393700787398
11
3.7407480314960631
21
-4.3100393700787398
0
LINE
8
BLACK
6
CONTINUOUS
10
3.7407480314960631
20
-4.3100393700787398
11
3.741501338582677
21
-4.3101892125984254
0
LINE
8
BLACK
6
CONTINUOUS
10
3.619908307086614
20
-4.2704342519685037
11
3.6231014566929134
21
-4.2725678346456695
0
LINE
8
BLACK
6
CONTINUOUS
10
3.6231014566929134
20
-4.2725678346456695
11
3.6252350393700787
21
-4.2757609842519688
0
LINE
8
BLACK
6
CONTINUOUS
10
3.6252350393700787
20
-4.2757609842519688
11
3.6259842519685037
21
-4.2795275590551176
0
LINE
8
BLACK
6
CONTINUOUS
10
3.6259842519685037
20
-4.2795275590551176
11
3.6259842519685037
21
-4.3090551181102361
0
LINE
8
BLACK
6
CONTINUOUS
10
3.6259842519685037
20
-4.3090551181102361
11
3.6252350393700787
21
-4.3128216929133858
0
LINE
8
BLACK
6
CONTINUOUS
10
3.6252350393700787
20
-4.3128216929133858
11
3.6231014566929134
21
-4.3160148425196851
0
LINE
8
BLACK
6
CONTINUOUS
10
3.6231014566929134
20
-4.3160148425196851
11
3.619908307086614
21
-4.31814842519685
0
LINE
8
BLACK
6
CONTINUOUS
10
3.619908307086614
20
-4.31814842519685
11
3.6161417322834644
21
-4.3188976377952759
0
LINE
8
BLACK
6
CONTINUOUS
10
3.6161417322834644
20
-4.3188976377952759
11
3.5492125984251968
21
-4.3188976377952759
0
LINE
8
BLACK
6
CONTINUOUS
10
3.5492125984251968
20
-4.3188976377952759
11
3.5454460236220471
21
-4.31814842519685
0
LINE
8
BLACK
6
CONTINUOUS
10
3.5454460236220471
20
-4.31814842519685
11
3.5422528740157477
21
-4.3160148425196851
0
LINE
8
BLACK
6
CONTINUOUS
10
3.5422528740157477
20
-4.3160148425196851
11
3.5401192913385824
21
-4.3128216929133858
0
LINE
8
BLACK
6
CONTINUOUS
10
3.5401192913385824
20
-4.3128216929133858
11
3.5393700787401574
21
-4.3090551181102361
0
LINE
8
BLACK
6
CONTINUOUS
10
3.5393700787401574
20
-4.3090551181102361
11
3.5393700787401574
21
-4.2795275590551176
0
LINE
8
BLACK
6
CONTINUOUS
10
3.5393700787401574
20
-4.2795275590551176
11
3.5401192913385824
21
-4.2757609842519688
0
LINE
8
BLACK
6
CONTINUOUS
10
3.5401192913385824
20
-4.2757609842519688
11
3.5422528740157477
21
-4.2725678346456695
0
LINE
8
BLACK
6
CONTINUOUS
10
3.5422528740157477
20
-4.2725678346456695
11
3.5454460236220471
21
-4.2704342519685037
0
LINE
8
BLACK
6
CONTINUOUS
10
3.5454460236220471
20
-4.2704342519685037
11
3.5492125984251968
21
-4.2696850393700787
0
LINE
8
BLACK
6
CONTINUOUS
10
3.5492125984251968
20
-4.2696850393700787
11
3.6161417322834644
21
-4.2696850393700787
0
LINE
8
BLACK
6
CONTINUOUS
10
3.6161417322834644
20
-4.2696850393700787
11
3.619908307086614
21
-4.2704342519685037
0
LINE
8
BLACK
6
CONTINUOUS
10
2.6287665748031497
20
-4.2664972440944879
11
2.6319597244094486
21
-4.2686308267716537
0
LINE
8
BLACK
6
CONTINUOUS
10
2.6319597244094486
20
-4.2686308267716537
11
2.6340933070866139
21
-4.2718239763779531
0
LINE
8
BLACK
6
CONTINUOUS
10
2.6340933070866139
20
-4.2718239763779531
11
2.6348425196850394
21
-4.2755905511811019
0
LINE
8
BLACK
6
CONTINUOUS
10
2.6348425196850394
20
-4.2755905511811019
11
2.6348425196850394
21
-4.2952755905511806
0
LINE
8
BLACK
6
CONTINUOUS
10
2.6348425196850394
20
-4.2952755905511806
11
2.6340933070866139
21
-4.2990421653543303
0
LINE
8
BLACK
6
CONTINUOUS
10
2.6340933070866139
20
-4.2990421653543303
11
2.6319597244094486
21
-4.3022353149606296
0
LINE
8
BLACK
6
CONTINUOUS
10
2.6319597244094486
20
-4.3022353149606296
11
2.6287665748031497
21
-4.3043688976377954
0
LINE
8
BLACK
6
CONTINUOUS
10
2.6287665748031497
20
-4.3043688976377954
11
2.625
21
-4.3051181102362204
0
LINE
8
BLACK
6
CONTINUOUS
10
2.625
20
-4.3051181102362204
11
2.5875984251968505
21
-4.3051181102362204
0
LINE
8
BLACK
6
CONTINUOUS
10
2.5875984251968505
20
-4.3051181102362204
11
2.5838318503937008
21
-4.3043688976377954
0
LINE
8
BLACK
6
CONTINUOUS
10
2.5838318503937008
20
-4.3043688976377954
11
2.5806387007874014
21
-4.3022353149606296
0
LINE
8
BLACK
6
CONTINUOUS
10
2.5806387007874014
20
-4.3022353149606296
11
2.5785051181102361
21
-4.2990421653543303
0
LINE
8
BLACK
6
CONTINUOUS
10
2.5785051181102361
20
-4.2990421653543303
11
2.5777559055118111
21
-4.2952755905511806
0
LINE
8
BLACK
6
CONTINUOUS
10
2.5777559055118111
20
-4.2952755905511806
11
2.5777559055118111
21
-4.2755905511811019
0
LINE
8
BLACK
6
CONTINUOUS
10
2.5777559055118111
20
-4.2755905511811019
11
2.5785051181102361
21
-4.2718239763779531
0
LINE
8
BLACK
6
CONTINUOUS
10
2.5785051181102361
20
-4.2718239763779531
11
2.5806387007874014
21
-4.2686308267716537
0
LINE
8
BLACK
6
CONTINUOUS
10
2.5806387007874014
20
-4.2686308267716537
11
2.5838318503937008
21
-4.2664972440944879
0
LINE
8
BLACK
6
CONTINUOUS
10
2.5838318503937008
20
-4.2664972440944879
11
2.5875984251968505
21
-4.265748031496063
0
LINE
8
BLACK
6
CONTINUOUS
10
2.5875984251968505
20
-4.265748031496063
11
2.625
21
-4.265748031496063
0
LINE
8
BLACK
6
CONTINUOUS
10
2.625
20
-4.265748031496063
11
2.6287665748031497
21
-4.2664972440944879
0
LINE
8
BLACK
6
CONTINUOUS
10
3.6832336220472439
20
-4.2905041732283467
11
3.6838722440944882
21
-4.2909309055118108
0
LINE
8
BLACK
6
CONTINUOUS
10
3.6838722440944882
20
-4.2909309055118108
11
3.6842989763779528
21
-4.2915695275590551
0
LINE
8
BLACK
6
CONTINUOUS
10
3.6842989763779528
20
-4.2915695275590551
11
3.6844488188976379
21
-4.2923228346456694
0
LINE
8
BLACK
6
CONTINUOUS
10
3.6844488188976379
20
-4.2923228346456694
11
3.6844488188976379
21
-4.3001968503937009
0
LINE
8
BLACK
6
CONTINUOUS
10
3.6844488188976379
20
-4.3001968503937009
11
3.6842989763779528
21
-4.3009501574803153
0
LINE
8
BLACK
6
CONTINUOUS
10
3.6842989763779528
20
-4.3009501574803153
11
3.6838722440944882
21
-4.3015887795275587
0
LINE
8
BLACK
6
CONTINUOUS
10
3.6838722440944882
20
-4.3015887795275587
11
3.6832336220472439
21
-4.3020155118110237
0
LINE
8
BLACK
6
CONTINUOUS
10
3.6832336220472439
20
-4.3020155118110237
11
3.68248031496063
21
-4.3021653543307083
0
LINE
8
BLACK
6
CONTINUOUS
10
3.68248031496063
20
-4.3021653543307083
11
3.6600393700787399
21
-4.3021653543307083
0
LINE
8
BLACK
6
CONTINUOUS
10
3.6600393700787399
20
-4.3021653543307083
11
3.659286062992126
21
-4.3020155118110237
0
LINE
8
BLACK
6
CONTINUOUS
10
3.659286062992126
20
-4.3020155118110237
11
3.6586474409448817
21
-4.3015887795275587
0
LINE
8
BLACK
6
CONTINUOUS
10
3.6586474409448817
20
-4.3015887795275587
11
3.6582207086614171
21
-4.3009501574803153
0
LINE
8
BLACK
6
CONTINUOUS
10
3.6582207086614171
20
-4.3009501574803153
11
3.658070866141732
21
-4.3001968503937009
0
LINE
8
BLACK
6
CONTINUOUS
10
3.658070866141732
20
-4.3001968503937009
11
3.658070866141732
21
-4.2923228346456694
0
LINE
8
BLACK
6
CONTINUOUS
10
3.658070866141732
20
-4.2923228346456694
11
3.6582207086614171
21
-4.2915695275590551
0
LINE
8
BLACK
6
CONTINUOUS
10
3.6582207086614171
20
-4.2915695275590551
11
3.6586474409448817
21
-4.2909309055118108
0
LINE
8
BLACK
6
CONTINUOUS
10
3.6586474409448817
20
-4.2909309055118108
11
3.659286062992126
21
-4.2905041732283467
0
LINE
8
BLACK
6
CONTINUOUS
10
3.659286062992126
20
-4.2905041732283467
11
3.6600393700787399
21
-4.2903543307086611
0
LINE
8
BLACK
6
CONTINUOUS
10
3.6600393700787399
20
-4.2903543307086611
11
3.68248031496063
21
-4.2903543307086611
0
LINE
8
BLACK
6
CONTINUOUS
10
3.68248031496063
20
-4.2903543307086611
11
3.6832336220472439
21
-4.2905041732283467
0
LINE
8
BLACK
6
CONTINUOUS
10
3.741501338582677
20
-4.2905041732283467
11
3.7421399606299213
21
-4.2909309055118108
0
LINE
8
BLACK
6
CONTINUOUS
10
3.7421399606299213
20
-4.2909309055118108
11
3.7425666929133858
21
-4.2915695275590551
0
LINE
8
BLACK
6
CONTINUOUS
10
3.7425666929133858
20
-4.2915695275590551
11
3.7427165354330709
21
-4.2923228346456694
0
LINE
8
BLACK
6
CONTINUOUS
10
3.7427165354330709
20
-4.2923228346456694
11
3.7427165354330709
21
-4.3001968503937009
0
LINE
8
BLACK
6
CONTINUOUS
10
3.7427165354330709
20
-4.3001968503937009
11
3.7425666929133858
21
-4.3009501574803153
0
LINE
8
BLACK
6
CONTINUOUS
10
3.7425666929133858
20
-4.3009501574803153
11
3.7421399606299213
21
-4.3015887795275587
0
LINE
8
BLACK
6
CONTINUOUS
10
3.7421399606299213
20
-4.3015887795275587
11
3.741501338582677
21
-4.3020155118110237
0
LINE
8
BLACK
6
CONTINUOUS
10
3.741501338582677
20
-4.3020155118110237
11
3.7407480314960631
21
-4.3021653543307083
0
LINE
8
BLACK
6
CONTINUOUS
10
3.7407480314960631
20
-4.3021653543307083
11
3.718307086614173
21
-4.3021653543307083
0
LINE
8
BLACK
6
CONTINUOUS
10
3.718307086614173
20
-4.3021653543307083
11
3.7175537795275591
21
-4.3020155118110237
0
LINE
8
BLACK
6
CONTINUOUS
10
3.7175537795275591
20
-4.3020155118110237
11
3.7169151574803148
21
-4.3015887795275587
0
LINE
8
BLACK
6
CONTINUOUS
10
3.7169151574803148
20
-4.3015887795275587
11
3.7164884251968502
21
-4.3009501574803153
0
LINE
8
BLACK
6
CONTINUOUS
10
3.7164884251968502
20
-4.3009501574803153
11
3.7163385826771651
21
-4.3001968503937009
0
LINE
8
BLACK
6
CONTINUOUS
10
3.7163385826771651
20
-4.3001968503937009
11
3.7163385826771651
21
-4.2923228346456694
0
LINE
8
BLACK
6
CONTINUOUS
10
3.7163385826771651
20
-4.2923228346456694
11
3.7164884251968502
21
-4.2915695275590551
0
LINE
8
BLACK
6
CONTINUOUS
10
3.7164884251968502
20
-4.2915695275590551
11
3.7169151574803148
21
-4.2909309055118108
0
LINE
8
BLACK
6
CONTINUOUS
10
3.7169151574803148
20
-4.2909309055118108
11
3.7175537795275591
21
-4.2905041732283467
0
LINE
8
BLACK
6
CONTINUOUS
10
3.7175537795275591
20
-4.2905041732283467
11
3.718307086614173
21
-4.2903543307086611
0
LINE
8
BLACK
6
CONTINUOUS
10
3.718307086614173
20
-4.2903543307086611
11
3.7407480314960631
21
-4.2903543307086611
0
LINE
8
BLACK
6
CONTINUOUS
10
3.7407480314960631
20
-4.2903543307086611
11
3.741501338582677
21
-4.2905041732283467
0
LINE
8
BLACK
6
CONTINUOUS
10
3.821679960629921
20
-4.2576389763779527
11
3.8248731102362203
21
-4.2597725590551176
0
LINE
8
BLACK
6
CONTINUOUS
10
3.8248731102362203
20
-4.2597725590551176
11
3.8270066929133857
21
-4.262965708661417
0
LINE
8
BLACK
6
CONTINUOUS
10
3.8270066929133857
20
-4.262965708661417
11
3.8277559055118111
21
-4.2667322834645667
0
LINE
8
BLACK
6
CONTINUOUS
10
3.8277559055118111
20
-4.2667322834645667
11
3.8277559055118111
21
-4.2864173228346454
0
LINE
8
BLACK
6
CONTINUOUS
10
3.8277559055118111
20
-4.2864173228346454
11
3.8270066929133857
21
-4.2901838976377951
0
LINE
8
BLACK
6
CONTINUOUS
10
3.8270066929133857
20
-4.2901838976377951
11
3.8248731102362203
21
-4.2933770472440944
0
LINE
8
BLACK
6
CONTINUOUS
10
3.8248731102362203
20
-4.2933770472440944
11
3.821679960629921
21
-4.2955106299212593
0
LINE
8
BLACK
6
CONTINUOUS
10
3.821679960629921
20
-4.2955106299212593
11
3.8179133858267718
21
-4.2962598425196852
0
LINE
8
BLACK
6
CONTINUOUS
10
3.8179133858267718
20
-4.2962598425196852
11
3.7805118110236218
21
-4.2962598425196852
0
LINE
8
BLACK
6
CONTINUOUS
10
3.7805118110236218
20
-4.2962598425196852
11
3.7767452362204725
21
-4.2955106299212593
0
LINE
8
BLACK
6
CONTINUOUS
10
3.7767452362204725
20
-4.2955106299212593
11
3.7735520866141732
21
-4.2933770472440944
0
LINE
8
BLACK
6
CONTINUOUS
10
3.7735520866141732
20
-4.2933770472440944
11
3.7714185039370078
21
-4.2901838976377951
0
LINE
8
BLACK
6
CONTINUOUS
10
3.7714185039370078
20
-4.2901838976377951
11
3.7706692913385824
21
-4.2864173228346454
0
LINE
8
BLACK
6
CONTINUOUS
10
3.7706692913385824
20
-4.2864173228346454
11
3.7706692913385824
21
-4.2667322834645667
0
LINE
8
BLACK
6
CONTINUOUS
10
3.7706692913385824
20
-4.2667322834645667
11
3.7714185039370078
21
-4.262965708661417
0
LINE
8
BLACK
6
CONTINUOUS
10
3.7714185039370078
20
-4.262965708661417
11
3.7735520866141732
21
-4.2597725590551176
0
LINE
8
BLACK
6
CONTINUOUS
10
3.7735520866141732
20
-4.2597725590551176
11
3.7767452362204725
21
-4.2576389763779527
0
LINE
8
BLACK
6
CONTINUOUS
10
3.7767452362204725
20
-4.2576389763779527
11
3.7805118110236218
21
-4.2568897637795278
0
LINE
8
BLACK
6
CONTINUOUS
10
3.7805118110236218
20
-4.2568897637795278
11
3.8179133858267718
21
-4.2568897637795278
0
LINE
8
BLACK
6
CONTINUOUS
10
3.8179133858267718
20
-4.2568897637795278
11
3.821679960629921
21
-4.2576389763779527
0
LINE
8
BLACK
6
CONTINUOUS
10
1.9629201181102363
20
-4.235001181102362
11
1.9661132677165354
21
-4.2371347637795278
0
LINE
8
BLACK
6
CONTINUOUS
10
1.9661132677165354
20
-4.2371347637795278
11
1.9682468503937007
21
-4.2403279133858263
0
LINE
8
BLACK
6
CONTINUOUS
10
1.9682468503937007
20
-4.2403279133858263
11
1.9689960629921259
21
-4.2440944881889759
0
LINE
8
BLACK
6
CONTINUOUS
10
1.9689960629921259
20
-4.2440944881889759
11
1.9689960629921259
21
-4.2795275590551176
0
LINE
8
BLACK
6
CONTINUOUS
10
1.9689960629921259
20
-4.2795275590551176
11
1.9682468503937007
21
-4.2832941338582673
0
LINE
8
BLACK
6
CONTINUOUS
10
1.9682468503937007
20
-4.2832941338582673
11
1.9661132677165354
21
-4.2864872834645666
0
LINE
8
BLACK
6
CONTINUOUS
10
1.9661132677165354
20
-4.2864872834645666
11
1.9629201181102363
21
-4.2886208661417324
0
LINE
8
BLACK
6
CONTINUOUS
10
1.9629201181102363
20
-4.2886208661417324
11
1.9591535433070866
21
-4.2893700787401574
0
LINE
8
BLACK
6
CONTINUOUS
10
1.9591535433070866
20
-4.2893700787401574
11
1.9384842519685039
21
-4.2893700787401574
0
LINE
8
BLACK
6
CONTINUOUS
10
1.9384842519685039
20
-4.2893700787401574
11
1.9347176771653543
21
-4.2886208661417324
0
LINE
8
BLACK
6
CONTINUOUS
10
1.9347176771653543
20
-4.2886208661417324
11
1.9315245275590551
21
-4.2864872834645666
0
LINE
8
BLACK
6
CONTINUOUS
10
1.9315245275590551
20
-4.2864872834645666
11
1.9293909448818898
21
-4.2832941338582673
0
LINE
8
BLACK
6
CONTINUOUS
10
1.9293909448818898
20
-4.2832941338582673
11
1.9286417322834646
21
-4.2795275590551176
0
LINE
8
BLACK
6
CONTINUOUS
10
1.9286417322834646
20
-4.2795275590551176
11
1.9286417322834646
21
-4.2440944881889759
0
LINE
8
BLACK
6
CONTINUOUS
10
1.9286417322834646
20
-4.2440944881889759
11
1.9293909448818898
21
-4.2403279133858263
0
LINE
8
BLACK
6
CONTINUOUS
10
1.9293909448818898
20
-4.2403279133858263
11
1.9315245275590551
21
-4.2371347637795278
0
LINE
8
BLACK
6
CONTINUOUS
10
1.9315245275590551
20
-4.2371347637795278
11
1.9347176771653543
21
-4.235001181102362
0
LINE
8
BLACK
6
CONTINUOUS
10
1.9347176771653543
20
-4.235001181102362
11
1.9384842519685039
21
-4.234251968503937
0
LINE
8
BLACK
6
CONTINUOUS
10
1.9384842519685039
20
-4.234251968503937
11
1.9591535433070866
21
-4.234251968503937
0
LINE
8
BLACK
6
CONTINUOUS
10
1.9591535433070866
20
-4.234251968503937
11
1.9629201181102363
21
-4.235001181102362
0
LINE
8
BLACK
6
CONTINUOUS
10
2.0347705118110238
20
-4.235001181102362
11
2.0379636614173227
21
-4.2371347637795278
0
LINE
8
BLACK
6
CONTINUOUS
10
2.0379636614173227
20
-4.2371347637795278
11
2.040097244094488
21
-4.2403279133858263
0
LINE
8
BLACK
6
CONTINUOUS
10
2.040097244094488
20
-4.2403279133858263
11
2.0408464566929134
21
-4.2440944881889759
0
LINE
8
BLACK
6
CONTINUOUS
10
2.0408464566929134
20
-4.2440944881889759
11
2.0408464566929134
21
-4.2795275590551176
0
LINE
8
BLACK
6
CONTINUOUS
10
2.0408464566929134
20
-4.2795275590551176
11
2.040097244094488
21
-4.2832941338582673
0
LINE
8
BLACK
6
CONTINUOUS
10
2.040097244094488
20
-4.2832941338582673
11
2.0379636614173227
21
-4.2864872834645666
0
LINE
8
BLACK
6
CONTINUOUS
10
2.0379636614173227
20
-4.2864872834645666
11
2.0347705118110238
21
-4.2886208661417324
0
LINE
8
BLACK
6
CONTINUOUS
10
2.0347705118110238
20
-4.2886208661417324
11
2.0310039370078741
21
-4.2893700787401574
0
LINE
8
BLACK
6
CONTINUOUS
10
2.0310039370078741
20
-4.2893700787401574
11
2.0103346456692912
21
-4.2893700787401574
0
LINE
8
BLACK
6
CONTINUOUS
10
2.0103346456692912
20
-4.2893700787401574
11
2.0065680708661415
21
-4.2886208661417324
0
LINE
8
BLACK
6
CONTINUOUS
10
2.0065680708661415
20
-4.2886208661417324
11
2.0033749212598426
21
-4.2864872834645666
0
LINE
8
BLACK
6
CONTINUOUS
10
2.0033749212598426
20
-4.2864872834645666
11
2.0012413385826773
21
-4.2832941338582673
0
LINE
8
BLACK
6
CONTINUOUS
10
2.0012413385826773
20
-4.2832941338582673
11
2.0004921259842519
21
-4.2795275590551176
0
LINE
8
BLACK
6
CONTINUOUS
10
2.0004921259842519
20
-4.2795275590551176
11
2.0004921259842519
21
-4.2440944881889759
0
LINE
8
BLACK
6
CONTINUOUS
10
2.0004921259842519
20
-4.2440944881889759
11
2.0012413385826773
21
-4.2403279133858263
0
LINE
8
BLACK
6
CONTINUOUS
10
2.0012413385826773
20
-4.2403279133858263
11
2.0033749212598426
21
-4.2371347637795278
0
LINE
8
BLACK
6
CONTINUOUS
10
2.0033749212598426
20
-4.2371347637795278
11
2.0065680708661415
21
-4.235001181102362
0
LINE
8
BLACK
6
CONTINUOUS
10
2.0065680708661415
20
-4.235001181102362
11
2.0103346456692912
21
-4.234251968503937
0
LINE
8
BLACK
6
CONTINUOUS
10
2.0103346456692912
20
-4.234251968503937
11
2.0310039370078741
21
-4.234251968503937
0
LINE
8
BLACK
6
CONTINUOUS
10
2.0310039370078741
20
-4.234251968503937
11
2.0347705118110238
21
-4.235001181102362
0
LINE
8
BLACK
6
CONTINUOUS
10
3.6832336220472439
20
-4.2708191338582679
11
3.6838722440944882
21
-4.2712458661417321
0
LINE
8
BLACK
6
CONTINUOUS
10
3.6838722440944882
20
-4.2712458661417321
11
3.6842989763779528
21
-4.2718844881889764
0
LINE
8
BLACK
6
CONTINUOUS
10
3.6842989763779528
20
-4.2718844881889764
11
3.6844488188976379
21
-4.2726377952755907
0
LINE
8
BLACK
6
CONTINUOUS
10
3.6844488188976379
20
-4.2726377952755907
11
3.6844488188976379
21
-4.2805118110236222
0
LINE
8
BLACK
6
CONTINUOUS
10
3.6844488188976379
20
-4.2805118110236222
11
3.6842989763779528
21
-4.2812651181102357
0
LINE
8
BLACK
6
CONTINUOUS
10
3.6842989763779528
20
-4.2812651181102357
11
3.6838722440944882
21
-4.28190374015748
0
LINE
8
BLACK
6
CONTINUOUS
10
3.6838722440944882
20
-4.28190374015748
11
3.6832336220472439
21
-4.282330472440945
0
LINE
8
BLACK
6
CONTINUOUS
10
3.6832336220472439
20
-4.282330472440945
11
3.68248031496063
21
-4.2824803149606296
0
LINE
8
BLACK
6
CONTINUOUS
10
3.68248031496063
20
-4.2824803149606296
11
3.6600393700787399
21
-4.2824803149606296
0
LINE
8
BLACK
6
CONTINUOUS
10
3.6600393700787399
20
-4.2824803149606296
11
3.659286062992126
21
-4.282330472440945
0
LINE
8
BLACK
6
CONTINUOUS
10
3.659286062992126
20
-4.282330472440945
11
3.6586474409448817
21
-4.28190374015748
0
LINE
8
BLACK
6
CONTINUOUS
10
3.6586474409448817
20
-4.28190374015748
11
3.6582207086614171
21
-4.2812651181102357
0
LINE
8
BLACK
6
CONTINUOUS
10
3.6582207086614171
20
-4.2812651181102357
11
3.658070866141732
21
-4.2805118110236222
0
LINE
8
BLACK
6
CONTINUOUS
10
3.658070866141732
20
-4.2805118110236222
11
3.658070866141732
21
-4.2726377952755907
0
LINE
8
BLACK
6
CONTINUOUS
10
3.658070866141732
20
-4.2726377952755907
11
3.6582207086614171
21
-4.2718844881889764
0
LINE
8
BLACK
6
CONTINUOUS
10
3.6582207086614171
20
-4.2718844881889764
11
3.6586474409448817
21
-4.2712458661417321
0
LINE
8
BLACK
6
CONTINUOUS
10
3.6586474409448817
20
-4.2712458661417321
11
3.659286062992126
21
-4.2708191338582679
0
LINE
8
BLACK
6
CONTINUOUS
10
3.659286062992126
20
-4.2708191338582679
11
3.6600393700787399
21
-4.2706692913385824
0
LINE
8
BLACK
6
CONTINUOUS
10
3.6600393700787399
20
-4.2706692913385824
11
3.68248031496063
21
-4.2706692913385824
0
LINE
8
BLACK
6
CONTINUOUS
10
3.68248031496063
20
-4.2706692913385824
11
3.6832336220472439
21
-4.2708191338582679
0
LINE
8
BLACK
6
CONTINUOUS
10
3.741501338582677
20
-4.2708191338582679
11
3.7421399606299213
21
-4.2712458661417321
0
LINE
8
BLACK
6
CONTINUOUS
10
3.7421399606299213
20
-4.2712458661417321
11
3.7425666929133858
21
-4.2718844881889764
0
LINE
8
BLACK
6
CONTINUOUS
10
3.7425666929133858
20
-4.2718844881889764
11
3.7427165354330709
21
-4.2726377952755907
0
LINE
8
BLACK
6
CONTINUOUS
10
3.7427165354330709
20
-4.2726377952755907
11
3.7427165354330709
21
-4.2805118110236222
0
LINE
8
BLACK
6
CONTINUOUS
10
3.7427165354330709
20
-4.2805118110236222
11
3.7425666929133858
21
-4.2812651181102357
0
LINE
8
BLACK
6
CONTINUOUS
10
3.7425666929133858
20
-4.2812651181102357
11
3.7421399606299213
21
-4.28190374015748
0
LINE
8
BLACK
6
CONTINUOUS
10
3.7421399606299213
20
-4.28190374015748
11
3.741501338582677
21
-4.282330472440945
0
LINE
8
BLACK
6
CONTINUOUS
10
3.741501338582677
20
-4.282330472440945
11
3.7407480314960631
21
-4.2824803149606296
0
LINE
8
BLACK
6
CONTINUOUS
10
3.7407480314960631
20
-4.2824803149606296
11
3.718307086614173
21
-4.2824803149606296
0
LINE
8
BLACK
6
CONTINUOUS
10
3.718307086614173
20
-4.2824803149606296
11
3.7175537795275591
21
-4.282330472440945
0
LINE
8
BLACK
6
CONTINUOUS
10
3.7175537795275591
20
-4.282330472440945
11
3.7169151574803148
21
-4.28190374015748
0
LINE
8
BLACK
6
CONTINUOUS
10
3.7169151574803148
20
-4.28190374015748
11
3.7164884251968502
21
-4.2812651181102357
0
LINE
8
BLACK
6
CONTINUOUS
10
3.7164884251968502
20
-4.2812651181102357
11
3.7163385826771651
21
-4.2805118110236222
0
LINE
8
BLACK
6
CONTINUOUS
10
3.7163385826771651
20
-4.2805118110236222
11
3.7163385826771651
21
-4.2726377952755907
0
LINE
8
BLACK
6
CONTINUOUS
10
3.7163385826771651
20
-4.2726377952755907
11
3.7164884251968502
21
-4.2718844881889764
0
LINE
8
BLACK
6
CONTINUOUS
10
3.7164884251968502
20
-4.2718844881889764
11
3.7169151574803148
21
-4.2712458661417321
0
LINE
8
BLACK
6
CONTINUOUS
10
3.7169151574803148
20
-4.2712458661417321
11
3.7175537795275591
21
-4.2708191338582679
0
LINE
8
BLACK
6
CONTINUOUS
10
3.7175537795275591
20
-4.2708191338582679
11
3.718307086614173
21
-4.2706692913385824
0
LINE
8
BLACK
6
CONTINUOUS
10
3.718307086614173
20
-4.2706692913385824
11
3.7407480314960631
21
-4.2706692913385824
0
LINE
8
BLACK
6
CONTINUOUS
10
3.7407480314960631
20
-4.2706692913385824
11
3.741501338582677
21
-4.2708191338582679
0
LINE
8
BLACK
6
CONTINUOUS
10
2.7813256299212599
20
-4.2124421259842517
11
2.7845187795275588
21
-4.2145757086614175
0
LINE
8
BLACK
6
CONTINUOUS
10
2.7845187795275588
20
-4.2145757086614175
11
2.7866523622047246
21
-4.2177688582677169
0
LINE
8
BLACK
6
CONTINUOUS
10
2.7866523622047246
20
-4.2177688582677169
11
2.7874015748031495
21
-4.2215354330708657
0
LINE
8
BLACK
6
CONTINUOUS
10
2.7874015748031495
20
-4.2215354330708657
11
2.7874015748031495
21
-4.2589370078740156
0
LINE
8
BLACK
6
CONTINUOUS
10
2.7874015748031495
20
-4.2589370078740156
11
2.7866523622047246
21
-4.2627035826771653
0
LINE
8
BLACK
6
CONTINUOUS
10
2.7866523622047246
20
-4.2627035826771653
11
2.7845187795275588
21
-4.2658967322834647
0
LINE
8
BLACK
6
CONTINUOUS
10
2.7845187795275588
20
-4.2658967322834647
11
2.7813256299212599
21
-4.2680303149606296
0
LINE
8
BLACK
6
CONTINUOUS
10
2.7813256299212599
20
-4.2680303149606296
11
2.7775590551181102
21
-4.2687795275590554
0
LINE
8
BLACK
6
CONTINUOUS
10
2.7775590551181102
20
-4.2687795275590554
11
2.7578740157480315
21
-4.2687795275590554
0
LINE
8
BLACK
6
CONTINUOUS
10
2.7578740157480315
20
-4.2687795275590554
11
2.7541074409448818
21
-4.2680303149606296
0
LINE
8
BLACK
6
CONTINUOUS
10
2.7541074409448818
20
-4.2680303149606296
11
2.7509142913385825
21
-4.2658967322834647
0
LINE
8
BLACK
6
CONTINUOUS
10
2.7509142913385825
20
-4.2658967322834647
11
2.7487807086614171
21
-4.2627035826771653
0
LINE
8
BLACK
6
CONTINUOUS
10
2.7487807086614171
20
-4.2627035826771653
11
2.7480314960629921
21
-4.2589370078740156
0
LINE
8
BLACK
6
CONTINUOUS
10
2.7480314960629921
20
-4.2589370078740156
11
2.7480314960629921
21
-4.2215354330708657
0
LINE
8
BLACK
6
CONTINUOUS
10
2.7480314960629921
20
-4.2215354330708657
11
2.7487807086614171
21
-4.2177688582677169
0
LINE
8
BLACK
6
CONTINUOUS
10
2.7487807086614171
20
-4.2177688582677169
11
2.7509142913385825
21
-4.2145757086614175
0
LINE
8
BLACK
6
CONTINUOUS
10
2.7509142913385825
20
-4.2145757086614175
11
2.7541074409448818
21
-4.2124421259842517
0
LINE
8
BLACK
6
CONTINUOUS
10
2.7541074409448818
20
-4.2124421259842517
11
2.7578740157480315
21
-4.2116929133858267
0
LINE
8
BLACK
6
CONTINUOUS
10
2.7578740157480315
20
-4.2116929133858267
11
2.7775590551181102
21
-4.2116929133858267
0
LINE
8
BLACK
6
CONTINUOUS
10
2.7775590551181102
20
-4.2116929133858267
11
2.7813256299212599
21
-4.2124421259842517
0
LINE
8
BLACK
6
CONTINUOUS
10
2.8561287795275589
20
-4.2124421259842517
11
2.8593219291338583
21
-4.2145757086614175
0
LINE
8
BLACK
6
CONTINUOUS
10
2.8593219291338583
20
-4.2145757086614175
11
2.8614555118110236
21
-4.2177688582677169
0
LINE
8
BLACK
6
CONTINUOUS
10
2.8614555118110236
20
-4.2177688582677169
11
2.8622047244094486
21
-4.2215354330708657
0
LINE
8
BLACK
6
CONTINUOUS
10
2.8622047244094486
20
-4.2215354330708657
11
2.8622047244094486
21
-4.2589370078740156
0
LINE
8
BLACK
6
CONTINUOUS
10
2.8622047244094486
20
-4.2589370078740156
11
2.8614555118110236
21
-4.2627035826771653
0
LINE
8
BLACK
6
CONTINUOUS
10
2.8614555118110236
20
-4.2627035826771653
11
2.8593219291338583
21
-4.2658967322834647
0
LINE
8
BLACK
6
CONTINUOUS
10
2.8593219291338583
20
-4.2658967322834647
11
2.8561287795275589
21
-4.2680303149606296
0
LINE
8
BLACK
6
CONTINUOUS
10
2.8561287795275589
20
-4.2680303149606296
11
2.8523622047244093
21
-4.2687795275590554
0
LINE
8
BLACK
6
CONTINUOUS
10
2.8523622047244093
20
-4.2687795275590554
11
2.8326771653543306
21
-4.2687795275590554
0
LINE
8
BLACK
6
CONTINUOUS
10
2.8326771653543306
20
-4.2687795275590554
11
2.8289105905511809
21
-4.2680303149606296
0
LINE
8
BLACK
6
CONTINUOUS
10
2.8289105905511809
20
-4.2680303149606296
11
2.825717440944882
21
-4.2658967322834647
0
LINE
8
BLACK
6
CONTINUOUS
10
2.825717440944882
20
-4.2658967322834647
11
2.8235838582677166
21
-4.2627035826771653
0
LINE
8
BLACK
6
CONTINUOUS
10
2.8235838582677166
20
-4.2627035826771653
11
2.8228346456692912
21
-4.2589370078740156
0
LINE
8
BLACK
6
CONTINUOUS
10
2.8228346456692912
20
-4.2589370078740156
11
2.8228346456692912
21
-4.2215354330708657
0
LINE
8
BLACK
6
CONTINUOUS
10
2.8228346456692912
20
-4.2215354330708657
11
2.8235838582677166
21
-4.2177688582677169
0
LINE
8
BLACK
6
CONTINUOUS
10
2.8235838582677166
20
-4.2177688582677169
11
2.825717440944882
21
-4.2145757086614175
0
LINE
8
BLACK
6
CONTINUOUS
10
2.825717440944882
20
-4.2145757086614175
11
2.8289105905511809
21
-4.2124421259842517
0
LINE
8
BLACK
6
CONTINUOUS
10
2.8289105905511809
20
-4.2124421259842517
11
2.8326771653543306
21
-4.2116929133858267
0
LINE
8
BLACK
6
CONTINUOUS
10
2.8326771653543306
20
-4.2116929133858267
11
2.8523622047244093
21
-4.2116929133858267
0
LINE
8
BLACK
6
CONTINUOUS
10
2.8523622047244093
20
-4.2116929133858267
11
2.8561287795275589
21
-4.2124421259842517
0
LINE
8
BLACK
6
CONTINUOUS
10
2.9207272047244093
20
-4.2124421259842517
11
2.9239203543307086
21
-4.2145757086614175
0
LINE
8
BLACK
6
CONTINUOUS
10
2.9239203543307086
20
-4.2145757086614175
11
2.926053937007874
21
-4.2177688582677169
0
LINE
8
BLACK
6
CONTINUOUS
10
2.926053937007874
20
-4.2177688582677169
11
2.9268031496062989
21
-4.2215354330708657
0
LINE
8
BLACK
6
CONTINUOUS
10
2.9268031496062989
20
-4.2215354330708657
11
2.9268031496062989
21
-4.2589370078740156
0
LINE
8
BLACK
6
CONTINUOUS
10
2.9268031496062989
20
-4.2589370078740156
11
2.926053937007874
21
-4.2627035826771653
0
LINE
8
BLACK
6
CONTINUOUS
10
2.926053937007874
20
-4.2627035826771653
11
2.9239203543307086
21
-4.2658967322834647
0
LINE
8
BLACK
6
CONTINUOUS
10
2.9239203543307086
20
-4.2658967322834647
11
2.9207272047244093
21
-4.2680303149606296
0
LINE
8
BLACK
6
CONTINUOUS
10
2.9207272047244093
20
-4.2680303149606296
11
2.9169606299212596
21
-4.2687795275590554
0
LINE
8
BLACK
6
CONTINUOUS
10
2.9169606299212596
20
-4.2687795275590554
11
2.8972755905511809
21
-4.2687795275590554
0
LINE
8
BLACK
6
CONTINUOUS
10
2.8972755905511809
20
-4.2687795275590554
11
2.8935090157480312
21
-4.2680303149606296
0
LINE
8
BLACK
6
CONTINUOUS
10
2.8935090157480312
20
-4.2680303149606296
11
2.8903158661417323
21
-4.2658967322834647
0
LINE
8
BLACK
6
CONTINUOUS
10
2.8903158661417323
20
-4.2658967322834647
11
2.888182283464567
21
-4.2627035826771653
0
LINE
8
BLACK
6
CONTINUOUS
10
2.888182283464567
20
-4.2627035826771653
11
2.8874330708661415
21
-4.2589370078740156
0
LINE
8
BLACK
6
CONTINUOUS
10
2.8874330708661415
20
-4.2589370078740156
11
2.8874330708661415
21
-4.2215354330708657
0
LINE
8
BLACK
6
CONTINUOUS
10
2.8874330708661415
20
-4.2215354330708657
11
2.888182283464567
21
-4.2177688582677169
0
LINE
8
BLACK
6
CONTINUOUS
10
2.888182283464567
20
-4.2177688582677169
11
2.8903158661417323
21
-4.2145757086614175
0
LINE
8
BLACK
6
CONTINUOUS
10
2.8903158661417323
20
-4.2145757086614175
11
2.8935090157480312
21
-4.2124421259842517
0
LINE
8
BLACK
6
CONTINUOUS
10
2.8935090157480312
20
-4.2124421259842517
11
2.8972755905511809
21
-4.2116929133858267
0
LINE
8
BLACK
6
CONTINUOUS
10
2.8972755905511809
20
-4.2116929133858267
11
2.9169606299212596
21
-4.2116929133858267
0
LINE
8
BLACK
6
CONTINUOUS
10
2.9169606299212596
20
-4.2116929133858267
11
2.9207272047244093
21
-4.2124421259842517
0
LINE
8
BLACK
6
CONTINUOUS
10
2.9955303543307088
20
-4.2124421259842517
11
2.9987235039370077
21
-4.2145757086614175
0
LINE
8
BLACK
6
CONTINUOUS
10
2.9987235039370077
20
-4.2145757086614175
11
3.0008570866141731
21
-4.2177688582677169
0
LINE
8
BLACK
6
CONTINUOUS
10
3.0008570866141731
20
-4.2177688582677169
11
3.0016062992125985
21
-4.2215354330708657
0
LINE
8
BLACK
6
CONTINUOUS
10
3.0016062992125985
20
-4.2215354330708657
11
3.0016062992125985
21
-4.2589370078740156
0
LINE
8
BLACK
6
CONTINUOUS
10
3.0016062992125985
20
-4.2589370078740156
11
3.0008570866141731
21
-4.2627035826771653
0
LINE
8
BLACK
6
CONTINUOUS
10
3.0008570866141731
20
-4.2627035826771653
11
2.9987235039370077
21
-4.2658967322834647
0
LINE
8
BLACK
6
CONTINUOUS
10
2.9987235039370077
20
-4.2658967322834647
11
2.9955303543307088
21
-4.2680303149606296
0
LINE
8
BLACK
6
CONTINUOUS
10
2.9955303543307088
20
-4.2680303149606296
11
2.9917637795275591
21
-4.2687795275590554
0
LINE
8
BLACK
6
CONTINUOUS
10
2.9917637795275591
20
-4.2687795275590554
11
2.9720787401574804
21
-4.2687795275590554
0
LINE
8
BLACK
6
CONTINUOUS
10
2.9720787401574804
20
-4.2687795275590554
11
2.9683121653543307
21
-4.2680303149606296
0
LINE
8
BLACK
6
CONTINUOUS
10
2.9683121653543307
20
-4.2680303149606296
11
2.9651190157480314
21
-4.2658967322834647
0
LINE
8
BLACK
6
CONTINUOUS
10
2.9651190157480314
20
-4.2658967322834647
11
2.962985433070866
21
-4.2627035826771653
0
LINE
8
BLACK
6
CONTINUOUS
10
2.962985433070866
20
-4.2627035826771653
11
2.9622362204724411
21
-4.2589370078740156
0
LINE
8
BLACK
6
CONTINUOUS
10
2.9622362204724411
20
-4.2589370078740156
11
2.9622362204724411
21
-4.2215354330708657
0
LINE
8
BLACK
6
CONTINUOUS
10
2.9622362204724411
20
-4.2215354330708657
11
2.962985433070866
21
-4.2177688582677169
0
LINE
8
BLACK
6
CONTINUOUS
10
2.962985433070866
20
-4.2177688582677169
11
2.9651190157480314
21
-4.2145757086614175
0
LINE
8
BLACK
6
CONTINUOUS
10
2.9651190157480314
20
-4.2145757086614175
11
2.9683121653543307
21
-4.2124421259842517
0
LINE
8
BLACK
6
CONTINUOUS
10
2.9683121653543307
20
-4.2124421259842517
11
2.9720787401574804
21
-4.2116929133858267
0
LINE
8
BLACK
6
CONTINUOUS
10
2.9720787401574804
20
-4.2116929133858267
11
2.9917637795275591
21
-4.2116929133858267
0
LINE
8
BLACK
6
CONTINUOUS
10
2.9917637795275591
20
-4.2116929133858267
11
2.9955303543307088
21
-4.2124421259842517
0
LINE
8
BLACK
6
CONTINUOUS
10
2.7163650000000001
20
-4.2236822834645666
11
2.719558149606299
21
-4.2258158661417324
0
LINE
8
BLACK
6
CONTINUOUS
10
2.719558149606299
20
-4.2258158661417324
11
2.7216917322834644
21
-4.2290090157480318
0
LINE
8
BLACK
6
CONTINUOUS
10
2.7216917322834644
20
-4.2290090157480318
11
2.7224409448818898
21
-4.2327755905511806
0
LINE
8
BLACK
6
CONTINUOUS
10
2.7224409448818898
20
-4.2327755905511806
11
2.7224409448818898
21
-4.2534448818897639
0
LINE
8
BLACK
6
CONTINUOUS
10
2.7224409448818898
20
-4.2534448818897639
11
2.7216917322834644
21
-4.2572114566929136
0
LINE
8
BLACK
6
CONTINUOUS
10
2.7216917322834644
20
-4.2572114566929136
11
2.719558149606299
21
-4.2604046062992129
0
LINE
8
BLACK
6
CONTINUOUS
10
2.719558149606299
20
-4.2604046062992129
11
2.7163650000000001
21
-4.2625381889763778
0
LINE
8
BLACK
6
CONTINUOUS
10
2.7163650000000001
20
-4.2625381889763778
11
2.7125984251968505
21
-4.2632874015748028
0
LINE
8
BLACK
6
CONTINUOUS
10
2.7125984251968505
20
-4.2632874015748028
11
2.6771653543307088
21
-4.2632874015748028
0
LINE
8
BLACK
6
CONTINUOUS
10
2.6771653543307088
20
-4.2632874015748028
11
2.6733987795275591
21
-4.2625381889763778
0
LINE
8
BLACK
6
CONTINUOUS
10
2.6733987795275591
20
-4.2625381889763778
11
2.6702056299212598
21
-4.2604046062992129
0
LINE
8
BLACK
6
CONTINUOUS
10
2.6702056299212598
20
-4.2604046062992129
11
2.6680720472440944
21
-4.2572114566929136
0
LINE
8
BLACK
6
CONTINUOUS
10
2.6680720472440944
20
-4.2572114566929136
11
2.6673228346456694
21
-4.2534448818897639
0
LINE
8
BLACK
6
CONTINUOUS
10
2.6673228346456694
20
-4.2534448818897639
11
2.6673228346456694
21
-4.2327755905511806
0
LINE
8
BLACK
6
CONTINUOUS
10
2.6673228346456694
20
-4.2327755905511806
11
2.6680720472440944
21
-4.2290090157480318
0
LINE
8
BLACK
6
CONTINUOUS
10
2.6680720472440944
20
-4.2290090157480318
11
2.6702056299212598
21
-4.2258158661417324
0
LINE
8
BLACK
6
CONTINUOUS
10
2.6702056299212598
20
-4.2258158661417324
11
2.6733987795275591
21
-4.2236822834645666
0
LINE
8
BLACK
6
CONTINUOUS
10
2.6733987795275591
20
-4.2236822834645666
11
2.6771653543307088
21
-4.2229330708661417
0
LINE
8
BLACK
6
CONTINUOUS
10
2.6771653543307088
20
-4.2229330708661417
11
2.7125984251968505
21
-4.2229330708661417
0
LINE
8
BLACK
6
CONTINUOUS
10
2.7125984251968505
20
-4.2229330708661417
11
2.7163650000000001
21
-4.2236822834645666
0
LINE
8
BLACK
6
CONTINUOUS
10
2.6287665748031497
20
-4.1916940944881889
11
2.6319597244094486
21
-4.1938276771653547
0
LINE
8
BLACK
6
CONTINUOUS
10
2.6319597244094486
20
-4.1938276771653547
11
2.6340933070866139
21
-4.1970208267716531
0
LINE
8
BLACK
6
CONTINUOUS
10
2.6340933070866139
20
-4.1970208267716531
11
2.6348425196850394
21
-4.2007874015748028
0
LINE
8
BLACK
6
CONTINUOUS
10
2.6348425196850394
20
-4.2007874015748028
11
2.6348425196850394
21
-4.2204724409448815
0
LINE
8
BLACK
6
CONTINUOUS
10
2.6348425196850394
20
-4.2204724409448815
11
2.6340933070866139
21
-4.2242390157480312
0
LINE
8
BLACK
6
CONTINUOUS
10
2.6340933070866139
20
-4.2242390157480312
11
2.6319597244094486
21
-4.2274321653543305
0
LINE
8
BLACK
6
CONTINUOUS
10
2.6319597244094486
20
-4.2274321653543305
11
2.6287665748031497
21
-4.2295657480314963
0
LINE
8
BLACK
6
CONTINUOUS
10
2.6287665748031497
20
-4.2295657480314963
11
2.625
21
-4.2303149606299213
0
LINE
8
BLACK
6
CONTINUOUS
10
2.625
20
-4.2303149606299213
11
2.5875984251968505
21
-4.2303149606299213
0
LINE
8
BLACK
6
CONTINUOUS
10
2.5875984251968505
20
-4.2303149606299213
11
2.5838318503937008
21
-4.2295657480314963
0
LINE
8
BLACK
6
CONTINUOUS
10
2.5838318503937008
20
-4.2295657480314963
11
2.5806387007874014
21
-4.2274321653543305
0
LINE
8
BLACK
6
CONTINUOUS
10
2.5806387007874014
20
-4.2274321653543305
11
2.5785051181102361
21
-4.2242390157480312
0
LINE
8
BLACK
6
CONTINUOUS
10
2.5785051181102361
20
-4.2242390157480312
11
2.5777559055118111
21
-4.2204724409448815
0
LINE
8
BLACK
6
CONTINUOUS
10
2.5777559055118111
20
-4.2204724409448815
11
2.5777559055118111
21
-4.2007874015748028
0
LINE
8
BLACK
6
CONTINUOUS
10
2.5777559055118111
20
-4.2007874015748028
11
2.5785051181102361
21
-4.1970208267716531
0
LINE
8
BLACK
6
CONTINUOUS
10
2.5785051181102361
20
-4.1970208267716531
11
2.5806387007874014
21
-4.1938276771653547
0
LINE
8
BLACK
6
CONTINUOUS
10
2.5806387007874014
20
-4.1938276771653547
11
2.5838318503937008
21
-4.1916940944881889
0
LINE
8
BLACK
6
CONTINUOUS
10
2.5838318503937008
20
-4.1916940944881889
11
2.5875984251968505
21
-4.1909448818897639
0
LINE
8
BLACK
6
CONTINUOUS
10
2.5875984251968505
20
-4.1909448818897639
11
2.625
21
-4.1909448818897639
0
LINE
8
BLACK
6
CONTINUOUS
10
2.625
20
-4.1909448818897639
11
2.6287665748031497
21
-4.1916940944881889
0
LINE
8
BLACK
6
CONTINUOUS
10
5.5849023228346457
20
-3.4299364960629921
11
5.5978152362204723
21
-3.4328837795275589
0
LINE
8
BLACK
6
CONTINUOUS
10
5.5978152362204723
20
-3.4328837795275589
11
5.6103169291338579
21
-3.4372583070866143
0
LINE
8
BLACK
6
CONTINUOUS
10
5.6103169291338579
20
-3.4372583070866143
11
5.6222502755905515
21
-3.4430051181102361
0
LINE
8
BLACK
6
CONTINUOUS
10
5.6222502755905515
20
-3.4430051181102361
11
5.6334651181102364
21
-3.4500518503937005
0
LINE
8
BLACK
6
CONTINUOUS
10
5.6334651181102364
20
-3.4500518503937005
11
5.6438204724409449
21
-3.45831
0
LINE
8
BLACK
6
CONTINUOUS
10
5.6438204724409449
20
-3.45831
11
5.653186062992126
21
-3.4676755905511811
0
LINE
8
BLACK
6
CONTINUOUS
10
5.653186062992126
20
-3.4676755905511811
11
5.6614442125984255
21
-3.4780309448818896
0
LINE
8
BLACK
6
CONTINUOUS
10
5.6614442125984255
20
-3.4780309448818896
11
5.6684909448818894
21
-3.4892457874015745
0
LINE
8
BLACK
6
CONTINUOUS
10
5.6684909448818894
20
-3.4892457874015745
11
5.6742377559055113
21
-3.5011791338582676
0
LINE
8
BLACK
6
CONTINUOUS
10
5.6742377559055113
20
-3.5011791338582676
11
5.6786122834645667
21
-3.5136808267716533
0
LINE
8
BLACK
6
CONTINUOUS
10
5.6786122834645667
20
-3.5136808267716533
11
5.6815595669291339
21
-3.5265937401574803
0
LINE
8
BLACK
6
CONTINUOUS
10
5.6815595669291339
20
-3.5265937401574803
11
5.6830425196850394
21
-3.539755472440945
0
LINE
8
BLACK
6
CONTINUOUS
10
5.6830425196850394
20
-3.539755472440945
11
5.6830425196850394
21
-3.5530004330708662
0
LINE
8
BLACK
6
CONTINUOUS
10
5.6830425196850394
20
-3.5530004330708662
11
5.6815595669291339
21
-3.5661621653543305
0
LINE
8
BLACK
6
CONTINUOUS
10
5.6815595669291339
20
-3.5661621653543305
11
5.6786122834645667
21
-3.5790750787401575
0
LINE
8
BLACK
6
CONTINUOUS
10
5.6786122834645667
20
-3.5790750787401575
11
5.6742377559055113
21
-3.5915767716535432
0
LINE
8
BLACK
6
CONTINUOUS
10
5.6742377559055113
20
-3.5915767716535432
11
5.6684909448818894
21
-3.6035101181102362
0
LINE
8
BLACK
6
CONTINUOUS
10
5.6684909448818894
20
-3.6035101181102362
11
5.6614442125984255
21
-3.6147249606299212
0
LINE
8
BLACK
6
CONTINUOUS
10
5.6614442125984255
20
-3.6147249606299212
11
5.653186062992126
21
-3.6250803149606297
0
LINE
8
BLACK
6
CONTINUOUS
10
5.653186062992126
20
-3.6250803149606297
11
5.6438204724409449
21
-3.6344459055118108
0
LINE
8
BLACK
6
CONTINUOUS
10
5.6438204724409449
20
-3.6344459055118108
11
5.6334651181102364
21
-3.6427040551181102
0
LINE
8
BLACK
6
CONTINUOUS
10
5.6334651181102364
20
-3.6427040551181102
11
5.6222502755905515
21
-3.6497507874015747
0
LINE
8
BLACK
6
CONTINUOUS
10
5.6222502755905515
20
-3.6497507874015747
11
5.6103169291338579
21
-3.6554975984251969
0
LINE
8
BLACK
6
CONTINUOUS
10
5.6103169291338579
20
-3.6554975984251969
11
5.5978152362204723
21
-3.6598721259842519
0
LINE
8
BLACK
6
CONTINUOUS
10
5.5978152362204723
20
-3.6598721259842519
11
5.5849023228346457
21
-3.6628194094488187
0
LINE
8
BLACK
6
CONTINUOUS
10
5.5849023228346457
20
-3.6628194094488187
11
5.5717405905511805
21
-3.6643023622047242
0
LINE
8
BLACK
6
CONTINUOUS
10
5.5717405905511805
20
-3.6643023622047242
11
5.5584956299212598
21
-3.6643023622047242
0
LINE
8
BLACK
6
CONTINUOUS
10
5.5584956299212598
20
-3.6643023622047242
11
5.5453338976377955
21
-3.6628194094488187
0
LINE
8
BLACK
6
CONTINUOUS
10
5.5453338976377955
20
-3.6628194094488187
11
5.532420984251968
21
-3.6598721259842519
0
LINE
8
BLACK
6
CONTINUOUS
10
5.532420984251968
20
-3.6598721259842519
11
5.5199192913385824
21
-3.6554975984251969
0
LINE
8
BLACK
6
CONTINUOUS
10
5.5199192913385824
20
-3.6554975984251969
11
5.5079859448818898
21
-3.6497507874015747
0
LINE
8
BLACK
6
CONTINUOUS
10
5.5079859448818898
20
-3.6497507874015747
11
5.4967711023622048
21
-3.6427040551181102
0
LINE
8
BLACK
6
CONTINUOUS
10
5.4967711023622048
20
-3.6427040551181102
11
5.4864157480314963
21
-3.6344459055118108
0
LINE
8
BLACK
6
CONTINUOUS
10
5.4864157480314963
20
-3.6344459055118108
11
5.4770501574803152
21
-3.6250803149606297
0
LINE
8
BLACK
6
CONTINUOUS
10
5.4770501574803152
20
-3.6250803149606297
11
5.4687920078740158
21
-3.6147249606299212
0
LINE
8
BLACK
6
CONTINUOUS
10
5.4687920078740158
20
-3.6147249606299212
11
5.4617452755905509
21
-3.6035101181102362
0
LINE
8
BLACK
6
CONTINUOUS
10
5.4617452755905509
20
-3.6035101181102362
11
5.4559984645669291
21
-3.5915767716535432
0
LINE
8
BLACK
6
CONTINUOUS
10
5.4559984645669291
20
-3.5915767716535432
11
5.4516239370078736
21
-3.5790750787401575
0
LINE
8
BLACK
6
CONTINUOUS
10
5.4516239370078736
20
-3.5790750787401575
11
5.4486766535433073
21
-3.5661621653543305
0
LINE
8
BLACK
6
CONTINUOUS
10
5.4486766535433073
20
-3.5661621653543305
11
5.4471937007874018
21
-3.5530004330708662
0
LINE
8
BLACK
6
CONTINUOUS
10
5.4471937007874018
20
-3.5530004330708662
11
5.4471937007874018
21
-3.539755472440945
0
LINE
8
BLACK
6
CONTINUOUS
10
5.4471937007874018
20
-3.539755472440945
11
5.4486766535433073
21
-3.5265937401574803
0
LINE
8
BLACK
6
CONTINUOUS
10
5.4486766535433073
20
-3.5265937401574803
11
5.4516239370078736
21
-3.5136808267716533
0
LINE
8
BLACK
6
CONTINUOUS
10
5.4516239370078736
20
-3.5136808267716533
11
5.4559984645669291
21
-3.5011791338582676
0
LINE
8
BLACK
6
CONTINUOUS
10
5.4559984645669291
20
-3.5011791338582676
11
5.4617452755905509
21
-3.4892457874015745
0
LINE
8
BLACK
6
CONTINUOUS
10
5.4617452755905509
20
-3.4892457874015745
11
5.4687920078740158
21
-3.4780309448818896
0
LINE
8
BLACK
6
CONTINUOUS
10
5.4687920078740158
20
-3.4780309448818896
11
5.4770501574803152
21
-3.4676755905511811
0
LINE
8
BLACK
6
CONTINUOUS
10
5.4770501574803152
20
-3.4676755905511811
11
5.4864157480314963
21
-3.45831
0
LINE
8
BLACK
6
CONTINUOUS
10
5.4864157480314963
20
-3.45831
11
5.4967711023622048
21
-3.4500518503937005
0
LINE
8
BLACK
6
CONTINUOUS
10
5.4967711023622048
20
-3.4500518503937005
11
5.5079859448818898
21
-3.4430051181102361
0
LINE
8
BLACK
6
CONTINUOUS
10
5.5079859448818898
20
-3.4430051181102361
11
5.5199192913385824
21
-3.4372583070866143
0
LINE
8
BLACK
6
CONTINUOUS
10
5.5199192913385824
20
-3.4372583070866143
11
5.532420984251968
21
-3.4328837795275589
0
LINE
8
BLACK
6
CONTINUOUS
10
5.532420984251968
20
-3.4328837795275589
11
5.5453338976377955
21
-3.4299364960629921
0
LINE
8
BLACK
6
CONTINUOUS
10
5.5453338976377955
20
-3.4299364960629921
11
5.5584956299212598
21
-3.4284535433070866
0
LINE
8
BLACK
6
CONTINUOUS
10
5.5584956299212598
20
-3.4284535433070866
11
5.5717405905511805
21
-3.4284535433070866
0
LINE
8
BLACK
6
CONTINUOUS
10
5.5717405905511805
20
-3.4284535433070866
11
5.5849023228346457
21
-3.4299364960629921
0
LINE
8
BLACK
6
CONTINUOUS
10
9.1675794881889754
20
-3.3905664173228347
11
9.1804924015748028
21
-3.3935137007874014
0
LINE
8
BLACK
6
CONTINUOUS
10
9.1804924015748028
20
-3.3935137007874014
11
9.1929940944881885
21
-3.3978882283464564
0
LINE
8
BLACK
6
CONTINUOUS
10
9.1929940944881885
20
-3.3978882283464564
11
9.204927440944882
21
-3.4036350393700787
0
LINE
8
BLACK
6
CONTINUOUS
10
9.204927440944882
20
-3.4036350393700787
11
9.216142283464567
21
-3.4106817716535431
0
LINE
8
BLACK
6
CONTINUOUS
10
9.216142283464567
20
-3.4106817716535431
11
9.2264976377952745
21
-3.4189399212598426
0
LINE
8
BLACK
6
CONTINUOUS
10
9.2264976377952745
20
-3.4189399212598426
11
9.2358632283464566
21
-3.4283055118110237
0
LINE
8
BLACK
6
CONTINUOUS
10
9.2358632283464566
20
-3.4283055118110237
11
9.2441213779527551
21
-3.4386608661417322
0
LINE
8
BLACK
6
CONTINUOUS
10
9.2441213779527551
20
-3.4386608661417322
11
9.25116811023622
21
-3.4498757086614171
0
LINE
8
BLACK
6
CONTINUOUS
10
9.25116811023622
20
-3.4498757086614171
11
9.2569149212598418
21
-3.4618090551181102
0
LINE
8
BLACK
6
CONTINUOUS
10
9.2569149212598418
20
-3.4618090551181102
11
9.2612894488188982
21
-3.4743107480314959
0
LINE
8
BLACK
6
CONTINUOUS
10
9.2612894488188982
20
-3.4743107480314959
11
9.2642367322834644
21
-3.4872236614173229
0
LINE
8
BLACK
6
CONTINUOUS
10
9.2642367322834644
20
-3.4872236614173229
11
9.2657196850393699
21
-3.5003853937007872
0
LINE
8
BLACK
6
CONTINUOUS
10
9.2657196850393699
20
-3.5003853937007872
11
9.2657196850393699
21
-3.5136303543307084
0
LINE
8
BLACK
6
CONTINUOUS
10
9.2657196850393699
20
-3.5136303543307084
11
9.2642367322834644
21
-3.5267920866141731
0
LINE
8
BLACK
6
CONTINUOUS
10
9.2642367322834644
20
-3.5267920866141731
11
9.2612894488188982
21
-3.5397050000000001
0
LINE
8
BLACK
6
CONTINUOUS
10
9.2612894488188982
20
-3.5397050000000001
11
9.2569149212598418
21
-3.5522066929133858
0
LINE
8
BLACK
6
CONTINUOUS
10
9.2569149212598418
20
-3.5522066929133858
11
9.25116811023622
21
-3.5641400393700788
0
LINE
8
BLACK
6
CONTINUOUS
10
9.25116811023622
20
-3.5641400393700788
11
9.2441213779527551
21
-3.5753548818897638
0
LINE
8
BLACK
6
CONTINUOUS
10
9.2441213779527551
20
-3.5753548818897638
11
9.2358632283464566
21
-3.5857102362204722
0
LINE
8
BLACK
6
CONTINUOUS
10
9.2358632283464566
20
-3.5857102362204722
11
9.2264976377952745
21
-3.5950758267716534
0
LINE
8
BLACK
6
CONTINUOUS
10
9.2264976377952745
20
-3.5950758267716534
11
9.216142283464567
21
-3.6033339763779528
0
LINE
8
BLACK
6
CONTINUOUS
10
9.216142283464567
20
-3.6033339763779528
11
9.204927440944882
21
-3.6103807086614172
0
LINE
8
BLACK
6
CONTINUOUS
10
9.204927440944882
20
-3.6103807086614172
11
9.1929940944881885
21
-3.6161275196850391
0
LINE
8
BLACK
6
CONTINUOUS
10
9.1929940944881885
20
-3.6161275196850391
11
9.1804924015748028
21
-3.6205020472440945
0
LINE
8
BLACK
6
CONTINUOUS
10
9.1804924015748028
20
-3.6205020472440945
11
9.1675794881889754
21
-3.6234493307086613
0
LINE
8
BLACK
6
CONTINUOUS
10
9.1675794881889754
20
-3.6234493307086613
11
9.1544177559055111
21
-3.6249322834645668
0
LINE
8
BLACK
6
CONTINUOUS
10
9.1544177559055111
20
-3.6249322834645668
11
9.1411727952755903
21
-3.6249322834645668
0
LINE
8
BLACK
6
CONTINUOUS
10
9.1411727952755903
20
-3.6249322834645668
11
9.1280110629921261
21
-3.6234493307086613
0
LINE
8
BLACK
6
CONTINUOUS
10
9.1280110629921261
20
-3.6234493307086613
11
9.1150981496062986
21
-3.6205020472440945
0
LINE
8
BLACK
6
CONTINUOUS
10
9.1150981496062986
20
-3.6205020472440945
11
9.102596456692913
21
-3.6161275196850391
0
LINE
8
BLACK
6
CONTINUOUS
10
9.102596456692913
20
-3.6161275196850391
11
9.0906631102362194
21
-3.6103807086614172
0
LINE
8
BLACK
6
CONTINUOUS
10
9.0906631102362194
20
-3.6103807086614172
11
9.0794482677165345
21
-3.6033339763779528
0
LINE
8
BLACK
6
CONTINUOUS
10
9.0794482677165345
20
-3.6033339763779528
11
9.0690929133858269
21
-3.5950758267716534
0
LINE
8
BLACK
6
CONTINUOUS
10
9.0690929133858269
20
-3.5950758267716534
11
9.0597273228346449
21
-3.5857102362204722
0
LINE
8
BLACK
6
CONTINUOUS
10
9.0597273228346449
20
-3.5857102362204722
11
9.0514691732283463
21
-3.5753548818897638
0
LINE
8
BLACK
6
CONTINUOUS
10
9.0514691732283463
20
-3.5753548818897638
11
9.0444224409448815
21
-3.5641400393700788
0
LINE
8
BLACK
6
CONTINUOUS
10
9.0444224409448815
20
-3.5641400393700788
11
9.0386756299212596
21
-3.5522066929133858
0
LINE
8
BLACK
6
CONTINUOUS
10
9.0386756299212596
20
-3.5522066929133858
11
9.0343011023622051
21
-3.5397050000000001
0
LINE
8
BLACK
6
CONTINUOUS
10
9.0343011023622051
20
-3.5397050000000001
11
9.031353818897637
21
-3.5267920866141731
0
LINE
8
BLACK
6
CONTINUOUS
10
9.031353818897637
20
-3.5267920866141731
11
9.0298708661417315
21
-3.5136303543307084
0
LINE
8
BLACK
6
CONTINUOUS
10
9.0298708661417315
20
-3.5136303543307084
11
9.0298708661417315
21
-3.5003853937007872
0
LINE
8
BLACK
6
CONTINUOUS
10
9.0298708661417315
20
-3.5003853937007872
11
9.031353818897637
21
-3.4872236614173229
0
LINE
8
BLACK
6
CONTINUOUS
10
9.031353818897637
20
-3.4872236614173229
11
9.0343011023622051
21
-3.4743107480314959
0
LINE
8
BLACK
6
CONTINUOUS
10
9.0343011023622051
20
-3.4743107480314959
11
9.0386756299212596
21
-3.4618090551181102
0
LINE
8
BLACK
6
CONTINUOUS
10
9.0386756299212596
20
-3.4618090551181102
11
9.0444224409448815
21
-3.4498757086614171
0
LINE
8
BLACK
6
CONTINUOUS
10
9.0444224409448815
20
-3.4498757086614171
11
9.0514691732283463
21
-3.4386608661417322
0
LINE
8
BLACK
6
CONTINUOUS
10
9.0514691732283463
20
-3.4386608661417322
11
9.0597273228346449
21
-3.4283055118110237
0
LINE
8
BLACK
6
CONTINUOUS
10
9.0597273228346449
20
-3.4283055118110237
11
9.0690929133858269
21
-3.4189399212598426
0
LINE
8
BLACK
6
CONTINUOUS
10
9.0690929133858269
20
-3.4189399212598426
11
9.0794482677165345
21
-3.4106817716535431
0
LINE
8
BLACK
6
CONTINUOUS
10
9.0794482677165345
20
-3.4106817716535431
11
9.0906631102362194
21
-3.4036350393700787
0
LINE
8
BLACK
6
CONTINUOUS
10
9.0906631102362194
20
-3.4036350393700787
11
9.102596456692913
21
-3.3978882283464564
0
LINE
8
BLACK
6
CONTINUOUS
10
9.102596456692913
20
-3.3978882283464564
11
9.1150981496062986
21
-3.3935137007874014
0
LINE
8
BLACK
6
CONTINUOUS
10
9.1150981496062986
20
-3.3935137007874014
11
9.1280110629921261
21
-3.3905664173228347
0
LINE
8
BLACK
6
CONTINUOUS
10
9.1280110629921261
20
-3.3905664173228347
11
9.1411727952755903
21
-3.3890834645669292
0
LINE
8
BLACK
6
CONTINUOUS
10
9.1411727952755903
20
-3.3890834645669292
11
9.1544177559055111
21
-3.3890834645669292
0
LINE
8
BLACK
6
CONTINUOUS
10
9.1544177559055111
20
-3.3890834645669292
11
9.1675794881889754
21
-3.3905664173228347
0
LINE
8
BLACK
6
CONTINUOUS
10
3.8433032677165353
20
-3.3675755118110233
11
3.8452191338582677
21
-3.3688556692913387
0
LINE
8
BLACK
6
CONTINUOUS
10
3.8452191338582677
20
-3.3688556692913387
11
3.8464992913385827
21
-3.3707715354330707
0
LINE
8
BLACK
6
CONTINUOUS
10
3.8464992913385827
20
-3.3707715354330707
11
3.8469488188976375
21
-3.3730314960629921
0
LINE
8
BLACK
6
CONTINUOUS
10
3.8469488188976375
20
-3.3730314960629921
11
3.8469488188976375
21
-3.3848425196850394
0
LINE
8
BLACK
6
CONTINUOUS
10
3.8469488188976375
20
-3.3848425196850394
11
3.8464992913385827
21
-3.3871024803149608
0
LINE
8
BLACK
6
CONTINUOUS
10
3.8464992913385827
20
-3.3871024803149608
11
3.8452191338582677
21
-3.3890183464566928
0
LINE
8
BLACK
6
CONTINUOUS
10
3.8452191338582677
20
-3.3890183464566928
11
3.8433032677165353
21
-3.3902985039370077
0
LINE
8
BLACK
6
CONTINUOUS
10
3.8433032677165353
20
-3.3902985039370077
11
3.8410433070866139
21
-3.390748031496063
0
LINE
8
BLACK
6
CONTINUOUS
10
3.8410433070866139
20
-3.390748031496063
11
3.8006889763779528
21
-3.390748031496063
0
LINE
8
BLACK
6
CONTINUOUS
10
3.8006889763779528
20
-3.390748031496063
11
3.7984290157480314
21
-3.3902985039370077
0
LINE
8
BLACK
6
CONTINUOUS
10
3.7984290157480314
20
-3.3902985039370077
11
3.7965131496062989
21
-3.3890183464566928
0
LINE
8
BLACK
6
CONTINUOUS
10
3.7965131496062989
20
-3.3890183464566928
11
3.795232992125984
21
-3.3871024803149608
0
LINE
8
BLACK
6
CONTINUOUS
10
3.795232992125984
20
-3.3871024803149608
11
3.7947834645669292
21
-3.3848425196850394
0
LINE
8
BLACK
6
CONTINUOUS
10
3.7947834645669292
20
-3.3848425196850394
11
3.7947834645669292
21
-3.3730314960629921
0
LINE
8
BLACK
6
CONTINUOUS
10
3.7947834645669292
20
-3.3730314960629921
11
3.795232992125984
21
-3.3707715354330707
0
LINE
8
BLACK
6
CONTINUOUS
10
3.795232992125984
20
-3.3707715354330707
11
3.7965131496062989
21
-3.3688556692913387
0
LINE
8
BLACK
6
CONTINUOUS
10
3.7965131496062989
20
-3.3688556692913387
11
3.7984290157480314
21
-3.3675755118110233
0
LINE
8
BLACK
6
CONTINUOUS
10
3.7984290157480314
20
-3.3675755118110233
11
3.8006889763779528
21
-3.3671259842519685
0
LINE
8
BLACK
6
CONTINUOUS
10
3.8006889763779528
20
-3.3671259842519685
11
3.8410433070866139
21
-3.3671259842519685
0
LINE
8
BLACK
6
CONTINUOUS
10
3.8410433070866139
20
-3.3671259842519685
11
3.8433032677165353
21
-3.3675755118110233
0
LINE
8
BLACK
6
CONTINUOUS
10
3.0805382283464566
20
-3.2556704724409449
11
3.083731377952756
21
-3.2578040551181102
0
LINE
8
BLACK
6
CONTINUOUS
10
3.083731377952756
20
-3.2578040551181102
11
3.0858649606299213
21
-3.2609972047244096
0
LINE
8
BLACK
6
CONTINUOUS
10
3.0858649606299213
20
-3.2609972047244096
11
3.0866141732283463
21
-3.2647637795275588
0
LINE
8
BLACK
6
CONTINUOUS
10
3.0866141732283463
20
-3.2647637795275588
11
3.0866141732283463
21
-3.3769685039370079
0
LINE
8
BLACK
6
CONTINUOUS
10
3.0866141732283463
20
-3.3769685039370079
11
3.0858649606299213
21
-3.3807350787401576
0
LINE
8
BLACK
6
CONTINUOUS
10
3.0858649606299213
20
-3.3807350787401576
11
3.083731377952756
21
-3.3839282283464565
0
LINE
8
BLACK
6
CONTINUOUS
10
3.083731377952756
20
-3.3839282283464565
11
3.0805382283464566
21
-3.3860618110236218
0
LINE
8
BLACK
6
CONTINUOUS
10
3.0805382283464566
20
-3.3860618110236218
11
3.076771653543307
21
-3.3868110236220472
0
LINE
8
BLACK
6
CONTINUOUS
10
3.076771653543307
20
-3.3868110236220472
11
3.048228346456693
21
-3.3868110236220472
0
LINE
8
BLACK
6
CONTINUOUS
10
3.048228346456693
20
-3.3868110236220472
11
3.0444617716535434
21
-3.3860618110236218
0
LINE
8
BLACK
6
CONTINUOUS
10
3.0444617716535434
20
-3.3860618110236218
11
3.041268622047244
21
-3.3839282283464565
0
LINE
8
BLACK
6
CONTINUOUS
10
3.041268622047244
20
-3.3839282283464565
11
3.0391350393700787
21
-3.3807350787401576
0
LINE
8
BLACK
6
CONTINUOUS
10
3.0391350393700787
20
-3.3807350787401576
11
3.0383858267716533
21
-3.3769685039370079
0
LINE
8
BLACK
6
CONTINUOUS
10
3.0383858267716533
20
-3.3769685039370079
11
3.0383858267716533
21
-3.2647637795275588
0
LINE
8
BLACK
6
CONTINUOUS
10
3.0383858267716533
20
-3.2647637795275588
11
3.0391350393700787
21
-3.2609972047244096
0
LINE
8
BLACK
6
CONTINUOUS
10
3.0391350393700787
20
-3.2609972047244096
11
3.041268622047244
21
-3.2578040551181102
0
LINE
8
BLACK
6
CONTINUOUS
10
3.041268622047244
20
-3.2578040551181102
11
3.0444617716535434
21
-3.2556704724409449
0
LINE
8
BLACK
6
CONTINUOUS
10
3.0444617716535434
20
-3.2556704724409449
11
3.048228346456693
21
-3.2549212598425195
0
LINE
8
BLACK
6
CONTINUOUS
10
3.048228346456693
20
-3.2549212598425195
11
3.076771653543307
21
-3.2549212598425195
0
LINE
8
BLACK
6
CONTINUOUS
10
3.076771653543307
20
-3.2549212598425195
11
3.0805382283464566
21
-3.2556704724409449
0
LINE
8
BLACK
6
CONTINUOUS
10
3.3138059448818895
20
-3.2556704724409449
11
3.3169990944881889
21
-3.2578040551181102
0
LINE
8
BLACK
6
CONTINUOUS
10
3.3169990944881889
20
-3.2578040551181102
11
3.3191326771653542
21
-3.2609972047244096
0
LINE
8
BLACK
6
CONTINUOUS
10
3.3191326771653542
20
-3.2609972047244096
11
3.3198818897637796
21
-3.2647637795275588
0
LINE
8
BLACK
6
CONTINUOUS
10
3.3198818897637796
20
-3.2647637795275588
11
3.3198818897637796
21
-3.3769685039370079
0
LINE
8
BLACK
6
CONTINUOUS
10
3.3198818897637796
20
-3.3769685039370079
11
3.3191326771653542
21
-3.3807350787401576
0
LINE
8
BLACK
6
CONTINUOUS
10
3.3191326771653542
20
-3.3807350787401576
11
3.3169990944881889
21
-3.3839282283464565
0
LINE
8
BLACK
6
CONTINUOUS
10
3.3169990944881889
20
-3.3839282283464565
11
3.3138059448818895
21
-3.3860618110236218
0
LINE
8
BLACK
6
CONTINUOUS
10
3.3138059448818895
20
-3.3860618110236218
11
3.3100393700787403
21
-3.3868110236220472
0
LINE
8
BLACK
6
CONTINUOUS
10
3.3100393700787403
20
-3.3868110236220472
11
3.2814960629921259
21
-3.3868110236220472
0
LINE
8
BLACK
6
CONTINUOUS
10
3.2814960629921259
20
-3.3868110236220472
11
3.2777294881889762
21
-3.3860618110236218
0
LINE
8
BLACK
6
CONTINUOUS
10
3.2777294881889762
20
-3.3860618110236218
11
3.2745363385826769
21
-3.3839282283464565
0
LINE
8
BLACK
6
CONTINUOUS
10
3.2745363385826769
20
-3.3839282283464565
11
3.2724027559055116
21
-3.3807350787401576
0
LINE
8
BLACK
6
CONTINUOUS
10
3.2724027559055116
20
-3.3807350787401576
11
3.2716535433070866
21
-3.3769685039370079
0
LINE
8
BLACK
6
CONTINUOUS
10
3.2716535433070866
20
-3.3769685039370079
11
3.2716535433070866
21
-3.2647637795275588
0
LINE
8
BLACK
6
CONTINUOUS
10
3.2716535433070866
20
-3.2647637795275588
11
3.2724027559055116
21
-3.2609972047244096
0
LINE
8
BLACK
6
CONTINUOUS
10
3.2724027559055116
20
-3.2609972047244096
11
3.2745363385826769
21
-3.2578040551181102
0
LINE
8
BLACK
6
CONTINUOUS
10
3.2745363385826769
20
-3.2578040551181102
11
3.2777294881889762
21
-3.2556704724409449
0
LINE
8
BLACK
6
CONTINUOUS
10
3.2777294881889762
20
-3.2556704724409449
11
3.2814960629921259
21
-3.2549212598425195
0
LINE
8
BLACK
6
CONTINUOUS
10
3.2814960629921259
20
-3.2549212598425195
11
3.3100393700787403
21
-3.2549212598425195
0
LINE
8
BLACK
6
CONTINUOUS
10
3.3100393700787403
20
-3.2549212598425195
11
3.3138059448818895
21
-3.2556704724409449
0
LINE
8
BLACK
6
CONTINUOUS
10
3.9328701968503936
20
-3.3301739370078738
11
3.9347860629921261
21
-3.3314540944881887
0
LINE
8
BLACK
6
CONTINUOUS
10
3.9347860629921261
20
-3.3314540944881887
11
3.936066220472441
21
-3.3333699606299212
0
LINE
8
BLACK
6
CONTINUOUS
10
3.936066220472441
20
-3.3333699606299212
11
3.9365157480314958
21
-3.3356299212598426
0
LINE
8
BLACK
6
CONTINUOUS
10
3.9365157480314958
20
-3.3356299212598426
11
3.9365157480314958
21
-3.3474409448818898
0
LINE
8
BLACK
6
CONTINUOUS
10
3.9365157480314958
20
-3.3474409448818898
11
3.936066220472441
21
-3.3497009055118108
0
LINE
8
BLACK
6
CONTINUOUS
10
3.936066220472441
20
-3.3497009055118108
11
3.9347860629921261
21
-3.3516167716535432
0
LINE
8
BLACK
6
CONTINUOUS
10
3.9347860629921261
20
-3.3516167716535432
11
3.9328701968503936
21
-3.3528969291338582
0
LINE
8
BLACK
6
CONTINUOUS
10
3.9328701968503936
20
-3.3528969291338582
11
3.9306102362204722
21
-3.3533464566929134
0
LINE
8
BLACK
6
CONTINUOUS
10
3.9306102362204722
20
-3.3533464566929134
11
3.8902559055118111
21
-3.3533464566929134
0
LINE
8
BLACK
6
CONTINUOUS
10
3.8902559055118111
20
-3.3533464566929134
11
3.8879959448818897
21
-3.3528969291338582
0
LINE
8
BLACK
6
CONTINUOUS
10
3.8879959448818897
20
-3.3528969291338582
11
3.8860800787401573
21
-3.3516167716535432
0
LINE
8
BLACK
6
CONTINUOUS
10
3.8860800787401573
20
-3.3516167716535432
11
3.8847999212598423
21
-3.3497009055118108
0
LINE
8
BLACK
6
CONTINUOUS
10
3.8847999212598423
20
-3.3497009055118108
11
3.8843503937007875
21
-3.3474409448818898
0
LINE
8
BLACK
6
CONTINUOUS
10
3.8843503937007875
20
-3.3474409448818898
11
3.8843503937007875
21
-3.3356299212598426
0
LINE
8
BLACK
6
CONTINUOUS
10
3.8843503937007875
20
-3.3356299212598426
11
3.8847999212598423
21
-3.3333699606299212
0
LINE
8
BLACK
6
CONTINUOUS
10
3.8847999212598423
20
-3.3333699606299212
11
3.8860800787401573
21
-3.3314540944881887
0
LINE
8
BLACK
6
CONTINUOUS
10
3.8860800787401573
20
-3.3314540944881887
11
3.8879959448818897
21
-3.3301739370078738
0
LINE
8
BLACK
6
CONTINUOUS
10
3.8879959448818897
20
-3.3301739370078738
11
3.8902559055118111
21
-3.329724409448819
0
LINE
8
BLACK
6
CONTINUOUS
10
3.8902559055118111
20
-3.329724409448819
11
3.9306102362204722
21
-3.329724409448819
0
LINE
8
BLACK
6
CONTINUOUS
10
3.9306102362204722
20
-3.329724409448819
11
3.9328701968503936
21
-3.3301739370078738
0
LINE
8
BLACK
6
CONTINUOUS
10
4.1314980314960632
20
-3.3198826771653542
11
4.0999980314960629
21
-3.3198826771653542
0
LINE
8
BLACK
6
CONTINUOUS
10
4.0999980314960629
20
-3.3198826771653542
11
4.0999980314960629
21
-3.2804826771653541
0
LINE
8
BLACK
6
CONTINUOUS
10
4.0999980314960629
20
-3.2804826771653541
11
4.1314980314960632
21
-3.2804826771653541
0
LINE
8
BLACK
6
CONTINUOUS
10
4.1314980314960632
20
-3.2804826771653541
11
4.1314980314960632
21
-3.3198826771653542
0
LINE
8
BLACK
6
CONTINUOUS
10
3.8433032677165353
20
-3.2927723622047242
11
3.8452191338582677
21
-3.2940525196850392
0
LINE
8
BLACK
6
CONTINUOUS
10
3.8452191338582677
20
-3.2940525196850392
11
3.8464992913385827
21
-3.2959683858267717
0
LINE
8
BLACK
6
CONTINUOUS
10
3.8464992913385827
20
-3.2959683858267717
11
3.8469488188976375
21
-3.298228346456693
0
LINE
8
BLACK
6
CONTINUOUS
10
3.8469488188976375
20
-3.298228346456693
11
3.8469488188976375
21
-3.3100393700787403
0
LINE
8
BLACK
6
CONTINUOUS
10
3.8469488188976375
20
-3.3100393700787403
11
3.8464992913385827
21
-3.3122993307086612
0
LINE
8
BLACK
6
CONTINUOUS
10
3.8464992913385827
20
-3.3122993307086612
11
3.8452191338582677
21
-3.3142151968503937
0
LINE
8
BLACK
6
CONTINUOUS
10
3.8452191338582677
20
-3.3142151968503937
11
3.8433032677165353
21
-3.3154953543307086
0
LINE
8
BLACK
6
CONTINUOUS
10
3.8433032677165353
20
-3.3154953543307086
11
3.8410433070866139
21
-3.3159448818897639
0
LINE
8
BLACK
6
CONTINUOUS
10
3.8410433070866139
20
-3.3159448818897639
11
3.8006889763779528
21
-3.3159448818897639
0
LINE
8
BLACK
6
CONTINUOUS
10
3.8006889763779528
20
-3.3159448818897639
11
3.7984290157480314
21
-3.3154953543307086
0
LINE
8
BLACK
6
CONTINUOUS
10
3.7984290157480314
20
-3.3154953543307086
11
3.7965131496062989
21
-3.3142151968503937
0
LINE
8
BLACK
6
CONTINUOUS
10
3.7965131496062989
20
-3.3142151968503937
11
3.795232992125984
21
-3.3122993307086612
0
LINE
8
BLACK
6
CONTINUOUS
10
3.795232992125984
20
-3.3122993307086612
11
3.7947834645669292
21
-3.3100393700787403
0
LINE
8
BLACK
6
CONTINUOUS
10
3.7947834645669292
20
-3.3100393700787403
11
3.7947834645669292
21
-3.298228346456693
0
LINE
8
BLACK
6
CONTINUOUS
10
3.7947834645669292
20
-3.298228346456693
11
3.795232992125984
21
-3.2959683858267717
0
LINE
8
BLACK
6
CONTINUOUS
10
3.795232992125984
20
-3.2959683858267717
11
3.7965131496062989
21
-3.2940525196850392
0
LINE
8
BLACK
6
CONTINUOUS
10
3.7965131496062989
20
-3.2940525196850392
11
3.7984290157480314
21
-3.2927723622047242
0
LINE
8
BLACK
6
CONTINUOUS
10
3.7984290157480314
20
-3.2927723622047242
11
3.8006889763779528
21
-3.2923228346456694
0
LINE
8
BLACK
6
CONTINUOUS
10
3.8006889763779528
20
-3.2923228346456694
11
3.8410433070866139
21
-3.2923228346456694
0
LINE
8
BLACK
6
CONTINUOUS
10
3.8410433070866139
20
-3.2923228346456694
11
3.8433032677165353
21
-3.2927723622047242
0
LINE
8
BLACK
6
CONTINUOUS
10
4.0939980314960627
20
-3.2332826771653544
11
4.0624980314960633
21
-3.2332826771653544
0
LINE
8
BLACK
6
CONTINUOUS
10
4.0624980314960633
20
-3.2332826771653544
11
4.0624980314960633
21
-3.1938826771653543
0
LINE
8
BLACK
6
CONTINUOUS
10
4.0624980314960633
20
-3.1938826771653543
11
4.0939980314960627
21
-3.1938826771653543
0
LINE
8
BLACK
6
CONTINUOUS
10
4.0939980314960627
20
-3.1938826771653543
11
4.0939980314960627
21
-3.2332826771653544
0
LINE
8
BLACK
6
CONTINUOUS
10
4.1689980314960629
20
-3.2332826771653544
11
4.1374980314960625
21
-3.2332826771653544
0
LINE
8
BLACK
6
CONTINUOUS
10
4.1374980314960625
20
-3.2332826771653544
11
4.1374980314960625
21
-3.1938826771653543
0
LINE
8
BLACK
6
CONTINUOUS
10
4.1374980314960625
20
-3.1938826771653543
11
4.1689980314960629
21
-3.1938826771653543
0
LINE
8
BLACK
6
CONTINUOUS
10
4.1689980314960629
20
-3.1938826771653543
11
4.1689980314960629
21
-3.2332826771653544
0
LINE
8
BLACK
6
CONTINUOUS
10
3.1003937007874014
20
-3.2127875590551183
11
3.1023138976377953
21
-3.2127875590551183
0
LINE
8
BLACK
6
CONTINUOUS
10
3.1023138976377953
20
-3.2127875590551183
11
3.1058619291338583
21
-3.2142572047244093
0
LINE
8
BLACK
6
CONTINUOUS
10
3.1058619291338583
20
-3.2142572047244093
11
3.1085774409448819
21
-3.2169727165354329
0
LINE
8
BLACK
6
CONTINUOUS
10
3.1085774409448819
20
-3.2169727165354329
11
3.110047086614173
21
-3.2205207480314959
0
LINE
8
BLACK
6
CONTINUOUS
10
3.110047086614173
20
-3.2205207480314959
11
3.110047086614173
21
-3.2243611417322833
0
LINE
8
BLACK
6
CONTINUOUS
10
3.110047086614173
20
-3.2243611417322833
11
3.1085774409448819
21
-3.2279091732283463
0
LINE
8
BLACK
6
CONTINUOUS
10
3.1085774409448819
20
-3.2279091732283463
11
3.1058619291338583
21
-3.2306246850393698
0
LINE
8
BLACK
6
CONTINUOUS
10
3.1058619291338583
20
-3.2306246850393698
11
3.1023138976377953
21
-3.2320943307086614
0
LINE
8
BLACK
6
CONTINUOUS
10
3.1023138976377953
20
-3.2320943307086614
11
3.1003937007874014
21
-3.2320943307086614
0
LINE
8
BLACK
6
CONTINUOUS
10
3.1003937007874014
20
-3.2320943307086614
11
3.1003937007874014
21
-3.2322834645669292
0
LINE
8
BLACK
6
CONTINUOUS
10
3.1003937007874014
20
-3.2322834645669292
11
3.061023622047244
21
-3.2322834645669292
0
LINE
8
BLACK
6
CONTINUOUS
10
3.061023622047244
20
-3.2322834645669292
11
3.061023622047244
21
-3.2320943307086614
0
LINE
8
BLACK
6
CONTINUOUS
10
3.061023622047244
20
-3.2320943307086614
11
3.0591034251968505
21
-3.2320943307086614
0
LINE
8
BLACK
6
CONTINUOUS
10
3.0591034251968505
20
-3.2320943307086614
11
3.0555553937007875
21
-3.2306246850393698
0
LINE
8
BLACK
6
CONTINUOUS
10
3.0555553937007875
20
-3.2306246850393698
11
3.0528398818897635
21
-3.2279091732283463
0
LINE
8
BLACK
6
CONTINUOUS
10
3.0528398818897635
20
-3.2279091732283463
11
3.0513702362204724
21
-3.2243611417322833
0
LINE
8
BLACK
6
CONTINUOUS
10
3.0513702362204724
20
-3.2243611417322833
11
3.0513702362204724
21
-3.2205207480314959
0
LINE
8
BLACK
6
CONTINUOUS
10
3.0513702362204724
20
-3.2205207480314959
11
3.0528398818897635
21
-3.2169727165354329
0
LINE
8
BLACK
6
CONTINUOUS
10
3.0528398818897635
20
-3.2169727165354329
11
3.0555553937007875
21
-3.2142572047244093
0
LINE
8
BLACK
6
CONTINUOUS
10
3.0555553937007875
20
-3.2142572047244093
11
3.0591034251968505
21
-3.2127875590551183
0
LINE
8
BLACK
6
CONTINUOUS
10
3.0591034251968505
20
-3.2127875590551183
11
3.061023622047244
21
-3.2127875590551183
0
LINE
8
BLACK
6
CONTINUOUS
10
3.061023622047244
20
-3.2127875590551183
11
3.061023622047244
21
-3.2125984251968505
0
LINE
8
BLACK
6
CONTINUOUS
10
3.061023622047244
20
-3.2125984251968505
11
3.1003937007874014
21
-3.2125984251968505
0
LINE
8
BLACK
6
CONTINUOUS
10
3.1003937007874014
20
-3.2125984251968505
11
3.1003937007874014
21
-3.2127875590551183
0
LINE
8
BLACK
6
CONTINUOUS
10
3.2972440944881889
20
-3.2127875590551183
11
3.2991642913385828
21
-3.2127875590551183
0
LINE
8
BLACK
6
CONTINUOUS
10
3.2991642913385828
20
-3.2127875590551183
11
3.3027123228346458
21
-3.2142572047244093
0
LINE
8
BLACK
6
CONTINUOUS
10
3.3027123228346458
20
-3.2142572047244093
11
3.3054278346456694
21
-3.2169727165354329
0
LINE
8
BLACK
6
CONTINUOUS
10
3.3054278346456694
20
-3.2169727165354329
11
3.3068974803149604
21
-3.2205207480314959
0
LINE
8
BLACK
6
CONTINUOUS
10
3.3068974803149604
20
-3.2205207480314959
11
3.3068974803149604
21
-3.2243611417322833
0
LINE
8
BLACK
6
CONTINUOUS
10
3.3068974803149604
20
-3.2243611417322833
11
3.3054278346456694
21
-3.2279091732283463
0
LINE
8
BLACK
6
CONTINUOUS
10
3.3054278346456694
20
-3.2279091732283463
11
3.3027123228346458
21
-3.2306246850393698
0
LINE
8
BLACK
6
CONTINUOUS
10
3.3027123228346458
20
-3.2306246850393698
11
3.2991642913385828
21
-3.2320943307086614
0
LINE
8
BLACK
6
CONTINUOUS
10
3.2991642913385828
20
-3.2320943307086614
11
3.2972440944881889
21
-3.2320943307086614
0
LINE
8
BLACK
6
CONTINUOUS
10
3.2972440944881889
20
-3.2320943307086614
11
3.2972440944881889
21
-3.2322834645669292
0
LINE
8
BLACK
6
CONTINUOUS
10
3.2972440944881889
20
-3.2322834645669292
11
3.2578740157480315
21
-3.2322834645669292
0
LINE
8
BLACK
6
CONTINUOUS
10
3.2578740157480315
20
-3.2322834645669292
11
3.2578740157480315
21
-3.2320943307086614
0
LINE
8
BLACK
6
CONTINUOUS
10
3.2578740157480315
20
-3.2320943307086614
11
3.2559538188976376
21
-3.2320943307086614
0
LINE
8
BLACK
6
CONTINUOUS
10
3.2559538188976376
20
-3.2320943307086614
11
3.2524057874015746
21
-3.2306246850393698
0
LINE
8
BLACK
6
CONTINUOUS
10
3.2524057874015746
20
-3.2306246850393698
11
3.249690275590551
21
-3.2279091732283463
0
LINE
8
BLACK
6
CONTINUOUS
10
3.249690275590551
20
-3.2279091732283463
11
3.2482206299212599
21
-3.2243611417322833
0
LINE
8
BLACK
6
CONTINUOUS
10
3.2482206299212599
20
-3.2243611417322833
11
3.2482206299212599
21
-3.2205207480314959
0
LINE
8
BLACK
6
CONTINUOUS
10
3.2482206299212599
20
-3.2205207480314959
11
3.249690275590551
21
-3.2169727165354329
0
LINE
8
BLACK
6
CONTINUOUS
10
3.249690275590551
20
-3.2169727165354329
11
3.2524057874015746
21
-3.2142572047244093
0
LINE
8
BLACK
6
CONTINUOUS
10
3.2524057874015746
20
-3.2142572047244093
11
3.2559538188976376
21
-3.2127875590551183
0
LINE
8
BLACK
6
CONTINUOUS
10
3.2559538188976376
20
-3.2127875590551183
11
3.2578740157480315
21
-3.2127875590551183
0
LINE
8
BLACK
6
CONTINUOUS
10
3.2578740157480315
20
-3.2127875590551183
11
3.2578740157480315
21
-3.2125984251968505
0
LINE
8
BLACK
6
CONTINUOUS
10
3.2578740157480315
20
-3.2125984251968505
11
3.2972440944881889
21
-3.2125984251968505
0
LINE
8
BLACK
6
CONTINUOUS
10
3.2972440944881889
20
-3.2125984251968505
11
3.2972440944881889
21
-3.2127875590551183
0
LINE
8
BLACK
6
CONTINUOUS
10
3.8433032677165353
20
-3.1923786614173228
11
3.8452191338582677
21
-3.1936588188976378
0
LINE
8
BLACK
6
CONTINUOUS
10
3.8452191338582677
20
-3.1936588188976378
11
3.8464992913385827
21
-3.1955746850393698
0
LINE
8
BLACK
6
CONTINUOUS
10
3.8464992913385827
20
-3.1955746850393698
11
3.8469488188976375
21
-3.1978346456692912
0
LINE
8
BLACK
6
CONTINUOUS
10
3.8469488188976375
20
-3.1978346456692912
11
3.8469488188976375
21
-3.2096456692913384
0
LINE
8
BLACK
6
CONTINUOUS
10
3.8469488188976375
20
-3.2096456692913384
11
3.8464992913385827
21
-3.2119056299212598
0
LINE
8
BLACK
6
CONTINUOUS
10
3.8464992913385827
20
-3.2119056299212598
11
3.8452191338582677
21
-3.2138214960629918
0
LINE
8
BLACK
6
CONTINUOUS
10
3.8452191338582677
20
-3.2138214960629918
11
3.8433032677165353
21
-3.2151016535433068
0
LINE
8
BLACK
6
CONTINUOUS
10
3.8433032677165353
20
-3.2151016535433068
11
3.8410433070866139
21
-3.215551181102362
0
LINE
8
BLACK
6
CONTINUOUS
10
3.8410433070866139
20
-3.215551181102362
11
3.8006889763779528
21
-3.215551181102362
0
LINE
8
BLACK
6
CONTINUOUS
10
3.8006889763779528
20
-3.215551181102362
11
3.7984290157480314
21
-3.2151016535433068
0
LINE
8
BLACK
6
CONTINUOUS
10
3.7984290157480314
20
-3.2151016535433068
11
3.7965131496062989
21
-3.2138214960629918
0
LINE
8
BLACK
6
CONTINUOUS
10
3.7965131496062989
20
-3.2138214960629918
11
3.795232992125984
21
-3.2119056299212598
0
LINE
8
BLACK
6
CONTINUOUS
10
3.795232992125984
20
-3.2119056299212598
11
3.7947834645669292
21
-3.2096456692913384
0
LINE
8
BLACK
6
CONTINUOUS
10
3.7947834645669292
20
-3.2096456692913384
11
3.7947834645669292
21
-3.1978346456692912
0
LINE
8
BLACK
6
CONTINUOUS
10
3.7947834645669292
20
-3.1978346456692912
11
3.795232992125984
21
-3.1955746850393698
0
LINE
8
BLACK
6
CONTINUOUS
10
3.795232992125984
20
-3.1955746850393698
11
3.7965131496062989
21
-3.1936588188976378
0
LINE
8
BLACK
6
CONTINUOUS
10
3.7965131496062989
20
-3.1936588188976378
11
3.7984290157480314
21
-3.1923786614173228
0
LINE
8
BLACK
6
CONTINUOUS
10
3.7984290157480314
20
-3.1923786614173228
11
3.8006889763779528
21
-3.1919291338582676
0
LINE
8
BLACK
6
CONTINUOUS
10
3.8006889763779528
20
-3.1919291338582676
11
3.8410433070866139
21
-3.1919291338582676
0
LINE
8
BLACK
6
CONTINUOUS
10
3.8410433070866139
20
-3.1919291338582676
11
3.8433032677165353
21
-3.1923786614173228
0
LINE
8
BLACK
6
CONTINUOUS
10
3.9328701968503936
20
-3.1549770866141733
11
3.9347860629921261
21
-3.1562572440944883
0
LINE
8
BLACK
6
CONTINUOUS
10
3.9347860629921261
20
-3.1562572440944883
11
3.936066220472441
21
-3.1581731102362203
0
LINE
8
BLACK
6
CONTINUOUS
10
3.936066220472441
20
-3.1581731102362203
11
3.9365157480314958
21
-3.1604330708661417
0
LINE
8
BLACK
6
CONTINUOUS
10
3.9365157480314958
20
-3.1604330708661417
11
3.9365157480314958
21
-3.1722440944881889
0
LINE
8
BLACK
6
CONTINUOUS
10
3.9365157480314958
20
-3.1722440944881889
11
3.936066220472441
21
-3.1745040551181103
0
LINE
8
BLACK
6
CONTINUOUS
10
3.936066220472441
20
-3.1745040551181103
11
3.9347860629921261
21
-3.1764199212598423
0
LINE
8
BLACK
6
CONTINUOUS
10
3.9347860629921261
20
-3.1764199212598423
11
3.9328701968503936
21
-3.1777000787401573
0
LINE
8
BLACK
6
CONTINUOUS
10
3.9328701968503936
20
-3.1777000787401573
11
3.9306102362204722
21
-3.1781496062992125
0
LINE
8
BLACK
6
CONTINUOUS
10
3.9306102362204722
20
-3.1781496062992125
11
3.8902559055118111
21
-3.1781496062992125
0
LINE
8
BLACK
6
CONTINUOUS
10
3.8902559055118111
20
-3.1781496062992125
11
3.8879959448818897
21
-3.1777000787401573
0
LINE
8
BLACK
6
CONTINUOUS
10
3.8879959448818897
20
-3.1777000787401573
11
3.8860800787401573
21
-3.1764199212598423
0
LINE
8
BLACK
6
CONTINUOUS
10
3.8860800787401573
20
-3.1764199212598423
11
3.8847999212598423
21
-3.1745040551181103
0
LINE
8
BLACK
6
CONTINUOUS
10
3.8847999212598423
20
-3.1745040551181103
11
3.8843503937007875
21
-3.1722440944881889
0
LINE
8
BLACK
6
CONTINUOUS
10
3.8843503937007875
20
-3.1722440944881889
11
3.8843503937007875
21
-3.1604330708661417
0
LINE
8
BLACK
6
CONTINUOUS
10
3.8843503937007875
20
-3.1604330708661417
11
3.8847999212598423
21
-3.1581731102362203
0
LINE
8
BLACK
6
CONTINUOUS
10
3.8847999212598423
20
-3.1581731102362203
11
3.8860800787401573
21
-3.1562572440944883
0
LINE
8
BLACK
6
CONTINUOUS
10
3.8860800787401573
20
-3.1562572440944883
11
3.8879959448818897
21
-3.1549770866141733
0
LINE
8
BLACK
6
CONTINUOUS
10
3.8879959448818897
20
-3.1549770866141733
11
3.8902559055118111
21
-3.1545275590551181
0
LINE
8
BLACK
6
CONTINUOUS
10
3.8902559055118111
20
-3.1545275590551181
11
3.9306102362204722
21
-3.1545275590551181
0
LINE
8
BLACK
6
CONTINUOUS
10
3.9306102362204722
20
-3.1545275590551181
11
3.9328701968503936
21
-3.1549770866141733
0
LINE
8
BLACK
6
CONTINUOUS
10
3.1573098818897636
20
-3.1311625984251967
11
3.1605030314960629
21
-3.1332961811023621
0
LINE
8
BLACK
6
CONTINUOUS
10
3.1605030314960629
20
-3.1332961811023621
11
3.1626366141732283
21
-3.1364893307086614
0
LINE
8
BLACK
6
CONTINUOUS
10
3.1626366141732283
20
-3.1364893307086614
11
3.1633858267716533
21
-3.1402559055118111
0
LINE
8
BLACK
6
CONTINUOUS
10
3.1633858267716533
20
-3.1402559055118111
11
3.1633858267716533
21
-3.1609251968503935
0
LINE
8
BLACK
6
CONTINUOUS
10
3.1633858267716533
20
-3.1609251968503935
11
3.1626366141732283
21
-3.1646917716535432
0
LINE
8
BLACK
6
CONTINUOUS
10
3.1626366141732283
20
-3.1646917716535432
11
3.1605030314960629
21
-3.1678849212598426
0
LINE
8
BLACK
6
CONTINUOUS
10
3.1605030314960629
20
-3.1678849212598426
11
3.1573098818897636
21
-3.1700185039370079
0
LINE
8
BLACK
6
CONTINUOUS
10
3.1573098818897636
20
-3.1700185039370079
11
3.1535433070866139
21
-3.1707677165354329
0
LINE
8
BLACK
6
CONTINUOUS
10
3.1535433070866139
20
-3.1707677165354329
11
3.1181102362204722
21
-3.1707677165354329
0
LINE
8
BLACK
6
CONTINUOUS
10
3.1181102362204722
20
-3.1707677165354329
11
3.1143436614173226
21
-3.1700185039370079
0
LINE
8
BLACK
6
CONTINUOUS
10
3.1143436614173226
20
-3.1700185039370079
11
3.1111505118110236
21
-3.1678849212598426
0
LINE
8
BLACK
6
CONTINUOUS
10
3.1111505118110236
20
-3.1678849212598426
11
3.1090169291338583
21
-3.1646917716535432
0
LINE
8
BLACK
6
CONTINUOUS
10
3.1090169291338583
20
-3.1646917716535432
11
3.1082677165354329
21
-3.1609251968503935
0
LINE
8
BLACK
6
CONTINUOUS
10
3.1082677165354329
20
-3.1609251968503935
11
3.1082677165354329
21
-3.1402559055118111
0
LINE
8
BLACK
6
CONTINUOUS
10
3.1082677165354329
20
-3.1402559055118111
11
3.1090169291338583
21
-3.1364893307086614
0
LINE
8
BLACK
6
CONTINUOUS
10
3.1090169291338583
20
-3.1364893307086614
11
3.1111505118110236
21
-3.1332961811023621
0
LINE
8
BLACK
6
CONTINUOUS
10
3.1111505118110236
20
-3.1332961811023621
11
3.1143436614173226
21
-3.1311625984251967
0
LINE
8
BLACK
6
CONTINUOUS
10
3.1143436614173226
20
-3.1311625984251967
11
3.1181102362204722
21
-3.1304133858267718
0
LINE
8
BLACK
6
CONTINUOUS
10
3.1181102362204722
20
-3.1304133858267718
11
3.1535433070866139
21
-3.1304133858267718
0
LINE
8
BLACK
6
CONTINUOUS
10
3.1535433070866139
20
-3.1304133858267718
11
3.1573098818897636
21
-3.1311625984251967
0
LINE
8
BLACK
6
CONTINUOUS
10
3.2439240551181103
20
-3.1306704724409449
11
3.2471172047244092
21
-3.1328040551181102
0
LINE
8
BLACK
6
CONTINUOUS
10
3.2471172047244092
20
-3.1328040551181102
11
3.2492507874015746
21
-3.1359972047244096
0
LINE
8
BLACK
6
CONTINUOUS
10
3.2492507874015746
20
-3.1359972047244096
11
3.25
21
-3.1397637795275588
0
LINE
8
BLACK
6
CONTINUOUS
10
3.25
20
-3.1397637795275588
11
3.25
21
-3.1604330708661417
0
LINE
8
BLACK
6
CONTINUOUS
10
3.25
20
-3.1604330708661417
11
3.2492507874015746
21
-3.1641996456692913
0
LINE
8
BLACK
6
CONTINUOUS
10
3.2492507874015746
20
-3.1641996456692913
11
3.2471172047244092
21
-3.1673927952755907
0
LINE
8
BLACK
6
CONTINUOUS
10
3.2471172047244092
20
-3.1673927952755907
11
3.2439240551181103
21
-3.169526377952756
0
LINE
8
BLACK
6
CONTINUOUS
10
3.2439240551181103
20
-3.169526377952756
11
3.2401574803149606
21
-3.170275590551181
0
LINE
8
BLACK
6
CONTINUOUS
10
3.2401574803149606
20
-3.170275590551181
11
3.204724409448819
21
-3.170275590551181
0
LINE
8
BLACK
6
CONTINUOUS
10
3.204724409448819
20
-3.170275590551181
11
3.2009578346456693
21
-3.169526377952756
0
LINE
8
BLACK
6
CONTINUOUS
10
3.2009578346456693
20
-3.169526377952756
11
3.1977646850393699
21
-3.1673927952755907
0
LINE
8
BLACK
6
CONTINUOUS
10
3.1977646850393699
20
-3.1673927952755907
11
3.1956311023622046
21
-3.1641996456692913
0
LINE
8
BLACK
6
CONTINUOUS
10
3.1956311023622046
20
-3.1641996456692913
11
3.1948818897637796
21
-3.1604330708661417
0
LINE
8
BLACK
6
CONTINUOUS
10
3.1948818897637796
20
-3.1604330708661417
11
3.1948818897637796
21
-3.1397637795275588
0
LINE
8
BLACK
6
CONTINUOUS
10
3.1948818897637796
20
-3.1397637795275588
11
3.1956311023622046
21
-3.1359972047244096
0
LINE
8
BLACK
6
CONTINUOUS
10
3.1956311023622046
20
-3.1359972047244096
11
3.1977646850393699
21
-3.1328040551181102
0
LINE
8
BLACK
6
CONTINUOUS
10
3.1977646850393699
20
-3.1328040551181102
11
3.2009578346456693
21
-3.1306704724409449
0
LINE
8
BLACK
6
CONTINUOUS
10
3.2009578346456693
20
-3.1306704724409449
11
3.204724409448819
21
-3.1299212598425195
0
LINE
8
BLACK
6
CONTINUOUS
10
3.204724409448819
20
-3.1299212598425195
11
3.2401574803149606
21
-3.1299212598425195
0
LINE
8
BLACK
6
CONTINUOUS
10
3.2401574803149606
20
-3.1299212598425195
11
3.2439240551181103
21
-3.1306704724409449
0
LINE
8
BLACK
6
CONTINUOUS
10
3.8433032677165353
20
-3.1175755118110238
11
3.8452191338582677
21
-3.1188556692913387
0
LINE
8
BLACK
6
CONTINUOUS
10
3.8452191338582677
20
-3.1188556692913387
11
3.8464992913385827
21
-3.1207715354330707
0
LINE
8
BLACK
6
CONTINUOUS
10
3.8464992913385827
20
-3.1207715354330707
11
3.8469488188976375
21
-3.1230314960629921
0
LINE
8
BLACK
6
CONTINUOUS
10
3.8469488188976375
20
-3.1230314960629921
11
3.8469488188976375
21
-3.1348425196850394
0
LINE
8
BLACK
6
CONTINUOUS
10
3.8469488188976375
20
-3.1348425196850394
11
3.8464992913385827
21
-3.1371024803149608
0
LINE
8
BLACK
6
CONTINUOUS
10
3.8464992913385827
20
-3.1371024803149608
11
3.8452191338582677
21
-3.1390183464566928
0
LINE
8
BLACK
6
CONTINUOUS
10
3.8452191338582677
20
-3.1390183464566928
11
3.8433032677165353
21
-3.1402985039370077
0
LINE
8
BLACK
6
CONTINUOUS
10
3.8433032677165353
20
-3.1402985039370077
11
3.8410433070866139
21
-3.140748031496063
0
LINE
8
BLACK
6
CONTINUOUS
10
3.8410433070866139
20
-3.140748031496063
11
3.8006889763779528
21
-3.140748031496063
0
LINE
8
BLACK
6
CONTINUOUS
10
3.8006889763779528
20
-3.140748031496063
11
3.7984290157480314
21
-3.1402985039370077
0
LINE
8
BLACK
6
CONTINUOUS
10
3.7984290157480314
20
-3.1402985039370077
11
3.7965131496062989
21
-3.1390183464566928
0
LINE
8
BLACK
6
CONTINUOUS
10
3.7965131496062989
20
-3.1390183464566928
11
3.795232992125984
21
-3.1371024803149608
0
LINE
8
BLACK
6
CONTINUOUS
10
3.795232992125984
20
-3.1371024803149608
11
3.7947834645669292
21
-3.1348425196850394
0
LINE
8
BLACK
6
CONTINUOUS
10
3.7947834645669292
20
-3.1348425196850394
11
3.7947834645669292
21
-3.1230314960629921
0
LINE
8
BLACK
6
CONTINUOUS
10
3.7947834645669292
20
-3.1230314960629921
11
3.795232992125984
21
-3.1207715354330707
0
LINE
8
BLACK
6
CONTINUOUS
10
3.795232992125984
20
-3.1207715354330707
11
3.7965131496062989
21
-3.1188556692913387
0
LINE
8
BLACK
6
CONTINUOUS
10
3.7965131496062989
20
-3.1188556692913387
11
3.7984290157480314
21
-3.1175755118110238
0
LINE
8
BLACK
6
CONTINUOUS
10
3.7984290157480314
20
-3.1175755118110238
11
3.8006889763779528
21
-3.1171259842519685
0
LINE
8
BLACK
6
CONTINUOUS
10
3.8006889763779528
20
-3.1171259842519685
11
3.8410433070866139
21
-3.1171259842519685
0
LINE
8
BLACK
6
CONTINUOUS
10
3.8410433070866139
20
-3.1171259842519685
11
3.8433032677165353
21
-3.1175755118110238
0
LINE
8
BLACK
6
CONTINUOUS
10
5.9818818897637795
20
-3.131803149606299
11
5.8149527559055114
21
-3.131803149606299
0
LINE
8
BLACK
6
CONTINUOUS
10
5.8149527559055114
20
-3.131803149606299
11
5.8149527559055114
21
-2.9818031496062991
0
LINE
8
BLACK
6
CONTINUOUS
10
5.8149527559055114
20
-2.9818031496062991
11
5.9818818897637795
21
-2.9818031496062991
0
LINE
8
BLACK
6
CONTINUOUS
10
5.9818818897637795
20
-2.9818031496062991
11
5.9818818897637795
21
-3.131803149606299
0
LINE
8
BLACK
6
CONTINUOUS
10
6.2326692913385822
20
-3.131803149606299
11
6.0657401574803149
21
-3.131803149606299
0
LINE
8
BLACK
6
CONTINUOUS
10
6.0657401574803149
20
-3.131803149606299
11
6.0657401574803149
21
-2.9818031496062991
0
LINE
8
BLACK
6
CONTINUOUS
10
6.0657401574803149
20
-2.9818031496062991
11
6.2326692913385822
21
-2.9818031496062991
0
LINE
8
BLACK
6
CONTINUOUS
10
6.2326692913385822
20
-2.9818031496062991
11
6.2326692913385822
21
-3.131803149606299
0
LINE
8
BLACK
6
CONTINUOUS
10
3.1573098818897636
20
-3.0593122047244092
11
3.1605030314960629
21
-3.0614457874015746
0
LINE
8
BLACK
6
CONTINUOUS
10
3.1605030314960629
20
-3.0614457874015746
11
3.1626366141732283
21
-3.0646389370078739
0
LINE
8
BLACK
6
CONTINUOUS
10
3.1626366141732283
20
-3.0646389370078739
11
3.1633858267716533
21
-3.0684055118110236
0
LINE
8
BLACK
6
CONTINUOUS
10
3.1633858267716533
20
-3.0684055118110236
11
3.1633858267716533
21
-3.089074803149606
0
LINE
8
BLACK
6
CONTINUOUS
10
3.1633858267716533
20
-3.089074803149606
11
3.1626366141732283
21
-3.0928413779527557
0
LINE
8
BLACK
6
CONTINUOUS
10
3.1626366141732283
20
-3.0928413779527557
11
3.1605030314960629
21
-3.0960345275590551
0
LINE
8
BLACK
6
CONTINUOUS
10
3.1605030314960629
20
-3.0960345275590551
11
3.1573098818897636
21
-3.0981681102362204
0
LINE
8
BLACK
6
CONTINUOUS
10
3.1573098818897636
20
-3.0981681102362204
11
3.1535433070866139
21
-3.0989173228346454
0
LINE
8
BLACK
6
CONTINUOUS
10
3.1535433070866139
20
-3.0989173228346454
11
3.1181102362204722
21
-3.0989173228346454
0
LINE
8
BLACK
6
CONTINUOUS
10
3.1181102362204722
20
-3.0989173228346454
11
3.1143436614173226
21
-3.0981681102362204
0
LINE
8
BLACK
6
CONTINUOUS
10
3.1143436614173226
20
-3.0981681102362204
11
3.1111505118110236
21
-3.0960345275590551
0
LINE
8
BLACK
6
CONTINUOUS
10
3.1111505118110236
20
-3.0960345275590551
11
3.1090169291338583
21
-3.0928413779527557
0
LINE
8
BLACK
6
CONTINUOUS
10
3.1090169291338583
20
-3.0928413779527557
11
3.1082677165354329
21
-3.089074803149606
0
LINE
8
BLACK
6
CONTINUOUS
10
3.1082677165354329
20
-3.089074803149606
11
3.1082677165354329
21
-3.0684055118110236
0
LINE
8
BLACK
6
CONTINUOUS
10
3.1082677165354329
20
-3.0684055118110236
11
3.1090169291338583
21
-3.0646389370078739
0
LINE
8
BLACK
6
CONTINUOUS
10
3.1090169291338583
20
-3.0646389370078739
11
3.1111505118110236
21
-3.0614457874015746
0
LINE
8
BLACK
6
CONTINUOUS
10
3.1111505118110236
20
-3.0614457874015746
11
3.1143436614173226
21
-3.0593122047244092
0
LINE
8
BLACK
6
CONTINUOUS
10
3.1143436614173226
20
-3.0593122047244092
11
3.1181102362204722
21
-3.0585629921259843
0
LINE
8
BLACK
6
CONTINUOUS
10
3.1181102362204722
20
-3.0585629921259843
11
3.1535433070866139
21
-3.0585629921259843
0
LINE
8
BLACK
6
CONTINUOUS
10
3.1535433070866139
20
-3.0585629921259843
11
3.1573098818897636
21
-3.0593122047244092
0
LINE
8
BLACK
6
CONTINUOUS
10
3.2439240551181103
20
-3.0588200787401574
11
3.2471172047244092
21
-3.0609536614173227
0
LINE
8
BLACK
6
CONTINUOUS
10
3.2471172047244092
20
-3.0609536614173227
11
3.2492507874015746
21
-3.0641468110236221
0
LINE
8
BLACK
6
CONTINUOUS
10
3.2492507874015746
20
-3.0641468110236221
11
3.25
21
-3.0679133858267718
0
LINE
8
BLACK
6
CONTINUOUS
10
3.25
20
-3.0679133858267718
11
3.25
21
-3.0885826771653542
0
LINE
8
BLACK
6
CONTINUOUS
10
3.25
20
-3.0885826771653542
11
3.2492507874015746
21
-3.0923492519685039
0
LINE
8
BLACK
6
CONTINUOUS
10
3.2492507874015746
20
-3.0923492519685039
11
3.2471172047244092
21
-3.0955424015748032
0
LINE
8
BLACK
6
CONTINUOUS
10
3.2471172047244092
20
-3.0955424015748032
11
3.2439240551181103
21
-3.0976759842519686
0
LINE
8
BLACK
6
CONTINUOUS
10
3.2439240551181103
20
-3.0976759842519686
11
3.2401574803149606
21
-3.0984251968503935
0
LINE
8
BLACK
6
CONTINUOUS
10
3.2401574803149606
20
-3.0984251968503935
11
3.204724409448819
21
-3.0984251968503935
0
LINE
8
BLACK
6
CONTINUOUS
10
3.204724409448819
20
-3.0984251968503935
11
3.2009578346456693
21
-3.0976759842519686
0
LINE
8
BLACK
6
CONTINUOUS
10
3.2009578346456693
20
-3.0976759842519686
11
3.1977646850393699
21
-3.0955424015748032
0
LINE
8
BLACK
6
CONTINUOUS
10
3.1977646850393699
20
-3.0955424015748032
11
3.1956311023622046
21
-3.0923492519685039
0
LINE
8
BLACK
6
CONTINUOUS
10
3.1956311023622046
20
-3.0923492519685039
11
3.1948818897637796
21
-3.0885826771653542
0
LINE
8
BLACK
6
CONTINUOUS
10
3.1948818897637796
20
-3.0885826771653542
11
3.1948818897637796
21
-3.0679133858267718
0
LINE
8
BLACK
6
CONTINUOUS
10
3.1948818897637796
20
-3.0679133858267718
11
3.1956311023622046
21
-3.0641468110236221
0
LINE
8
BLACK
6
CONTINUOUS
10
3.1956311023622046
20
-3.0641468110236221
11
3.1977646850393699
21
-3.0609536614173227
0
LINE
8
BLACK
6
CONTINUOUS
10
3.1977646850393699
20
-3.0609536614173227
11
3.2009578346456693
21
-3.0588200787401574
0
LINE
8
BLACK
6
CONTINUOUS
10
3.2009578346456693
20
-3.0588200787401574
11
3.204724409448819
21
-3.0580708661417324
0
LINE
8
BLACK
6
CONTINUOUS
10
3.204724409448819
20
-3.0580708661417324
11
3.2401574803149606
21
-3.0580708661417324
0
LINE
8
BLACK
6
CONTINUOUS
10
3.2401574803149606
20
-3.0580708661417324
11
3.2439240551181103
21
-3.0588200787401574
0
LINE
8
BLACK
6
CONTINUOUS
10
4.1386090944881886
20
-3.01945
11
4.1418022440944879
21
-3.0215835826771653
0
LINE
8
BLACK
6
CONTINUOUS
10
4.1418022440944879
20
-3.0215835826771653
11
4.1439358267716537
21
-3.0247767322834647
0
LINE
8
BLACK
6
CONTINUOUS
10
4.1439358267716537
20
-3.0247767322834647
11
4.1446850393700787
21
-3.0285433070866139
0
LINE
8
BLACK
6
CONTINUOUS
10
4.1446850393700787
20
-3.0285433070866139
11
4.1446850393700787
21
-3.063976377952756
0
LINE
8
BLACK
6
CONTINUOUS
10
4.1446850393700787
20
-3.063976377952756
11
4.1439358267716537
21
-3.0677429527559053
0
LINE
8
BLACK
6
CONTINUOUS
10
4.1439358267716537
20
-3.0677429527559053
11
4.1418022440944879
21
-3.0709361023622046
0
LINE
8
BLACK
6
CONTINUOUS
10
4.1418022440944879
20
-3.0709361023622046
11
4.1386090944881886
21
-3.0730696850393699
0
LINE
8
BLACK
6
CONTINUOUS
10
4.1386090944881886
20
-3.0730696850393699
11
4.1348425196850389
21
-3.0738188976377954
0
LINE
8
BLACK
6
CONTINUOUS
10
4.1348425196850389
20
-3.0738188976377954
11
4.1141732283464565
21
-3.0738188976377954
0
LINE
8
BLACK
6
CONTINUOUS
10
4.1141732283464565
20
-3.0738188976377954
11
4.1104066535433068
21
-3.0730696850393699
0
LINE
8
BLACK
6
CONTINUOUS
10
4.1104066535433068
20
-3.0730696850393699
11
4.1072135039370075
21
-3.0709361023622046
0
LINE
8
BLACK
6
CONTINUOUS
10
4.1072135039370075
20
-3.0709361023622046
11
4.1050799212598426
21
-3.0677429527559053
0
LINE
8
BLACK
6
CONTINUOUS
10
4.1050799212598426
20
-3.0677429527559053
11
4.1043307086614176
21
-3.063976377952756
0
LINE
8
BLACK
6
CONTINUOUS
10
4.1043307086614176
20
-3.063976377952756
11
4.1043307086614176
21
-3.0285433070866139
0
LINE
8
BLACK
6
CONTINUOUS
10
4.1043307086614176
20
-3.0285433070866139
11
4.1050799212598426
21
-3.0247767322834647
0
LINE
8
BLACK
6
CONTINUOUS
10
4.1050799212598426
20
-3.0247767322834647
11
4.1072135039370075
21
-3.0215835826771653
0
LINE
8
BLACK
6
CONTINUOUS
10
4.1072135039370075
20
-3.0215835826771653
11
4.1104066535433068
21
-3.01945
0
LINE
8
BLACK
6
CONTINUOUS
10
4.1104066535433068
20
-3.01945
11
4.1141732283464565
21
-3.0187007874015745
0
LINE
8
BLACK
6
CONTINUOUS
10
4.1141732283464565
20
-3.0187007874015745
11
4.1348425196850389
21
-3.0187007874015745
0
LINE
8
BLACK
6
CONTINUOUS
10
4.1348425196850389
20
-3.0187007874015745
11
4.1386090944881886
21
-3.01945
0
LINE
8
BLACK
6
CONTINUOUS
10
4.2104594881889765
20
-3.01945
11
4.2136526377952759
21
-3.0215835826771653
0
LINE
8
BLACK
6
CONTINUOUS
10
4.2136526377952759
20
-3.0215835826771653
11
4.2157862204724408
21
-3.0247767322834647
0
LINE
8
BLACK
6
CONTINUOUS
10
4.2157862204724408
20
-3.0247767322834647
11
4.2165354330708658
21
-3.0285433070866139
0
LINE
8
BLACK
6
CONTINUOUS
10
4.2165354330708658
20
-3.0285433070866139
11
4.2165354330708658
21
-3.063976377952756
0
LINE
8
BLACK
6
CONTINUOUS
10
4.2165354330708658
20
-3.063976377952756
11
4.2157862204724408
21
-3.0677429527559053
0
LINE
8
BLACK
6
CONTINUOUS
10
4.2157862204724408
20
-3.0677429527559053
11
4.2136526377952759
21
-3.0709361023622046
0
LINE
8
BLACK
6
CONTINUOUS
10
4.2136526377952759
20
-3.0709361023622046
11
4.2104594881889765
21
-3.0730696850393699
0
LINE
8
BLACK
6
CONTINUOUS
10
4.2104594881889765
20
-3.0730696850393699
11
4.2066929133858268
21
-3.0738188976377954
0
LINE
8
BLACK
6
CONTINUOUS
10
4.2066929133858268
20
-3.0738188976377954
11
4.1860236220472444
21
-3.0738188976377954
0
LINE
8
BLACK
6
CONTINUOUS
10
4.1860236220472444
20
-3.0738188976377954
11
4.1822570472440947
21
-3.0730696850393699
0
LINE
8
BLACK
6
CONTINUOUS
10
4.1822570472440947
20
-3.0730696850393699
11
4.1790638976377954
21
-3.0709361023622046
0
LINE
8
BLACK
6
CONTINUOUS
10
4.1790638976377954
20
-3.0709361023622046
11
4.1769303149606296
21
-3.0677429527559053
0
LINE
8
BLACK
6
CONTINUOUS
10
4.1769303149606296
20
-3.0677429527559053
11
4.1761811023622046
21
-3.063976377952756
0
LINE
8
BLACK
6
CONTINUOUS
10
4.1761811023622046
20
-3.063976377952756
11
4.1761811023622046
21
-3.0285433070866139
0
LINE
8
BLACK
6
CONTINUOUS
10
4.1761811023622046
20
-3.0285433070866139
11
4.1769303149606296
21
-3.0247767322834647
0
LINE
8
BLACK
6
CONTINUOUS
10
4.1769303149606296
20
-3.0247767322834647
11
4.1790638976377954
21
-3.0215835826771653
0
LINE
8
BLACK
6
CONTINUOUS
10
4.1790638976377954
20
-3.0215835826771653
11
4.1822570472440947
21
-3.01945
0
LINE
8
BLACK
6
CONTINUOUS
10
4.1822570472440947
20
-3.01945
11
4.1860236220472444
21
-3.0187007874015745
0
LINE
8
BLACK
6
CONTINUOUS
10
4.1860236220472444
20
-3.0187007874015745
11
4.2066929133858268
21
-3.0187007874015745
0
LINE
8
BLACK
6
CONTINUOUS
10
4.2066929133858268
20
-3.0187007874015745
11
4.2104594881889765
21
-3.01945
0
LINE
8
BLACK
6
CONTINUOUS
10
2.8797508267716534
20
-2.9781114173228347
11
2.8829439763779527
21
-2.980245
0
LINE
8
BLACK
6
CONTINUOUS
10
2.8829439763779527
20
-2.980245
11
2.8850775590551181
21
-2.9834381496062989
0
LINE
8
BLACK
6
CONTINUOUS
10
2.8850775590551181
20
-2.9834381496062989
11
2.8858267716535431
21
-2.9872047244094486
0
LINE
8
BLACK
6
CONTINUOUS
10
2.8858267716535431
20
-2.9872047244094486
11
2.8858267716535431
21
-3.0246062992125982
0
LINE
8
BLACK
6
CONTINUOUS
10
2.8858267716535431
20
-3.0246062992125982
11
2.8850775590551181
21
-3.0283728740157478
0
LINE
8
BLACK
6
CONTINUOUS
10
2.8850775590551181
20
-3.0283728740157478
11
2.8829439763779527
21
-3.0315660236220472
0
LINE
8
BLACK
6
CONTINUOUS
10
2.8829439763779527
20
-3.0315660236220472
11
2.8797508267716534
21
-3.0336996062992125
0
LINE
8
BLACK
6
CONTINUOUS
10
2.8797508267716534
20
-3.0336996062992125
11
2.8759842519685037
21
-3.0344488188976375
0
LINE
8
BLACK
6
CONTINUOUS
10
2.8759842519685037
20
-3.0344488188976375
11
2.856299212598425
21
-3.0344488188976375
0
LINE
8
BLACK
6
CONTINUOUS
10
2.856299212598425
20
-3.0344488188976375
11
2.8525326377952753
21
-3.0336996062992125
0
LINE
8
BLACK
6
CONTINUOUS
10
2.8525326377952753
20
-3.0336996062992125
11
2.8493394881889764
21
-3.0315660236220472
0
LINE
8
BLACK
6
CONTINUOUS
10
2.8493394881889764
20
-3.0315660236220472
11
2.8472059055118111
21
-3.0283728740157478
0
LINE
8
BLACK
6
CONTINUOUS
10
2.8472059055118111
20
-3.0283728740157478
11
2.8464566929133857
21
-3.0246062992125982
0
LINE
8
BLACK
6
CONTINUOUS
10
2.8464566929133857
20
-3.0246062992125982
11
2.8464566929133857
21
-2.9872047244094486
0
LINE
8
BLACK
6
CONTINUOUS
10
2.8464566929133857
20
-2.9872047244094486
11
2.8472059055118111
21
-2.9834381496062989
0
LINE
8
BLACK
6
CONTINUOUS
10
2.8472059055118111
20
-2.9834381496062989
11
2.8493394881889764
21
-2.980245
0
LINE
8
BLACK
6
CONTINUOUS
10
2.8493394881889764
20
-2.980245
11
2.8525326377952753
21
-2.9781114173228347
0
LINE
8
BLACK
6
CONTINUOUS
10
2.8525326377952753
20
-2.9781114173228347
11
2.856299212598425
21
-2.9773622047244093
0
LINE
8
BLACK
6
CONTINUOUS
10
2.856299212598425
20
-2.9773622047244093
11
2.8759842519685037
21
-2.9773622047244093
0
LINE
8
BLACK
6
CONTINUOUS
10
2.8759842519685037
20
-2.9773622047244093
11
2.8797508267716534
21
-2.9781114173228347
0
LINE
8
BLACK
6
CONTINUOUS
10
2.9545539763779525
20
-2.9781114173228347
11
2.9577471259842518
21
-2.980245
0
LINE
8
BLACK
6
CONTINUOUS
10
2.9577471259842518
20
-2.980245
11
2.9598807086614172
21
-2.9834381496062989
0
LINE
8
BLACK
6
CONTINUOUS
10
2.9598807086614172
20
-2.9834381496062989
11
2.9606299212598426
21
-2.9872047244094486
0
LINE
8
BLACK
6
CONTINUOUS
10
2.9606299212598426
20
-2.9872047244094486
11
2.9606299212598426
21
-3.0246062992125982
0
LINE
8
BLACK
6
CONTINUOUS
10
2.9606299212598426
20
-3.0246062992125982
11
2.9598807086614172
21
-3.0283728740157478
0
LINE
8
BLACK
6
CONTINUOUS
10
2.9598807086614172
20
-3.0283728740157478
11
2.9577471259842518
21
-3.0315660236220472
0
LINE
8
BLACK
6
CONTINUOUS
10
2.9577471259842518
20
-3.0315660236220472
11
2.9545539763779525
21
-3.0336996062992125
0
LINE
8
BLACK
6
CONTINUOUS
10
2.9545539763779525
20
-3.0336996062992125
11
2.9507874015748032
21
-3.0344488188976375
0
LINE
8
BLACK
6
CONTINUOUS
10
2.9507874015748032
20
-3.0344488188976375
11
2.9311023622047245
21
-3.0344488188976375
0
LINE
8
BLACK
6
CONTINUOUS
10
2.9311023622047245
20
-3.0344488188976375
11
2.9273357874015749
21
-3.0336996062992125
0
LINE
8
BLACK
6
CONTINUOUS
10
2.9273357874015749
20
-3.0336996062992125
11
2.9241426377952755
21
-3.0315660236220472
0
LINE
8
BLACK
6
CONTINUOUS
10
2.9241426377952755
20
-3.0315660236220472
11
2.9220090551181102
21
-3.0283728740157478
0
LINE
8
BLACK
6
CONTINUOUS
10
2.9220090551181102
20
-3.0283728740157478
11
2.9212598425196852
21
-3.0246062992125982
0
LINE
8
BLACK
6
CONTINUOUS
10
2.9212598425196852
20
-3.0246062992125982
11
2.9212598425196852
21
-2.9872047244094486
0
LINE
8
BLACK
6
CONTINUOUS
10
2.9212598425196852
20
-2.9872047244094486
11
2.9220090551181102
21
-2.9834381496062989
0
LINE
8
BLACK
6
CONTINUOUS
10
2.9220090551181102
20
-2.9834381496062989
11
2.9241426377952755
21
-2.980245
0
LINE
8
BLACK
6
CONTINUOUS
10
2.9241426377952755
20
-2.980245
11
2.9273357874015749
21
-2.9781114173228347
0
LINE
8
BLACK
6
CONTINUOUS
10
2.9273357874015749
20
-2.9781114173228347
11
2.9311023622047245
21
-2.9773622047244093
0
LINE
8
BLACK
6
CONTINUOUS
10
2.9311023622047245
20
-2.9773622047244093
11
2.9507874015748032
21
-2.9773622047244093
0
LINE
8
BLACK
6
CONTINUOUS
10
2.9507874015748032
20
-2.9773622047244093
11
2.9545539763779525
21
-2.9781114173228347
0
LINE
8
BLACK
6
CONTINUOUS
10
3.0766012204724409
20
-2.9781114173228347
11
3.0797943700787402
21
-2.980245
0
LINE
8
BLACK
6
CONTINUOUS
10
3.0797943700787402
20
-2.980245
11
3.0819279527559056
21
-2.9834381496062989
0
LINE
8
BLACK
6
CONTINUOUS
10
3.0819279527559056
20
-2.9834381496062989
11
3.0826771653543306
21
-2.9872047244094486
0
LINE
8
BLACK
6
CONTINUOUS
10
3.0826771653543306
20
-2.9872047244094486
11
3.0826771653543306
21
-3.0246062992125982
0
LINE
8
BLACK
6
CONTINUOUS
10
3.0826771653543306
20
-3.0246062992125982
11
3.0819279527559056
21
-3.0283728740157478
0
LINE
8
BLACK
6
CONTINUOUS
10
3.0819279527559056
20
-3.0283728740157478
11
3.0797943700787402
21
-3.0315660236220472
0
LINE
8
BLACK
6
CONTINUOUS
10
3.0797943700787402
20
-3.0315660236220472
11
3.0766012204724409
21
-3.0336996062992125
0
LINE
8
BLACK
6
CONTINUOUS
10
3.0766012204724409
20
-3.0336996062992125
11
3.0728346456692912
21
-3.0344488188976375
0
LINE
8
BLACK
6
CONTINUOUS
10
3.0728346456692912
20
-3.0344488188976375
11
3.0531496062992125
21
-3.0344488188976375
0
LINE
8
BLACK
6
CONTINUOUS
10
3.0531496062992125
20
-3.0344488188976375
11
3.0493830314960628
21
-3.0336996062992125
0
LINE
8
BLACK
6
CONTINUOUS
10
3.0493830314960628
20
-3.0336996062992125
11
3.0461898818897639
21
-3.0315660236220472
0
LINE
8
BLACK
6
CONTINUOUS
10
3.0461898818897639
20
-3.0315660236220472
11
3.0440562992125986
21
-3.0283728740157478
0
LINE
8
BLACK
6
CONTINUOUS
10
3.0440562992125986
20
-3.0283728740157478
11
3.0433070866141732
21
-3.0246062992125982
0
LINE
8
BLACK
6
CONTINUOUS
10
3.0433070866141732
20
-3.0246062992125982
11
3.0433070866141732
21
-2.9872047244094486
0
LINE
8
BLACK
6
CONTINUOUS
10
3.0433070866141732
20
-2.9872047244094486
11
3.0440562992125986
21
-2.9834381496062989
0
LINE
8
BLACK
6
CONTINUOUS
10
3.0440562992125986
20
-2.9834381496062989
11
3.0461898818897639
21
-2.980245
0
LINE
8
BLACK
6
CONTINUOUS
10
3.0461898818897639
20
-2.980245
11
3.0493830314960628
21
-2.9781114173228347
0
LINE
8
BLACK
6
CONTINUOUS
10
3.0493830314960628
20
-2.9781114173228347
11
3.0531496062992125
21
-2.9773622047244093
0
LINE
8
BLACK
6
CONTINUOUS
10
3.0531496062992125
20
-2.9773622047244093
11
3.0728346456692912
21
-2.9773622047244093
0
LINE
8
BLACK
6
CONTINUOUS
10
3.0728346456692912
20
-2.9773622047244093
11
3.0766012204724409
21
-2.9781114173228347
0
LINE
8
BLACK
6
CONTINUOUS
10
3.15140437007874
20
-2.9781114173228347
11
3.1545975196850393
21
-2.980245
0
LINE
8
BLACK
6
CONTINUOUS
10
3.1545975196850393
20
-2.980245
11
3.1567311023622047
21
-2.9834381496062989
0
LINE
8
BLACK
6
CONTINUOUS
10
3.1567311023622047
20
-2.9834381496062989
11
3.1574803149606296
21
-2.9872047244094486
0
LINE
8
BLACK
6
CONTINUOUS
10
3.1574803149606296
20
-2.9872047244094486
11
3.1574803149606296
21
-3.0246062992125982
0
LINE
8
BLACK
6
CONTINUOUS
10
3.1574803149606296
20
-3.0246062992125982
11
3.1567311023622047
21
-3.0283728740157478
0
LINE
8
BLACK
6
CONTINUOUS
10
3.1567311023622047
20
-3.0283728740157478
11
3.1545975196850393
21
-3.0315660236220472
0
LINE
8
BLACK
6
CONTINUOUS
10
3.1545975196850393
20
-3.0315660236220472
11
3.15140437007874
21
-3.0336996062992125
0
LINE
8
BLACK
6
CONTINUOUS
10
3.15140437007874
20
-3.0336996062992125
11
3.1476377952755903
21
-3.0344488188976375
0
LINE
8
BLACK
6
CONTINUOUS
10
3.1476377952755903
20
-3.0344488188976375
11
3.1279527559055116
21
-3.0344488188976375
0
LINE
8
BLACK
6
CONTINUOUS
10
3.1279527559055116
20
-3.0344488188976375
11
3.1241861811023623
21
-3.0336996062992125
0
LINE
8
BLACK
6
CONTINUOUS
10
3.1241861811023623
20
-3.0336996062992125
11
3.120993031496063
21
-3.0315660236220472
0
LINE
8
BLACK
6
CONTINUOUS
10
3.120993031496063
20
-3.0315660236220472
11
3.1188594488188977
21
-3.0283728740157478
0
LINE
8
BLACK
6
CONTINUOUS
10
3.1188594488188977
20
-3.0283728740157478
11
3.1181102362204722
21
-3.0246062992125982
0
LINE
8
BLACK
6
CONTINUOUS
10
3.1181102362204722
20
-3.0246062992125982
11
3.1181102362204722
21
-2.9872047244094486
0
LINE
8
BLACK
6
CONTINUOUS
10
3.1181102362204722
20
-2.9872047244094486
11
3.1188594488188977
21
-2.9834381496062989
0
LINE
8
BLACK
6
CONTINUOUS
10
3.1188594488188977
20
-2.9834381496062989
11
3.120993031496063
21
-2.980245
0
LINE
8
BLACK
6
CONTINUOUS
10
3.120993031496063
20
-2.980245
11
3.1241861811023623
21
-2.9781114173228347
0
LINE
8
BLACK
6
CONTINUOUS
10
3.1241861811023623
20
-2.9781114173228347
11
3.1279527559055116
21
-2.9773622047244093
0
LINE
8
BLACK
6
CONTINUOUS
10
3.1279527559055116
20
-2.9773622047244093
11
3.1476377952755903
21
-2.9773622047244093
0
LINE
8
BLACK
6
CONTINUOUS
10
3.1476377952755903
20
-2.9773622047244093
11
3.15140437007874
21
-2.9781114173228347
0
LINE
8
BLACK
6
CONTINUOUS
10
3.2360500393700788
20
-2.9781114173228347
11
3.2392431889763778
21
-2.980245
0
LINE
8
BLACK
6
CONTINUOUS
10
3.2392431889763778
20
-2.980245
11
3.2413767716535431
21
-2.9834381496062989
0
LINE
8
BLACK
6
CONTINUOUS
10
3.2413767716535431
20
-2.9834381496062989
11
3.2421259842519685
21
-2.9872047244094486
0
LINE
8
BLACK
6
CONTINUOUS
10
3.2421259842519685
20
-2.9872047244094486
11
3.2421259842519685
21
-3.0246062992125982
0
LINE
8
BLACK
6
CONTINUOUS
10
3.2421259842519685
20
-3.0246062992125982
11
3.2413767716535431
21
-3.0283728740157478
0
LINE
8
BLACK
6
CONTINUOUS
10
3.2413767716535431
20
-3.0283728740157478
11
3.2392431889763778
21
-3.0315660236220472
0
LINE
8
BLACK
6
CONTINUOUS
10
3.2392431889763778
20
-3.0315660236220472
11
3.2360500393700788
21
-3.0336996062992125
0
LINE
8
BLACK
6
CONTINUOUS
10
3.2360500393700788
20
-3.0336996062992125
11
3.2322834645669292
21
-3.0344488188976375
0
LINE
8
BLACK
6
CONTINUOUS
10
3.2322834645669292
20
-3.0344488188976375
11
3.2125984251968505
21
-3.0344488188976375
0
LINE
8
BLACK
6
CONTINUOUS
10
3.2125984251968505
20
-3.0344488188976375
11
3.2088318503937008
21
-3.0336996062992125
0
LINE
8
BLACK
6
CONTINUOUS
10
3.2088318503937008
20
-3.0336996062992125
11
3.2056387007874014
21
-3.0315660236220472
0
LINE
8
BLACK
6
CONTINUOUS
10
3.2056387007874014
20
-3.0315660236220472
11
3.2035051181102361
21
-3.0283728740157478
0
LINE
8
BLACK
6
CONTINUOUS
10
3.2035051181102361
20
-3.0283728740157478
11
3.2027559055118111
21
-3.0246062992125982
0
LINE
8
BLACK
6
CONTINUOUS
10
3.2027559055118111
20
-3.0246062992125982
11
3.2027559055118111
21
-2.9872047244094486
0
LINE
8
BLACK
6
CONTINUOUS
10
3.2027559055118111
20
-2.9872047244094486
11
3.2035051181102361
21
-2.9834381496062989
0
LINE
8
BLACK
6
CONTINUOUS
10
3.2035051181102361
20
-2.9834381496062989
11
3.2056387007874014
21
-2.980245
0
LINE
8
BLACK
6
CONTINUOUS
10
3.2056387007874014
20
-2.980245
11
3.2088318503937008
21
-2.9781114173228347
0
LINE
8
BLACK
6
CONTINUOUS
10
3.2088318503937008
20
-2.9781114173228347
11
3.2125984251968505
21
-2.9773622047244093
0
LINE
8
BLACK
6
CONTINUOUS
10
3.2125984251968505
20
-2.9773622047244093
11
3.2322834645669292
21
-2.9773622047244093
0
LINE
8
BLACK
6
CONTINUOUS
10
3.2322834645669292
20
-2.9773622047244093
11
3.2360500393700788
21
-2.9781114173228347
0
LINE
8
BLACK
6
CONTINUOUS
10
3.3108531889763779
20
-2.9781114173228347
11
3.3140463385826773
21
-2.980245
0
LINE
8
BLACK
6
CONTINUOUS
10
3.3140463385826773
20
-2.980245
11
3.3161799212598426
21
-2.9834381496062989
0
LINE
8
BLACK
6
CONTINUOUS
10
3.3161799212598426
20
-2.9834381496062989
11
3.3169291338582676
21
-2.9872047244094486
0
LINE
8
BLACK
6
CONTINUOUS
10
3.3169291338582676
20
-2.9872047244094486
11
3.3169291338582676
21
-3.0246062992125982
0
LINE
8
BLACK
6
CONTINUOUS
10
3.3169291338582676
20
-3.0246062992125982
11
3.3161799212598426
21
-3.0283728740157478
0
LINE
8
BLACK
6
CONTINUOUS
10
3.3161799212598426
20
-3.0283728740157478
11
3.3140463385826773
21
-3.0315660236220472
0
LINE
8
BLACK
6
CONTINUOUS
10
3.3140463385826773
20
-3.0315660236220472
11
3.3108531889763779
21
-3.0336996062992125
0
LINE
8
BLACK
6
CONTINUOUS
10
3.3108531889763779
20
-3.0336996062992125
11
3.3070866141732282
21
-3.0344488188976375
0
LINE
8
BLACK
6
CONTINUOUS
10
3.3070866141732282
20
-3.0344488188976375
11
3.2874015748031495
21
-3.0344488188976375
0
LINE
8
BLACK
6
CONTINUOUS
10
3.2874015748031495
20
-3.0344488188976375
11
3.2836349999999999
21
-3.0336996062992125
0
LINE
8
BLACK
6
CONTINUOUS
10
3.2836349999999999
20
-3.0336996062992125
11
3.2804418503937005
21
-3.0315660236220472
0
LINE
8
BLACK
6
CONTINUOUS
10
3.2804418503937005
20
-3.0315660236220472
11
3.2783082677165352
21
-3.0283728740157478
0
LINE
8
BLACK
6
CONTINUOUS
10
3.2783082677165352
20
-3.0283728740157478
11
3.2775590551181102
21
-3.0246062992125982
0
LINE
8
BLACK
6
CONTINUOUS
10
3.2775590551181102
20
-3.0246062992125982
11
3.2775590551181102
21
-2.9872047244094486
0
LINE
8
BLACK
6
CONTINUOUS
10
3.2775590551181102
20
-2.9872047244094486
11
3.2783082677165352
21
-2.9834381496062989
0
LINE
8
BLACK
6
CONTINUOUS
10
3.2783082677165352
20
-2.9834381496062989
11
3.2804418503937005
21
-2.980245
0
LINE
8
BLACK
6
CONTINUOUS
10
3.2804418503937005
20
-2.980245
11
3.2836349999999999
21
-2.9781114173228347
0
LINE
8
BLACK
6
CONTINUOUS
10
3.2836349999999999
20
-2.9781114173228347
11
3.2874015748031495
21
-2.9773622047244093
0
LINE
8
BLACK
6
CONTINUOUS
10
3.2874015748031495
20
-2.9773622047244093
11
3.3070866141732282
21
-2.9773622047244093
0
LINE
8
BLACK
6
CONTINUOUS
10
3.3070866141732282
20
-2.9773622047244093
11
3.3108531889763779
21
-2.9781114173228347
0
LINE
8
BLACK
6
CONTINUOUS
10
3.1553413779527557
20
-2.8993712598425194
11
3.1585345275590551
21
-2.9015048425196848
0
LINE
8
BLACK
6
CONTINUOUS
10
3.1585345275590551
20
-2.9015048425196848
11
3.1606681102362204
21
-2.9046979921259841
0
LINE
8
BLACK
6
CONTINUOUS
10
3.1606681102362204
20
-2.9046979921259841
11
3.1614173228346454
21
-2.9084645669291338
0
LINE
8
BLACK
6
CONTINUOUS
10
3.1614173228346454
20
-2.9084645669291338
11
3.1614173228346454
21
-2.9458661417322833
0
LINE
8
BLACK
6
CONTINUOUS
10
3.1614173228346454
20
-2.9458661417322833
11
3.1606681102362204
21
-2.949632716535433
0
LINE
8
BLACK
6
CONTINUOUS
10
3.1606681102362204
20
-2.949632716535433
11
3.1585345275590551
21
-2.9528258661417324
0
LINE
8
BLACK
6
CONTINUOUS
10
3.1585345275590551
20
-2.9528258661417324
11
3.1553413779527557
21
-2.9549594488188977
0
LINE
8
BLACK
6
CONTINUOUS
10
3.1553413779527557
20
-2.9549594488188977
11
3.151574803149606
21
-2.9557086614173227
0
LINE
8
BLACK
6
CONTINUOUS
10
3.151574803149606
20
-2.9557086614173227
11
3.1318897637795273
21
-2.9557086614173227
0
LINE
8
BLACK
6
CONTINUOUS
10
3.1318897637795273
20
-2.9557086614173227
11
3.1281231889763781
21
-2.9549594488188977
0
LINE
8
BLACK
6
CONTINUOUS
10
3.1281231889763781
20
-2.9549594488188977
11
3.1249300393700787
21
-2.9528258661417324
0
LINE
8
BLACK
6
CONTINUOUS
10
3.1249300393700787
20
-2.9528258661417324
11
3.1227964566929134
21
-2.949632716535433
0
LINE
8
BLACK
6
CONTINUOUS
10
3.1227964566929134
20
-2.949632716535433
11
3.122047244094488
21
-2.9458661417322833
0
LINE
8
BLACK
6
CONTINUOUS
10
3.122047244094488
20
-2.9458661417322833
11
3.122047244094488
21
-2.9084645669291338
0
LINE
8
BLACK
6
CONTINUOUS
10
3.122047244094488
20
-2.9084645669291338
11
3.1227964566929134
21
-2.9046979921259841
0
LINE
8
BLACK
6
CONTINUOUS
10
3.1227964566929134
20
-2.9046979921259841
11
3.1249300393700787
21
-2.9015048425196848
0
LINE
8
BLACK
6
CONTINUOUS
10
3.1249300393700787
20
-2.9015048425196848
11
3.1281231889763781
21
-2.8993712598425194
0
LINE
8
BLACK
6
CONTINUOUS
10
3.1281231889763781
20
-2.8993712598425194
11
3.1318897637795273
21
-2.8986220472440944
0
LINE
8
BLACK
6
CONTINUOUS
10
3.1318897637795273
20
-2.8986220472440944
11
3.151574803149606
21
-2.8986220472440944
0
LINE
8
BLACK
6
CONTINUOUS
10
3.151574803149606
20
-2.8986220472440944
11
3.1553413779527557
21
-2.8993712598425194
0
LINE
8
BLACK
6
CONTINUOUS
10
3.2301445275590552
20
-2.8993712598425194
11
3.2333376771653541
21
-2.9015048425196848
0
LINE
8
BLACK
6
CONTINUOUS
10
3.2333376771653541
20
-2.9015048425196848
11
3.2354712598425195
21
-2.9046979921259841
0
LINE
8
BLACK
6
CONTINUOUS
10
3.2354712598425195
20
-2.9046979921259841
11
3.2362204724409449
21
-2.9084645669291338
0
LINE
8
BLACK
6
CONTINUOUS
10
3.2362204724409449
20
-2.9084645669291338
11
3.2362204724409449
21
-2.9458661417322833
0
LINE
8
BLACK
6
CONTINUOUS
10
3.2362204724409449
20
-2.9458661417322833
11
3.2354712598425195
21
-2.949632716535433
0
LINE
8
BLACK
6
CONTINUOUS
10
3.2354712598425195
20
-2.949632716535433
11
3.2333376771653541
21
-2.9528258661417324
0
LINE
8
BLACK
6
CONTINUOUS
10
3.2333376771653541
20
-2.9528258661417324
11
3.2301445275590552
21
-2.9549594488188977
0
LINE
8
BLACK
6
CONTINUOUS
10
3.2301445275590552
20
-2.9549594488188977
11
3.2263779527559056
21
-2.9557086614173227
0
LINE
8
BLACK
6
CONTINUOUS
10
3.2263779527559056
20
-2.9557086614173227
11
3.2066929133858268
21
-2.9557086614173227
0
LINE
8
BLACK
6
CONTINUOUS
10
3.2066929133858268
20
-2.9557086614173227
11
3.2029263385826772
21
-2.9549594488188977
0
LINE
8
BLACK
6
CONTINUOUS
10
3.2029263385826772
20
-2.9549594488188977
11
3.1997331889763778
21
-2.9528258661417324
0
LINE
8
BLACK
6
CONTINUOUS
10
3.1997331889763778
20
-2.9528258661417324
11
3.1975996062992125
21
-2.949632716535433
0
LINE
8
BLACK
6
CONTINUOUS
10
3.1975996062992125
20
-2.949632716535433
11
3.1968503937007875
21
-2.9458661417322833
0
LINE
8
BLACK
6
CONTINUOUS
10
3.1968503937007875
20
-2.9458661417322833
11
3.1968503937007875
21
-2.9084645669291338
0
LINE
8
BLACK
6
CONTINUOUS
10
3.1968503937007875
20
-2.9084645669291338
11
3.1975996062992125
21
-2.9046979921259841
0
LINE
8
BLACK
6
CONTINUOUS
10
3.1975996062992125
20
-2.9046979921259841
11
3.1997331889763778
21
-2.9015048425196848
0
LINE
8
BLACK
6
CONTINUOUS
10
3.1997331889763778
20
-2.9015048425196848
11
3.2029263385826772
21
-2.8993712598425194
0
LINE
8
BLACK
6
CONTINUOUS
10
3.2029263385826772
20
-2.8993712598425194
11
3.2066929133858268
21
-2.8986220472440944
0
LINE
8
BLACK
6
CONTINUOUS
10
3.2066929133858268
20
-2.8986220472440944
11
3.2263779527559056
21
-2.8986220472440944
0
LINE
8
BLACK
6
CONTINUOUS
10
3.2263779527559056
20
-2.8986220472440944
11
3.2301445275590552
21
-2.8993712598425194
0
LINE
8
BLACK
6
CONTINUOUS
10
4.2828020078740154
20
-2.8983870078740157
11
4.2859951574803148
21
-2.9005205905511811
0
LINE
8
BLACK
6
CONTINUOUS
10
4.2859951574803148
20
-2.9005205905511811
11
4.2881287401574806
21
-2.9037137401574804
0
LINE
8
BLACK
6
CONTINUOUS
10
4.2881287401574806
20
-2.9037137401574804
11
4.2888779527559056
21
-2.9074803149606296
0
LINE
8
BLACK
6
CONTINUOUS
10
4.2888779527559056
20
-2.9074803149606296
11
4.2888779527559056
21
-2.9429133858267718
0
LINE
8
BLACK
6
CONTINUOUS
10
4.2888779527559056
20
-2.9429133858267718
11
4.2881287401574806
21
-2.946679960629921
0
LINE
8
BLACK
6
CONTINUOUS
10
4.2881287401574806
20
-2.946679960629921
11
4.2859951574803148
21
-2.9498731102362203
0
LINE
8
BLACK
6
CONTINUOUS
10
4.2859951574803148
20
-2.9498731102362203
11
4.2828020078740154
21
-2.9520066929133857
0
LINE
8
BLACK
6
CONTINUOUS
10
4.2828020078740154
20
-2.9520066929133857
11
4.2790354330708658
21
-2.9527559055118111
0
LINE
8
BLACK
6
CONTINUOUS
10
4.2790354330708658
20
-2.9527559055118111
11
4.2583661417322833
21
-2.9527559055118111
0
LINE
8
BLACK
6
CONTINUOUS
10
4.2583661417322833
20
-2.9527559055118111
11
4.2545995669291337
21
-2.9520066929133857
0
LINE
8
BLACK
6
CONTINUOUS
10
4.2545995669291337
20
-2.9520066929133857
11
4.2514064173228343
21
-2.9498731102362203
0
LINE
8
BLACK
6
CONTINUOUS
10
4.2514064173228343
20
-2.9498731102362203
11
4.2492728346456694
21
-2.946679960629921
0
LINE
8
BLACK
6
CONTINUOUS
10
4.2492728346456694
20
-2.946679960629921
11
4.2485236220472444
21
-2.9429133858267718
0
LINE
8
BLACK
6
CONTINUOUS
10
4.2485236220472444
20
-2.9429133858267718
11
4.2485236220472444
21
-2.9074803149606296
0
LINE
8
BLACK
6
CONTINUOUS
10
4.2485236220472444
20
-2.9074803149606296
11
4.2492728346456694
21
-2.9037137401574804
0
LINE
8
BLACK
6
CONTINUOUS
10
4.2492728346456694
20
-2.9037137401574804
11
4.2514064173228343
21
-2.9005205905511811
0
LINE
8
BLACK
6
CONTINUOUS
10
4.2514064173228343
20
-2.9005205905511811
11
4.2545995669291337
21
-2.8983870078740157
0
LINE
8
BLACK
6
CONTINUOUS
10
4.2545995669291337
20
-2.8983870078740157
11
4.2583661417322833
21
-2.8976377952755903
0
LINE
8
BLACK
6
CONTINUOUS
10
4.2583661417322833
20
-2.8976377952755903
11
4.2790354330708658
21
-2.8976377952755903
0
LINE
8
BLACK
6
CONTINUOUS
10
4.2790354330708658
20
-2.8976377952755903
11
4.2828020078740154
21
-2.8983870078740157
0
LINE
8
BLACK
6
CONTINUOUS
10
4.3546524015748034
20
-2.8983870078740157
11
4.3578455511811018
21
-2.9005205905511811
0
LINE
8
BLACK
6
CONTINUOUS
10
4.3578455511811018
20
-2.9005205905511811
11
4.3599791338582676
21
-2.9037137401574804
0
LINE
8
BLACK
6
CONTINUOUS
10
4.3599791338582676
20
-2.9037137401574804
11
4.3607283464566926
21
-2.9074803149606296
0
LINE
8
BLACK
6
CONTINUOUS
10
4.3607283464566926
20
-2.9074803149606296
11
4.3607283464566926
21
-2.9429133858267718
0
LINE
8
BLACK
6
CONTINUOUS
10
4.3607283464566926
20
-2.9429133858267718
11
4.3599791338582676
21
-2.946679960629921
0
LINE
8
BLACK
6
CONTINUOUS
10
4.3599791338582676
20
-2.946679960629921
11
4.3578455511811018
21
-2.9498731102362203
0
LINE
8
BLACK
6
CONTINUOUS
10
4.3578455511811018
20
-2.9498731102362203
11
4.3546524015748034
21
-2.9520066929133857
0
LINE
8
BLACK
6
CONTINUOUS
10
4.3546524015748034
20
-2.9520066929133857
11
4.3508858267716537
21
-2.9527559055118111
0
LINE
8
BLACK
6
CONTINUOUS
10
4.3508858267716537
20
-2.9527559055118111
11
4.3302165354330704
21
-2.9527559055118111
0
LINE
8
BLACK
6
CONTINUOUS
10
4.3302165354330704
20
-2.9527559055118111
11
4.3264499606299216
21
-2.9520066929133857
0
LINE
8
BLACK
6
CONTINUOUS
10
4.3264499606299216
20
-2.9520066929133857
11
4.3232568110236222
21
-2.9498731102362203
0
LINE
8
BLACK
6
CONTINUOUS
10
4.3232568110236222
20
-2.9498731102362203
11
4.3211232283464565
21
-2.946679960629921
0
LINE
8
BLACK
6
CONTINUOUS
10
4.3211232283464565
20
-2.946679960629921
11
4.3203740157480315
21
-2.9429133858267718
0
LINE
8
BLACK
6
CONTINUOUS
10
4.3203740157480315
20
-2.9429133858267718
11
4.3203740157480315
21
-2.9074803149606296
0
LINE
8
BLACK
6
CONTINUOUS
10
4.3203740157480315
20
-2.9074803149606296
11
4.3211232283464565
21
-2.9037137401574804
0
LINE
8
BLACK
6
CONTINUOUS
10
4.3211232283464565
20
-2.9037137401574804
11
4.3232568110236222
21
-2.9005205905511811
0
LINE
8
BLACK
6
CONTINUOUS
10
4.3232568110236222
20
-2.9005205905511811
11
4.3264499606299216
21
-2.8983870078740157
0
LINE
8
BLACK
6
CONTINUOUS
10
4.3264499606299216
20
-2.8983870078740157
11
4.3302165354330704
21
-2.8976377952755903
0
LINE
8
BLACK
6
CONTINUOUS
10
4.3302165354330704
20
-2.8976377952755903
11
4.3508858267716537
21
-2.8976377952755903
0
LINE
8
BLACK
6
CONTINUOUS
10
4.3508858267716537
20
-2.8976377952755903
11
4.3546524015748034
21
-2.8983870078740157
0
LINE
8
BLACK
6
CONTINUOUS
10
4.0893420472440942
20
-2.9326900787401575
11
4.0902361023622049
21
-2.9332875196850394
0
LINE
8
BLACK
6
CONTINUOUS
10
4.0902361023622049
20
-2.9332875196850394
11
4.0908335433070864
21
-2.9341815748031497
0
LINE
8
BLACK
6
CONTINUOUS
10
4.0908335433070864
20
-2.9341815748031497
11
4.0910433070866139
21
-2.9352362204724409
0
LINE
8
BLACK
6
CONTINUOUS
10
4.0910433070866139
20
-2.9352362204724409
11
4.0910433070866139
21
-2.9407480314960628
0
LINE
8
BLACK
6
CONTINUOUS
10
4.0910433070866139
20
-2.9407480314960628
11
4.0908335433070864
21
-2.9418026771653545
0
LINE
8
BLACK
6
CONTINUOUS
10
4.0908335433070864
20
-2.9418026771653545
11
4.0902361023622049
21
-2.9426967322834643
0
LINE
8
BLACK
6
CONTINUOUS
10
4.0902361023622049
20
-2.9426967322834643
11
4.0893420472440942
21
-2.9432941732283462
0
LINE
8
BLACK
6
CONTINUOUS
10
4.0893420472440942
20
-2.9432941732283462
11
4.088287401574803
21
-2.9435039370078742
0
LINE
8
BLACK
6
CONTINUOUS
10
4.088287401574803
20
-2.9435039370078742
11
4.0603346456692915
21
-2.9435039370078742
0
LINE
8
BLACK
6
CONTINUOUS
10
4.0603346456692915
20
-2.9435039370078742
11
4.0592800000000002
21
-2.9432941732283462
0
LINE
8
BLACK
6
CONTINUOUS
10
4.0592800000000002
20
-2.9432941732283462
11
4.0583859448818895
21
-2.9426967322834643
0
LINE
8
BLACK
6
CONTINUOUS
10
4.0583859448818895
20
-2.9426967322834643
11
4.0577885039370081
21
-2.9418026771653545
0
LINE
8
BLACK
6
CONTINUOUS
10
4.0577885039370081
20
-2.9418026771653545
11
4.0575787401574805
21
-2.9407480314960628
0
LINE
8
BLACK
6
CONTINUOUS
10
4.0575787401574805
20
-2.9407480314960628
11
4.0575787401574805
21
-2.9352362204724409
0
LINE
8
BLACK
6
CONTINUOUS
10
4.0575787401574805
20
-2.9352362204724409
11
4.0577885039370081
21
-2.9341815748031497
0
LINE
8
BLACK
6
CONTINUOUS
10
4.0577885039370081
20
-2.9341815748031497
11
4.0583859448818895
21
-2.9332875196850394
0
LINE
8
BLACK
6
CONTINUOUS
10
4.0583859448818895
20
-2.9332875196850394
11
4.0592800000000002
21
-2.9326900787401575
0
LINE
8
BLACK
6
CONTINUOUS
10
4.0592800000000002
20
-2.9326900787401575
11
4.0603346456692915
21
-2.93248031496063
0
LINE
8
BLACK
6
CONTINUOUS
10
4.0603346456692915
20
-2.93248031496063
11
4.088287401574803
21
-2.93248031496063
0
LINE
8
BLACK
6
CONTINUOUS
10
4.088287401574803
20
-2.93248031496063
11
4.0893420472440942
21
-2.9326900787401575
0
LINE
8
BLACK
6
CONTINUOUS
10
4.1306806299212599
20
-2.9326900787401575
11
4.1315746850393698
21
-2.9332875196850394
0
LINE
8
BLACK
6
CONTINUOUS
10
4.1315746850393698
20
-2.9332875196850394
11
4.1321721259842521
21
-2.9341815748031497
0
LINE
8
BLACK
6
CONTINUOUS
10
4.1321721259842521
20
-2.9341815748031497
11
4.1323818897637796
21
-2.9352362204724409
0
LINE
8
BLACK
6
CONTINUOUS
10
4.1323818897637796
20
-2.9352362204724409
11
4.1323818897637796
21
-2.9407480314960628
0
LINE
8
BLACK
6
CONTINUOUS
10
4.1323818897637796
20
-2.9407480314960628
11
4.1321721259842521
21
-2.9418026771653545
0
LINE
8
BLACK
6
CONTINUOUS
10
4.1321721259842521
20
-2.9418026771653545
11
4.1315746850393698
21
-2.9426967322834643
0
LINE
8
BLACK
6
CONTINUOUS
10
4.1315746850393698
20
-2.9426967322834643
11
4.1306806299212599
21
-2.9432941732283462
0
LINE
8
BLACK
6
CONTINUOUS
10
4.1306806299212599
20
-2.9432941732283462
11
4.1296259842519687
21
-2.9435039370078742
0
LINE
8
BLACK
6
CONTINUOUS
10
4.1296259842519687
20
-2.9435039370078742
11
4.1056102362204721
21
-2.9435039370078742
0
LINE
8
BLACK
6
CONTINUOUS
10
4.1056102362204721
20
-2.9435039370078742
11
4.1045555905511808
21
-2.9432941732283462
0
LINE
8
BLACK
6
CONTINUOUS
10
4.1045555905511808
20
-2.9432941732283462
11
4.103661535433071
21
-2.9426967322834643
0
LINE
8
BLACK
6
CONTINUOUS
10
4.103661535433071
20
-2.9426967322834643
11
4.1030640944881887
21
-2.9418026771653545
0
LINE
8
BLACK
6
CONTINUOUS
10
4.1030640944881887
20
-2.9418026771653545
11
4.1028543307086611
21
-2.9407480314960628
0
LINE
8
BLACK
6
CONTINUOUS
10
4.1028543307086611
20
-2.9407480314960628
11
4.1028543307086611
21
-2.9352362204724409
0
LINE
8
BLACK
6
CONTINUOUS
10
4.1028543307086611
20
-2.9352362204724409
11
4.1030640944881887
21
-2.9341815748031497
0
LINE
8
BLACK
6
CONTINUOUS
10
4.1030640944881887
20
-2.9341815748031497
11
4.103661535433071
21
-2.9332875196850394
0
LINE
8
BLACK
6
CONTINUOUS
10
4.103661535433071
20
-2.9332875196850394
11
4.1045555905511808
21
-2.9326900787401575
0
LINE
8
BLACK
6
CONTINUOUS
10
4.1045555905511808
20
-2.9326900787401575
11
4.1056102362204721
21
-2.93248031496063
0
LINE
8
BLACK
6
CONTINUOUS
10
4.1056102362204721
20
-2.93248031496063
11
4.1296259842519687
21
-2.93248031496063
0
LINE
8
BLACK
6
CONTINUOUS
10
4.1296259842519687
20
-2.93248031496063
11
4.1306806299212599
21
-2.9326900787401575
0
LINE
8
BLACK
6
CONTINUOUS
10
3.9520933464566927
20
-2.8988791338582676
11
3.9552864960629921
21
-2.9010127165354329
0
LINE
8
BLACK
6
CONTINUOUS
10
3.9552864960629921
20
-2.9010127165354329
11
3.9574200787401574
21
-2.9042058661417323
0
LINE
8
BLACK
6
CONTINUOUS
10
3.9574200787401574
20
-2.9042058661417323
11
3.9581692913385824
21
-2.9079724409448819
0
LINE
8
BLACK
6
CONTINUOUS
10
3.9581692913385824
20
-2.9079724409448819
11
3.9581692913385824
21
-2.9286417322834644
0
LINE
8
BLACK
6
CONTINUOUS
10
3.9581692913385824
20
-2.9286417322834644
11
3.9574200787401574
21
-2.932408307086614
0
LINE
8
BLACK
6
CONTINUOUS
10
3.9574200787401574
20
-2.932408307086614
11
3.9552864960629921
21
-2.9356014566929134
0
LINE
8
BLACK
6
CONTINUOUS
10
3.9552864960629921
20
-2.9356014566929134
11
3.9520933464566927
21
-2.9377350393700787
0
LINE
8
BLACK
6
CONTINUOUS
10
3.9520933464566927
20
-2.9377350393700787
11
3.9483267716535431
21
-2.9384842519685037
0
LINE
8
BLACK
6
CONTINUOUS
10
3.9483267716535431
20
-2.9384842519685037
11
3.9128937007874014
21
-2.9384842519685037
0
LINE
8
BLACK
6
CONTINUOUS
10
3.9128937007874014
20
-2.9384842519685037
11
3.9091271259842517
21
-2.9377350393700787
0
LINE
8
BLACK
6
CONTINUOUS
10
3.9091271259842517
20
-2.9377350393700787
11
3.9059339763779528
21
-2.9356014566929134
0
LINE
8
BLACK
6
CONTINUOUS
10
3.9059339763779528
20
-2.9356014566929134
11
3.9038003937007875
21
-2.932408307086614
0
LINE
8
BLACK
6
CONTINUOUS
10
3.9038003937007875
20
-2.932408307086614
11
3.903051181102362
21
-2.9286417322834644
0
LINE
8
BLACK
6
CONTINUOUS
10
3.903051181102362
20
-2.9286417322834644
11
3.903051181102362
21
-2.9079724409448819
0
LINE
8
BLACK
6
CONTINUOUS
10
3.903051181102362
20
-2.9079724409448819
11
3.9038003937007875
21
-2.9042058661417323
0
LINE
8
BLACK
6
CONTINUOUS
10
3.9038003937007875
20
-2.9042058661417323
11
3.9059339763779528
21
-2.9010127165354329
0
LINE
8
BLACK
6
CONTINUOUS
10
3.9059339763779528
20
-2.9010127165354329
11
3.9091271259842517
21
-2.8988791338582676
0
LINE
8
BLACK
6
CONTINUOUS
10
3.9091271259842517
20
-2.8988791338582676
11
3.9128937007874014
21
-2.8981299212598426
0
LINE
8
BLACK
6
CONTINUOUS
10
3.9128937007874014
20
-2.8981299212598426
11
3.9483267716535431
21
-2.8981299212598426
0
LINE
8
BLACK
6
CONTINUOUS
10
3.9483267716535431
20
-2.8981299212598426
11
3.9520933464566927
21
-2.8988791338582676
0
LINE
8
BLACK
6
CONTINUOUS
10
5.9649606299212596
20
-2.9350393700787403
11
5.80748031496063
21
-2.9350393700787403
0
LINE
8
BLACK
6
CONTINUOUS
10
5.80748031496063
20
-2.9350393700787403
11
5.80748031496063
21
-2.7775590551181102
0
LINE
8
BLACK
6
CONTINUOUS
10
5.80748031496063
20
-2.7775590551181102
11
5.9649606299212596
21
-2.7775590551181102
0
LINE
8
BLACK
6
CONTINUOUS
10
5.9649606299212596
20
-2.7775590551181102
11
5.9649606299212596
21
-2.9350393700787403
0
LINE
8
BLACK
6
CONTINUOUS
10
8.823228346456693
20
-2.9350393700787403
11
8.6657480314960633
21
-2.9350393700787403
0
LINE
8
BLACK
6
CONTINUOUS
10
8.6657480314960633
20
-2.9350393700787403
11
8.6657480314960633
21
-2.7775590551181102
0
LINE
8
BLACK
6
CONTINUOUS
10
8.6657480314960633
20
-2.7775590551181102
11
8.823228346456693
21
-2.7775590551181102
0
LINE
8
BLACK
6
CONTINUOUS
10
8.823228346456693
20
-2.7775590551181102
11
8.823228346456693
21
-2.9350393700787403
0
LINE
8
BLACK
6
CONTINUOUS
10
4.0854050393700785
20
-2.9130050393700788
11
4.0862990944881892
21
-2.9136024803149607
0
LINE
8
BLACK
6
CONTINUOUS
10
4.0862990944881892
20
-2.9136024803149607
11
4.0868965354330706
21
-2.914496535433071
0
LINE
8
BLACK
6
CONTINUOUS
10
4.0868965354330706
20
-2.914496535433071
11
4.0871062992125982
21
-2.9155511811023622
0
LINE
8
BLACK
6
CONTINUOUS
10
4.0871062992125982
20
-2.9155511811023622
11
4.0871062992125982
21
-2.9210629921259841
0
LINE
8
BLACK
6
CONTINUOUS
10
4.0871062992125982
20
-2.9210629921259841
11
4.0868965354330706
21
-2.9221176377952753
0
LINE
8
BLACK
6
CONTINUOUS
10
4.0868965354330706
20
-2.9221176377952753
11
4.0862990944881892
21
-2.9230116929133856
0
LINE
8
BLACK
6
CONTINUOUS
10
4.0862990944881892
20
-2.9230116929133856
11
4.0854050393700785
21
-2.9236091338582675
0
LINE
8
BLACK
6
CONTINUOUS
10
4.0854050393700785
20
-2.9236091338582675
11
4.0843503937007872
21
-2.923818897637795
0
LINE
8
BLACK
6
CONTINUOUS
10
4.0843503937007872
20
-2.923818897637795
11
4.0603346456692915
21
-2.923818897637795
0
LINE
8
BLACK
6
CONTINUOUS
10
4.0603346456692915
20
-2.923818897637795
11
4.0592800000000002
21
-2.9236091338582675
0
LINE
8
BLACK
6
CONTINUOUS
10
4.0592800000000002
20
-2.9236091338582675
11
4.0583859448818895
21
-2.9230116929133856
0
LINE
8
BLACK
6
CONTINUOUS
10
4.0583859448818895
20
-2.9230116929133856
11
4.0577885039370081
21
-2.9221176377952753
0
LINE
8
BLACK
6
CONTINUOUS
10
4.0577885039370081
20
-2.9221176377952753
11
4.0575787401574805
21
-2.9210629921259841
0
LINE
8
BLACK
6
CONTINUOUS
10
4.0575787401574805
20
-2.9210629921259841
11
4.0575787401574805
21
-2.9155511811023622
0
LINE
8
BLACK
6
CONTINUOUS
10
4.0575787401574805
20
-2.9155511811023622
11
4.0577885039370081
21
-2.914496535433071
0
LINE
8
BLACK
6
CONTINUOUS
10
4.0577885039370081
20
-2.914496535433071
11
4.0583859448818895
21
-2.9136024803149607
0
LINE
8
BLACK
6
CONTINUOUS
10
4.0583859448818895
20
-2.9136024803149607
11
4.0592800000000002
21
-2.9130050393700788
0
LINE
8
BLACK
6
CONTINUOUS
10
4.0592800000000002
20
-2.9130050393700788
11
4.0603346456692915
21
-2.9127952755905513
0
LINE
8
BLACK
6
CONTINUOUS
10
4.0603346456692915
20
-2.9127952755905513
11
4.0843503937007872
21
-2.9127952755905513
0
LINE
8
BLACK
6
CONTINUOUS
10
4.0843503937007872
20
-2.9127952755905513
11
4.0854050393700785
21
-2.9130050393700788
0
LINE
8
BLACK
6
CONTINUOUS
10
4.1306806299212599
20
-2.9130050393700788
11
4.1315746850393698
21
-2.9136024803149607
0
LINE
8
BLACK
6
CONTINUOUS
10
4.1315746850393698
20
-2.9136024803149607
11
4.1321721259842521
21
-2.914496535433071
0
LINE
8
BLACK
6
CONTINUOUS
10
4.1321721259842521
20
-2.914496535433071
11
4.1323818897637796
21
-2.9155511811023622
0
LINE
8
BLACK
6
CONTINUOUS
10
4.1323818897637796
20
-2.9155511811023622
11
4.1323818897637796
21
-2.9210629921259841
0
LINE
8
BLACK
6
CONTINUOUS
10
4.1323818897637796
20
-2.9210629921259841
11
4.1321721259842521
21
-2.9221176377952753
0
LINE
8
BLACK
6
CONTINUOUS
10
4.1321721259842521
20
-2.9221176377952753
11
4.1315746850393698
21
-2.9230116929133856
0
LINE
8
BLACK
6
CONTINUOUS
10
4.1315746850393698
20
-2.9230116929133856
11
4.1306806299212599
21
-2.9236091338582675
0
LINE
8
BLACK
6
CONTINUOUS
10
4.1306806299212599
20
-2.9236091338582675
11
4.1296259842519687
21
-2.923818897637795
0
LINE
8
BLACK
6
CONTINUOUS
10
4.1296259842519687
20
-2.923818897637795
11
4.1056102362204721
21
-2.923818897637795
0
LINE
8
BLACK
6
CONTINUOUS
10
4.1056102362204721
20
-2.923818897637795
11
4.1045555905511808
21
-2.9236091338582675
0
LINE
8
BLACK
6
CONTINUOUS
10
4.1045555905511808
20
-2.9236091338582675
11
4.103661535433071
21
-2.9230116929133856
0
LINE
8
BLACK
6
CONTINUOUS
10
4.103661535433071
20
-2.9230116929133856
11
4.1030640944881887
21
-2.9221176377952753
0
LINE
8
BLACK
6
CONTINUOUS
10
4.1030640944881887
20
-2.9221176377952753
11
4.1028543307086611
21
-2.9210629921259841
0
LINE
8
BLACK
6
CONTINUOUS
10
4.1028543307086611
20
-2.9210629921259841
11
4.1028543307086611
21
-2.9155511811023622
0
LINE
8
BLACK
6
CONTINUOUS
10
4.1028543307086611
20
-2.9155511811023622
11
4.1030640944881887
21
-2.914496535433071
0
LINE
8
BLACK
6
CONTINUOUS
10
4.1030640944881887
20
-2.914496535433071
11
4.103661535433071
21
-2.9136024803149607
0
LINE
8
BLACK
6
CONTINUOUS
10
4.103661535433071
20
-2.9136024803149607
11
4.1045555905511808
21
-2.9130050393700788
0
LINE
8
BLACK
6
CONTINUOUS
10
4.1045555905511808
20
-2.9130050393700788
11
4.1056102362204721
21
-2.9127952755905513
0
LINE
8
BLACK
6
CONTINUOUS
10
4.1056102362204721
20
-2.9127952755905513
11
4.1296259842519687
21
-2.9127952755905513
0
LINE
8
BLACK
6
CONTINUOUS
10
4.1296259842519687
20
-2.9127952755905513
11
4.1306806299212599
21
-2.9130050393700788
0
LINE
8
BLACK
6
CONTINUOUS
10
4.0854050393700785
20
-2.8933200000000001
11
4.0862990944881892
21
-2.893917440944882
0
LINE
8
BLACK
6
CONTINUOUS
10
4.0862990944881892
20
-2.893917440944882
11
4.0868965354330706
21
-2.8948114960629923
0
LINE
8
BLACK
6
CONTINUOUS
10
4.0868965354330706
20
-2.8948114960629923
11
4.0871062992125982
21
-2.8958661417322835
0
LINE
8
BLACK
6
CONTINUOUS
10
4.0871062992125982
20
-2.8958661417322835
11
4.0871062992125982
21
-2.9013779527559054
0
LINE
8
BLACK
6
CONTINUOUS
10
4.0871062992125982
20
-2.9013779527559054
11
4.0868965354330706
21
-2.9024325984251966
0
LINE
8
BLACK
6
CONTINUOUS
10
4.0868965354330706
20
-2.9024325984251966
11
4.0862990944881892
21
-2.9033266535433069
0
LINE
8
BLACK
6
CONTINUOUS
10
4.0862990944881892
20
-2.9033266535433069
11
4.0854050393700785
21
-2.9039240944881888
0
LINE
8
BLACK
6
CONTINUOUS
10
4.0854050393700785
20
-2.9039240944881888
11
4.0843503937007872
21
-2.9041338582677163
0
LINE
8
BLACK
6
CONTINUOUS
10
4.0843503937007872
20
-2.9041338582677163
11
4.0603346456692915
21
-2.9041338582677163
0
LINE
8
BLACK
6
CONTINUOUS
10
4.0603346456692915
20
-2.9041338582677163
11
4.0592800000000002
21
-2.9039240944881888
0
LINE
8
BLACK
6
CONTINUOUS
10
4.0592800000000002
20
-2.9039240944881888
11
4.0583859448818895
21
-2.9033266535433069
0
LINE
8
BLACK
6
CONTINUOUS
10
4.0583859448818895
20
-2.9033266535433069
11
4.0577885039370081
21
-2.9024325984251966
0
LINE
8
BLACK
6
CONTINUOUS
10
4.0577885039370081
20
-2.9024325984251966
11
4.0575787401574805
21
-2.9013779527559054
0
LINE
8
BLACK
6
CONTINUOUS
10
4.0575787401574805
20
-2.9013779527559054
11
4.0575787401574805
21
-2.8958661417322835
0
LINE
8
BLACK
6
CONTINUOUS
10
4.0575787401574805
20
-2.8958661417322835
11
4.0577885039370081
21
-2.8948114960629923
0
LINE
8
BLACK
6
CONTINUOUS
10
4.0577885039370081
20
-2.8948114960629923
11
4.0583859448818895
21
-2.893917440944882
0
LINE
8
BLACK
6
CONTINUOUS
10
4.0583859448818895
20
-2.893917440944882
11
4.0592800000000002
21
-2.8933200000000001
0
LINE
8
BLACK
6
CONTINUOUS
10
4.0592800000000002
20
-2.8933200000000001
11
4.0603346456692915
21
-2.8931102362204726
0
LINE
8
BLACK
6
CONTINUOUS
10
4.0603346456692915
20
-2.8931102362204726
11
4.0843503937007872
21
-2.8931102362204726
0
LINE
8
BLACK
6
CONTINUOUS
10
4.0843503937007872
20
-2.8931102362204726
11
4.0854050393700785
21
-2.8933200000000001
0
LINE
8
BLACK
6
CONTINUOUS
10
4.1306806299212599
20
-2.8933200000000001
11
4.1315746850393698
21
-2.893917440944882
0
LINE
8
BLACK
6
CONTINUOUS
10
4.1315746850393698
20
-2.893917440944882
11
4.1321721259842521
21
-2.8948114960629923
0
LINE
8
BLACK
6
CONTINUOUS
10
4.1321721259842521
20
-2.8948114960629923
11
4.1323818897637796
21
-2.8958661417322835
0
LINE
8
BLACK
6
CONTINUOUS
10
4.1323818897637796
20
-2.8958661417322835
11
4.1323818897637796
21
-2.9013779527559054
0
LINE
8
BLACK
6
CONTINUOUS
10
4.1323818897637796
20
-2.9013779527559054
11
4.1321721259842521
21
-2.9024325984251966
0
LINE
8
BLACK
6
CONTINUOUS
10
4.1321721259842521
20
-2.9024325984251966
11
4.1315746850393698
21
-2.9033266535433069
0
LINE
8
BLACK
6
CONTINUOUS
10
4.1315746850393698
20
-2.9033266535433069
11
4.1306806299212599
21
-2.9039240944881888
0
LINE
8
BLACK
6
CONTINUOUS
10
4.1306806299212599
20
-2.9039240944881888
11
4.1296259842519687
21
-2.9041338582677163
0
LINE
8
BLACK
6
CONTINUOUS
10
4.1296259842519687
20
-2.9041338582677163
11
4.1056102362204721
21
-2.9041338582677163
0
LINE
8
BLACK
6
CONTINUOUS
10
4.1056102362204721
20
-2.9041338582677163
11
4.1045555905511808
21
-2.9039240944881888
0
LINE
8
BLACK
6
CONTINUOUS
10
4.1045555905511808
20
-2.9039240944881888
11
4.103661535433071
21
-2.9033266535433069
0
LINE
8
BLACK
6
CONTINUOUS
10
4.103661535433071
20
-2.9033266535433069
11
4.1030640944881887
21
-2.9024325984251966
0
LINE
8
BLACK
6
CONTINUOUS
10
4.1030640944881887
20
-2.9024325984251966
11
4.1028543307086611
21
-2.9013779527559054
0
LINE
8
BLACK
6
CONTINUOUS
10
4.1028543307086611
20
-2.9013779527559054
11
4.1028543307086611
21
-2.8958661417322835
0
LINE
8
BLACK
6
CONTINUOUS
10
4.1028543307086611
20
-2.8958661417322835
11
4.1030640944881887
21
-2.8948114960629923
0
LINE
8
BLACK
6
CONTINUOUS
10
4.1030640944881887
20
-2.8948114960629923
11
4.103661535433071
21
-2.893917440944882
0
LINE
8
BLACK
6
CONTINUOUS
10
4.103661535433071
20
-2.893917440944882
11
4.1045555905511808
21
-2.8933200000000001
0
LINE
8
BLACK
6
CONTINUOUS
10
4.1045555905511808
20
-2.8933200000000001
11
4.1056102362204721
21
-2.8931102362204726
0
LINE
8
BLACK
6
CONTINUOUS
10
4.1056102362204721
20
-2.8931102362204726
11
4.1296259842519687
21
-2.8931102362204726
0
LINE
8
BLACK
6
CONTINUOUS
10
4.1296259842519687
20
-2.8931102362204726
11
4.1306806299212599
21
-2.8933200000000001
0
LINE
8
BLACK
6
CONTINUOUS
10
4.3566209055118108
20
-2.8353948818897639
11
4.3598140551181102
21
-2.8375284645669292
0
LINE
8
BLACK
6
CONTINUOUS
10
4.3598140551181102
20
-2.8375284645669292
11
4.3619476377952751
21
-2.8407216141732281
0
LINE
8
BLACK
6
CONTINUOUS
10
4.3619476377952751
20
-2.8407216141732281
11
4.3626968503937009
21
-2.8444881889763778
0
LINE
8
BLACK
6
CONTINUOUS
10
4.3626968503937009
20
-2.8444881889763778
11
4.3626968503937009
21
-2.8641732283464565
0
LINE
8
BLACK
6
CONTINUOUS
10
4.3626968503937009
20
-2.8641732283464565
11
4.3619476377952751
21
-2.8679398031496062
0
LINE
8
BLACK
6
CONTINUOUS
10
4.3619476377952751
20
-2.8679398031496062
11
4.3598140551181102
21
-2.8711329527559055
0
LINE
8
BLACK
6
CONTINUOUS
10
4.3598140551181102
20
-2.8711329527559055
11
4.3566209055118108
21
-2.8732665354330709
0
LINE
8
BLACK
6
CONTINUOUS
10
4.3566209055118108
20
-2.8732665354330709
11
4.3528543307086611
21
-2.8740157480314958
0
LINE
8
BLACK
6
CONTINUOUS
10
4.3528543307086611
20
-2.8740157480314958
11
4.315452755905512
21
-2.8740157480314958
0
LINE
8
BLACK
6
CONTINUOUS
10
4.315452755905512
20
-2.8740157480314958
11
4.3116861811023623
21
-2.8732665354330709
0
LINE
8
BLACK
6
CONTINUOUS
10
4.3116861811023623
20
-2.8732665354330709
11
4.308493031496063
21
-2.8711329527559055
0
LINE
8
BLACK
6
CONTINUOUS
10
4.308493031496063
20
-2.8711329527559055
11
4.3063594488188972
21
-2.8679398031496062
0
LINE
8
BLACK
6
CONTINUOUS
10
4.3063594488188972
20
-2.8679398031496062
11
4.3056102362204722
21
-2.8641732283464565
0
LINE
8
BLACK
6
CONTINUOUS
10
4.3056102362204722
20
-2.8641732283464565
11
4.3056102362204722
21
-2.8444881889763778
0
LINE
8
BLACK
6
CONTINUOUS
10
4.3056102362204722
20
-2.8444881889763778
11
4.3063594488188972
21
-2.8407216141732281
0
LINE
8
BLACK
6
CONTINUOUS
10
4.3063594488188972
20
-2.8407216141732281
11
4.308493031496063
21
-2.8375284645669292
0
LINE
8
BLACK
6
CONTINUOUS
10
4.308493031496063
20
-2.8375284645669292
11
4.3116861811023623
21
-2.8353948818897639
0
LINE
8
BLACK
6
CONTINUOUS
10
4.3116861811023623
20
-2.8353948818897639
11
4.315452755905512
21
-2.8346456692913384
0
LINE
8
BLACK
6
CONTINUOUS
10
4.315452755905512
20
-2.8346456692913384
11
4.3528543307086611
21
-2.8346456692913384
0
LINE
8
BLACK
6
CONTINUOUS
10
4.3528543307086611
20
-2.8346456692913384
11
4.3566209055118108
21
-2.8353948818897639
0
LINE
8
BLACK
6
CONTINUOUS
10
3.9520933464566927
20
-2.8270287401574801
11
3.9552864960629921
21
-2.8291623228346454
0
LINE
8
BLACK
6
CONTINUOUS
10
3.9552864960629921
20
-2.8291623228346454
11
3.9574200787401574
21
-2.8323554724409448
0
LINE
8
BLACK
6
CONTINUOUS
10
3.9574200787401574
20
-2.8323554724409448
11
3.9581692913385824
21
-2.8361220472440944
0
LINE
8
BLACK
6
CONTINUOUS
10
3.9581692913385824
20
-2.8361220472440944
11
3.9581692913385824
21
-2.8567913385826773
0
LINE
8
BLACK
6
CONTINUOUS
10
3.9581692913385824
20
-2.8567913385826773
11
3.9574200787401574
21
-2.8605579133858265
0
LINE
8
BLACK
6
CONTINUOUS
10
3.9574200787401574
20
-2.8605579133858265
11
3.9552864960629921
21
-2.8637510629921259
0
LINE
8
BLACK
6
CONTINUOUS
10
3.9552864960629921
20
-2.8637510629921259
11
3.9520933464566927
21
-2.8658846456692912
0
LINE
8
BLACK
6
CONTINUOUS
10
3.9520933464566927
20
-2.8658846456692912
11
3.9483267716535431
21
-2.8666338582677167
0
LINE
8
BLACK
6
CONTINUOUS
10
3.9483267716535431
20
-2.8666338582677167
11
3.9128937007874014
21
-2.8666338582677167
0
LINE
8
BLACK
6
CONTINUOUS
10
3.9128937007874014
20
-2.8666338582677167
11
3.9091271259842517
21
-2.8658846456692912
0
LINE
8
BLACK
6
CONTINUOUS
10
3.9091271259842517
20
-2.8658846456692912
11
3.9059339763779528
21
-2.8637510629921259
0
LINE
8
BLACK
6
CONTINUOUS
10
3.9059339763779528
20
-2.8637510629921259
11
3.9038003937007875
21
-2.8605579133858265
0
LINE
8
BLACK
6
CONTINUOUS
10
3.9038003937007875
20
-2.8605579133858265
11
3.903051181102362
21
-2.8567913385826773
0
LINE
8
BLACK
6
CONTINUOUS
10
3.903051181102362
20
-2.8567913385826773
11
3.903051181102362
21
-2.8361220472440944
0
LINE
8
BLACK
6
CONTINUOUS
10
3.903051181102362
20
-2.8361220472440944
11
3.9038003937007875
21
-2.8323554724409448
0
LINE
8
BLACK
6
CONTINUOUS
10
3.9038003937007875
20
-2.8323554724409448
11
3.9059339763779528
21
-2.8291623228346454
0
LINE
8
BLACK
6
CONTINUOUS
10
3.9059339763779528
20
-2.8291623228346454
11
3.9091271259842517
21
-2.8270287401574801
0
LINE
8
BLACK
6
CONTINUOUS
10
3.9091271259842517
20
-2.8270287401574801
11
3.9128937007874014
21
-2.8262795275590551
0
LINE
8
BLACK
6
CONTINUOUS
10
3.9128937007874014
20
-2.8262795275590551
11
3.9483267716535431
21
-2.8262795275590551
0
LINE
8
BLACK
6
CONTINUOUS
10
3.9483267716535431
20
-2.8262795275590551
11
3.9520933464566927
21
-2.8270287401574801
0
LINE
8
BLACK
6
CONTINUOUS
10
3.0718503937007875
20
-2.8651574803149606
11
3.0541338582677167
21
-2.8651574803149606
0
LINE
8
BLACK
6
CONTINUOUS
10
3.0541338582677167
20
-2.8651574803149606
11
3.0541338582677167
21
-2.8080708661417324
0
LINE
8
BLACK
6
CONTINUOUS
10
3.0541338582677167
20
-2.8080708661417324
11
3.0718503937007875
21
-2.8080708661417324
0
LINE
8
BLACK
6
CONTINUOUS
10
3.0718503937007875
20
-2.8080708661417324
11
3.0718503937007875
21
-2.8651574803149606
0
LINE
8
BLACK
6
CONTINUOUS
10
3.0974409448818898
20
-2.8651574803149606
11
3.079724409448819
21
-2.8651574803149606
0
LINE
8
BLACK
6
CONTINUOUS
10
3.079724409448819
20
-2.8651574803149606
11
3.079724409448819
21
-2.8080708661417324
0
LINE
8
BLACK
6
CONTINUOUS
10
3.079724409448819
20
-2.8080708661417324
11
3.0974409448818898
21
-2.8080708661417324
0
LINE
8
BLACK
6
CONTINUOUS
10
3.0974409448818898
20
-2.8080708661417324
11
3.0974409448818898
21
-2.8651574803149606
0
LINE
8
BLACK
6
CONTINUOUS
10
3.1230314960629921
20
-2.8651574803149606
11
3.1053149606299213
21
-2.8651574803149606
0
LINE
8
BLACK
6
CONTINUOUS
10
3.1053149606299213
20
-2.8651574803149606
11
3.1053149606299213
21
-2.8080708661417324
0
LINE
8
BLACK
6
CONTINUOUS
10
3.1053149606299213
20
-2.8080708661417324
11
3.1230314960629921
21
-2.8080708661417324
0
LINE
8
BLACK
6
CONTINUOUS
10
3.1230314960629921
20
-2.8080708661417324
11
3.1230314960629921
21
-2.8651574803149606
0
LINE
8
BLACK
6
CONTINUOUS
10
3.1486220472440944
20
-2.8651574803149606
11
3.1309055118110236
21
-2.8651574803149606
0
LINE
8
BLACK
6
CONTINUOUS
10
3.1309055118110236
20
-2.8651574803149606
11
3.1309055118110236
21
-2.8080708661417324
0
LINE
8
BLACK
6
CONTINUOUS
10
3.1309055118110236
20
-2.8080708661417324
11
3.1486220472440944
21
-2.8080708661417324
0
LINE
8
BLACK
6
CONTINUOUS
10
3.1486220472440944
20
-2.8080708661417324
11
3.1486220472440944
21
-2.8651574803149606
0
LINE
8
BLACK
6
CONTINUOUS
10
3.1742125984251968
20
-2.8651574803149606
11
3.1564960629921259
21
-2.8651574803149606
0
LINE
8
BLACK
6
CONTINUOUS
10
3.1564960629921259
20
-2.8651574803149606
11
3.1564960629921259
21
-2.8080708661417324
0
LINE
8
BLACK
6
CONTINUOUS
10
3.1564960629921259
20
-2.8080708661417324
11
3.1742125984251968
21
-2.8080708661417324
0
LINE
8
BLACK
6
CONTINUOUS
10
3.1742125984251968
20
-2.8080708661417324
11
3.1742125984251968
21
-2.8651574803149606
0
LINE
8
BLACK
6
CONTINUOUS
10
3.1998031496062991
20
-2.8651574803149606
11
3.1820866141732282
21
-2.8651574803149606
0
LINE
8
BLACK
6
CONTINUOUS
10
3.1820866141732282
20
-2.8651574803149606
11
3.1820866141732282
21
-2.8080708661417324
0
LINE
8
BLACK
6
CONTINUOUS
10
3.1820866141732282
20
-2.8080708661417324
11
3.1998031496062991
21
-2.8080708661417324
0
LINE
8
BLACK
6
CONTINUOUS
10
3.1998031496062991
20
-2.8080708661417324
11
3.1998031496062991
21
-2.8651574803149606
0
LINE
8
BLACK
6
CONTINUOUS
10
3.2253937007874014
20
-2.8651574803149606
11
3.2076771653543306
21
-2.8651574803149606
0
LINE
8
BLACK
6
CONTINUOUS
10
3.2076771653543306
20
-2.8651574803149606
11
3.2076771653543306
21
-2.8080708661417324
0
LINE
8
BLACK
6
CONTINUOUS
10
3.2076771653543306
20
-2.8080708661417324
11
3.2253937007874014
21
-2.8080708661417324
0
LINE
8
BLACK
6
CONTINUOUS
10
3.2253937007874014
20
-2.8080708661417324
11
3.2253937007874014
21
-2.8651574803149606
0
LINE
8
BLACK
6
CONTINUOUS
10
4.3566209055118108
20
-2.7605917322834643
11
4.3598140551181102
21
-2.7627253149606297
0
LINE
8
BLACK
6
CONTINUOUS
10
4.3598140551181102
20
-2.7627253149606297
11
4.3619476377952751
21
-2.765918464566929
0
LINE
8
BLACK
6
CONTINUOUS
10
4.3619476377952751
20
-2.765918464566929
11
4.3626968503937009
21
-2.7696850393700787
0
LINE
8
BLACK
6
CONTINUOUS
10
4.3626968503937009
20
-2.7696850393700787
11
4.3626968503937009
21
-2.7893700787401574
0
LINE
8
BLACK
6
CONTINUOUS
10
4.3626968503937009
20
-2.7893700787401574
11
4.3619476377952751
21
-2.7931366535433071
0
LINE
8
BLACK
6
CONTINUOUS
10
4.3619476377952751
20
-2.7931366535433071
11
4.3598140551181102
21
-2.7963298031496064
0
LINE
8
BLACK
6
CONTINUOUS
10
4.3598140551181102
20
-2.7963298031496064
11
4.3566209055118108
21
-2.7984633858267718
0
LINE
8
BLACK
6
CONTINUOUS
10
4.3566209055118108
20
-2.7984633858267718
11
4.3528543307086611
21
-2.7992125984251968
0
LINE
8
BLACK
6
CONTINUOUS
10
4.3528543307086611
20
-2.7992125984251968
11
4.315452755905512
21
-2.7992125984251968
0
LINE
8
BLACK
6
CONTINUOUS
10
4.315452755905512
20
-2.7992125984251968
11
4.3116861811023623
21
-2.7984633858267718
0
LINE
8
BLACK
6
CONTINUOUS
10
4.3116861811023623
20
-2.7984633858267718
11
4.308493031496063
21
-2.7963298031496064
0
LINE
8
BLACK
6
CONTINUOUS
10
4.308493031496063
20
-2.7963298031496064
11
4.3063594488188972
21
-2.7931366535433071
0
LINE
8
BLACK
6
CONTINUOUS
10
4.3063594488188972
20
-2.7931366535433071
11
4.3056102362204722
21
-2.7893700787401574
0
LINE
8
BLACK
6
CONTINUOUS
10
4.3056102362204722
20
-2.7893700787401574
11
4.3056102362204722
21
-2.7696850393700787
0
LINE
8
BLACK
6
CONTINUOUS
10
4.3056102362204722
20
-2.7696850393700787
11
4.3063594488188972
21
-2.765918464566929
0
LINE
8
BLACK
6
CONTINUOUS
10
4.3063594488188972
20
-2.765918464566929
11
4.308493031496063
21
-2.7627253149606297
0
LINE
8
BLACK
6
CONTINUOUS
10
4.308493031496063
20
-2.7627253149606297
11
4.3116861811023623
21
-2.7605917322834643
0
LINE
8
BLACK
6
CONTINUOUS
10
4.3116861811023623
20
-2.7605917322834643
11
4.315452755905512
21
-2.7598425196850394
0
LINE
8
BLACK
6
CONTINUOUS
10
4.315452755905512
20
-2.7598425196850394
11
4.3528543307086611
21
-2.7598425196850394
0
LINE
8
BLACK
6
CONTINUOUS
10
4.3528543307086611
20
-2.7598425196850394
11
4.3566209055118108
21
-2.7605917322834643
0
LINE
8
BLACK
6
CONTINUOUS
10
4.0859516141732284
20
-2.7438594488188977
11
4.0891447637795277
21
-2.745993031496063
0
LINE
8
BLACK
6
CONTINUOUS
10
4.0891447637795277
20
-2.745993031496063
11
4.0912783464566926
21
-2.7491861811023623
0
LINE
8
BLACK
6
CONTINUOUS
10
4.0912783464566926
20
-2.7491861811023623
11
4.0920275590551176
21
-2.7529527559055116
0
LINE
8
BLACK
6
CONTINUOUS
10
4.0920275590551176
20
-2.7529527559055116
11
4.0920275590551176
21
-2.7883858267716537
0
LINE
8
BLACK
6
CONTINUOUS
10
4.0920275590551176
20
-2.7883858267716537
11
4.0912783464566926
21
-2.7921524015748029
0
LINE
8
BLACK
6
CONTINUOUS
10
4.0912783464566926
20
-2.7921524015748029
11
4.0891447637795277
21
-2.7953455511811023
0
LINE
8
BLACK
6
CONTINUOUS
10
4.0891447637795277
20
-2.7953455511811023
11
4.0859516141732284
21
-2.7974791338582676
0
LINE
8
BLACK
6
CONTINUOUS
10
4.0859516141732284
20
-2.7974791338582676
11
4.0821850393700787
21
-2.798228346456693
0
LINE
8
BLACK
6
CONTINUOUS
10
4.0821850393700787
20
-2.798228346456693
11
4.0615157480314963
21
-2.798228346456693
0
LINE
8
BLACK
6
CONTINUOUS
10
4.0615157480314963
20
-2.798228346456693
11
4.0577491732283466
21
-2.7974791338582676
0
LINE
8
BLACK
6
CONTINUOUS
10
4.0577491732283466
20
-2.7974791338582676
11
4.0545560236220473
21
-2.7953455511811023
0
LINE
8
BLACK
6
CONTINUOUS
10
4.0545560236220473
20
-2.7953455511811023
11
4.0524224409448815
21
-2.7921524015748029
0
LINE
8
BLACK
6
CONTINUOUS
10
4.0524224409448815
20
-2.7921524015748029
11
4.0516732283464565
21
-2.7883858267716537
0
LINE
8
BLACK
6
CONTINUOUS
10
4.0516732283464565
20
-2.7883858267716537
11
4.0516732283464565
21
-2.7529527559055116
0
LINE
8
BLACK
6
CONTINUOUS
10
4.0516732283464565
20
-2.7529527559055116
11
4.0524224409448815
21
-2.7491861811023623
0
LINE
8
BLACK
6
CONTINUOUS
10
4.0524224409448815
20
-2.7491861811023623
11
4.0545560236220473
21
-2.745993031496063
0
LINE
8
BLACK
6
CONTINUOUS
10
4.0545560236220473
20
-2.745993031496063
11
4.0577491732283466
21
-2.7438594488188977
0
LINE
8
BLACK
6
CONTINUOUS
10
4.0577491732283466
20
-2.7438594488188977
11
4.0615157480314963
21
-2.7431102362204722
0
LINE
8
BLACK
6
CONTINUOUS
10
4.0615157480314963
20
-2.7431102362204722
11
4.0821850393700787
21
-2.7431102362204722
0
LINE
8
BLACK
6
CONTINUOUS
10
4.0821850393700787
20
-2.7431102362204722
11
4.0859516141732284
21
-2.7438594488188977
0
LINE
8
BLACK
6
CONTINUOUS
10
4.1578020078740154
20
-2.7438594488188977
11
4.1609951574803148
21
-2.745993031496063
0
LINE
8
BLACK
6
CONTINUOUS
10
4.1609951574803148
20
-2.745993031496063
11
4.1631287401574806
21
-2.7491861811023623
0
LINE
8
BLACK
6
CONTINUOUS
10
4.1631287401574806
20
-2.7491861811023623
11
4.1638779527559056
21
-2.7529527559055116
0
LINE
8
BLACK
6
CONTINUOUS
10
4.1638779527559056
20
-2.7529527559055116
11
4.1638779527559056
21
-2.7883858267716537
0
LINE
8
BLACK
6
CONTINUOUS
10
4.1638779527559056
20
-2.7883858267716537
11
4.1631287401574806
21
-2.7921524015748029
0
LINE
8
BLACK
6
CONTINUOUS
10
4.1631287401574806
20
-2.7921524015748029
11
4.1609951574803148
21
-2.7953455511811023
0
LINE
8
BLACK
6
CONTINUOUS
10
4.1609951574803148
20
-2.7953455511811023
11
4.1578020078740154
21
-2.7974791338582676
0
LINE
8
BLACK
6
CONTINUOUS
10
4.1578020078740154
20
-2.7974791338582676
11
4.1540354330708658
21
-2.798228346456693
0
LINE
8
BLACK
6
CONTINUOUS
10
4.1540354330708658
20
-2.798228346456693
11
4.1333661417322833
21
-2.798228346456693
0
LINE
8
BLACK
6
CONTINUOUS
10
4.1333661417322833
20
-2.798228346456693
11
4.1295995669291337
21
-2.7974791338582676
0
LINE
8
BLACK
6
CONTINUOUS
10
4.1295995669291337
20
-2.7974791338582676
11
4.1264064173228343
21
-2.7953455511811023
0
LINE
8
BLACK
6
CONTINUOUS
10
4.1264064173228343
20
-2.7953455511811023
11
4.1242728346456694
21
-2.7921524015748029
0
LINE
8
BLACK
6
CONTINUOUS
10
4.1242728346456694
20
-2.7921524015748029
11
4.1235236220472444
21
-2.7883858267716537
0
LINE
8
BLACK
6
CONTINUOUS
10
4.1235236220472444
20
-2.7883858267716537
11
4.1235236220472444
21
-2.7529527559055116
0
LINE
8
BLACK
6
CONTINUOUS
10
4.1235236220472444
20
-2.7529527559055116
11
4.1242728346456694
21
-2.7491861811023623
0
LINE
8
BLACK
6
CONTINUOUS
10
4.1242728346456694
20
-2.7491861811023623
11
4.1264064173228343
21
-2.745993031496063
0
LINE
8
BLACK
6
CONTINUOUS
10
4.1264064173228343
20
-2.745993031496063
11
4.1295995669291337
21
-2.7438594488188977
0
LINE
8
BLACK
6
CONTINUOUS
10
4.1295995669291337
20
-2.7438594488188977
11
4.1333661417322833
21
-2.7431102362204722
0
LINE
8
BLACK
6
CONTINUOUS
10
4.1333661417322833
20
-2.7431102362204722
11
4.1540354330708658
21
-2.7431102362204722
0
LINE
8
BLACK
6
CONTINUOUS
10
4.1540354330708658
20
-2.7431102362204722
11
4.1578020078740154
21
-2.7438594488188977
0
LINE
8
BLACK
6
CONTINUOUS
10
3.3197114566929131
20
-2.7369696850393699
11
3.3229046062992125
21
-2.7391032677165352
0
LINE
8
BLACK
6
CONTINUOUS
10
3.3229046062992125
20
-2.7391032677165352
11
3.3250381889763778
21
-2.7422964173228346
0
LINE
8
BLACK
6
CONTINUOUS
10
3.3250381889763778
20
-2.7422964173228346
11
3.3257874015748032
21
-2.7460629921259843
0
LINE
8
BLACK
6
CONTINUOUS
10
3.3257874015748032
20
-2.7460629921259843
11
3.3257874015748032
21
-2.765748031496063
0
LINE
8
BLACK
6
CONTINUOUS
10
3.3257874015748032
20
-2.765748031496063
11
3.3250381889763778
21
-2.7695146062992126
0
LINE
8
BLACK
6
CONTINUOUS
10
3.3250381889763778
20
-2.7695146062992126
11
3.3229046062992125
21
-2.7727077559055116
0
LINE
8
BLACK
6
CONTINUOUS
10
3.3229046062992125
20
-2.7727077559055116
11
3.3197114566929131
21
-2.7748413385826769
0
LINE
8
BLACK
6
CONTINUOUS
10
3.3197114566929131
20
-2.7748413385826769
11
3.3159448818897639
21
-2.7755905511811023
0
LINE
8
BLACK
6
CONTINUOUS
10
3.3159448818897639
20
-2.7755905511811023
11
3.2785433070866139
21
-2.7755905511811023
0
LINE
8
BLACK
6
CONTINUOUS
10
3.2785433070866139
20
-2.7755905511811023
11
3.2747767322834647
21
-2.7748413385826769
0
LINE
8
BLACK
6
CONTINUOUS
10
3.2747767322834647
20
-2.7748413385826769
11
3.2715835826771653
21
-2.7727077559055116
0
LINE
8
BLACK
6
CONTINUOUS
10
3.2715835826771653
20
-2.7727077559055116
11
3.26945
21
-2.7695146062992126
0
LINE
8
BLACK
6
CONTINUOUS
10
3.26945
20
-2.7695146062992126
11
3.2687007874015745
21
-2.765748031496063
0
LINE
8
BLACK
6
CONTINUOUS
10
3.2687007874015745
20
-2.765748031496063
11
3.2687007874015745
21
-2.7460629921259843
0
LINE
8
BLACK
6
CONTINUOUS
10
3.2687007874015745
20
-2.7460629921259843
11
3.26945
21
-2.7422964173228346
0
LINE
8
BLACK
6
CONTINUOUS
10
3.26945
20
-2.7422964173228346
11
3.2715835826771653
21
-2.7391032677165352
0
LINE
8
BLACK
6
CONTINUOUS
10
3.2715835826771653
20
-2.7391032677165352
11
3.2747767322834647
21
-2.7369696850393699
0
LINE
8
BLACK
6
CONTINUOUS
10
3.2747767322834647
20
-2.7369696850393699
11
3.2785433070866139
21
-2.7362204724409449
0
LINE
8
BLACK
6
CONTINUOUS
10
3.2785433070866139
20
-2.7362204724409449
11
3.3159448818897639
21
-2.7362204724409449
0
LINE
8
BLACK
6
CONTINUOUS
10
3.3159448818897639
20
-2.7362204724409449
11
3.3197114566929131
21
-2.7369696850393699
0
LINE
8
BLACK
6
CONTINUOUS
10
2.8129921259842519
20
-2.6476377952755903
11
2.8228346456692912
21
-2.6476377952755903
0
LINE
8
BLACK
6
CONTINUOUS
10
2.8228346456692912
20
-2.6476377952755903
11
2.8228346456692912
21
-2.6417322834645667
0
LINE
8
BLACK
6
CONTINUOUS
10
2.8228346456692912
20
-2.6417322834645667
11
2.8622047244094486
21
-2.6417322834645667
0
LINE
8
BLACK
6
CONTINUOUS
10
2.8622047244094486
20
-2.6417322834645667
11
2.8622047244094486
21
-2.7007874015748032
0
LINE
8
BLACK
6
CONTINUOUS
10
2.8622047244094486
20
-2.7007874015748032
11
2.8228346456692912
21
-2.7007874015748032
0
LINE
8
BLACK
6
CONTINUOUS
10
2.8228346456692912
20
-2.7007874015748032
11
2.8228346456692912
21
-2.6948818897637796
0
LINE
8
BLACK
6
CONTINUOUS
10
2.8228346456692912
20
-2.6948818897637796
11
2.8129921259842519
21
-2.6948818897637796
0
LINE
8
BLACK
6
CONTINUOUS
10
2.8129921259842519
20
-2.6948818897637796
11
2.8129921259842519
21
-2.7007874015748032
0
LINE
8
BLACK
6
CONTINUOUS
10
2.8129921259842519
20
-2.7007874015748032
11
2.7913385826771653
21
-2.7007874015748032
0
LINE
8
BLACK
6
CONTINUOUS
10
2.7913385826771653
20
-2.7007874015748032
11
2.7913385826771653
21
-2.7006189763779527
0
LINE
8
BLACK
6
CONTINUOUS
10
2.7913385826771653
20
-2.7006189763779527
11
2.7887691732283466
21
-2.7006189763779527
0
LINE
8
BLACK
6
CONTINUOUS
10
2.7887691732283466
20
-2.7006189763779527
11
2.7838054330708659
21
-2.6992889763779528
0
LINE
8
BLACK
6
CONTINUOUS
10
2.7838054330708659
20
-2.6992889763779528
11
2.7793550787401573
21
-2.6967195669291337
0
LINE
8
BLACK
6
CONTINUOUS
10
2.7793550787401573
20
-2.6967195669291337
11
2.7757213779527556
21
-2.6930858661417321
0
LINE
8
BLACK
6
CONTINUOUS
10
2.7757213779527556
20
-2.6930858661417321
11
2.773151968503937
21
-2.6886355118110234
0
LINE
8
BLACK
6
CONTINUOUS
10
2.773151968503937
20
-2.6886355118110234
11
2.7718219685039371
21
-2.6836717716535432
0
LINE
8
BLACK
6
CONTINUOUS
10
2.7718219685039371
20
-2.6836717716535432
11
2.7718219685039371
21
-2.6811023622047245
0
LINE
8
BLACK
6
CONTINUOUS
10
2.7718219685039371
20
-2.6811023622047245
11
2.7716535433070866
21
-2.6811023622047245
0
LINE
8
BLACK
6
CONTINUOUS
10
2.7716535433070866
20
-2.6811023622047245
11
2.7716535433070866
21
-2.6614173228346458
0
LINE
8
BLACK
6
CONTINUOUS
10
2.7716535433070866
20
-2.6614173228346458
11
2.7718219685039371
21
-2.6614173228346458
0
LINE
8
BLACK
6
CONTINUOUS
10
2.7718219685039371
20
-2.6614173228346458
11
2.7718219685039371
21
-2.6588479133858267
0
LINE
8
BLACK
6
CONTINUOUS
10
2.7718219685039371
20
-2.6588479133858267
11
2.773151968503937
21
-2.6538841732283465
0
LINE
8
BLACK
6
CONTINUOUS
10
2.773151968503937
20
-2.6538841732283465
11
2.7757213779527556
21
-2.6494338188976378
0
LINE
8
BLACK
6
CONTINUOUS
10
2.7757213779527556
20
-2.6494338188976378
11
2.7793550787401573
21
-2.6458001181102362
0
LINE
8
BLACK
6
CONTINUOUS
10
2.7793550787401573
20
-2.6458001181102362
11
2.7838054330708659
21
-2.6432307086614171
0
LINE
8
BLACK
6
CONTINUOUS
10
2.7838054330708659
20
-2.6432307086614171
11
2.7887691732283466
21
-2.6419007086614172
0
LINE
8
BLACK
6
CONTINUOUS
10
2.7887691732283466
20
-2.6419007086614172
11
2.7913385826771653
21
-2.6419007086614172
0
LINE
8
BLACK
6
CONTINUOUS
10
2.7913385826771653
20
-2.6419007086614172
11
2.7913385826771653
21
-2.6417322834645667
0
LINE
8
BLACK
6
CONTINUOUS
10
2.7913385826771653
20
-2.6417322834645667
11
2.8129921259842519
21
-2.6417322834645667
0
LINE
8
BLACK
6
CONTINUOUS
10
2.8129921259842519
20
-2.6417322834645667
11
2.8129921259842519
21
-2.6476377952755903
0
LINE
8
BLACK
6
CONTINUOUS
10
2.8129921259842519
20
-2.6633858267716537
11
2.8129921259842519
21
-2.6791338582677167
0
LINE
8
BLACK
6
CONTINUOUS
10
2.8129921259842519
20
-2.6791338582677167
11
2.8228346456692912
21
-2.6791338582677167
0
LINE
8
BLACK
6
CONTINUOUS
10
2.8228346456692912
20
-2.6791338582677167
11
2.8228346456692912
21
-2.6633858267716537
0
LINE
8
BLACK
6
CONTINUOUS
10
2.8228346456692912
20
-2.6633858267716537
11
2.8129921259842519
21
-2.6633858267716537
0
LINE
8
BLACK
6
CONTINUOUS
10
2.8937007874015745
20
-2.6419007086614172
11
2.8962701968503937
21
-2.6419007086614172
0
LINE
8
BLACK
6
CONTINUOUS
10
2.8962701968503937
20
-2.6419007086614172
11
2.9012339370078739
21
-2.6432307086614171
0
LINE
8
BLACK
6
CONTINUOUS
10
2.9012339370078739
20
-2.6432307086614171
11
2.9056842913385825
21
-2.6458001181102362
0
LINE
8
BLACK
6
CONTINUOUS
10
2.9056842913385825
20
-2.6458001181102362
11
2.9093179921259842
21
-2.6494338188976378
0
LINE
8
BLACK
6
CONTINUOUS
10
2.9093179921259842
20
-2.6494338188976378
11
2.9118874015748033
21
-2.6538841732283465
0
LINE
8
BLACK
6
CONTINUOUS
10
2.9118874015748033
20
-2.6538841732283465
11
2.9132174015748031
21
-2.6588479133858267
0
LINE
8
BLACK
6
CONTINUOUS
10
2.9132174015748031
20
-2.6588479133858267
11
2.9132174015748031
21
-2.6614173228346458
0
LINE
8
BLACK
6
CONTINUOUS
10
2.9132174015748031
20
-2.6614173228346458
11
2.9133858267716537
21
-2.6614173228346458
0
LINE
8
BLACK
6
CONTINUOUS
10
2.9133858267716537
20
-2.6614173228346458
11
2.9133858267716537
21
-2.6811023622047245
0
LINE
8
BLACK
6
CONTINUOUS
10
2.9133858267716537
20
-2.6811023622047245
11
2.9132174015748031
21
-2.6811023622047245
0
LINE
8
BLACK
6
CONTINUOUS
10
2.9132174015748031
20
-2.6811023622047245
11
2.9132174015748031
21
-2.6836717716535432
0
LINE
8
BLACK
6
CONTINUOUS
10
2.9132174015748031
20
-2.6836717716535432
11
2.9118874015748033
21
-2.6886355118110234
0
LINE
8
BLACK
6
CONTINUOUS
10
2.9118874015748033
20
-2.6886355118110234
11
2.9093179921259842
21
-2.6930858661417321
0
LINE
8
BLACK
6
CONTINUOUS
10
2.9093179921259842
20
-2.6930858661417321
11
2.9056842913385825
21
-2.6967195669291337
0
LINE
8
BLACK
6
CONTINUOUS
10
2.9056842913385825
20
-2.6967195669291337
11
2.9012339370078739
21
-2.6992889763779528
0
LINE
8
BLACK
6
CONTINUOUS
10
2.9012339370078739
20
-2.6992889763779528
11
2.8962701968503937
21
-2.7006189763779527
0
LINE
8
BLACK
6
CONTINUOUS
10
2.8962701968503937
20
-2.7006189763779527
11
2.8937007874015745
21
-2.7006189763779527
0
LINE
8
BLACK
6
CONTINUOUS
10
2.8937007874015745
20
-2.7006189763779527
11
2.8937007874015745
21
-2.7007874015748032
0
LINE
8
BLACK
6
CONTINUOUS
10
2.8937007874015745
20
-2.7007874015748032
11
2.872047244094488
21
-2.7007874015748032
0
LINE
8
BLACK
6
CONTINUOUS
10
2.872047244094488
20
-2.7007874015748032
11
2.872047244094488
21
-2.6417322834645667
0
LINE
8
BLACK
6
CONTINUOUS
10
2.872047244094488
20
-2.6417322834645667
11
2.8937007874015745
21
-2.6417322834645667
0
LINE
8
BLACK
6
CONTINUOUS
10
2.8937007874015745
20
-2.6417322834645667
11
2.8937007874015745
21
-2.6419007086614172
0
LINE
8
BLACK
6
CONTINUOUS
10
3.3197114566929131
20
-2.6621665354330708
11
3.3229046062992125
21
-2.6643001181102361
0
LINE
8
BLACK
6
CONTINUOUS
10
3.3229046062992125
20
-2.6643001181102361
11
3.3250381889763778
21
-2.6674932677165355
0
LINE
8
BLACK
6
CONTINUOUS
10
3.3250381889763778
20
-2.6674932677165355
11
3.3257874015748032
21
-2.6712598425196852
0
LINE
8
BLACK
6
CONTINUOUS
10
3.3257874015748032
20
-2.6712598425196852
11
3.3257874015748032
21
-2.6909448818897639
0
LINE
8
BLACK
6
CONTINUOUS
10
3.3257874015748032
20
-2.6909448818897639
11
3.3250381889763778
21
-2.6947114566929131
0
LINE
8
BLACK
6
CONTINUOUS
10
3.3250381889763778
20
-2.6947114566929131
11
3.3229046062992125
21
-2.6979046062992125
0
LINE
8
BLACK
6
CONTINUOUS
10
3.3229046062992125
20
-2.6979046062992125
11
3.3197114566929131
21
-2.7000381889763778
0
LINE
8
BLACK
6
CONTINUOUS
10
3.3197114566929131
20
-2.7000381889763778
11
3.3159448818897639
21
-2.7007874015748032
0
LINE
8
BLACK
6
CONTINUOUS
10
3.3159448818897639
20
-2.7007874015748032
11
3.2785433070866139
21
-2.7007874015748032
0
LINE
8
BLACK
6
CONTINUOUS
10
3.2785433070866139
20
-2.7007874015748032
11
3.2747767322834647
21
-2.7000381889763778
0
LINE
8
BLACK
6
CONTINUOUS
10
3.2747767322834647
20
-2.7000381889763778
11
3.2715835826771653
21
-2.6979046062992125
0
LINE
8
BLACK
6
CONTINUOUS
10
3.2715835826771653
20
-2.6979046062992125
11
3.26945
21
-2.6947114566929131
0
LINE
8
BLACK
6
CONTINUOUS
10
3.26945
20
-2.6947114566929131
11
3.2687007874015745
21
-2.6909448818897639
0
LINE
8
BLACK
6
CONTINUOUS
10
3.2687007874015745
20
-2.6909448818897639
11
3.2687007874015745
21
-2.6712598425196852
0
LINE
8
BLACK
6
CONTINUOUS
10
3.2687007874015745
20
-2.6712598425196852
11
3.26945
21
-2.6674932677165355
0
LINE
8
BLACK
6
CONTINUOUS
10
3.26945
20
-2.6674932677165355
11
3.2715835826771653
21
-2.6643001181102361
0
LINE
8
BLACK
6
CONTINUOUS
10
3.2715835826771653
20
-2.6643001181102361
11
3.2747767322834647
21
-2.6621665354330708
0
LINE
8
BLACK
6
CONTINUOUS
10
3.2747767322834647
20
-2.6621665354330708
11
3.2785433070866139
21
-2.6614173228346458
0
LINE
8
BLACK
6
CONTINUOUS
10
3.2785433070866139
20
-2.6614173228346458
11
3.3159448818897639
21
-2.6614173228346458
0
LINE
8
BLACK
6
CONTINUOUS
10
3.3159448818897639
20
-2.6614173228346458
11
3.3197114566929131
21
-2.6621665354330708
0
LINE
8
BLACK
6
CONTINUOUS
10
3.0718503937007875
20
-2.6328740157480315
11
3.0541338582677167
21
-2.6328740157480315
0
LINE
8
BLACK
6
CONTINUOUS
10
3.0541338582677167
20
-2.6328740157480315
11
3.0541338582677167
21
-2.5757874015748032
0
LINE
8
BLACK
6
CONTINUOUS
10
3.0541338582677167
20
-2.5757874015748032
11
3.0718503937007875
21
-2.5757874015748032
0
LINE
8
BLACK
6
CONTINUOUS
10
3.0718503937007875
20
-2.5757874015748032
11
3.0718503937007875
21
-2.6328740157480315
0
LINE
8
BLACK
6
CONTINUOUS
10
3.0974409448818898
20
-2.6328740157480315
11
3.079724409448819
21
-2.6328740157480315
0
LINE
8
BLACK
6
CONTINUOUS
10
3.079724409448819
20
-2.6328740157480315
11
3.079724409448819
21
-2.5757874015748032
0
LINE
8
BLACK
6
CONTINUOUS
10
3.079724409448819
20
-2.5757874015748032
11
3.0974409448818898
21
-2.5757874015748032
0
LINE
8
BLACK
6
CONTINUOUS
10
3.0974409448818898
20
-2.5757874015748032
11
3.0974409448818898
21
-2.6328740157480315
0
LINE
8
BLACK
6
CONTINUOUS
10
3.1230314960629921
20
-2.6328740157480315
11
3.1053149606299213
21
-2.6328740157480315
0
LINE
8
BLACK
6
CONTINUOUS
10
3.1053149606299213
20
-2.6328740157480315
11
3.1053149606299213
21
-2.5757874015748032
0
LINE
8
BLACK
6
CONTINUOUS
10
3.1053149606299213
20
-2.5757874015748032
11
3.1230314960629921
21
-2.5757874015748032
0
LINE
8
BLACK
6
CONTINUOUS
10
3.1230314960629921
20
-2.5757874015748032
11
3.1230314960629921
21
-2.6328740157480315
0
LINE
8
BLACK
6
CONTINUOUS
10
3.1486220472440944
20
-2.6328740157480315
11
3.1309055118110236
21
-2.6328740157480315
0
LINE
8
BLACK
6
CONTINUOUS
10
3.1309055118110236
20
-2.6328740157480315
11
3.1309055118110236
21
-2.5757874015748032
0
LINE
8
BLACK
6
CONTINUOUS
10
3.1309055118110236
20
-2.5757874015748032
11
3.1486220472440944
21
-2.5757874015748032
0
LINE
8
BLACK
6
CONTINUOUS
10
3.1486220472440944
20
-2.5757874015748032
11
3.1486220472440944
21
-2.6328740157480315
0
LINE
8
BLACK
6
CONTINUOUS
10
3.1742125984251968
20
-2.6328740157480315
11
3.1564960629921259
21
-2.6328740157480315
0
LINE
8
BLACK
6
CONTINUOUS
10
3.1564960629921259
20
-2.6328740157480315
11
3.1564960629921259
21
-2.5757874015748032
0
LINE
8
BLACK
6
CONTINUOUS
10
3.1564960629921259
20
-2.5757874015748032
11
3.1742125984251968
21
-2.5757874015748032
0
LINE
8
BLACK
6
CONTINUOUS
10
3.1742125984251968
20
-2.5757874015748032
11
3.1742125984251968
21
-2.6328740157480315
0
LINE
8
BLACK
6
CONTINUOUS
10
3.1998031496062991
20
-2.6328740157480315
11
3.1820866141732282
21
-2.6328740157480315
0
LINE
8
BLACK
6
CONTINUOUS
10
3.1820866141732282
20
-2.6328740157480315
11
3.1820866141732282
21
-2.5757874015748032
0
LINE
8
BLACK
6
CONTINUOUS
10
3.1820866141732282
20
-2.5757874015748032
11
3.1998031496062991
21
-2.5757874015748032
0
LINE
8
BLACK
6
CONTINUOUS
10
3.1998031496062991
20
-2.5757874015748032
11
3.1998031496062991
21
-2.6328740157480315
0
LINE
8
BLACK
6
CONTINUOUS
10
3.2253937007874014
20
-2.6328740157480315
11
3.2076771653543306
21
-2.6328740157480315
0
LINE
8
BLACK
6
CONTINUOUS
10
3.2076771653543306
20
-2.6328740157480315
11
3.2076771653543306
21
-2.5757874015748032
0
LINE
8
BLACK
6
CONTINUOUS
10
3.2076771653543306
20
-2.5757874015748032
11
3.2253937007874014
21
-2.5757874015748032
0
LINE
8
BLACK
6
CONTINUOUS
10
3.2253937007874014
20
-2.5757874015748032
11
3.2253937007874014
21
-2.6328740157480315
0
LINE
8
BLACK
6
CONTINUOUS
10
2.5800461023622048
20
-2.4574421259842518
11
2.5832392519685037
21
-2.4595757086614172
0
LINE
8
BLACK
6
CONTINUOUS
10
2.5832392519685037
20
-2.4595757086614172
11
2.585372834645669
21
-2.4627688582677165
0
LINE
8
BLACK
6
CONTINUOUS
10
2.585372834645669
20
-2.4627688582677165
11
2.5861220472440944
21
-2.4665354330708662
0
LINE
8
BLACK
6
CONTINUOUS
10
2.5861220472440944
20
-2.4665354330708662
11
2.5861220472440944
21
-2.5019685039370079
0
LINE
8
BLACK
6
CONTINUOUS
10
2.5861220472440944
20
-2.5019685039370079
11
2.585372834645669
21
-2.5057350787401576
0
LINE
8
BLACK
6
CONTINUOUS
10
2.585372834645669
20
-2.5057350787401576
11
2.5832392519685037
21
-2.5089282283464565
0
LINE
8
BLACK
6
CONTINUOUS
10
2.5832392519685037
20
-2.5089282283464565
11
2.5800461023622048
21
-2.5110618110236218
0
LINE
8
BLACK
6
CONTINUOUS
10
2.5800461023622048
20
-2.5110618110236218
11
2.5762795275590551
21
-2.5118110236220472
0
LINE
8
BLACK
6
CONTINUOUS
10
2.5762795275590551
20
-2.5118110236220472
11
2.5556102362204722
21
-2.5118110236220472
0
LINE
8
BLACK
6
CONTINUOUS
10
2.5556102362204722
20
-2.5118110236220472
11
2.551843661417323
21
-2.5110618110236218
0
LINE
8
BLACK
6
CONTINUOUS
10
2.551843661417323
20
-2.5110618110236218
11
2.5486505118110236
21
-2.5089282283464565
0
LINE
8
BLACK
6
CONTINUOUS
10
2.5486505118110236
20
-2.5089282283464565
11
2.5465169291338583
21
-2.5057350787401576
0
LINE
8
BLACK
6
CONTINUOUS
10
2.5465169291338583
20
-2.5057350787401576
11
2.5457677165354329
21
-2.5019685039370079
0
LINE
8
BLACK
6
CONTINUOUS
10
2.5457677165354329
20
-2.5019685039370079
11
2.5457677165354329
21
-2.4665354330708662
0
LINE
8
BLACK
6
CONTINUOUS
10
2.5457677165354329
20
-2.4665354330708662
11
2.5465169291338583
21
-2.4627688582677165
0
LINE
8
BLACK
6
CONTINUOUS
10
2.5465169291338583
20
-2.4627688582677165
11
2.5486505118110236
21
-2.4595757086614172
0
LINE
8
BLACK
6
CONTINUOUS
10
2.5486505118110236
20
-2.4595757086614172
11
2.551843661417323
21
-2.4574421259842518
0
LINE
8
BLACK
6
CONTINUOUS
10
2.551843661417323
20
-2.4574421259842518
11
2.5556102362204722
21
-2.4566929133858268
0
LINE
8
BLACK
6
CONTINUOUS
10
2.5556102362204722
20
-2.4566929133858268
11
2.5762795275590551
21
-2.4566929133858268
0
LINE
8
BLACK
6
CONTINUOUS
10
2.5762795275590551
20
-2.4566929133858268
11
2.5800461023622048
21
-2.4574421259842518
0
LINE
8
BLACK
6
CONTINUOUS
10
2.6518964960629923
20
-2.4574421259842518
11
2.6550896456692912
21
-2.4595757086614172
0
LINE
8
BLACK
6
CONTINUOUS
10
2.6550896456692912
20
-2.4595757086614172
11
2.6572232283464565
21
-2.4627688582677165
0
LINE
8
BLACK
6
CONTINUOUS
10
2.6572232283464565
20
-2.4627688582677165
11
2.6579724409448819
21
-2.4665354330708662
0
LINE
8
BLACK
6
CONTINUOUS
10
2.6579724409448819
20
-2.4665354330708662
11
2.6579724409448819
21
-2.5019685039370079
0
LINE
8
BLACK
6
CONTINUOUS
10
2.6579724409448819
20
-2.5019685039370079
11
2.6572232283464565
21
-2.5057350787401576
0
LINE
8
BLACK
6
CONTINUOUS
10
2.6572232283464565
20
-2.5057350787401576
11
2.6550896456692912
21
-2.5089282283464565
0
LINE
8
BLACK
6
CONTINUOUS
10
2.6550896456692912
20
-2.5089282283464565
11
2.6518964960629923
21
-2.5110618110236218
0
LINE
8
BLACK
6
CONTINUOUS
10
2.6518964960629923
20
-2.5110618110236218
11
2.6481299212598426
21
-2.5118110236220472
0
LINE
8
BLACK
6
CONTINUOUS
10
2.6481299212598426
20
-2.5118110236220472
11
2.6274606299212597
21
-2.5118110236220472
0
LINE
8
BLACK
6
CONTINUOUS
10
2.6274606299212597
20
-2.5118110236220472
11
2.62369405511811
21
-2.5110618110236218
0
LINE
8
BLACK
6
CONTINUOUS
10
2.62369405511811
20
-2.5110618110236218
11
2.6205009055118111
21
-2.5089282283464565
0
LINE
8
BLACK
6
CONTINUOUS
10
2.6205009055118111
20
-2.5089282283464565
11
2.6183673228346458
21
-2.5057350787401576
0
LINE
8
BLACK
6
CONTINUOUS
10
2.6183673228346458
20
-2.5057350787401576
11
2.6176181102362204
21
-2.5019685039370079
0
LINE
8
BLACK
6
CONTINUOUS
10
2.6176181102362204
20
-2.5019685039370079
11
2.6176181102362204
21
-2.4665354330708662
0
LINE
8
BLACK
6
CONTINUOUS
10
2.6176181102362204
20
-2.4665354330708662
11
2.6183673228346458
21
-2.4627688582677165
0
LINE
8
BLACK
6
CONTINUOUS
10
2.6183673228346458
20
-2.4627688582677165
11
2.6205009055118111
21
-2.4595757086614172
0
LINE
8
BLACK
6
CONTINUOUS
10
2.6205009055118111
20
-2.4595757086614172
11
2.62369405511811
21
-2.4574421259842518
0
LINE
8
BLACK
6
CONTINUOUS
10
2.62369405511811
20
-2.4574421259842518
11
2.6274606299212597
21
-2.4566929133858268
0
LINE
8
BLACK
6
CONTINUOUS
10
2.6274606299212597
20
-2.4566929133858268
11
2.6481299212598426
21
-2.4566929133858268
0
LINE
8
BLACK
6
CONTINUOUS
10
2.6481299212598426
20
-2.4566929133858268
11
2.6518964960629923
21
-2.4574421259842518
0
LINE
8
BLACK
6
CONTINUOUS
10
3.1622311417322835
20
-2.469253149606299
11
3.1654242913385824
21
-2.4713867322834644
0
LINE
8
BLACK
6
CONTINUOUS
10
3.1654242913385824
20
-2.4713867322834644
11
3.1675578740157482
21
-2.4745798818897637
0
LINE
8
BLACK
6
CONTINUOUS
10
3.1675578740157482
20
-2.4745798818897637
11
3.1683070866141732
21
-2.4783464566929134
0
LINE
8
BLACK
6
CONTINUOUS
10
3.1683070866141732
20
-2.4783464566929134
11
3.1683070866141732
21
-2.4980314960629921
0
LINE
8
BLACK
6
CONTINUOUS
10
3.1683070866141732
20
-2.4980314960629921
11
3.1675578740157482
21
-2.5017980708661418
0
LINE
8
BLACK
6
CONTINUOUS
10
3.1675578740157482
20
-2.5017980708661418
11
3.1654242913385824
21
-2.5049912204724407
0
LINE
8
BLACK
6
CONTINUOUS
10
3.1654242913385824
20
-2.5049912204724407
11
3.1622311417322835
21
-2.5071248031496061
0
LINE
8
BLACK
6
CONTINUOUS
10
3.1622311417322835
20
-2.5071248031496061
11
3.1584645669291338
21
-2.5078740157480315
0
LINE
8
BLACK
6
CONTINUOUS
10
3.1584645669291338
20
-2.5078740157480315
11
3.1210629921259843
21
-2.5078740157480315
0
LINE
8
BLACK
6
CONTINUOUS
10
3.1210629921259843
20
-2.5078740157480315
11
3.1172964173228346
21
-2.5071248031496061
0
LINE
8
BLACK
6
CONTINUOUS
10
3.1172964173228346
20
-2.5071248031496061
11
3.1141032677165352
21
-2.5049912204724407
0
LINE
8
BLACK
6
CONTINUOUS
10
3.1141032677165352
20
-2.5049912204724407
11
3.1119696850393699
21
-2.5017980708661418
0
LINE
8
BLACK
6
CONTINUOUS
10
3.1119696850393699
20
-2.5017980708661418
11
3.1112204724409449
21
-2.4980314960629921
0
LINE
8
BLACK
6
CONTINUOUS
10
3.1112204724409449
20
-2.4980314960629921
11
3.1112204724409449
21
-2.4783464566929134
0
LINE
8
BLACK
6
CONTINUOUS
10
3.1112204724409449
20
-2.4783464566929134
11
3.1119696850393699
21
-2.4745798818897637
0
LINE
8
BLACK
6
CONTINUOUS
10
3.1119696850393699
20
-2.4745798818897637
11
3.1141032677165352
21
-2.4713867322834644
0
LINE
8
BLACK
6
CONTINUOUS
10
3.1141032677165352
20
-2.4713867322834644
11
3.1172964173228346
21
-2.469253149606299
0
LINE
8
BLACK
6
CONTINUOUS
10
3.1172964173228346
20
-2.469253149606299
11
3.1210629921259843
21
-2.4685039370078741
0
LINE
8
BLACK
6
CONTINUOUS
10
3.1210629921259843
20
-2.4685039370078741
11
3.1584645669291338
21
-2.4685039370078741
0
LINE
8
BLACK
6
CONTINUOUS
10
3.1584645669291338
20
-2.4685039370078741
11
3.1622311417322835
21
-2.469253149606299
0
LINE
8
BLACK
6
CONTINUOUS
10
3.0037665748031497
20
-2.467776771653543
11
3.0069597244094486
21
-2.4699103543307088
0
LINE
8
BLACK
6
CONTINUOUS
10
3.0069597244094486
20
-2.4699103543307088
11
3.0090933070866139
21
-2.4731035039370077
0
LINE
8
BLACK
6
CONTINUOUS
10
3.0090933070866139
20
-2.4731035039370077
11
3.0098425196850394
21
-2.4768700787401574
0
LINE
8
BLACK
6
CONTINUOUS
10
3.0098425196850394
20
-2.4768700787401574
11
3.0098425196850394
21
-2.4975393700787403
0
LINE
8
BLACK
6
CONTINUOUS
10
3.0098425196850394
20
-2.4975393700787403
11
3.0090933070866139
21
-2.5013059448818895
0
LINE
8
BLACK
6
CONTINUOUS
10
3.0090933070866139
20
-2.5013059448818895
11
3.0069597244094486
21
-2.5044990944881889
0
LINE
8
BLACK
6
CONTINUOUS
10
3.0069597244094486
20
-2.5044990944881889
11
3.0037665748031497
21
-2.5066326771653542
0
LINE
8
BLACK
6
CONTINUOUS
10
3.0037665748031497
20
-2.5066326771653542
11
3.
21
-2.5073818897637796
0
LINE
8
BLACK
6
CONTINUOUS
10
3.
20
-2.5073818897637796
11
2.9645669291338583
21
-2.5073818897637796
0
LINE
8
BLACK
6
CONTINUOUS
10
2.9645669291338583
20
-2.5073818897637796
11
2.9608003543307087
21
-2.5066326771653542
0
LINE
8
BLACK
6
CONTINUOUS
10
2.9608003543307087
20
-2.5066326771653542
11
2.9576072047244093
21
-2.5044990944881889
0
LINE
8
BLACK
6
CONTINUOUS
10
2.9576072047244093
20
-2.5044990944881889
11
2.955473622047244
21
-2.5013059448818895
0
LINE
8
BLACK
6
CONTINUOUS
10
2.955473622047244
20
-2.5013059448818895
11
2.954724409448819
21
-2.4975393700787403
0
LINE
8
BLACK
6
CONTINUOUS
10
2.954724409448819
20
-2.4975393700787403
11
2.954724409448819
21
-2.4768700787401574
0
LINE
8
BLACK
6
CONTINUOUS
10
2.954724409448819
20
-2.4768700787401574
11
2.955473622047244
21
-2.4731035039370077
0
LINE
8
BLACK
6
CONTINUOUS
10
2.955473622047244
20
-2.4731035039370077
11
2.9576072047244093
21
-2.4699103543307088
0
LINE
8
BLACK
6
CONTINUOUS
10
2.9576072047244093
20
-2.4699103543307088
11
2.9608003543307087
21
-2.467776771653543
0
LINE
8
BLACK
6
CONTINUOUS
10
2.9608003543307087
20
-2.467776771653543
11
2.9645669291338583
21
-2.4670275590551181
0
LINE
8
BLACK
6
CONTINUOUS
10
2.9645669291338583
20
-2.4670275590551181
11
3.
21
-2.4670275590551181
0
LINE
8
BLACK
6
CONTINUOUS
10
3.
20
-2.4670275590551181
11
3.0037665748031497
21
-2.467776771653543
0
LINE
8
BLACK
6
CONTINUOUS
10
3.0785697244094488
20
-2.467776771653543
11
3.0817628740157481
21
-2.4699103543307088
0
LINE
8
BLACK
6
CONTINUOUS
10
3.0817628740157481
20
-2.4699103543307088
11
3.0838964566929135
21
-2.4731035039370077
0
LINE
8
BLACK
6
CONTINUOUS
10
3.0838964566929135
20
-2.4731035039370077
11
3.0846456692913384
21
-2.4768700787401574
0
LINE
8
BLACK
6
CONTINUOUS
10
3.0846456692913384
20
-2.4768700787401574
11
3.0846456692913384
21
-2.4975393700787403
0
LINE
8
BLACK
6
CONTINUOUS
10
3.0846456692913384
20
-2.4975393700787403
11
3.0838964566929135
21
-2.5013059448818895
0
LINE
8
BLACK
6
CONTINUOUS
10
3.0838964566929135
20
-2.5013059448818895
11
3.0817628740157481
21
-2.5044990944881889
0
LINE
8
BLACK
6
CONTINUOUS
10
3.0817628740157481
20
-2.5044990944881889
11
3.0785697244094488
21
-2.5066326771653542
0
LINE
8
BLACK
6
CONTINUOUS
10
3.0785697244094488
20
-2.5066326771653542
11
3.0748031496062991
21
-2.5073818897637796
0
LINE
8
BLACK
6
CONTINUOUS
10
3.0748031496062991
20
-2.5073818897637796
11
3.0393700787401574
21
-2.5073818897637796
0
LINE
8
BLACK
6
CONTINUOUS
10
3.0393700787401574
20
-2.5073818897637796
11
3.0356035039370077
21
-2.5066326771653542
0
LINE
8
BLACK
6
CONTINUOUS
10
3.0356035039370077
20
-2.5066326771653542
11
3.0324103543307084
21
-2.5044990944881889
0
LINE
8
BLACK
6
CONTINUOUS
10
3.0324103543307084
20
-2.5044990944881889
11
3.030276771653543
21
-2.5013059448818895
0
LINE
8
BLACK
6
CONTINUOUS
10
3.030276771653543
20
-2.5013059448818895
11
3.0295275590551181
21
-2.4975393700787403
0
LINE
8
BLACK
6
CONTINUOUS
10
3.0295275590551181
20
-2.4975393700787403
11
3.0295275590551181
21
-2.4768700787401574
0
LINE
8
BLACK
6
CONTINUOUS
10
3.0295275590551181
20
-2.4768700787401574
11
3.030276771653543
21
-2.4731035039370077
0
LINE
8
BLACK
6
CONTINUOUS
10
3.030276771653543
20
-2.4731035039370077
11
3.0324103543307084
21
-2.4699103543307088
0
LINE
8
BLACK
6
CONTINUOUS
10
3.0324103543307084
20
-2.4699103543307088
11
3.0356035039370077
21
-2.467776771653543
0
LINE
8
BLACK
6
CONTINUOUS
10
3.0356035039370077
20
-2.467776771653543
11
3.0393700787401574
21
-2.4670275590551181
0
LINE
8
BLACK
6
CONTINUOUS
10
3.0393700787401574
20
-2.4670275590551181
11
3.0748031496062991
21
-2.4670275590551181
0
LINE
8
BLACK
6
CONTINUOUS
10
3.0748031496062991
20
-2.4670275590551181
11
3.0785697244094488
21
-2.467776771653543
0
LINE
8
BLACK
6
CONTINUOUS
10
2.756689094488189
20
-2.4709219685039367
11
2.758604960629921
21
-2.4722021259842517
0
LINE
8
BLACK
6
CONTINUOUS
10
2.758604960629921
20
-2.4722021259842517
11
2.759885118110236
21
-2.4741179921259842
0
LINE
8
BLACK
6
CONTINUOUS
10
2.759885118110236
20
-2.4741179921259842
11
2.7603346456692912
21
-2.4763779527559056
0
LINE
8
BLACK
6
CONTINUOUS
10
2.7603346456692912
20
-2.4763779527559056
11
2.7603346456692912
21
-2.4881889763779528
0
LINE
8
BLACK
6
CONTINUOUS
10
2.7603346456692912
20
-2.4881889763779528
11
2.759885118110236
21
-2.4904489370078742
0
LINE
8
BLACK
6
CONTINUOUS
10
2.759885118110236
20
-2.4904489370078742
11
2.758604960629921
21
-2.4923648031496062
0
LINE
8
BLACK
6
CONTINUOUS
10
2.758604960629921
20
-2.4923648031496062
11
2.756689094488189
21
-2.4936449606299211
0
LINE
8
BLACK
6
CONTINUOUS
10
2.756689094488189
20
-2.4936449606299211
11
2.7544291338582676
21
-2.4940944881889764
0
LINE
8
BLACK
6
CONTINUOUS
10
2.7544291338582676
20
-2.4940944881889764
11
2.7081692913385824
21
-2.4940944881889764
0
LINE
8
BLACK
6
CONTINUOUS
10
2.7081692913385824
20
-2.4940944881889764
11
2.7059093307086615
21
-2.4936449606299211
0
LINE
8
BLACK
6
CONTINUOUS
10
2.7059093307086615
20
-2.4936449606299211
11
2.703993464566929
21
-2.4923648031496062
0
LINE
8
BLACK
6
CONTINUOUS
10
2.703993464566929
20
-2.4923648031496062
11
2.7027133070866141
21
-2.4904489370078742
0
LINE
8
BLACK
6
CONTINUOUS
10
2.7027133070866141
20
-2.4904489370078742
11
2.7022637795275588
21
-2.4881889763779528
0
LINE
8
BLACK
6
CONTINUOUS
10
2.7022637795275588
20
-2.4881889763779528
11
2.7022637795275588
21
-2.4763779527559056
0
LINE
8
BLACK
6
CONTINUOUS
10
2.7022637795275588
20
-2.4763779527559056
11
2.7027133070866141
21
-2.4741179921259842
0
LINE
8
BLACK
6
CONTINUOUS
10
2.7027133070866141
20
-2.4741179921259842
11
2.703993464566929
21
-2.4722021259842517
0
LINE
8
BLACK
6
CONTINUOUS
10
2.703993464566929
20
-2.4722021259842517
11
2.7059093307086615
21
-2.4709219685039367
0
LINE
8
BLACK
6
CONTINUOUS
10
2.7059093307086615
20
-2.4709219685039367
11
2.7081692913385824
21
-2.4704724409448819
0
LINE
8
BLACK
6
CONTINUOUS
10
2.7081692913385824
20
-2.4704724409448819
11
2.7544291338582676
21
-2.4704724409448819
0
LINE
8
BLACK
6
CONTINUOUS
10
2.7544291338582676
20
-2.4704724409448819
11
2.756689094488189
21
-2.4709219685039367
0
LINE
8
BLACK
6
CONTINUOUS
10
2.8305079921259844
20
-2.4335203937007872
11
2.8324238582677164
21
-2.4348005511811022
0
LINE
8
BLACK
6
CONTINUOUS
10
2.8324238582677164
20
-2.4348005511811022
11
2.8337040157480313
21
-2.4367164173228346
0
LINE
8
BLACK
6
CONTINUOUS
10
2.8337040157480313
20
-2.4367164173228346
11
2.8341535433070866
21
-2.438976377952756
0
LINE
8
BLACK
6
CONTINUOUS
10
2.8341535433070866
20
-2.438976377952756
11
2.8341535433070866
21
-2.4507874015748032
0
LINE
8
BLACK
6
CONTINUOUS
10
2.8341535433070866
20
-2.4507874015748032
11
2.8337040157480313
21
-2.4530473622047242
0
LINE
8
BLACK
6
CONTINUOUS
10
2.8337040157480313
20
-2.4530473622047242
11
2.8324238582677164
21
-2.4549632283464566
0
LINE
8
BLACK
6
CONTINUOUS
10
2.8324238582677164
20
-2.4549632283464566
11
2.8305079921259844
21
-2.4562433858267716
0
LINE
8
BLACK
6
CONTINUOUS
10
2.8305079921259844
20
-2.4562433858267716
11
2.828248031496063
21
-2.4566929133858268
0
LINE
8
BLACK
6
CONTINUOUS
10
2.828248031496063
20
-2.4566929133858268
11
2.7819881889763778
21
-2.4566929133858268
0
LINE
8
BLACK
6
CONTINUOUS
10
2.7819881889763778
20
-2.4566929133858268
11
2.7797282283464568
21
-2.4562433858267716
0
LINE
8
BLACK
6
CONTINUOUS
10
2.7797282283464568
20
-2.4562433858267716
11
2.7778123622047244
21
-2.4549632283464566
0
LINE
8
BLACK
6
CONTINUOUS
10
2.7778123622047244
20
-2.4549632283464566
11
2.7765322047244094
21
-2.4530473622047242
0
LINE
8
BLACK
6
CONTINUOUS
10
2.7765322047244094
20
-2.4530473622047242
11
2.7760826771653542
21
-2.4507874015748032
0
LINE
8
BLACK
6
CONTINUOUS
10
2.7760826771653542
20
-2.4507874015748032
11
2.7760826771653542
21
-2.438976377952756
0
LINE
8
BLACK
6
CONTINUOUS
10
2.7760826771653542
20
-2.438976377952756
11
2.7765322047244094
21
-2.4367164173228346
0
LINE
8
BLACK
6
CONTINUOUS
10
2.7765322047244094
20
-2.4367164173228346
11
2.7778123622047244
21
-2.4348005511811022
0
LINE
8
BLACK
6
CONTINUOUS
10
2.7778123622047244
20
-2.4348005511811022
11
2.7797282283464568
21
-2.4335203937007872
0
LINE
8
BLACK
6
CONTINUOUS
10
2.7797282283464568
20
-2.4335203937007872
11
2.7819881889763778
21
-2.4330708661417324
0
LINE
8
BLACK
6
CONTINUOUS
10
2.7819881889763778
20
-2.4330708661417324
11
2.828248031496063
21
-2.4330708661417324
0
LINE
8
BLACK
6
CONTINUOUS
10
2.828248031496063
20
-2.4330708661417324
11
2.8305079921259844
21
-2.4335203937007872
0
LINE
8
BLACK
6
CONTINUOUS
10
3.0037665748031497
20
-2.395926377952756
11
3.0069597244094486
21
-2.3980599606299213
0
LINE
8
BLACK
6
CONTINUOUS
10
3.0069597244094486
20
-2.3980599606299213
11
3.0090933070866139
21
-2.4012531102362202
0
LINE
8
BLACK
6
CONTINUOUS
10
3.0090933070866139
20
-2.4012531102362202
11
3.0098425196850394
21
-2.4050196850393699
0
LINE
8
BLACK
6
CONTINUOUS
10
3.0098425196850394
20
-2.4050196850393699
11
3.0098425196850394
21
-2.4256889763779528
0
LINE
8
BLACK
6
CONTINUOUS
10
3.0098425196850394
20
-2.4256889763779528
11
3.0090933070866139
21
-2.4294555511811025
0
LINE
8
BLACK
6
CONTINUOUS
10
3.0090933070866139
20
-2.4294555511811025
11
3.0069597244094486
21
-2.4326487007874014
0
LINE
8
BLACK
6
CONTINUOUS
10
3.0069597244094486
20
-2.4326487007874014
11
3.0037665748031497
21
-2.4347822834645667
0
LINE
8
BLACK
6
CONTINUOUS
10
3.0037665748031497
20
-2.4347822834645667
11
3.
21
-2.4355314960629921
0
LINE
8
BLACK
6
CONTINUOUS
10
3.
20
-2.4355314960629921
11
2.9645669291338583
21
-2.4355314960629921
0
LINE
8
BLACK
6
CONTINUOUS
10
2.9645669291338583
20
-2.4355314960629921
11
2.9608003543307087
21
-2.4347822834645667
0
LINE
8
BLACK
6
CONTINUOUS
10
2.9608003543307087
20
-2.4347822834645667
11
2.9576072047244093
21
-2.4326487007874014
0
LINE
8
BLACK
6
CONTINUOUS
10
2.9576072047244093
20
-2.4326487007874014
11
2.955473622047244
21
-2.4294555511811025
0
LINE
8
BLACK
6
CONTINUOUS
10
2.955473622047244
20
-2.4294555511811025
11
2.954724409448819
21
-2.4256889763779528
0
LINE
8
BLACK
6
CONTINUOUS
10
2.954724409448819
20
-2.4256889763779528
11
2.954724409448819
21
-2.4050196850393699
0
LINE
8
BLACK
6
CONTINUOUS
10
2.954724409448819
20
-2.4050196850393699
11
2.955473622047244
21
-2.4012531102362202
0
LINE
8
BLACK
6
CONTINUOUS
10
2.955473622047244
20
-2.4012531102362202
11
2.9576072047244093
21
-2.3980599606299213
0
LINE
8
BLACK
6
CONTINUOUS
10
2.9576072047244093
20
-2.3980599606299213
11
2.9608003543307087
21
-2.395926377952756
0
LINE
8
BLACK
6
CONTINUOUS
10
2.9608003543307087
20
-2.395926377952756
11
2.9645669291338583
21
-2.3951771653543306
0
LINE
8
BLACK
6
CONTINUOUS
10
2.9645669291338583
20
-2.3951771653543306
11
3.
21
-2.3951771653543306
0
LINE
8
BLACK
6
CONTINUOUS
10
3.
20
-2.3951771653543306
11
3.0037665748031497
21
-2.395926377952756
0
LINE
8
BLACK
6
CONTINUOUS
10
3.0785697244094488
20
-2.395926377952756
11
3.0817628740157481
21
-2.3980599606299213
0
LINE
8
BLACK
6
CONTINUOUS
10
3.0817628740157481
20
-2.3980599606299213
11
3.0838964566929135
21
-2.4012531102362202
0
LINE
8
BLACK
6
CONTINUOUS
10
3.0838964566929135
20
-2.4012531102362202
11
3.0846456692913384
21
-2.4050196850393699
0
LINE
8
BLACK
6
CONTINUOUS
10
3.0846456692913384
20
-2.4050196850393699
11
3.0846456692913384
21
-2.4256889763779528
0
LINE
8
BLACK
6
CONTINUOUS
10
3.0846456692913384
20
-2.4256889763779528
11
3.0838964566929135
21
-2.4294555511811025
0
LINE
8
BLACK
6
CONTINUOUS
10
3.0838964566929135
20
-2.4294555511811025
11
3.0817628740157481
21
-2.4326487007874014
0
LINE
8
BLACK
6
CONTINUOUS
10
3.0817628740157481
20
-2.4326487007874014
11
3.0785697244094488
21
-2.4347822834645667
0
LINE
8
BLACK
6
CONTINUOUS
10
3.0785697244094488
20
-2.4347822834645667
11
3.0748031496062991
21
-2.4355314960629921
0
LINE
8
BLACK
6
CONTINUOUS
10
3.0748031496062991
20
-2.4355314960629921
11
3.0393700787401574
21
-2.4355314960629921
0
LINE
8
BLACK
6
CONTINUOUS
10
3.0393700787401574
20
-2.4355314960629921
11
3.0356035039370077
21
-2.4347822834645667
0
LINE
8
BLACK
6
CONTINUOUS
10
3.0356035039370077
20
-2.4347822834645667
11
3.0324103543307084
21
-2.4326487007874014
0
LINE
8
BLACK
6
CONTINUOUS
10
3.0324103543307084
20
-2.4326487007874014
11
3.030276771653543
21
-2.4294555511811025
0
LINE
8
BLACK
6
CONTINUOUS
10
3.030276771653543
20
-2.4294555511811025
11
3.0295275590551181
21
-2.4256889763779528
0
LINE
8
BLACK
6
CONTINUOUS
10
3.0295275590551181
20
-2.4256889763779528
11
3.0295275590551181
21
-2.4050196850393699
0
LINE
8
BLACK
6
CONTINUOUS
10
3.0295275590551181
20
-2.4050196850393699
11
3.030276771653543
21
-2.4012531102362202
0
LINE
8
BLACK
6
CONTINUOUS
10
3.030276771653543
20
-2.4012531102362202
11
3.0324103543307084
21
-2.3980599606299213
0
LINE
8
BLACK
6
CONTINUOUS
10
3.0324103543307084
20
-2.3980599606299213
11
3.0356035039370077
21
-2.395926377952756
0
LINE
8
BLACK
6
CONTINUOUS
10
3.0356035039370077
20
-2.395926377952756
11
3.0393700787401574
21
-2.3951771653543306
0
LINE
8
BLACK
6
CONTINUOUS
10
3.0393700787401574
20
-2.3951771653543306
11
3.0748031496062991
21
-2.3951771653543306
0
LINE
8
BLACK
6
CONTINUOUS
10
3.0748031496062991
20
-2.3951771653543306
11
3.0785697244094488
21
-2.395926377952756
0
LINE
8
BLACK
6
CONTINUOUS
10
3.1622311417322835
20
-2.39445
11
3.1654242913385824
21
-2.3965835826771653
0
LINE
8
BLACK
6
CONTINUOUS
10
3.1654242913385824
20
-2.3965835826771653
11
3.1675578740157482
21
-2.3997767322834647
0
LINE
8
BLACK
6
CONTINUOUS
10
3.1675578740157482
20
-2.3997767322834647
11
3.1683070866141732
21
-2.4035433070866139
0
LINE
8
BLACK
6
CONTINUOUS
10
3.1683070866141732
20
-2.4035433070866139
11
3.1683070866141732
21
-2.423228346456693
0
LINE
8
BLACK
6
CONTINUOUS
10
3.1683070866141732
20
-2.423228346456693
11
3.1675578740157482
21
-2.4269949212598423
0
LINE
8
BLACK
6
CONTINUOUS
10
3.1675578740157482
20
-2.4269949212598423
11
3.1654242913385824
21
-2.4301880708661416
0
LINE
8
BLACK
6
CONTINUOUS
10
3.1654242913385824
20
-2.4301880708661416
11
3.1622311417322835
21
-2.432321653543307
0
LINE
8
BLACK
6
CONTINUOUS
10
3.1622311417322835
20
-2.432321653543307
11
3.1584645669291338
21
-2.4330708661417324
0
LINE
8
BLACK
6
CONTINUOUS
10
3.1584645669291338
20
-2.4330708661417324
11
3.1210629921259843
21
-2.4330708661417324
0
LINE
8
BLACK
6
CONTINUOUS
10
3.1210629921259843
20
-2.4330708661417324
11
3.1172964173228346
21
-2.432321653543307
0
LINE
8
BLACK
6
CONTINUOUS
10
3.1172964173228346
20
-2.432321653543307
11
3.1141032677165352
21
-2.4301880708661416
0
LINE
8
BLACK
6
CONTINUOUS
10
3.1141032677165352
20
-2.4301880708661416
11
3.1119696850393699
21
-2.4269949212598423
0
LINE
8
BLACK
6
CONTINUOUS
10
3.1119696850393699
20
-2.4269949212598423
11
3.1112204724409449
21
-2.423228346456693
0
LINE
8
BLACK
6
CONTINUOUS
10
3.1112204724409449
20
-2.423228346456693
11
3.1112204724409449
21
-2.4035433070866139
0
LINE
8
BLACK
6
CONTINUOUS
10
3.1112204724409449
20
-2.4035433070866139
11
3.1119696850393699
21
-2.3997767322834647
0
LINE
8
BLACK
6
CONTINUOUS
10
3.1119696850393699
20
-2.3997767322834647
11
3.1141032677165352
21
-2.3965835826771653
0
LINE
8
BLACK
6
CONTINUOUS
10
3.1141032677165352
20
-2.3965835826771653
11
3.1172964173228346
21
-2.39445
0
LINE
8
BLACK
6
CONTINUOUS
10
3.1172964173228346
20
-2.39445
11
3.1210629921259843
21
-2.3937007874015745
0
LINE
8
BLACK
6
CONTINUOUS
10
3.1210629921259843
20
-2.3937007874015745
11
3.1584645669291338
21
-2.3937007874015745
0
LINE
8
BLACK
6
CONTINUOUS
10
3.1584645669291338
20
-2.3937007874015745
11
3.1622311417322835
21
-2.39445
0
LINE
8
BLACK
6
CONTINUOUS
10
2.756689094488189
20
-2.3961188188976377
11
2.758604960629921
21
-2.3973989763779526
0
LINE
8
BLACK
6
CONTINUOUS
10
2.758604960629921
20
-2.3973989763779526
11
2.759885118110236
21
-2.3993148425196851
0
LINE
8
BLACK
6
CONTINUOUS
10
2.759885118110236
20
-2.3993148425196851
11
2.7603346456692912
21
-2.401574803149606
0
LINE
8
BLACK
6
CONTINUOUS
10
2.7603346456692912
20
-2.401574803149606
11
2.7603346456692912
21
-2.4133858267716537
0
LINE
8
BLACK
6
CONTINUOUS
10
2.7603346456692912
20
-2.4133858267716537
11
2.759885118110236
21
-2.4156457874015747
0
LINE
8
BLACK
6
CONTINUOUS
10
2.759885118110236
20
-2.4156457874015747
11
2.758604960629921
21
-2.4175616535433071
0
LINE
8
BLACK
6
CONTINUOUS
10
2.758604960629921
20
-2.4175616535433071
11
2.756689094488189
21
-2.4188418110236221
0
LINE
8
BLACK
6
CONTINUOUS
10
2.756689094488189
20
-2.4188418110236221
11
2.7544291338582676
21
-2.4192913385826773
0
LINE
8
BLACK
6
CONTINUOUS
10
2.7544291338582676
20
-2.4192913385826773
11
2.7081692913385824
21
-2.4192913385826773
0
LINE
8
BLACK
6
CONTINUOUS
10
2.7081692913385824
20
-2.4192913385826773
11
2.7059093307086615
21
-2.4188418110236221
0
LINE
8
BLACK
6
CONTINUOUS
10
2.7059093307086615
20
-2.4188418110236221
11
2.703993464566929
21
-2.4175616535433071
0
LINE
8
BLACK
6
CONTINUOUS
10
2.703993464566929
20
-2.4175616535433071
11
2.7027133070866141
21
-2.4156457874015747
0
LINE
8
BLACK
6
CONTINUOUS
10
2.7027133070866141
20
-2.4156457874015747
11
2.7022637795275588
21
-2.4133858267716537
0
LINE
8
BLACK
6
CONTINUOUS
10
2.7022637795275588
20
-2.4133858267716537
11
2.7022637795275588
21
-2.401574803149606
0
LINE
8
BLACK
6
CONTINUOUS
10
2.7022637795275588
20
-2.401574803149606
11
2.7027133070866141
21
-2.3993148425196851
0
LINE
8
BLACK
6
CONTINUOUS
10
2.7027133070866141
20
-2.3993148425196851
11
2.703993464566929
21
-2.3973989763779526
0
LINE
8
BLACK
6
CONTINUOUS
10
2.703993464566929
20
-2.3973989763779526
11
2.7059093307086615
21
-2.3961188188976377
0
LINE
8
BLACK
6
CONTINUOUS
10
2.7059093307086615
20
-2.3961188188976377
11
2.7081692913385824
21
-2.3956692913385824
0
LINE
8
BLACK
6
CONTINUOUS
10
2.7081692913385824
20
-2.3956692913385824
11
2.7544291338582676
21
-2.3956692913385824
0
LINE
8
BLACK
6
CONTINUOUS
10
2.7544291338582676
20
-2.3956692913385824
11
2.756689094488189
21
-2.3961188188976377
0
LINE
8
BLACK
6
CONTINUOUS
10
5.9838818897637793
20
-2.369803149606299
11
5.8169527559055121
21
-2.369803149606299
0
LINE
8
BLACK
6
CONTINUOUS
10
5.8169527559055121
20
-2.369803149606299
11
5.8169527559055121
21
-2.2198031496062991
0
LINE
8
BLACK
6
CONTINUOUS
10
5.8169527559055121
20
-2.2198031496062991
11
5.9838818897637793
21
-2.2198031496062991
0
LINE
8
BLACK
6
CONTINUOUS
10
5.9838818897637793
20
-2.2198031496062991
11
5.9838818897637793
21
-2.369803149606299
0
LINE
8
BLACK
6
CONTINUOUS
10
6.2346692913385828
20
-2.369803149606299
11
6.0677401574803147
21
-2.369803149606299
0
LINE
8
BLACK
6
CONTINUOUS
10
6.0677401574803147
20
-2.369803149606299
11
6.0677401574803147
21
-2.2198031496062991
0
LINE
8
BLACK
6
CONTINUOUS
10
6.0677401574803147
20
-2.2198031496062991
11
6.2346692913385828
21
-2.2198031496062991
0
LINE
8
BLACK
6
CONTINUOUS
10
6.2346692913385828
20
-2.2198031496062991
11
6.2346692913385828
21
-2.369803149606299
0
LINE
8
BLACK
6
CONTINUOUS
10
9.3554144094488194
20
-2.3207673622047245
11
9.3606263385826765
21
-2.3221638976377954
0
LINE
8
BLACK
6
CONTINUOUS
10
9.3606263385826765
20
-2.3221638976377954
11
9.3652992125984245
21
-2.3248617716535431
0
LINE
8
BLACK
6
CONTINUOUS
10
9.3652992125984245
20
-2.3248617716535431
11
9.3691146062992132
21
-2.3286771653543306
0
LINE
8
BLACK
6
CONTINUOUS
10
9.3691146062992132
20
-2.3286771653543306
11
9.3718124803149596
21
-2.3333500393700786
0
LINE
8
BLACK
6
CONTINUOUS
10
9.3718124803149596
20
-2.3333500393700786
11
9.3732090157480314
21
-2.3385619685039369
0
LINE
8
BLACK
6
CONTINUOUS
10
9.3732090157480314
20
-2.3385619685039369
11
9.3732090157480314
21
-2.3439577165354328
0
LINE
8
BLACK
6
CONTINUOUS
10
9.3732090157480314
20
-2.3439577165354328
11
9.3718124803149596
21
-2.3491696456692912
0
LINE
8
BLACK
6
CONTINUOUS
10
9.3718124803149596
20
-2.3491696456692912
11
9.3691146062992132
21
-2.3538425196850392
0
LINE
8
BLACK
6
CONTINUOUS
10
9.3691146062992132
20
-2.3538425196850392
11
9.3652992125984245
21
-2.3576579133858266
0
LINE
8
BLACK
6
CONTINUOUS
10
9.3652992125984245
20
-2.3576579133858266
11
9.3606263385826765
21
-2.3603557874015748
0
LINE
8
BLACK
6
CONTINUOUS
10
9.3606263385826765
20
-2.3603557874015748
11
9.3554144094488194
21
-2.3617523228346458
0
LINE
8
BLACK
6
CONTINUOUS
10
9.3554144094488194
20
-2.3617523228346458
11
9.3527165354330712
21
-2.3619291338582675
0
LINE
8
BLACK
6
CONTINUOUS
10
9.3527165354330712
20
-2.3619291338582675
11
9.3113779527559046
21
-2.3619291338582675
0
LINE
8
BLACK
6
CONTINUOUS
10
9.3113779527559046
20
-2.3619291338582675
11
9.3086800787401565
21
-2.3617523228346458
0
LINE
8
BLACK
6
CONTINUOUS
10
9.3086800787401565
20
-2.3617523228346458
11
9.3034681496062994
21
-2.3603557874015748
0
LINE
8
BLACK
6
CONTINUOUS
10
9.3034681496062994
20
-2.3603557874015748
11
9.2987952755905514
21
-2.3576579133858266
0
LINE
8
BLACK
6
CONTINUOUS
10
9.2987952755905514
20
-2.3576579133858266
11
9.2949798818897644
21
-2.3538425196850392
0
LINE
8
BLACK
6
CONTINUOUS
10
9.2949798818897644
20
-2.3538425196850392
11
9.2922820078740163
21
-2.3491696456692912
0
LINE
8
BLACK
6
CONTINUOUS
10
9.2922820078740163
20
-2.3491696456692912
11
9.2908854724409444
21
-2.3439577165354328
0
LINE
8
BLACK
6
CONTINUOUS
10
9.2908854724409444
20
-2.3439577165354328
11
9.2908854724409444
21
-2.3385619685039369
0
LINE
8
BLACK
6
CONTINUOUS
10
9.2908854724409444
20
-2.3385619685039369
11
9.2922820078740163
21
-2.3333500393700786
0
LINE
8
BLACK
6
CONTINUOUS
10
9.2922820078740163
20
-2.3333500393700786
11
9.2949798818897644
21
-2.3286771653543306
0
LINE
8
BLACK
6
CONTINUOUS
10
9.2949798818897644
20
-2.3286771653543306
11
9.2987952755905514
21
-2.3248617716535431
0
LINE
8
BLACK
6
CONTINUOUS
10
9.2987952755905514
20
-2.3248617716535431
11
9.3034681496062994
21
-2.3221638976377954
0
LINE
8
BLACK
6
CONTINUOUS
10
9.3034681496062994
20
-2.3221638976377954
11
9.3086800787401565
21
-2.3207673622047245
0
LINE
8
BLACK
6
CONTINUOUS
10
9.3086800787401565
20
-2.3207673622047245
11
9.3113779527559046
21
-2.3205905511811022
0
LINE
8
BLACK
6
CONTINUOUS
10
9.3113779527559046
20
-2.3205905511811022
11
9.3527165354330712
21
-2.3205905511811022
0
LINE
8
BLACK
6
CONTINUOUS
10
9.3527165354330712
20
-2.3205905511811022
11
9.3554144094488194
21
-2.3207673622047245
0
LINE
8
BLACK
6
CONTINUOUS
10
9.1897347637795281
20
-2.3217432283464565
11
9.1946985039370084
21
-2.3230732283464568
0
LINE
8
BLACK
6
CONTINUOUS
10
9.1946985039370084
20
-2.3230732283464568
11
9.1991488582677157
21
-2.3256426377952755
0
LINE
8
BLACK
6
CONTINUOUS
10
9.1991488582677157
20
-2.3256426377952755
11
9.2027825590551178
21
-2.3292763385826771
0
LINE
8
BLACK
6
CONTINUOUS
10
9.2027825590551178
20
-2.3292763385826771
11
9.2053519685039369
21
-2.3337266929133857
0
LINE
8
BLACK
6
CONTINUOUS
10
9.2053519685039369
20
-2.3337266929133857
11
9.2066819685039363
21
-2.338690433070866
0
LINE
8
BLACK
6
CONTINUOUS
10
9.2066819685039363
20
-2.338690433070866
11
9.2066819685039363
21
-2.3438292519685038
0
LINE
8
BLACK
6
CONTINUOUS
10
9.2066819685039363
20
-2.3438292519685038
11
9.2053519685039369
21
-2.348792992125984
0
LINE
8
BLACK
6
CONTINUOUS
10
9.2053519685039369
20
-2.348792992125984
11
9.2027825590551178
21
-2.3532433464566926
0
LINE
8
BLACK
6
CONTINUOUS
10
9.2027825590551178
20
-2.3532433464566926
11
9.1991488582677157
21
-2.3568770472440943
0
LINE
8
BLACK
6
CONTINUOUS
10
9.1991488582677157
20
-2.3568770472440943
11
9.1946985039370084
21
-2.3594464566929134
0
LINE
8
BLACK
6
CONTINUOUS
10
9.1946985039370084
20
-2.3594464566929134
11
9.1897347637795281
21
-2.3607764566929132
0
LINE
8
BLACK
6
CONTINUOUS
10
9.1897347637795281
20
-2.3607764566929132
11
9.187165354330709
21
-2.3609448818897638
0
LINE
8
BLACK
6
CONTINUOUS
10
9.187165354330709
20
-2.3609448818897638
11
9.1477952755905516
21
-2.3609448818897638
0
LINE
8
BLACK
6
CONTINUOUS
10
9.1477952755905516
20
-2.3609448818897638
11
9.1452258661417325
21
-2.3607764566929132
0
LINE
8
BLACK
6
CONTINUOUS
10
9.1452258661417325
20
-2.3607764566929132
11
9.1402621259842523
21
-2.3594464566929134
0
LINE
8
BLACK
6
CONTINUOUS
10
9.1402621259842523
20
-2.3594464566929134
11
9.1358117716535432
21
-2.3568770472440943
0
LINE
8
BLACK
6
CONTINUOUS
10
9.1358117716535432
20
-2.3568770472440943
11
9.1321780708661411
21
-2.3532433464566926
0
LINE
8
BLACK
6
CONTINUOUS
10
9.1321780708661411
20
-2.3532433464566926
11
9.129608661417322
21
-2.348792992125984
0
LINE
8
BLACK
6
CONTINUOUS
10
9.129608661417322
20
-2.348792992125984
11
9.1282786614173226
21
-2.3438292519685038
0
LINE
8
BLACK
6
CONTINUOUS
10
9.1282786614173226
20
-2.3438292519685038
11
9.1282786614173226
21
-2.338690433070866
0
LINE
8
BLACK
6
CONTINUOUS
10
9.1282786614173226
20
-2.338690433070866
11
9.129608661417322
21
-2.3337266929133857
0
LINE
8
BLACK
6
CONTINUOUS
10
9.129608661417322
20
-2.3337266929133857
11
9.1321780708661411
21
-2.3292763385826771
0
LINE
8
BLACK
6
CONTINUOUS
10
9.1321780708661411
20
-2.3292763385826771
11
9.1358117716535432
21
-2.3256426377952755
0
LINE
8
BLACK
6
CONTINUOUS
10
9.1358117716535432
20
-2.3256426377952755
11
9.1402621259842523
21
-2.3230732283464568
0
LINE
8
BLACK
6
CONTINUOUS
10
9.1402621259842523
20
-2.3230732283464568
11
9.1452258661417325
21
-2.3217432283464565
0
LINE
8
BLACK
6
CONTINUOUS
10
9.1452258661417325
20
-2.3217432283464565
11
9.1477952755905516
21
-2.3215748031496064
0
LINE
8
BLACK
6
CONTINUOUS
10
9.1477952755905516
20
-2.3215748031496064
11
9.187165354330709
21
-2.3215748031496064
0
LINE
8
BLACK
6
CONTINUOUS
10
9.187165354330709
20
-2.3215748031496064
11
9.1897347637795281
21
-2.3217432283464565
0
LINE
8
BLACK
6
CONTINUOUS
10
9.3773228346456694
20
-2.3089763779527557
11
9.3320472440944879
21
-2.3089763779527557
0
LINE
8
BLACK
6
CONTINUOUS
10
9.3320472440944879
20
-2.3089763779527557
11
9.3320472440944879
21
-2.2853543307086612
0
LINE
8
BLACK
6
CONTINUOUS
10
9.3320472440944879
20
-2.2853543307086612
11
9.3773228346456694
21
-2.2853543307086612
0
LINE
8
BLACK
6
CONTINUOUS
10
9.3773228346456694
20
-2.2853543307086612
11
9.3773228346456694
21
-2.3089763779527557
0
LINE
8
BLACK
6
CONTINUOUS
10
9.3773228346456694
20
-2.2774803149606297
11
9.3320472440944879
21
-2.2774803149606297
0
LINE
8
BLACK
6
CONTINUOUS
10
9.3320472440944879
20
-2.2774803149606297
11
9.3320472440944879
21
-2.2538582677165353
0
LINE
8
BLACK
6
CONTINUOUS
10
9.3320472440944879
20
-2.2538582677165353
11
9.3773228346456694
21
-2.2538582677165353
0
LINE
8
BLACK
6
CONTINUOUS
10
9.3773228346456694
20
-2.2538582677165353
11
9.3773228346456694
21
-2.2774803149606297
0
LINE
8
BLACK
6
CONTINUOUS
10
8.9227232677165347
20
-2.199686220472441
11
8.9259164173228349
21
-2.2018198031496063
0
LINE
8
BLACK
6
CONTINUOUS
10
8.9259164173228349
20
-2.2018198031496063
11
8.9280499999999989
21
-2.2050129527559053
0
LINE
8
BLACK
6
CONTINUOUS
10
8.9280499999999989
20
-2.2050129527559053
11
8.9287992125984257
21
-2.2087795275590549
0
LINE
8
BLACK
6
CONTINUOUS
10
8.9287992125984257
20
-2.2087795275590549
11
8.9287992125984257
21
-2.2442125984251966
0
LINE
8
BLACK
6
CONTINUOUS
10
8.9287992125984257
20
-2.2442125984251966
11
8.9280499999999989
21
-2.2479791732283463
0
LINE
8
BLACK
6
CONTINUOUS
10
8.9280499999999989
20
-2.2479791732283463
11
8.9259164173228349
21
-2.2511723228346456
0
LINE
8
BLACK
6
CONTINUOUS
10
8.9259164173228349
20
-2.2511723228346456
11
8.9227232677165347
21
-2.253305905511811
0
LINE
8
BLACK
6
CONTINUOUS
10
8.9227232677165347
20
-2.253305905511811
11
8.918956692913385
21
-2.254055118110236
0
LINE
8
BLACK
6
CONTINUOUS
10
8.918956692913385
20
-2.254055118110236
11
8.8982874015748035
21
-2.254055118110236
0
LINE
8
BLACK
6
CONTINUOUS
10
8.8982874015748035
20
-2.254055118110236
11
8.8945208267716538
21
-2.253305905511811
0
LINE
8
BLACK
6
CONTINUOUS
10
8.8945208267716538
20
-2.253305905511811
11
8.8913276771653535
21
-2.2511723228346456
0
LINE
8
BLACK
6
CONTINUOUS
10
8.8913276771653535
20
-2.2511723228346456
11
8.8891940944881895
21
-2.2479791732283463
0
LINE
8
BLACK
6
CONTINUOUS
10
8.8891940944881895
20
-2.2479791732283463
11
8.8884448818897628
21
-2.2442125984251966
0
LINE
8
BLACK
6
CONTINUOUS
10
8.8884448818897628
20
-2.2442125984251966
11
8.8884448818897628
21
-2.2087795275590549
0
LINE
8
BLACK
6
CONTINUOUS
10
8.8884448818897628
20
-2.2087795275590549
11
8.8891940944881895
21
-2.2050129527559053
0
LINE
8
BLACK
6
CONTINUOUS
10
8.8891940944881895
20
-2.2050129527559053
11
8.8913276771653535
21
-2.2018198031496063
0
LINE
8
BLACK
6
CONTINUOUS
10
8.8913276771653535
20
-2.2018198031496063
11
8.8945208267716538
21
-2.199686220472441
0
LINE
8
BLACK
6
CONTINUOUS
10
8.8945208267716538
20
-2.199686220472441
11
8.8982874015748035
21
-2.1989370078740156
0
LINE
8
BLACK
6
CONTINUOUS
10
8.8982874015748035
20
-2.1989370078740156
11
8.918956692913385
21
-2.1989370078740156
0
LINE
8
BLACK
6
CONTINUOUS
10
8.918956692913385
20
-2.1989370078740156
11
8.9227232677165347
21
-2.199686220472441
0
LINE
8
BLACK
6
CONTINUOUS
10
8.9945736614173235
20
-2.199686220472441
11
8.997766811023622
21
-2.2018198031496063
0
LINE
8
BLACK
6
CONTINUOUS
10
8.997766811023622
20
-2.2018198031496063
11
8.9999003937007878
21
-2.2050129527559053
0
LINE
8
BLACK
6
CONTINUOUS
10
8.9999003937007878
20
-2.2050129527559053
11
9.0006496062992127
21
-2.2087795275590549
0
LINE
8
BLACK
6
CONTINUOUS
10
9.0006496062992127
20
-2.2087795275590549
11
9.0006496062992127
21
-2.2442125984251966
0
LINE
8
BLACK
6
CONTINUOUS
10
9.0006496062992127
20
-2.2442125984251966
11
8.9999003937007878
21
-2.2479791732283463
0
LINE
8
BLACK
6
CONTINUOUS
10
8.9999003937007878
20
-2.2479791732283463
11
8.997766811023622
21
-2.2511723228346456
0
LINE
8
BLACK
6
CONTINUOUS
10
8.997766811023622
20
-2.2511723228346456
11
8.9945736614173235
21
-2.253305905511811
0
LINE
8
BLACK
6
CONTINUOUS
10
8.9945736614173235
20
-2.253305905511811
11
8.9908070866141738
21
-2.254055118110236
0
LINE
8
BLACK
6
CONTINUOUS
10
8.9908070866141738
20
-2.254055118110236
11
8.9701377952755905
21
-2.254055118110236
0
LINE
8
BLACK
6
CONTINUOUS
10
8.9701377952755905
20
-2.254055118110236
11
8.9663712204724408
21
-2.253305905511811
0
LINE
8
BLACK
6
CONTINUOUS
10
8.9663712204724408
20
-2.253305905511811
11
8.9631780708661424
21
-2.2511723228346456
0
LINE
8
BLACK
6
CONTINUOUS
10
8.9631780708661424
20
-2.2511723228346456
11
8.9610444881889766
21
-2.2479791732283463
0
LINE
8
BLACK
6
CONTINUOUS
10
8.9610444881889766
20
-2.2479791732283463
11
8.9602952755905516
21
-2.2442125984251966
0
LINE
8
BLACK
6
CONTINUOUS
10
8.9602952755905516
20
-2.2442125984251966
11
8.9602952755905516
21
-2.2087795275590549
0
LINE
8
BLACK
6
CONTINUOUS
10
8.9602952755905516
20
-2.2087795275590549
11
8.9610444881889766
21
-2.2050129527559053
0
LINE
8
BLACK
6
CONTINUOUS
10
8.9610444881889766
20
-2.2050129527559053
11
8.9631780708661424
21
-2.2018198031496063
0
LINE
8
BLACK
6
CONTINUOUS
10
8.9631780708661424
20
-2.2018198031496063
11
8.9663712204724408
21
-2.199686220472441
0
LINE
8
BLACK
6
CONTINUOUS
10
8.9663712204724408
20
-2.199686220472441
11
8.9701377952755905
21
-2.1989370078740156
0
LINE
8
BLACK
6
CONTINUOUS
10
8.9701377952755905
20
-2.1989370078740156
11
8.9908070866141738
21
-2.1989370078740156
0
LINE
8
BLACK
6
CONTINUOUS
10
8.9908070866141738
20
-2.1989370078740156
11
8.9945736614173235
21
-2.199686220472441
0
LINE
8
BLACK
6
CONTINUOUS
10
9.3773228346456694
20
-2.2459842519685038
11
9.3320472440944879
21
-2.2459842519685038
0
LINE
8
BLACK
6
CONTINUOUS
10
9.3320472440944879
20
-2.2459842519685038
11
9.3320472440944879
21
-2.2341732283464566
0
LINE
8
BLACK
6
CONTINUOUS
10
9.3320472440944879
20
-2.2341732283464566
11
9.3773228346456694
21
-2.2341732283464566
0
LINE
8
BLACK
6
CONTINUOUS
10
9.3773228346456694
20
-2.2341732283464566
11
9.3773228346456694
21
-2.2459842519685038
0
LINE
8
BLACK
6
CONTINUOUS
10
9.3773228346456694
20
-2.2262992125984251
11
9.3320472440944879
21
-2.2262992125984251
0
LINE
8
BLACK
6
CONTINUOUS
10
9.3320472440944879
20
-2.2262992125984251
11
9.3320472440944879
21
-2.2144881889763779
0
LINE
8
BLACK
6
CONTINUOUS
10
9.3320472440944879
20
-2.2144881889763779
11
9.3773228346456694
21
-2.2144881889763779
0
LINE
8
BLACK
6
CONTINUOUS
10
9.3773228346456694
20
-2.2144881889763779
11
9.3773228346456694
21
-2.2262992125984251
0
LINE
8
BLACK
6
CONTINUOUS
10
9.3773228346456694
20
-2.2066141732283464
11
9.3320472440944879
21
-2.2066141732283464
0
LINE
8
BLACK
6
CONTINUOUS
10
9.3320472440944879
20
-2.2066141732283464
11
9.3320472440944879
21
-2.1948031496062992
0
LINE
8
BLACK
6
CONTINUOUS
10
9.3320472440944879
20
-2.1948031496062992
11
9.3773228346456694
21
-2.1948031496062992
0
LINE
8
BLACK
6
CONTINUOUS
10
9.3773228346456694
20
-2.1948031496062992
11
9.3773228346456694
21
-2.2066141732283464
0
LINE
8
BLACK
6
CONTINUOUS
10
9.3773228346456694
20
-2.1869291338582677
11
9.3320472440944879
21
-2.1869291338582677
0
LINE
8
BLACK
6
CONTINUOUS
10
9.3320472440944879
20
-2.1869291338582677
11
9.3320472440944879
21
-2.1751181102362205
0
LINE
8
BLACK
6
CONTINUOUS
10
9.3320472440944879
20
-2.1751181102362205
11
9.3773228346456694
21
-2.1751181102362205
0
LINE
8
BLACK
6
CONTINUOUS
10
9.3773228346456694
20
-2.1751181102362205
11
9.3773228346456694
21
-2.1869291338582677
0
LINE
8
BLACK
6
CONTINUOUS
10
8.9224981496062998
20
-2.1241658267716534
11
8.9256912992125983
21
-2.1262994094488188
0
LINE
8
BLACK
6
CONTINUOUS
10
8.9256912992125983
20
-2.1262994094488188
11
8.9278248818897641
21
-2.1294925590551181
0
LINE
8
BLACK
6
CONTINUOUS
10
8.9278248818897641
20
-2.1294925590551181
11
8.9285740944881891
21
-2.1332591338582678
0
LINE
8
BLACK
6
CONTINUOUS
10
8.9285740944881891
20
-2.1332591338582678
11
8.9285740944881891
21
-2.1686922047244095
0
LINE
8
BLACK
6
CONTINUOUS
10
8.9285740944881891
20
-2.1686922047244095
11
8.9278248818897641
21
-2.1724587795275592
0
LINE
8
BLACK
6
CONTINUOUS
10
8.9278248818897641
20
-2.1724587795275592
11
8.9256912992125983
21
-2.1756519291338581
0
LINE
8
BLACK
6
CONTINUOUS
10
8.9256912992125983
20
-2.1756519291338581
11
8.9224981496062998
21
-2.1777855118110234
0
LINE
8
BLACK
6
CONTINUOUS
10
8.9224981496062998
20
-2.1777855118110234
11
8.9187315748031502
21
-2.1785347244094488
0
LINE
8
BLACK
6
CONTINUOUS
10
8.9187315748031502
20
-2.1785347244094488
11
8.8980622834645668
21
-2.1785347244094488
0
LINE
8
BLACK
6
CONTINUOUS
10
8.8980622834645668
20
-2.1785347244094488
11
8.8942957086614172
21
-2.1777855118110234
0
LINE
8
BLACK
6
CONTINUOUS
10
8.8942957086614172
20
-2.1777855118110234
11
8.8911025590551187
21
-2.1756519291338581
0
LINE
8
BLACK
6
CONTINUOUS
10
8.8911025590551187
20
-2.1756519291338581
11
8.8889689763779529
21
-2.1724587795275592
0
LINE
8
BLACK
6
CONTINUOUS
10
8.8889689763779529
20
-2.1724587795275592
11
8.8882197637795279
21
-2.1686922047244095
0
LINE
8
BLACK
6
CONTINUOUS
10
8.8882197637795279
20
-2.1686922047244095
11
8.8882197637795279
21
-2.1332591338582678
0
LINE
8
BLACK
6
CONTINUOUS
10
8.8882197637795279
20
-2.1332591338582678
11
8.8889689763779529
21
-2.1294925590551181
0
LINE
8
BLACK
6
CONTINUOUS
10
8.8889689763779529
20
-2.1294925590551181
11
8.8911025590551187
21
-2.1262994094488188
0
LINE
8
BLACK
6
CONTINUOUS
10
8.8911025590551187
20
-2.1262994094488188
11
8.8942957086614172
21
-2.1241658267716534
0
LINE
8
BLACK
6
CONTINUOUS
10
8.8942957086614172
20
-2.1241658267716534
11
8.8980622834645668
21
-2.1234166141732285
0
LINE
8
BLACK
6
CONTINUOUS
10
8.8980622834645668
20
-2.1234166141732285
11
8.9187315748031502
21
-2.1234166141732285
0
LINE
8
BLACK
6
CONTINUOUS
10
8.9187315748031502
20
-2.1234166141732285
11
8.9224981496062998
21
-2.1241658267716534
0
LINE
8
BLACK
6
CONTINUOUS
10
8.9943485433070869
20
-2.1241658267716534
11
8.9975416929133853
21
-2.1262994094488188
0
LINE
8
BLACK
6
CONTINUOUS
10
8.9975416929133853
20
-2.1262994094488188
11
8.9996752755905511
21
-2.1294925590551181
0
LINE
8
BLACK
6
CONTINUOUS
10
8.9996752755905511
20
-2.1294925590551181
11
9.0004244881889761
21
-2.1332591338582678
0
LINE
8
BLACK
6
CONTINUOUS
10
9.0004244881889761
20
-2.1332591338582678
11
9.0004244881889761
21
-2.1686922047244095
0
LINE
8
BLACK
6
CONTINUOUS
10
9.0004244881889761
20
-2.1686922047244095
11
8.9996752755905511
21
-2.1724587795275592
0
LINE
8
BLACK
6
CONTINUOUS
10
8.9996752755905511
20
-2.1724587795275592
11
8.9975416929133853
21
-2.1756519291338581
0
LINE
8
BLACK
6
CONTINUOUS
10
8.9975416929133853
20
-2.1756519291338581
11
8.9943485433070869
21
-2.1777855118110234
0
LINE
8
BLACK
6
CONTINUOUS
10
8.9943485433070869
20
-2.1777855118110234
11
8.9905819685039372
21
-2.1785347244094488
0
LINE
8
BLACK
6
CONTINUOUS
10
8.9905819685039372
20
-2.1785347244094488
11
8.9699126771653539
21
-2.1785347244094488
0
LINE
8
BLACK
6
CONTINUOUS
10
8.9699126771653539
20
-2.1785347244094488
11
8.9661461023622042
21
-2.1777855118110234
0
LINE
8
BLACK
6
CONTINUOUS
10
8.9661461023622042
20
-2.1777855118110234
11
8.9629529527559058
21
-2.1756519291338581
0
LINE
8
BLACK
6
CONTINUOUS
10
8.9629529527559058
20
-2.1756519291338581
11
8.96081937007874
21
-2.1724587795275592
0
LINE
8
BLACK
6
CONTINUOUS
10
8.96081937007874
20
-2.1724587795275592
11
8.960070157480315
21
-2.1686922047244095
0
LINE
8
BLACK
6
CONTINUOUS
10
8.960070157480315
20
-2.1686922047244095
11
8.960070157480315
21
-2.1332591338582678
0
LINE
8
BLACK
6
CONTINUOUS
10
8.960070157480315
20
-2.1332591338582678
11
8.96081937007874
21
-2.1294925590551181
0
LINE
8
BLACK
6
CONTINUOUS
10
8.96081937007874
20
-2.1294925590551181
11
8.9629529527559058
21
-2.1262994094488188
0
LINE
8
BLACK
6
CONTINUOUS
10
8.9629529527559058
20
-2.1262994094488188
11
8.9661461023622042
21
-2.1241658267716534
0
LINE
8
BLACK
6
CONTINUOUS
10
8.9661461023622042
20
-2.1241658267716534
11
8.9699126771653539
21
-2.1234166141732285
0
LINE
8
BLACK
6
CONTINUOUS
10
8.9699126771653539
20
-2.1234166141732285
11
8.9905819685039372
21
-2.1234166141732285
0
LINE
8
BLACK
6
CONTINUOUS
10
8.9905819685039372
20
-2.1234166141732285
11
8.9943485433070869
21
-2.1241658267716534
0
LINE
8
BLACK
6
CONTINUOUS
10
5.9649606299212596
20
-2.1751968503937009
11
5.80748031496063
21
-2.1751968503937009
0
LINE
8
BLACK
6
CONTINUOUS
10
5.80748031496063
20
-2.1751968503937009
11
5.80748031496063
21
-2.0177165354330708
0
LINE
8
BLACK
6
CONTINUOUS
10
5.80748031496063
20
-2.0177165354330708
11
5.9649606299212596
21
-2.0177165354330708
0
LINE
8
BLACK
6
CONTINUOUS
10
5.9649606299212596
20
-2.0177165354330708
11
5.9649606299212596
21
-2.1751968503937009
0
LINE
8
BLACK
6
CONTINUOUS
10
8.823228346456693
20
-2.1751968503937009
11
8.6657480314960633
21
-2.1751968503937009
0
LINE
8
BLACK
6
CONTINUOUS
10
8.6657480314960633
20
-2.1751968503937009
11
8.6657480314960633
21
-2.0177165354330708
0
LINE
8
BLACK
6
CONTINUOUS
10
8.6657480314960633
20
-2.0177165354330708
11
8.823228346456693
21
-2.0177165354330708
0
LINE
8
BLACK
6
CONTINUOUS
10
8.823228346456693
20
-2.0177165354330708
11
8.823228346456693
21
-2.1751968503937009
0
LINE
8
BLACK
6
CONTINUOUS
10
9.3773228346456694
20
-2.167244094488189
11
9.3320472440944879
21
-2.167244094488189
0
LINE
8
BLACK
6
CONTINUOUS
10
9.3320472440944879
20
-2.167244094488189
11
9.3320472440944879
21
-2.1554330708661418
0
LINE
8
BLACK
6
CONTINUOUS
10
9.3320472440944879
20
-2.1554330708661418
11
9.3773228346456694
21
-2.1554330708661418
0
LINE
8
BLACK
6
CONTINUOUS
10
9.3773228346456694
20
-2.1554330708661418
11
9.3773228346456694
21
-2.167244094488189
0
LINE
8
BLACK
6
CONTINUOUS
10
9.3773228346456694
20
-2.1475590551181103
11
9.3320472440944879
21
-2.1475590551181103
0
LINE
8
BLACK
6
CONTINUOUS
10
9.3320472440944879
20
-2.1475590551181103
11
9.3320472440944879
21
-2.1357480314960631
0
LINE
8
BLACK
6
CONTINUOUS
10
9.3320472440944879
20
-2.1357480314960631
11
9.3773228346456694
21
-2.1357480314960631
0
LINE
8
BLACK
6
CONTINUOUS
10
9.3773228346456694
20
-2.1357480314960631
11
9.3773228346456694
21
-2.1475590551181103
0
LINE
8
BLACK
6
CONTINUOUS
10
9.3773228346456694
20
-2.1278740157480316
11
9.3320472440944879
21
-2.1278740157480316
0
LINE
8
BLACK
6
CONTINUOUS
10
9.3320472440944879
20
-2.1278740157480316
11
9.3320472440944879
21
-2.1160629921259844
0
LINE
8
BLACK
6
CONTINUOUS
10
9.3320472440944879
20
-2.1160629921259844
11
9.3773228346456694
21
-2.1160629921259844
0
LINE
8
BLACK
6
CONTINUOUS
10
9.3773228346456694
20
-2.1160629921259844
11
9.3773228346456694
21
-2.1278740157480316
0
LINE
8
BLACK
6
CONTINUOUS
10
9.3773228346456694
20
-2.1081889763779529
11
9.3320472440944879
21
-2.1081889763779529
0
LINE
8
BLACK
6
CONTINUOUS
10
9.3320472440944879
20
-2.1081889763779529
11
9.3320472440944879
21
-2.0963779527559057
0
LINE
8
BLACK
6
CONTINUOUS
10
9.3320472440944879
20
-2.0963779527559057
11
9.3773228346456694
21
-2.0963779527559057
0
LINE
8
BLACK
6
CONTINUOUS
10
9.3773228346456694
20
-2.0963779527559057
11
9.3773228346456694
21
-2.1081889763779529
0
LINE
8
BLACK
6
CONTINUOUS
10
8.9206169685039374
20
-2.0470090551181102
11
8.9238101181102358
21
-2.0491426377952755
0
LINE
8
BLACK
6
CONTINUOUS
10
8.9238101181102358
20
-2.0491426377952755
11
8.9259437007874016
21
-2.0523357874015749
0
LINE
8
BLACK
6
CONTINUOUS
10
8.9259437007874016
20
-2.0523357874015749
11
8.9266929133858266
21
-2.0561023622047245
0
LINE
8
BLACK
6
CONTINUOUS
10
8.9266929133858266
20
-2.0561023622047245
11
8.9266929133858266
21
-2.0935039370078741
0
LINE
8
BLACK
6
CONTINUOUS
10
8.9266929133858266
20
-2.0935039370078741
11
8.9259437007874016
21
-2.0972705118110238
0
LINE
8
BLACK
6
CONTINUOUS
10
8.9259437007874016
20
-2.0972705118110238
11
8.9238101181102358
21
-2.1004636614173227
0
LINE
8
BLACK
6
CONTINUOUS
10
8.9238101181102358
20
-2.1004636614173227
11
8.9206169685039374
21
-2.102597244094488
0
LINE
8
BLACK
6
CONTINUOUS
10
8.9206169685039374
20
-2.102597244094488
11
8.9168503937007877
21
-2.1033464566929134
0
LINE
8
BLACK
6
CONTINUOUS
10
8.9168503937007877
20
-2.1033464566929134
11
8.8971653543307081
21
-2.1033464566929134
0
LINE
8
BLACK
6
CONTINUOUS
10
8.8971653543307081
20
-2.1033464566929134
11
8.8933987795275584
21
-2.102597244094488
0
LINE
8
BLACK
6
CONTINUOUS
10
8.8933987795275584
20
-2.102597244094488
11
8.89020562992126
21
-2.1004636614173227
0
LINE
8
BLACK
6
CONTINUOUS
10
8.89020562992126
20
-2.1004636614173227
11
8.8880720472440942
21
-2.0972705118110238
0
LINE
8
BLACK
6
CONTINUOUS
10
8.8880720472440942
20
-2.0972705118110238
11
8.8873228346456692
21
-2.0935039370078741
0
LINE
8
BLACK
6
CONTINUOUS
10
8.8873228346456692
20
-2.0935039370078741
11
8.8873228346456692
21
-2.0561023622047245
0
LINE
8
BLACK
6
CONTINUOUS
10
8.8873228346456692
20
-2.0561023622047245
11
8.8880720472440942
21
-2.0523357874015749
0
LINE
8
BLACK
6
CONTINUOUS
10
8.8880720472440942
20
-2.0523357874015749
11
8.89020562992126
21
-2.0491426377952755
0
LINE
8
BLACK
6
CONTINUOUS
10
8.89020562992126
20
-2.0491426377952755
11
8.8933987795275584
21
-2.0470090551181102
0
LINE
8
BLACK
6
CONTINUOUS
10
8.8933987795275584
20
-2.0470090551181102
11
8.8971653543307081
21
-2.0462598425196852
0
LINE
8
BLACK
6
CONTINUOUS
10
8.8971653543307081
20
-2.0462598425196852
11
8.9168503937007877
21
-2.0462598425196852
0
LINE
8
BLACK
6
CONTINUOUS
10
8.9168503937007877
20
-2.0462598425196852
11
8.9206169685039374
21
-2.0470090551181102
0
LINE
8
BLACK
6
CONTINUOUS
10
8.9954201181102356
20
-2.0470090551181102
11
8.9986132677165358
21
-2.0491426377952755
0
LINE
8
BLACK
6
CONTINUOUS
10
8.9986132677165358
20
-2.0491426377952755
11
9.0007468503936998
21
-2.0523357874015749
0
LINE
8
BLACK
6
CONTINUOUS
10
9.0007468503936998
20
-2.0523357874015749
11
9.0014960629921266
21
-2.0561023622047245
0
LINE
8
BLACK
6
CONTINUOUS
10
9.0014960629921266
20
-2.0561023622047245
11
9.0014960629921266
21
-2.0935039370078741
0
LINE
8
BLACK
6
CONTINUOUS
10
9.0014960629921266
20
-2.0935039370078741
11
9.0007468503936998
21
-2.0972705118110238
0
LINE
8
BLACK
6
CONTINUOUS
10
9.0007468503936998
20
-2.0972705118110238
11
8.9986132677165358
21
-2.1004636614173227
0
LINE
8
BLACK
6
CONTINUOUS
10
8.9986132677165358
20
-2.1004636614173227
11
8.9954201181102356
21
-2.102597244094488
0
LINE
8
BLACK
6
CONTINUOUS
10
8.9954201181102356
20
-2.102597244094488
11
8.9916535433070859
21
-2.1033464566929134
0
LINE
8
BLACK
6
CONTINUOUS
10
8.9916535433070859
20
-2.1033464566929134
11
8.9719685039370081
21
-2.1033464566929134
0
LINE
8
BLACK
6
CONTINUOUS
10
8.9719685039370081
20
-2.1033464566929134
11
8.9682019291338584
21
-2.102597244094488
0
LINE
8
BLACK
6
CONTINUOUS
10
8.9682019291338584
20
-2.102597244094488
11
8.9650087795275581
21
-2.1004636614173227
0
LINE
8
BLACK
6
CONTINUOUS
10
8.9650087795275581
20
-2.1004636614173227
11
8.9628751968503941
21
-2.0972705118110238
0
LINE
8
BLACK
6
CONTINUOUS
10
8.9628751968503941
20
-2.0972705118110238
11
8.9621259842519692
21
-2.0935039370078741
0
LINE
8
BLACK
6
CONTINUOUS
10
8.9621259842519692
20
-2.0935039370078741
11
8.9621259842519692
21
-2.0561023622047245
0
LINE
8
BLACK
6
CONTINUOUS
10
8.9621259842519692
20
-2.0561023622047245
11
8.9628751968503941
21
-2.0523357874015749
0
LINE
8
BLACK
6
CONTINUOUS
10
8.9628751968503941
20
-2.0523357874015749
11
8.9650087795275581
21
-2.0491426377952755
0
LINE
8
BLACK
6
CONTINUOUS
10
8.9650087795275581
20
-2.0491426377952755
11
8.9682019291338584
21
-2.0470090551181102
0
LINE
8
BLACK
6
CONTINUOUS
10
8.9682019291338584
20
-2.0470090551181102
11
8.9719685039370081
21
-2.0462598425196852
0
LINE
8
BLACK
6
CONTINUOUS
10
8.9719685039370081
20
-2.0462598425196852
11
8.9916535433070859
21
-2.0462598425196852
0
LINE
8
BLACK
6
CONTINUOUS
10
8.9916535433070859
20
-2.0462598425196852
11
8.9954201181102356
21
-2.0470090551181102
0
LINE
8
BLACK
6
CONTINUOUS
10
9.3773228346456694
20
-2.0885039370078742
11
9.3320472440944879
21
-2.0885039370078742
0
LINE
8
BLACK
6
CONTINUOUS
10
9.3320472440944879
20
-2.0885039370078742
11
9.3320472440944879
21
-2.0648818897637793
0
LINE
8
BLACK
6
CONTINUOUS
10
9.3320472440944879
20
-2.0648818897637793
11
9.3773228346456694
21
-2.0648818897637793
0
LINE
8
BLACK
6
CONTINUOUS
10
9.3773228346456694
20
-2.0648818897637793
11
9.3773228346456694
21
-2.0885039370078742
0
LINE
8
BLACK
6
CONTINUOUS
10
9.3773228346456694
20
-2.0570078740157478
11
9.3320472440944879
21
-2.0570078740157478
0
LINE
8
BLACK
6
CONTINUOUS
10
9.3320472440944879
20
-2.0570078740157478
11
9.3320472440944879
21
-2.0333858267716534
0
LINE
8
BLACK
6
CONTINUOUS
10
9.3320472440944879
20
-2.0333858267716534
11
9.3773228346456694
21
-2.0333858267716534
0
LINE
8
BLACK
6
CONTINUOUS
10
9.3773228346456694
20
-2.0333858267716534
11
9.3773228346456694
21
-2.0570078740157478
0
LINE
8
BLACK
6
CONTINUOUS
10
9.3554144094488194
20
-1.9806098818897637
11
9.3606263385826765
21
-1.9820064173228347
0
LINE
8
BLACK
6
CONTINUOUS
10
9.3606263385826765
20
-1.9820064173228347
11
9.3652992125984245
21
-1.9847042913385826
0
LINE
8
BLACK
6
CONTINUOUS
10
9.3652992125984245
20
-1.9847042913385826
11
9.3691146062992132
21
-1.98851968503937
0
LINE
8
BLACK
6
CONTINUOUS
10
9.3691146062992132
20
-1.98851968503937
11
9.3718124803149596
21
-1.9931925590551181
0
LINE
8
BLACK
6
CONTINUOUS
10
9.3718124803149596
20
-1.9931925590551181
11
9.3732090157480314
21
-1.9984044881889764
0
LINE
8
BLACK
6
CONTINUOUS
10
9.3732090157480314
20
-1.9984044881889764
11
9.3732090157480314
21
-2.0038002362204725
0
LINE
8
BLACK
6
CONTINUOUS
10
9.3732090157480314
20
-2.0038002362204725
11
9.3718124803149596
21
-2.0090121653543305
0
LINE
8
BLACK
6
CONTINUOUS
10
9.3718124803149596
20
-2.0090121653543305
11
9.3691146062992132
21
-2.0136850393700785
0
LINE
8
BLACK
6
CONTINUOUS
10
9.3691146062992132
20
-2.0136850393700785
11
9.3652992125984245
21
-2.0175004330708659
0
LINE
8
BLACK
6
CONTINUOUS
10
9.3652992125984245
20
-2.0175004330708659
11
9.3606263385826765
21
-2.0201983070866141
0
LINE
8
BLACK
6
CONTINUOUS
10
9.3606263385826765
20
-2.0201983070866141
11
9.3554144094488194
21
-2.021594842519685
0
LINE
8
BLACK
6
CONTINUOUS
10
9.3554144094488194
20
-2.021594842519685
11
9.3527165354330712
21
-2.0217716535433072
0
LINE
8
BLACK
6
CONTINUOUS
10
9.3527165354330712
20
-2.0217716535433072
11
9.3113779527559046
21
-2.0217716535433072
0
LINE
8
BLACK
6
CONTINUOUS
10
9.3113779527559046
20
-2.0217716535433072
11
9.3086800787401565
21
-2.021594842519685
0
LINE
8
BLACK
6
CONTINUOUS
10
9.3086800787401565
20
-2.021594842519685
11
9.3034681496062994
21
-2.0201983070866141
0
LINE
8
BLACK
6
CONTINUOUS
10
9.3034681496062994
20
-2.0201983070866141
11
9.2987952755905514
21
-2.0175004330708659
0
LINE
8
BLACK
6
CONTINUOUS
10
9.2987952755905514
20
-2.0175004330708659
11
9.2949798818897644
21
-2.0136850393700785
0
LINE
8
BLACK
6
CONTINUOUS
10
9.2949798818897644
20
-2.0136850393700785
11
9.2922820078740163
21
-2.0090121653543305
0
LINE
8
BLACK
6
CONTINUOUS
10
9.2922820078740163
20
-2.0090121653543305
11
9.2908854724409444
21
-2.0038002362204725
0
LINE
8
BLACK
6
CONTINUOUS
10
9.2908854724409444
20
-2.0038002362204725
11
9.2908854724409444
21
-1.9984044881889764
0
LINE
8
BLACK
6
CONTINUOUS
10
9.2908854724409444
20
-1.9984044881889764
11
9.2922820078740163
21
-1.9931925590551181
0
LINE
8
BLACK
6
CONTINUOUS
10
9.2922820078740163
20
-1.9931925590551181
11
9.2949798818897644
21
-1.98851968503937
0
LINE
8
BLACK
6
CONTINUOUS
10
9.2949798818897644
20
-1.98851968503937
11
9.2987952755905514
21
-1.9847042913385826
0
LINE
8
BLACK
6
CONTINUOUS
10
9.2987952755905514
20
-1.9847042913385826
11
9.3034681496062994
21
-1.9820064173228347
0
LINE
8
BLACK
6
CONTINUOUS
10
9.3034681496062994
20
-1.9820064173228347
11
9.3086800787401565
21
-1.9806098818897637
0
LINE
8
BLACK
6
CONTINUOUS
10
9.3086800787401565
20
-1.9806098818897637
11
9.3113779527559046
21
-1.9804330708661417
0
LINE
8
BLACK
6
CONTINUOUS
10
9.3113779527559046
20
-1.9804330708661417
11
9.3527165354330712
21
-1.9804330708661417
0
LINE
8
BLACK
6
CONTINUOUS
10
9.3527165354330712
20
-1.9804330708661417
11
9.3554144094488194
21
-1.9806098818897637
0
LINE
8
BLACK
6
CONTINUOUS
10
9.1897347637795281
20
-1.981585748031496
11
9.1946985039370084
21
-1.9829157480314961
0
LINE
8
BLACK
6
CONTINUOUS
10
9.1946985039370084
20
-1.9829157480314961
11
9.1991488582677157
21
-1.985485157480315
0
LINE
8
BLACK
6
CONTINUOUS
10
9.1991488582677157
20
-1.985485157480315
11
9.2027825590551178
21
-1.9891188582677164
0
LINE
8
BLACK
6
CONTINUOUS
10
9.2027825590551178
20
-1.9891188582677164
11
9.2053519685039369
21
-1.9935692125984252
0
LINE
8
BLACK
6
CONTINUOUS
10
9.2053519685039369
20
-1.9935692125984252
11
9.2066819685039363
21
-1.9985329527559055
0
LINE
8
BLACK
6
CONTINUOUS
10
9.2066819685039363
20
-1.9985329527559055
11
9.2066819685039363
21
-2.003671771653543
0
LINE
8
BLACK
6
CONTINUOUS
10
9.2066819685039363
20
-2.003671771653543
11
9.2053519685039369
21
-2.0086355118110237
0
LINE
8
BLACK
6
CONTINUOUS
10
9.2053519685039369
20
-2.0086355118110237
11
9.2027825590551178
21
-2.0130858661417323
0
LINE
8
BLACK
6
CONTINUOUS
10
9.2027825590551178
20
-2.0130858661417323
11
9.1991488582677157
21
-2.016719566929134
0
LINE
8
BLACK
6
CONTINUOUS
10
9.1991488582677157
20
-2.016719566929134
11
9.1946985039370084
21
-2.0192889763779527
0
LINE
8
BLACK
6
CONTINUOUS
10
9.1946985039370084
20
-2.0192889763779527
11
9.1897347637795281
21
-2.0206189763779525
0
LINE
8
BLACK
6
CONTINUOUS
10
9.1897347637795281
20
-2.0206189763779525
11
9.187165354330709
21
-2.0207874015748031
0
LINE
8
BLACK
6
CONTINUOUS
10
9.187165354330709
20
-2.0207874015748031
11
9.1477952755905516
21
-2.0207874015748031
0
LINE
8
BLACK
6
CONTINUOUS
10
9.1477952755905516
20
-2.0207874015748031
11
9.1452258661417325
21
-2.0206189763779525
0
LINE
8
BLACK
6
CONTINUOUS
10
9.1452258661417325
20
-2.0206189763779525
11
9.1402621259842523
21
-2.0192889763779527
0
LINE
8
BLACK
6
CONTINUOUS
10
9.1402621259842523
20
-2.0192889763779527
11
9.1358117716535432
21
-2.016719566929134
0
LINE
8
BLACK
6
CONTINUOUS
10
9.1358117716535432
20
-2.016719566929134
11
9.1321780708661411
21
-2.0130858661417323
0
LINE
8
BLACK
6
CONTINUOUS
10
9.1321780708661411
20
-2.0130858661417323
11
9.129608661417322
21
-2.0086355118110237
0
LINE
8
BLACK
6
CONTINUOUS
10
9.129608661417322
20
-2.0086355118110237
11
9.1282786614173226
21
-2.003671771653543
0
LINE
8
BLACK
6
CONTINUOUS
10
9.1282786614173226
20
-2.003671771653543
11
9.1282786614173226
21
-1.9985329527559055
0
LINE
8
BLACK
6
CONTINUOUS
10
9.1282786614173226
20
-1.9985329527559055
11
9.129608661417322
21
-1.9935692125984252
0
LINE
8
BLACK
6
CONTINUOUS
10
9.129608661417322
20
-1.9935692125984252
11
9.1321780708661411
21
-1.9891188582677164
0
LINE
8
BLACK
6
CONTINUOUS
10
9.1321780708661411
20
-1.9891188582677164
11
9.1358117716535432
21
-1.985485157480315
0
LINE
8
BLACK
6
CONTINUOUS
10
9.1358117716535432
20
-1.985485157480315
11
9.1402621259842523
21
-1.9829157480314961
0
LINE
8
BLACK
6
CONTINUOUS
10
9.1402621259842523
20
-1.9829157480314961
11
9.1452258661417325
21
-1.981585748031496
0
LINE
8
BLACK
6
CONTINUOUS
10
9.1452258661417325
20
-1.981585748031496
11
9.1477952755905516
21
-1.9814173228346457
0
LINE
8
BLACK
6
CONTINUOUS
10
9.1477952755905516
20
-1.9814173228346457
11
9.187165354330709
21
-1.9814173228346457
0
LINE
8
BLACK
6
CONTINUOUS
10
9.187165354330709
20
-1.9814173228346457
11
9.1897347637795281
21
-1.981585748031496
0
LINE
8
BLACK
6
CONTINUOUS
10
2.92384531496063
20
-1.915709842519685
11
2.927038464566929
21
-1.9178434251968504
0
LINE
8
BLACK
6
CONTINUOUS
10
2.927038464566929
20
-1.9178434251968504
11
2.9291720472440943
21
-1.9210365748031495
0
LINE
8
BLACK
6
CONTINUOUS
10
2.9291720472440943
20
-1.9210365748031495
11
2.9299212598425197
21
-1.9248031496062992
0
LINE
8
BLACK
6
CONTINUOUS
10
2.9299212598425197
20
-1.9248031496062992
11
2.9299212598425197
21
-1.9602362204724408
0
LINE
8
BLACK
6
CONTINUOUS
10
2.9299212598425197
20
-1.9602362204724408
11
2.9291720472440943
21
-1.9640027952755905
0
LINE
8
BLACK
6
CONTINUOUS
10
2.9291720472440943
20
-1.9640027952755905
11
2.927038464566929
21
-1.9671959448818896
0
LINE
8
BLACK
6
CONTINUOUS
10
2.927038464566929
20
-1.9671959448818896
11
2.92384531496063
21
-1.969329527559055
0
LINE
8
BLACK
6
CONTINUOUS
10
2.92384531496063
20
-1.969329527559055
11
2.9200787401574804
21
-1.9700787401574802
0
LINE
8
BLACK
6
CONTINUOUS
10
2.9200787401574804
20
-1.9700787401574802
11
2.8994094488188975
21
-1.9700787401574802
0
LINE
8
BLACK
6
CONTINUOUS
10
2.8994094488188975
20
-1.9700787401574802
11
2.8956428740157478
21
-1.969329527559055
0
LINE
8
BLACK
6
CONTINUOUS
10
2.8956428740157478
20
-1.969329527559055
11
2.8924497244094489
21
-1.9671959448818896
0
LINE
8
BLACK
6
CONTINUOUS
10
2.8924497244094489
20
-1.9671959448818896
11
2.8903161417322836
21
-1.9640027952755905
0
LINE
8
BLACK
6
CONTINUOUS
10
2.8903161417322836
20
-1.9640027952755905
11
2.8895669291338582
21
-1.9602362204724408
0
LINE
8
BLACK
6
CONTINUOUS
10
2.8895669291338582
20
-1.9602362204724408
11
2.8895669291338582
21
-1.9248031496062992
0
LINE
8
BLACK
6
CONTINUOUS
10
2.8895669291338582
20
-1.9248031496062992
11
2.8903161417322836
21
-1.9210365748031495
0
LINE
8
BLACK
6
CONTINUOUS
10
2.8903161417322836
20
-1.9210365748031495
11
2.8924497244094489
21
-1.9178434251968504
0
LINE
8
BLACK
6
CONTINUOUS
10
2.8924497244094489
20
-1.9178434251968504
11
2.8956428740157478
21
-1.915709842519685
0
LINE
8
BLACK
6
CONTINUOUS
10
2.8956428740157478
20
-1.915709842519685
11
2.8994094488188975
21
-1.9149606299212598
0
LINE
8
BLACK
6
CONTINUOUS
10
2.8994094488188975
20
-1.9149606299212598
11
2.9200787401574804
21
-1.9149606299212598
0
LINE
8
BLACK
6
CONTINUOUS
10
2.9200787401574804
20
-1.9149606299212598
11
2.92384531496063
21
-1.915709842519685
0
LINE
8
BLACK
6
CONTINUOUS
10
2.9956957086614171
20
-1.915709842519685
11
2.9988888582677165
21
-1.9178434251968504
0
LINE
8
BLACK
6
CONTINUOUS
10
2.9988888582677165
20
-1.9178434251968504
11
3.0010224409448818
21
-1.9210365748031495
0
LINE
8
BLACK
6
CONTINUOUS
10
3.0010224409448818
20
-1.9210365748031495
11
3.0017716535433072
21
-1.9248031496062992
0
LINE
8
BLACK
6
CONTINUOUS
10
3.0017716535433072
20
-1.9248031496062992
11
3.0017716535433072
21
-1.9602362204724408
0
LINE
8
BLACK
6
CONTINUOUS
10
3.0017716535433072
20
-1.9602362204724408
11
3.0010224409448818
21
-1.9640027952755905
0
LINE
8
BLACK
6
CONTINUOUS
10
3.0010224409448818
20
-1.9640027952755905
11
2.9988888582677165
21
-1.9671959448818896
0
LINE
8
BLACK
6
CONTINUOUS
10
2.9988888582677165
20
-1.9671959448818896
11
2.9956957086614171
21
-1.969329527559055
0
LINE
8
BLACK
6
CONTINUOUS
10
2.9956957086614171
20
-1.969329527559055
11
2.9919291338582679
21
-1.9700787401574802
0
LINE
8
BLACK
6
CONTINUOUS
10
2.9919291338582679
20
-1.9700787401574802
11
2.971259842519685
21
-1.9700787401574802
0
LINE
8
BLACK
6
CONTINUOUS
10
2.971259842519685
20
-1.9700787401574802
11
2.9674932677165353
21
-1.969329527559055
0
LINE
8
BLACK
6
CONTINUOUS
10
2.9674932677165353
20
-1.969329527559055
11
2.964300118110236
21
-1.9671959448818896
0
LINE
8
BLACK
6
CONTINUOUS
10
2.964300118110236
20
-1.9671959448818896
11
2.9621665354330706
21
-1.9640027952755905
0
LINE
8
BLACK
6
CONTINUOUS
10
2.9621665354330706
20
-1.9640027952755905
11
2.9614173228346456
21
-1.9602362204724408
0
LINE
8
BLACK
6
CONTINUOUS
10
2.9614173228346456
20
-1.9602362204724408
11
2.9614173228346456
21
-1.9248031496062992
0
LINE
8
BLACK
6
CONTINUOUS
10
2.9614173228346456
20
-1.9248031496062992
11
2.9621665354330706
21
-1.9210365748031495
0
LINE
8
BLACK
6
CONTINUOUS
10
2.9621665354330706
20
-1.9210365748031495
11
2.964300118110236
21
-1.9178434251968504
0
LINE
8
BLACK
6
CONTINUOUS
10
2.964300118110236
20
-1.9178434251968504
11
2.9674932677165353
21
-1.915709842519685
0
LINE
8
BLACK
6
CONTINUOUS
10
2.9674932677165353
20
-1.915709842519685
11
2.971259842519685
21
-1.9149606299212598
0
LINE
8
BLACK
6
CONTINUOUS
10
2.971259842519685
20
-1.9149606299212598
11
2.9919291338582679
21
-1.9149606299212598
0
LINE
8
BLACK
6
CONTINUOUS
10
2.9919291338582679
20
-1.9149606299212598
11
2.9956957086614171
21
-1.915709842519685
0
LINE
8
BLACK
6
CONTINUOUS
10
5.5258472047244096
20
-1.3531648425196849
11
5.5387601181102362
21
-1.3561121259842519
0
LINE
8
BLACK
6
CONTINUOUS
10
5.5387601181102362
20
-1.3561121259842519
11
5.5512618110236218
21
-1.3604866535433071
0
LINE
8
BLACK
6
CONTINUOUS
10
5.5512618110236218
20
-1.3604866535433071
11
5.5631951574803145
21
-1.3662334645669292
0
LINE
8
BLACK
6
CONTINUOUS
10
5.5631951574803145
20
-1.3662334645669292
11
5.5744100000000003
21
-1.3732801968503936
0
LINE
8
BLACK
6
CONTINUOUS
10
5.5744100000000003
20
-1.3732801968503936
11
5.5847653543307088
21
-1.3815383464566928
0
LINE
8
BLACK
6
CONTINUOUS
10
5.5847653543307088
20
-1.3815383464566928
11
5.5941309448818899
21
-1.390903937007874
0
LINE
8
BLACK
6
CONTINUOUS
10
5.5941309448818899
20
-1.390903937007874
11
5.6023890944881884
21
-1.4012592913385826
0
LINE
8
BLACK
6
CONTINUOUS
10
5.6023890944881884
20
-1.4012592913385826
11
5.6094358267716533
21
-1.4124741338582676
0
LINE
8
BLACK
6
CONTINUOUS
10
5.6094358267716533
20
-1.4124741338582676
11
5.6151826377952752
21
-1.4244074803149607
0
LINE
8
BLACK
6
CONTINUOUS
10
5.6151826377952752
20
-1.4244074803149607
11
5.6195571653543306
21
-1.4369091732283463
0
LINE
8
BLACK
6
CONTINUOUS
10
5.6195571653543306
20
-1.4369091732283463
11
5.6225044488188978
21
-1.4498220866141731
0
LINE
8
BLACK
6
CONTINUOUS
10
5.6225044488188978
20
-1.4498220866141731
11
5.6239874015748033
21
-1.4629838188976378
0
LINE
8
BLACK
6
CONTINUOUS
10
5.6239874015748033
20
-1.4629838188976378
11
5.6239874015748033
21
-1.476228779527559
0
LINE
8
BLACK
6
CONTINUOUS
10
5.6239874015748033
20
-1.476228779527559
11
5.6225044488188978
21
-1.4893905118110236
0
LINE
8
BLACK
6
CONTINUOUS
10
5.6225044488188978
20
-1.4893905118110236
11
5.6195571653543306
21
-1.5023034251968503
0
LINE
8
BLACK
6
CONTINUOUS
10
5.6195571653543306
20
-1.5023034251968503
11
5.6151826377952752
21
-1.5148051181102362
0
LINE
8
BLACK
6
CONTINUOUS
10
5.6151826377952752
20
-1.5148051181102362
11
5.6094358267716533
21
-1.5267384645669291
0
LINE
8
BLACK
6
CONTINUOUS
10
5.6094358267716533
20
-1.5267384645669291
11
5.6023890944881884
21
-1.537953307086614
0
LINE
8
BLACK
6
CONTINUOUS
10
5.6023890944881884
20
-1.537953307086614
11
5.5941309448818899
21
-1.5483086614173227
0
LINE
8
BLACK
6
CONTINUOUS
10
5.5941309448818899
20
-1.5483086614173227
11
5.5847653543307088
21
-1.5576742519685038
0
LINE
8
BLACK
6
CONTINUOUS
10
5.5847653543307088
20
-1.5576742519685038
11
5.5744100000000003
21
-1.5659324015748031
0
LINE
8
BLACK
6
CONTINUOUS
10
5.5744100000000003
20
-1.5659324015748031
11
5.5631951574803145
21
-1.5729791338582677
0
LINE
8
BLACK
6
CONTINUOUS
10
5.5631951574803145
20
-1.5729791338582677
11
5.5512618110236218
21
-1.5787259448818898
0
LINE
8
BLACK
6
CONTINUOUS
10
5.5512618110236218
20
-1.5787259448818898
11
5.5387601181102362
21
-1.5831004724409448
0
LINE
8
BLACK
6
CONTINUOUS
10
5.5387601181102362
20
-1.5831004724409448
11
5.5258472047244096
21
-1.5860477559055117
0
LINE
8
BLACK
6
CONTINUOUS
10
5.5258472047244096
20
-1.5860477559055117
11
5.5126854724409444
21
-1.5875307086614172
0
LINE
8
BLACK
6
CONTINUOUS
10
5.5126854724409444
20
-1.5875307086614172
11
5.4994405118110237
21
-1.5875307086614172
0
LINE
8
BLACK
6
CONTINUOUS
10
5.4994405118110237
20
-1.5875307086614172
11
5.4862787795275585
21
-1.5860477559055117
0
LINE
8
BLACK
6
CONTINUOUS
10
5.4862787795275585
20
-1.5860477559055117
11
5.4733658661417319
21
-1.5831004724409448
0
LINE
8
BLACK
6
CONTINUOUS
10
5.4733658661417319
20
-1.5831004724409448
11
5.4608641732283463
21
-1.5787259448818898
0
LINE
8
BLACK
6
CONTINUOUS
10
5.4608641732283463
20
-1.5787259448818898
11
5.4489308267716536
21
-1.5729791338582677
0
LINE
8
BLACK
6
CONTINUOUS
10
5.4489308267716536
20
-1.5729791338582677
11
5.4377159842519687
21
-1.5659324015748031
0
LINE
8
BLACK
6
CONTINUOUS
10
5.4377159842519687
20
-1.5659324015748031
11
5.4273606299212593
21
-1.5576742519685038
0
LINE
8
BLACK
6
CONTINUOUS
10
5.4273606299212593
20
-1.5576742519685038
11
5.4179950393700782
21
-1.5483086614173227
0
LINE
8
BLACK
6
CONTINUOUS
10
5.4179950393700782
20
-1.5483086614173227
11
5.4097368897637796
21
-1.537953307086614
0
LINE
8
BLACK
6
CONTINUOUS
10
5.4097368897637796
20
-1.537953307086614
11
5.4026901574803148
21
-1.5267384645669291
0
LINE
8
BLACK
6
CONTINUOUS
10
5.4026901574803148
20
-1.5267384645669291
11
5.3969433464566929
21
-1.5148051181102362
0
LINE
8
BLACK
6
CONTINUOUS
10
5.3969433464566929
20
-1.5148051181102362
11
5.3925688188976375
21
-1.5023034251968503
0
LINE
8
BLACK
6
CONTINUOUS
10
5.3925688188976375
20
-1.5023034251968503
11
5.3896215354330703
21
-1.4893905118110236
0
LINE
8
BLACK
6
CONTINUOUS
10
5.3896215354330703
20
-1.4893905118110236
11
5.3881385826771648
21
-1.476228779527559
0
LINE
8
BLACK
6
CONTINUOUS
10
5.3881385826771648
20
-1.476228779527559
11
5.3881385826771648
21
-1.4629838188976378
0
LINE
8
BLACK
6
CONTINUOUS
10
5.3881385826771648
20
-1.4629838188976378
11
5.3896215354330703
21
-1.4498220866141731
0
LINE
8
BLACK
6
CONTINUOUS
10
5.3896215354330703
20
-1.4498220866141731
11
5.3925688188976375
21
-1.4369091732283463
0
LINE
8
BLACK
6
CONTINUOUS
10
5.3925688188976375
20
-1.4369091732283463
11
5.3969433464566929
21
-1.4244074803149607
0
LINE
8
BLACK
6
CONTINUOUS
10
5.3969433464566929
20
-1.4244074803149607
11
5.4026901574803148
21
-1.4124741338582676
0
LINE
8
BLACK
6
CONTINUOUS
10
5.4026901574803148
20
-1.4124741338582676
11
5.4097368897637796
21
-1.4012592913385826
0
LINE
8
BLACK
6
CONTINUOUS
10
5.4097368897637796
20
-1.4012592913385826
11
5.4179950393700782
21
-1.390903937007874
0
LINE
8
BLACK
6
CONTINUOUS
10
5.4179950393700782
20
-1.390903937007874
11
5.4273606299212593
21
-1.3815383464566928
0
LINE
8
BLACK
6
CONTINUOUS
10
5.4273606299212593
20
-1.3815383464566928
11
5.4377159842519687
21
-1.3732801968503936
0
LINE
8
BLACK
6
CONTINUOUS
10
5.4377159842519687
20
-1.3732801968503936
11
5.4489308267716536
21
-1.3662334645669292
0
LINE
8
BLACK
6
CONTINUOUS
10
5.4489308267716536
20
-1.3662334645669292
11
5.4608641732283463
21
-1.3604866535433071
0
LINE
8
BLACK
6
CONTINUOUS
10
5.4608641732283463
20
-1.3604866535433071
11
5.4733658661417319
21
-1.3561121259842519
0
LINE
8
BLACK
6
CONTINUOUS
10
5.4733658661417319
20
-1.3561121259842519
11
5.4862787795275585
21
-1.3531648425196849
0
LINE
8
BLACK
6
CONTINUOUS
10
5.4862787795275585
20
-1.3531648425196849
11
5.4994405118110237
21
-1.3516818897637795
0
LINE
8
BLACK
6
CONTINUOUS
10
5.4994405118110237
20
-1.3516818897637795
11
5.5126854724409444
21
-1.3516818897637795
0
LINE
8
BLACK
6
CONTINUOUS
10
5.5126854724409444
20
-1.3516818897637795
11
5.5258472047244096
21
-1.3531648425196849
0
LINE
8
BLACK
6
CONTINUOUS
10
9.1774220078740161
20
-1.3531648425196849
11
9.1903349212598417
21
-1.3561121259842519
0
LINE
8
BLACK
6
CONTINUOUS
10
9.1903349212598417
20
-1.3561121259842519
11
9.2028366141732274
21
-1.3604866535433071
0
LINE
8
BLACK
6
CONTINUOUS
10
9.2028366141732274
20
-1.3604866535433071
11
9.2147699606299209
21
-1.3662334645669292
0
LINE
8
BLACK
6
CONTINUOUS
10
9.2147699606299209
20
-1.3662334645669292
11
9.2259848031496059
21
-1.3732801968503936
0
LINE
8
BLACK
6
CONTINUOUS
10
9.2259848031496059
20
-1.3732801968503936
11
9.2363401574803152
21
-1.3815383464566928
0
LINE
8
BLACK
6
CONTINUOUS
10
9.2363401574803152
20
-1.3815383464566928
11
9.2457057480314955
21
-1.390903937007874
0
LINE
8
BLACK
6
CONTINUOUS
10
9.2457057480314955
20
-1.390903937007874
11
9.2539638976377958
21
-1.4012592913385826
0
LINE
8
BLACK
6
CONTINUOUS
10
9.2539638976377958
20
-1.4012592913385826
11
9.2610106299212589
21
-1.4124741338582676
0
LINE
8
BLACK
6
CONTINUOUS
10
9.2610106299212589
20
-1.4124741338582676
11
9.2667574409448825
21
-1.4244074803149607
0
LINE
8
BLACK
6
CONTINUOUS
10
9.2667574409448825
20
-1.4244074803149607
11
9.2711319685039371
21
-1.4369091732283463
0
LINE
8
BLACK
6
CONTINUOUS
10
9.2711319685039371
20
-1.4369091732283463
11
9.2740792519685034
21
-1.4498220866141731
0
LINE
8
BLACK
6
CONTINUOUS
10
9.2740792519685034
20
-1.4498220866141731
11
9.2755622047244088
21
-1.4629838188976378
0
LINE
8
BLACK
6
CONTINUOUS
10
9.2755622047244088
20
-1.4629838188976378
11
9.2755622047244088
21
-1.476228779527559
0
LINE
8
BLACK
6
CONTINUOUS
10
9.2755622047244088
20
-1.476228779527559
11
9.2740792519685034
21
-1.4893905118110236
0
LINE
8
BLACK
6
CONTINUOUS
10
9.2740792519685034
20
-1.4893905118110236
11
9.2711319685039371
21
-1.5023034251968503
0
LINE
8
BLACK
6
CONTINUOUS
10
9.2711319685039371
20
-1.5023034251968503
11
9.2667574409448825
21
-1.5148051181102362
0
LINE
8
BLACK
6
CONTINUOUS
10
9.2667574409448825
20
-1.5148051181102362
11
9.2610106299212589
21
-1.5267384645669291
0
LINE
8
BLACK
6
CONTINUOUS
10
9.2610106299212589
20
-1.5267384645669291
11
9.2539638976377958
21
-1.537953307086614
0
LINE
8
BLACK
6
CONTINUOUS
10
9.2539638976377958
20
-1.537953307086614
11
9.2457057480314955
21
-1.5483086614173227
0
LINE
8
BLACK
6
CONTINUOUS
10
9.2457057480314955
20
-1.5483086614173227
11
9.2363401574803152
21
-1.5576742519685038
0
LINE
8
BLACK
6
CONTINUOUS
10
9.2363401574803152
20
-1.5576742519685038
11
9.2259848031496059
21
-1.5659324015748031
0
LINE
8
BLACK
6
CONTINUOUS
10
9.2259848031496059
20
-1.5659324015748031
11
9.2147699606299209
21
-1.5729791338582677
0
LINE
8
BLACK
6
CONTINUOUS
10
9.2147699606299209
20
-1.5729791338582677
11
9.2028366141732274
21
-1.5787259448818898
0
LINE
8
BLACK
6
CONTINUOUS
10
9.2028366141732274
20
-1.5787259448818898
11
9.1903349212598417
21
-1.5831004724409448
0
LINE
8
BLACK
6
CONTINUOUS
10
9.1903349212598417
20
-1.5831004724409448
11
9.1774220078740161
21
-1.5860477559055117
0
LINE
8
BLACK
6
CONTINUOUS
10
9.1774220078740161
20
-1.5860477559055117
11
9.1642602755905518
21
-1.5875307086614172
0
LINE
8
BLACK
6
CONTINUOUS
10
9.1642602755905518
20
-1.5875307086614172
11
9.1510153149606293
21
-1.5875307086614172
0
LINE
8
BLACK
6
CONTINUOUS
10
9.1510153149606293
20
-1.5875307086614172
11
9.137853582677165
21
-1.5860477559055117
0
LINE
8
BLACK
6
CONTINUOUS
10
9.137853582677165
20
-1.5860477559055117
11
9.1249406692913375
21
-1.5831004724409448
0
LINE
8
BLACK
6
CONTINUOUS
10
9.1249406692913375
20
-1.5831004724409448
11
9.1124389763779519
21
-1.5787259448818898
0
LINE
8
BLACK
6
CONTINUOUS
10
9.1124389763779519
20
-1.5787259448818898
11
9.1005056299212601
21
-1.5729791338582677
0
LINE
8
BLACK
6
CONTINUOUS
10
9.1005056299212601
20
-1.5729791338582677
11
9.0892907874015751
21
-1.5659324015748031
0
LINE
8
BLACK
6
CONTINUOUS
10
9.0892907874015751
20
-1.5659324015748031
11
9.0789354330708658
21
-1.5576742519685038
0
LINE
8
BLACK
6
CONTINUOUS
10
9.0789354330708658
20
-1.5576742519685038
11
9.0695698425196856
21
-1.5483086614173227
0
LINE
8
BLACK
6
CONTINUOUS
10
9.0695698425196856
20
-1.5483086614173227
11
9.0613116929133852
21
-1.537953307086614
0
LINE
8
BLACK
6
CONTINUOUS
10
9.0613116929133852
20
-1.537953307086614
11
9.0542649606299204
21
-1.5267384645669291
0
LINE
8
BLACK
6
CONTINUOUS
10
9.0542649606299204
20
-1.5267384645669291
11
9.0485181496062985
21
-1.5148051181102362
0
LINE
8
BLACK
6
CONTINUOUS
10
9.0485181496062985
20
-1.5148051181102362
11
9.044143622047244
21
-1.5023034251968503
0
LINE
8
BLACK
6
CONTINUOUS
10
9.044143622047244
20
-1.5023034251968503
11
9.0411963385826777
21
-1.4893905118110236
0
LINE
8
BLACK
6
CONTINUOUS
10
9.0411963385826777
20
-1.4893905118110236
11
9.0397133858267722
21
-1.476228779527559
0
LINE
8
BLACK
6
CONTINUOUS
10
9.0397133858267722
20
-1.476228779527559
11
9.0397133858267722
21
-1.4629838188976378
0
LINE
8
BLACK
6
CONTINUOUS
10
9.0397133858267722
20
-1.4629838188976378
11
9.0411963385826777
21
-1.4498220866141731
0
LINE
8
BLACK
6
CONTINUOUS
10
9.0411963385826777
20
-1.4498220866141731
11
9.044143622047244
21
-1.4369091732283463
0
LINE
8
BLACK
6
CONTINUOUS
10
9.044143622047244
20
-1.4369091732283463
11
9.0485181496062985
21
-1.4244074803149607
0
LINE
8
BLACK
6
CONTINUOUS
10
9.0485181496062985
20
-1.4244074803149607
11
9.0542649606299204
21
-1.4124741338582676
0
LINE
8
BLACK
6
CONTINUOUS
10
9.0542649606299204
20
-1.4124741338582676
11
9.0613116929133852
21
-1.4012592913385826
0
LINE
8
BLACK
6
CONTINUOUS
10
9.0613116929133852
20
-1.4012592913385826
11
9.0695698425196856
21
-1.390903937007874
0
LINE
8
BLACK
6
CONTINUOUS
10
9.0695698425196856
20
-1.390903937007874
11
9.0789354330708658
21
-1.3815383464566928
0
LINE
8
BLACK
6
CONTINUOUS
10
9.0789354330708658
20
-1.3815383464566928
11
9.0892907874015751
21
-1.3732801968503936
0
LINE
8
BLACK
6
CONTINUOUS
10
9.0892907874015751
20
-1.3732801968503936
11
9.1005056299212601
21
-1.3662334645669292
0
LINE
8
BLACK
6
CONTINUOUS
10
9.1005056299212601
20
-1.3662334645669292
11
9.1124389763779519
21
-1.3604866535433071
0
LINE
8
BLACK
6
CONTINUOUS
10
9.1124389763779519
20
-1.3604866535433071
11
9.1249406692913375
21
-1.3561121259842519
0
LINE
8
BLACK
6
CONTINUOUS
10
9.1249406692913375
20
-1.3561121259842519
11
9.137853582677165
21
-1.3531648425196849
0
LINE
8
BLACK
6
CONTINUOUS
10
9.137853582677165
20
-1.3531648425196849
11
9.1510153149606293
21
-1.3516818897637795
0
LINE
8
BLACK
6
CONTINUOUS
10
9.1510153149606293
20
-1.3516818897637795
11
9.1642602755905518
21
-1.3516818897637795
0
LINE
8
BLACK
6
CONTINUOUS
10
9.1642602755905518
20
-1.3516818897637795
11
9.1774220078740161
21
-1.3531648425196849
0
LINE
8
BLACK
6
CONTINUOUS
10
6.0925196850393704
20
-5.5901574803149607
11
6.0925196850393704
21
-5.6059055118110237
0
ARC
8
BLACK
10
6.1102362204724407
20
-5.6059055118110237
40
0.0177165354330709
50
-180.00000000
51
0.00000000
0
LINE
8
BLACK
6
CONTINUOUS
10
6.127952755905512
20
-5.6059055118110237
11
6.127952755905512
21
-5.5901574803149607
0
ARC
8
BLACK
10
6.1102362204724407
20
-5.5901574803149607
40
0.0177165354330709
50
0.00000000
51
180.00000000
0
LINE
8
BLACK
6
CONTINUOUS
10
6.2598425196850389
20
-5.5901574803149607
11
6.2598425196850389
21
-5.6059055118110237
0
ARC
8
BLACK
10
6.2775590551181102
20
-5.6059055118110237
40
0.0177165354330709
50
-180.00000000
51
0.00000000
0
LINE
8
BLACK
6
CONTINUOUS
10
6.2952755905511806
20
-5.6059055118110237
11
6.2952755905511806
21
-5.5901574803149607
0
ARC
8
BLACK
10
6.2775590551181102
20
-5.5901574803149607
40
0.0177165354330709
50
0.00000000
51
180.00000000
0
CIRCLE
8
BLACK
10
5.5651181102362202
20
-3.5463779527559054
40
0.0068897637795276
0
CIRCLE
8
BLACK
10
5.506062992125984
20
-1.4696062992125984
40
0.0068897637795276
0
CIRCLE
8
BLACK
10
9.1477952755905516
20
-3.507007874015748
40
0.0068897637795276
0
CIRCLE
8
BLACK
10
7.1354330708661413
20
-5.7086614173228343
40
0.0068897637795276
0
CIRCLE
8
BLACK
10
7.1354330708661413
20
-5.6086614173228346
40
0.0068897637795276
0
CIRCLE
8
BLACK
10
7.2354330708661418
20
-5.7086614173228343
40
0.0068897637795276
0
CIRCLE
8
BLACK
10
7.2354330708661418
20
-5.6086614173228346
40
0.0068897637795276
0
CIRCLE
8
BLACK
10
7.3354330708661415
20
-5.7086614173228343
40
0.0068897637795276
0
CIRCLE
8
BLACK
10
7.3354330708661415
20
-5.6086614173228346
40
0.0068897637795276
0
CIRCLE
8
BLACK
10
9.1576377952755905
20
-1.4696062992125984
40
0.0068897637795276
0
CIRCLE
8
BLACK
10
6.2204724409448815
20
-2.0964566929133857
40
0.0068897637795276
0
CIRCLE
8
BLACK
10
6.2204724409448815
20
-2.856299212598425
40
0.0068897637795276
0
CIRCLE
8
BLACK
10
8.4102362204724415
20
-2.0964566929133857
40
0.0068897637795276
0
CIRCLE
8
BLACK
10
8.4102362204724415
20
-2.856299212598425
40
0.0068897637795276
0
CIRCLE
8
BLACK
10
5.8862204724409448
20
-2.0964566929133857
40
0.0068897637795276
0
CIRCLE
8
BLACK
10
8.7444881889763781
20
-2.0964566929133857
40
0.0068897637795276
0
CIRCLE
8
BLACK
10
5.8862204724409448
20
-2.856299212598425
40
0.0068897637795276
0
CIRCLE
8
BLACK
10
8.7444881889763781
20
-2.856299212598425
40
0.0068897637795276
0
CIRCLE
8
BLACK
10
6.8334645669291341
20
-5.590551181102362
40
0.0068897637795276
0
CIRCLE
8
BLACK
10
6.7334645669291335
20
-5.590551181102362
40
0.0068897637795276
0
CIRCLE
8
BLACK
10
6.6334645669291339
20
-5.590551181102362
40
0.0068897637795276
0
CIRCLE
8
BLACK
10
6.5334645669291334
20
-5.590551181102362
40
0.0068897637795276
0
CIRCLE
8
BLACK
10
9.3123622047244101
20
-2.2849606299212599
40
0.0068897637795276
0
CIRCLE
8
BLACK
10
9.3123622047244101
20
-2.0574015748031496
40
0.0068897637795276
0
LINE
8
BLACK
6
CONTINUOUS
10
9.1477952755905516
20
-2.3609448818897638
11
9.187165354330709
21
-2.3609448818897638
0
ARC
8
BLACK
10
9.187165354330709
20
-2.3412598425196851
40
0.0196850393700787
50
-90.00000000
51
90.00000000
0
LINE
8
BLACK
6
CONTINUOUS
10
9.187165354330709
20
-2.3215748031496064
11
9.1477952755905516
21
-2.3215748031496064
0
ARC
8
BLACK
10
9.1477952755905516
20
-2.3412598425196851
40
0.0196850393700787
50
90.00000000
51
270.00000000
0
LINE
8
BLACK
6
CONTINUOUS
10
9.1477952755905516
20
-2.0207874015748031
11
9.187165354330709
21
-2.0207874015748031
0
ARC
8
BLACK
10
9.187165354330709
20
-2.0011023622047244
40
0.0196850393700787
50
-90.00000000
51
90.00000000
0
LINE
8
BLACK
6
CONTINUOUS
10
9.187165354330709
20
-1.9814173228346457
11
9.1477952755905516
21
-1.9814173228346457
0
ARC
8
BLACK
10
9.1477952755905516
20
-2.0011023622047244
40
0.0196850393700787
50
90.00000000
51
270.00000000
0
LINE
8
BLACK
6
CONTINUOUS
10
9.3113779527559046
20
-2.3619291338582675
11
9.3527165354330712
21
-2.3619291338582675
0
ARC
8
BLACK
10
9.3527165354330712
20
-2.3412598425196851
40
0.0206692913385827
50
-90.00000000
51
90.00000000
0
LINE
8
BLACK
6
CONTINUOUS
10
9.3527165354330712
20
-2.3205905511811022
11
9.3113779527559046
21
-2.3205905511811022
0
ARC
8
BLACK
10
9.3113779527559046
20
-2.3412598425196851
40
0.0206692913385827
50
90.00000000
51
270.00000000
0
LINE
8
BLACK
6
CONTINUOUS
10
9.3113779527559046
20
-2.0217716535433072
11
9.3527165354330712
21
-2.0217716535433072
0
ARC
8
BLACK
10
9.3527165354330712
20
-2.0011023622047244
40
0.0206692913385827
50
-90.00000000
51
90.00000000
0
LINE
8
BLACK
6
CONTINUOUS
10
9.3527165354330712
20
-1.9804330708661417
11
9.3113779527559046
21
-1.9804330708661417
0
ARC
8
BLACK
10
9.3113779527559046
20
-2.0011023622047244
40
0.0206692913385827
50
90.00000000
51
270.00000000
0
LINE
8
WHITE
6
CONTINUOUS
10
6.1003937007874018
20
-5.5901574803149607
11
6.1003937007874018
21
-5.6059055118110237
0
ARC
8
WHITE
10
6.1102362204724407
20
-5.6059055118110237
40
0.0098425196850394
50
-180.00000000
51
0.00000000
0
LINE
8
WHITE
6
CONTINUOUS
10
6.1200787401574805
20
-5.6059055118110237
11
6.1200787401574805
21
-5.5901574803149607
0
ARC
8
WHITE
10
6.1102362204724407
20
-5.5901574803149607
40
0.0098425196850394
50
0.00000000
51
180.00000000
0
LINE
8
WHITE
6
CONTINUOUS
10
6.2677165354330704
20
-5.5901574803149607
11
6.2677165354330704
21
-5.6059055118110237
0
ARC
8
WHITE
10
6.2775590551181102
20
-5.6059055118110237
40
0.0098425196850394
50
-180.00000000
51
0.00000000
0
LINE
8
WHITE
6
CONTINUOUS
10
6.2874015748031491
20
-5.6059055118110237
11
6.2874015748031491
21
-5.5901574803149607
0
ARC
8
WHITE
10
6.2775590551181102
20
-5.5901574803149607
40
0.0098425196850394
50
0.00000000
51
180.00000000
0
CIRCLE
8
WHITE
10
5.5651181102362202
20
-3.5463779527559054
40
0.0068897637795276
0
CIRCLE
8
WHITE
10
5.506062992125984
20
-1.4696062992125984
40
0.0068897637795276
0
CIRCLE
8
WHITE
10
9.1477952755905516
20
-3.507007874015748
40
0.0068897637795276
0
CIRCLE
8
WHITE
10
7.1354330708661413
20
-5.7086614173228343
40
0.0068897637795276
0
CIRCLE
8
WHITE
10
7.1354330708661413
20
-5.6086614173228346
40
0.0068897637795276
0
CIRCLE
8
WHITE
10
7.2354330708661418
20
-5.7086614173228343
40
0.0068897637795276
0
CIRCLE
8
WHITE
10
7.2354330708661418
20
-5.6086614173228346
40
0.0068897637795276
0
CIRCLE
8
WHITE
10
7.3354330708661415
20
-5.7086614173228343
40
0.0068897637795276
0
CIRCLE
8
WHITE
10
7.3354330708661415
20
-5.6086614173228346
40
0.0068897637795276
0
CIRCLE
8
WHITE
10
9.1576377952755905
20
-1.4696062992125984
40
0.0068897637795276
0
CIRCLE
8
BLACK
10
6.2204724409448815
20
-2.0964566929133857
40
0.0068897637795276
0
CIRCLE
8
BLACK
10
6.2204724409448815
20
-2.856299212598425
40
0.0068897637795276
0
CIRCLE
8
BLACK
10
8.4102362204724415
20
-2.0964566929133857
40
0.0068897637795276
0
CIRCLE
8
BLACK
10
8.4102362204724415
20
-2.856299212598425
40
0.0068897637795276
0
CIRCLE
8
WHITE
10
5.8862204724409448
20
-2.0964566929133857
40
0.0068897637795276
0
CIRCLE
8
WHITE
10
8.7444881889763781
20
-2.0964566929133857
40
0.0068897637795276
0
CIRCLE
8
WHITE
10
5.8862204724409448
20
-2.856299212598425
40
0.0068897637795276
0
CIRCLE
8
WHITE
10
8.7444881889763781
20
-2.856299212598425
40
0.0068897637795276
0
CIRCLE
8
WHITE
10
6.8334645669291341
20
-5.590551181102362
40
0.0068897637795276
0
CIRCLE
8
WHITE
10
6.7334645669291335
20
-5.590551181102362
40
0.0068897637795276
0
CIRCLE
8
WHITE
10
6.6334645669291339
20
-5.590551181102362
40
0.0068897637795276
0
CIRCLE
8
WHITE
10
6.5334645669291334
20
-5.590551181102362
40
0.0068897637795276
0
CIRCLE
8
BLACK
10
9.3123622047244101
20
-2.2849606299212599
40
0.0068897637795276
0
CIRCLE
8
BLACK
10
9.3123622047244101
20
-2.0574015748031496
40
0.0068897637795276
0
LINE
8
WHITE
6
CONTINUOUS
10
9.1517322834645665
20
-2.3530708661417323
11
9.1832283464566924
21
-2.3530708661417323
0
ARC
8
WHITE
10
9.1832283464566924
20
-2.3412598425196851
40
0.0118110236220472
50
-90.00000000
51
90.00000000
0
LINE
8
WHITE
6
CONTINUOUS
10
9.1832283464566924
20
-2.3294488188976379
11
9.1517322834645665
21
-2.3294488188976379
0
ARC
8
WHITE
10
9.1517322834645665
20
-2.3412598425196851
40
0.0118110236220472
50
90.00000000
51
270.00000000
0
LINE
8
WHITE
6
CONTINUOUS
10
9.1517322834645665
20
-2.0129133858267716
11
9.1832283464566924
21
-2.0129133858267716
0
ARC
8
WHITE
10
9.1832283464566924
20
-2.0011023622047244
40
0.0118110236220472
50
-90.00000000
51
90.00000000
0
LINE
8
WHITE
6
CONTINUOUS
10
9.1832283464566924
20
-1.9892913385826771
11
9.1517322834645665
21
-1.9892913385826771
0
ARC
8
WHITE
10
9.1517322834645665
20
-2.0011023622047244
40
0.0118110236220472
50
90.00000000
51
270.00000000
0
LINE
8
WHITE
6
CONTINUOUS
10
9.3103937007874009
20
-2.3530708661417323
11
9.353700787401575
21
-2.3530708661417323
0
ARC
8
WHITE
10
9.353700787401575
20
-2.3412598425196851
40
0.0118110236220472
50
-90.00000000
51
90.00000000
0
LINE
8
WHITE
6
CONTINUOUS
10
9.353700787401575
20
-2.3294488188976379
11
9.3103937007874009
21
-2.3294488188976379
0
ARC
8
WHITE
10
9.3103937007874009
20
-2.3412598425196851
40
0.0118110236220472
50
90.00000000
51
270.00000000
0
LINE
8
WHITE
6
CONTINUOUS
10
9.3103937007874009
20
-2.0129133858267716
11
9.353700787401575
21
-2.0129133858267716
0
ARC
8
WHITE
10
9.353700787401575
20
-2.0011023622047244
40
0.0118110236220472
50
-90.00000000
51
90.00000000
0
LINE
8
WHITE
6
CONTINUOUS
10
9.353700787401575
20
-1.9892913385826771
11
9.3103937007874009
21
-1.9892913385826771
0
ARC
8
WHITE
10
9.3103937007874009
20
-2.0011023622047244
40
0.0118110236220472
50
90.00000000
51
270.00000000
  0
ENDSEC
  0
EOF
